Date,ppt,tmin,tmean,tmax,tdmean,vpdmin,vpdmax,soltotal,Site_Id,DHE,MeasStatus,LastUpdate
1993-01-01,0.09,38.2,55.3,72.3,50.7,0.37,4.64,2.72,J17WL,691.79,A,2024-11-19
1993-01-02,0.01,37.4,39.8,42.2,37.3,0.34,1.52,2.7,J17WL,692.08,A,2024-11-19
1993-01-03,0.19,42.3,47.6,52.8,47.4,0.16,0.95,1.73,J17WL,692.1,A,2024-11-19
1993-01-04,0.06,53.0,57.1,61.2,57.1,0.26,1.67,2.09,J17WL,692.04,A,2024-11-19
1993-01-05,0.0,43.1,53.0,62.9,40.0,1.1,10.12,7.47,J17WL,691.83,A,2024-11-19
1993-01-06,0.0,37.6,46.9,56.1,33.9,0.9,9.24,8.12,J17WL,691.7,A,2024-11-19
1993-01-07,0.23,39.7,46.5,53.3,41.5,0.54,5.96,4.75,J17WL,691.71,A,2024-11-19
1993-01-08,0.0,45.9,51.3,56.7,49.0,0.09,3.01,3.19,J17WL,691.7,A,2024-11-19
1993-01-09,0.0,51.6,56.8,62.0,54.9,0.07,3.55,3.23,J17WL,691.83,A,2024-11-19
1993-01-10,0.05,38.1,57.7,77.2,47.2,0.28,19.44,10.53,J17WL,691.54,A,2024-11-19
1993-01-11,0.02,36.2,39.3,42.3,32.2,0.8,3.22,4.28,J17WL,691.57,A,2024-11-19
1993-01-12,0.0,38.3,43.1,47.9,39.4,0.46,2.28,2.26,J17WL,691.56,A,2024-11-19
1993-01-13,0.0,43.4,57.3,71.2,39.0,1.33,19.21,9.98,J17WL,691.21,A,2024-11-19
1993-01-14,0.0,42.4,48.0,53.5,30.1,3.11,9.24,7.72,J17WL,691.27,A,2024-11-19
1993-01-15,0.0,46.3,49.1,51.8,36.2,3.41,6.48,4.63,J17WL,691.31,A,2024-11-19
1993-01-16,0.0,39.7,50.3,60.8,44.0,0.02,6.55,6.32,J17WL,691.32,A,2024-11-19
1993-01-17,0.0,41.2,55.3,69.4,45.7,0.11,15.23,14.17,J17WL,691.22,A,2024-11-19
1993-01-18,0.0,53.1,59.4,65.8,58.1,0.29,3.63,3.71,J17WL,691.24,A,2024-11-19
1993-01-19,0.39,46.8,59.6,72.4,53.9,0.46,9.11,5.46,J17WL,691.02,A,2024-11-19
1993-01-20,0.25,43.4,46.1,48.8,44.2,0.44,1.13,1.77,J17WL,691.22,A,2024-11-19
1993-01-21,0.0,40.7,55.2,69.7,42.5,0.73,15.73,14.31,J17WL,691.21,A,2024-11-19
1993-01-22,0.0,41.0,58.3,75.7,43.2,0.81,20.54,15.88,J17WL,691.02,A,2024-11-19
1993-01-23,0.0,42.3,59.1,75.9,49.2,0.67,19.88,16.08,J17WL,691.17,A,2024-11-19
1993-01-24,0.0,41.8,59.2,76.7,52.0,0.97,12.58,7.7,J17WL,691.08,A,2024-11-19
1993-01-25,0.0,35.7,46.8,58.0,21.9,2.79,13.49,16.34,J17WL,690.83,A,2024-11-19
1993-01-26,0.0,29.4,41.7,54.1,26.5,0.8,9.26,11.13,J17WL,690.79,A,2024-11-19
1993-01-27,0.0,29.9,46.0,62.1,27.2,0.98,14.74,15.83,J17WL,690.65,A,2024-11-19
1993-01-28,0.0,36.6,49.1,61.6,31.1,1.79,13.52,12.12,J17WL,690.63,A,2024-11-19
1993-01-29,0.06,48.5,54.5,60.6,49.5,0.65,6.2,3.96,J17WL,690.65,A,2024-11-19
1993-01-30,0.02,41.1,48.3,55.6,42.5,0.78,2.93,3.24,J17WL,690.76,A,2024-11-19
1993-01-31,0.0,35.2,46.3,57.4,36.0,0.47,8.28,8.94,J17WL,690.76,A,2024-11-19
1993-02-01,0.0,37.2,50.8,64.5,39.2,0.78,12.64,13.93,J17WL,690.56,A,2024-11-19
1993-02-02,0.0,45.0,55.1,65.3,43.8,1.59,12.03,10.4,J17WL,690.6,A,2024-11-19
1993-02-03,0.21,55.8,58.5,61.1,52.3,0.86,6.14,3.0,J17WL,690.47,A,2024-11-19
1993-02-04,0.21,55.7,58.9,62.2,56.4,0.69,2.97,2.27,J17WL,690.56,A,2024-11-19
1993-02-05,0.61,48.4,52.7,57.1,49.5,0.53,3.84,3.87,J17WL,690.63,A,2024-11-19
1993-02-06,0.01,34.5,43.5,52.5,40.5,0.32,4.52,4.44,J17WL,690.77,A,2024-11-19
1993-02-07,0.0,34.5,47.9,61.3,36.5,0.55,11.21,17.79,J17WL,690.82,A,2024-11-19
1993-02-08,0.0,34.8,50.0,65.2,38.6,0.39,13.3,16.86,J17WL,690.68,A,2024-11-19
1993-02-09,0.03,37.5,52.8,68.2,42.5,0.43,15.38,17.2,J17WL,690.51,A,2024-11-19
1993-02-10,0.61,51.5,58.8,66.1,56.2,0.56,5.55,3.49,J17WL,691.0,A,2024-11-19
1993-02-11,0.0,50.9,61.8,72.7,49.8,0.72,16.06,10.28,J17WL,691.38,A,2024-11-19
1993-02-12,0.0,40.6,55.0,69.4,36.6,1.86,17.35,18.49,J17WL,691.47,A,2024-11-19
1993-02-13,0.0,41.6,55.8,70.0,37.8,1.22,17.41,18.52,J17WL,691.66,A,2024-11-19
1993-02-14,0.0,50.8,61.3,71.8,53.1,1.29,11.76,9.63,J17WL,691.74,A,2024-11-19
1993-02-15,0.05,55.5,60.2,64.8,54.2,0.83,5.51,3.89,J17WL,691.85,A,2024-11-19
1993-02-16,0.0,43.7,62.9,82.2,52.4,1.5,24.05,14.04,J17WL,691.5,A,2024-11-19
1993-02-17,0.0,36.2,47.4,58.6,33.2,1.51,9.88,16.91,J17WL,691.36,A,2024-11-19
1993-02-18,0.0,35.6,45.0,54.3,29.6,1.85,8.53,14.64,J17WL,691.18,A,2024-11-19
1993-02-19,0.0,38.3,42.5,46.8,28.9,2.92,5.43,6.76,J17WL,691.26,A,2024-11-19
1993-02-20,0.0,44.0,49.8,55.6,44.7,1.02,4.66,4.71,J17WL,691.3,A,2024-11-19
1993-02-21,0.0,51.5,59.8,67.9,54.9,0.76,7.98,8.54,J17WL,691.39,A,2024-11-19
1993-02-22,0.0,45.8,63.6,81.4,38.4,1.11,31.51,19.83,J17WL,691.06,A,2024-11-19
1993-02-23,0.0,41.5,58.2,74.8,36.2,2.25,23.37,16.15,J17WL,690.86,A,2024-11-19
1993-02-24,0.0,42.7,58.2,73.6,45.8,2.09,18.59,14.11,J17WL,690.76,A,2024-11-19
1993-02-25,0.21,58.2,65.2,72.2,59.6,1.43,11.61,5.75,J17WL,690.71,A,2024-11-19
1993-02-26,0.0,41.5,58.7,75.8,44.2,1.17,21.89,12.58,J17WL,690.53,A,2024-11-19
1993-02-27,0.0,40.7,52.8,65.0,33.9,2.76,14.06,18.42,J17WL,690.65,A,2024-11-19
1993-02-28,0.13,44.8,48.7,52.5,38.8,3.26,5.29,6.47,J17WL,690.8,A,2024-11-19
1993-03-01,0.63,48.2,52.0,55.7,48.2,0.24,4.16,3.29,J17WL,690.94,A,2024-11-19
1993-03-02,0.04,50.9,57.3,63.7,54.2,0.06,4.96,4.15,J17WL,690.95,A,2024-11-19
1993-03-03,0.0,43.7,58.2,72.7,41.6,1.11,20.02,15.99,J17WL,690.95,A,2024-11-19
1993-03-04,0.0,40.3,56.4,72.6,37.4,1.27,20.49,20.54,J17WL,690.83,A,2024-11-19
1993-03-05,0.0,40.5,55.4,70.4,36.2,1.5,19.53,21.58,J17WL,690.77,A,2024-11-19
1993-03-06,0.0,37.8,51.9,66.0,36.8,0.88,14.55,16.76,J17WL,690.8,A,2024-11-19
1993-03-07,0.0,36.3,54.6,73.0,34.6,1.12,21.77,22.12,J17WL,690.66,A,2024-11-19
1993-03-08,0.0,41.5,59.0,76.5,35.8,1.65,25.15,22.46,J17WL,690.5,A,2024-11-19
1993-03-09,0.0,42.1,62.0,81.8,39.9,1.6,29.73,22.53,J17WL,690.11,A,2024-11-19
1993-03-10,0.0,46.2,65.8,85.5,49.3,0.38,31.88,22.14,J17WL,689.97,A,2024-11-19
1993-03-11,0.0,50.4,65.5,80.6,47.4,0.56,21.97,19.32,J17WL,689.73,A,2024-11-19
1993-03-12,0.92,44.8,52.4,60.0,42.6,0.88,9.74,6.26,J17WL,689.91,A,2024-11-19
1993-03-13,0.0,30.8,37.6,44.4,29.7,0.92,4.89,5.33,J17WL,690.05,A,2024-11-19
1993-03-14,0.0,28.2,40.4,52.6,17.1,1.32,11.03,22.78,J17WL,690.24,A,2024-11-19
1993-03-15,0.04,28.5,43.8,59.0,32.9,1.2,11.77,18.43,J17WL,690.44,A,2024-11-19
1993-03-16,0.05,52.2,57.7,63.3,56.7,0.45,3.25,4.09,J17WL,690.65,A,2024-11-19
1993-03-17,0.0,57.5,68.3,79.1,57.6,1.19,15.81,15.61,J17WL,690.4,A,2024-11-19
1993-03-18,0.0,52.1,60.8,69.4,50.5,1.38,11.67,18.24,J17WL,690.31,A,2024-11-19
1993-03-19,0.0,53.1,63.3,73.5,54.7,1.25,14.3,13.38,J17WL,690.35,A,2024-11-19
1993-03-20,0.06,57.0,64.4,71.8,58.0,0.86,9.99,7.42,J17WL,690.37,A,2024-11-19
1993-03-21,0.0,53.9,62.5,71.2,52.4,1.48,12.34,18.93,J17WL,690.47,A,2024-11-19
1993-03-22,0.0,55.9,62.3,68.8,55.6,1.48,9.39,7.77,J17WL,690.32,A,2024-11-19
1993-03-23,0.2,57.4,64.2,71.1,57.6,1.28,6.33,4.58,J17WL,690.16,A,2024-11-19
1993-03-24,0.0,57.2,65.5,73.9,52.0,1.73,15.99,20.37,J17WL,689.9,A,2024-11-19
1993-03-25,0.05,59.8,67.8,75.8,62.4,0.89,10.84,10.06,J17WL,689.83,A,2024-11-19
1993-03-26,0.07,55.6,70.6,85.5,57.9,1.2,25.53,17.85,J17WL,689.64,A,2024-11-19
1993-03-27,0.0,56.3,66.8,77.2,52.1,2.62,17.94,23.15,J17WL,689.6,A,2024-11-19
1993-03-28,0.04,60.3,66.0,71.6,57.9,1.62,13.25,10.4,J17WL,689.71,A,2024-11-19
1993-03-29,0.0,64.0,69.3,74.6,63.9,1.04,7.17,7.75,J17WL,689.75,A,2024-11-19
1993-03-30,0.33,61.5,71.6,81.6,64.1,1.13,16.46,17.45,J17WL,689.62,A,2024-11-19
1993-03-31,0.0,54.4,68.7,82.9,45.8,2.21,31.07,24.15,J17WL,689.5,A,2024-11-19
1993-04-01,0.0,48.6,62.8,77.0,43.5,2.08,22.67,25.15,J17WL,689.41,A,2024-11-19
1993-04-02,0.0,48.8,62.4,76.0,40.2,2.63,23.11,25.45,J17WL,689.22,A,2024-11-19
1993-04-03,0.0,50.9,61.7,72.4,44.6,2.25,18.69,22.26,J17WL,689.33,A,2024-11-19
1993-04-04,0.3,56.4,63.2,70.0,60.4,0.49,6.17,5.36,J17WL,689.65,A,2024-11-19
1993-04-05,0.0,43.9,56.6,69.3,44.1,1.35,14.06,25.37,J17WL,689.58,A,2024-11-19
1993-04-06,0.0,45.6,57.3,69.0,47.3,0.58,12.92,25.5,J17WL,689.47,A,2024-11-19
1993-04-07,0.18,55.4,63.9,72.4,59.7,1.23,10.38,10.29,J17WL,689.41,A,2024-11-19
1993-04-08,0.61,56.9,66.4,75.9,56.6,1.05,14.38,12.45,J17WL,689.57,A,2024-11-19
1993-04-09,0.0,45.2,59.4,73.7,41.4,2.15,20.07,23.83,J17WL,689.69,A,2024-11-19
1993-04-10,0.0,45.9,63.4,80.9,36.9,2.34,30.14,26.82,J17WL,689.63,A,2024-11-19
1993-04-11,0.0,50.5,68.3,86.1,52.4,0.8,31.86,26.2,J17WL,689.4,A,2024-11-19
1993-04-12,0.0,63.2,75.1,86.9,63.1,1.45,24.03,22.65,J17WL,689.41,A,2024-11-19
1993-04-13,0.02,67.7,74.9,82.1,64.6,2.53,16.63,15.04,J17WL,688.99,A,2024-11-19
1993-04-14,0.03,71.1,74.4,77.6,66.8,2.89,10.13,6.66,J17WL,689.14,A,2024-11-19
1993-04-15,0.09,44.0,62.7,81.4,45.3,2.39,25.75,23.6,J17WL,688.9,A,2024-11-19
1993-04-16,0.0,44.7,59.5,74.3,38.2,1.71,22.7,27.2,J17WL,688.61,A,2024-11-19
1993-04-17,0.0,47.7,60.5,73.3,47.1,1.9,18.36,20.72,J17WL,688.35,A,2024-11-19
1993-04-18,0.0,57.5,68.3,79.2,57.5,0.88,17.51,17.64,J17WL,688.21,A,2024-11-19
1993-04-19,0.0,60.3,73.3,86.4,59.9,1.11,27.58,24.14,J17WL,688.0,A,2024-11-19
1993-04-20,0.0,66.7,77.3,87.8,63.2,2.32,26.14,23.33,J17WL,687.55,A,2024-11-19
1993-04-21,0.0,50.7,64.9,79.1,46.3,2.63,23.75,17.15,J17WL,687.33,A,2024-11-19
1993-04-22,0.0,44.4,60.1,75.8,36.9,2.05,23.56,27.38,J17WL,687.09,A,2024-11-19
1993-04-23,0.0,49.9,64.5,79.1,45.5,1.95,25.83,27.55,J17WL,686.89,A,2024-11-19
1993-04-24,0.0,59.6,72.1,84.6,60.0,2.23,23.44,21.65,J17WL,686.73,A,2024-11-19
1993-04-25,0.0,68.2,75.9,83.6,65.9,2.01,18.36,15.16,J17WL,686.4,A,2024-11-19
1993-04-26,0.0,60.9,74.7,88.4,58.3,2.93,28.21,17.95,J17WL,685.93,A,2024-11-19
1993-04-27,0.0,61.4,72.1,82.8,52.6,1.96,26.41,27.33,J17WL,685.29,A,2024-11-19
1993-04-28,0.05,63.5,70.1,76.8,62.8,1.09,13.12,14.64,J17WL,685.07,A,2024-11-19
1993-04-29,0.53,68.1,72.0,75.9,67.0,1.35,7.53,6.62,J17WL,685.26,A,2024-11-19
1993-04-30,0.48,57.3,62.8,68.3,61.6,0.33,4.07,4.63,J17WL,685.74,A,2024-11-19
1993-05-01,0.16,59.9,67.4,74.8,62.5,0.85,11.57,14.22,J17WL,686.15,A,2024-11-19
1993-05-02,0.21,60.6,72.4,84.2,65.2,1.45,17.95,17.11,J17WL,686.36,A,2024-11-19
1993-05-03,0.0,50.6,64.6,78.6,49.5,1.29,22.25,26.25,J17WL,686.29,A,2024-11-19
1993-05-04,0.0,55.6,70.3,85.0,55.9,2.03,29.31,28.17,J17WL,686.2,A,2024-11-19
1993-05-05,0.78,63.3,72.5,81.8,67.2,0.89,14.08,10.55,J17WL,687.81,A,2024-11-19
1993-05-06,1.74,60.2,64.7,69.1,61.5,0.7,9.11,5.38,J17WL,689.95,A,2024-11-19
1993-05-07,0.0,64.7,74.6,84.4,67.3,1.33,17.95,21.61,J17WL,691.27,A,2024-11-19
1993-05-08,0.0,71.2,76.0,80.7,69.3,1.88,10.64,11.32,J17WL,691.85,A,2024-11-19
1993-05-09,0.01,73.1,77.5,81.9,69.5,3.25,12.29,14.64,J17WL,692.34,A,2024-11-19
1993-05-10,0.03,57.4,70.8,84.1,63.1,2.65,14.64,12.22,J17WL,692.66,A,2024-11-19
1993-05-11,0.0,52.7,66.6,80.5,47.3,2.27,26.25,27.4,J17WL,692.74,A,2024-11-19
1993-05-12,0.0,57.6,71.6,85.7,50.9,3.27,31.22,27.95,J17WL,692.71,A,2024-11-19
1993-05-13,0.0,55.6,69.4,83.1,50.9,2.51,27.12,26.65,J17WL,692.55,A,2024-11-19
1993-05-14,0.0,58.9,73.0,87.1,53.0,3.91,31.11,28.12,J17WL,692.2,A,2024-11-19
1993-05-15,0.0,60.3,74.5,88.6,54.6,2.94,33.13,28.2,J17WL,691.79,A,2024-11-19
1993-05-16,0.0,64.6,78.3,92.1,58.3,2.34,38.87,28.91,J17WL,691.26,A,2024-11-19
1993-05-17,0.0,67.0,78.4,89.9,62.0,2.41,31.81,27.64,J17WL,690.6,A,2024-11-19
1993-05-18,0.04,69.7,78.7,87.8,65.6,2.23,26.61,26.39,J17WL,689.9,A,2024-11-19
1993-05-19,0.14,62.1,75.2,88.3,61.4,3.06,28.43,19.0,J17WL,689.81,A,2024-11-19
1993-05-20,0.0,58.2,71.0,83.7,53.6,2.16,26.99,28.22,J17WL,689.19,A,2024-11-19
1993-05-21,0.0,59.9,72.1,84.2,58.1,1.21,25.0,26.23,J17WL,688.48,A,2024-11-19
1993-05-22,0.0,64.3,74.4,84.4,62.5,1.82,23.47,26.47,J17WL,687.94,A,2024-11-19
1993-05-23,1.47,64.0,71.8,79.5,67.5,0.91,11.57,9.14,J17WL,689.1,A,2024-11-19
1993-05-24,0.8,62.9,66.6,70.4,63.0,0.75,5.34,8.37,J17WL,689.74,A,2024-11-19
1993-05-25,0.0,63.5,72.2,80.9,64.1,0.95,14.5,19.07,J17WL,690.05,A,2024-11-19
1993-05-26,0.0,66.9,75.3,83.7,63.2,2.17,21.04,23.65,J17WL,690.36,A,2024-11-19
1993-05-27,0.0,65.5,74.1,82.8,62.5,2.1,20.27,20.66,J17WL,690.58,A,2024-11-19
1993-05-28,0.0,69.3,76.6,83.9,65.3,1.73,20.64,20.1,J17WL,690.64,A,2024-11-19
1993-05-29,0.43,70.2,76.9,83.5,68.4,1.21,17.36,17.1,J17WL,690.86,A,2024-11-19
1993-05-30,0.52,65.8,76.0,86.2,68.3,1.2,19.78,20.77,J17WL,691.2,A,2024-11-19
1993-05-31,0.0,67.5,77.6,87.7,68.0,1.48,22.26,20.31,J17WL,691.52,A,2024-11-19
1993-06-01,0.0,65.9,78.8,91.6,63.2,2.83,32.01,28.04,J17WL,691.36,A,2024-11-19
1993-06-02,0.0,68.1,77.7,87.2,61.9,2.41,26.63,29.18,J17WL,691.19,A,2024-11-19
1993-06-03,0.0,70.0,81.5,93.0,69.4,1.96,28.4,27.93,J17WL,690.63,A,2024-11-19
1993-06-04,0.0,71.9,82.5,93.1,70.5,3.07,25.61,28.04,J17WL,689.85,A,2024-11-19
1993-06-05,0.0,75.0,81.9,88.8,71.2,2.63,20.79,20.54,J17WL,689.14,A,2024-11-19
1993-06-06,0.0,77.1,83.9,90.7,73.4,3.37,22.19,21.45,J17WL,688.64,A,2024-11-19
1993-06-07,0.0,78.8,84.8,90.8,72.6,4.87,23.16,22.47,J17WL,687.88,A,2024-11-19
1993-06-08,0.0,77.9,83.2,88.6,72.9,5.1,18.76,18.39,J17WL,687.06,A,2024-11-19
1993-06-09,0.0,77.7,83.1,88.5,73.1,4.79,18.4,15.54,J17WL,686.18,A,2024-11-19
1993-06-10,0.32,65.7,78.1,90.4,70.4,1.89,23.46,21.33,J17WL,685.38,A,2024-11-19
1993-06-11,0.1,67.5,76.1,84.6,68.9,1.84,17.46,14.42,J17WL,685.8,A,2024-11-19
1993-06-12,0.0,71.7,79.2,86.6,69.8,2.39,18.52,20.47,J17WL,686.14,A,2024-11-19
1993-06-13,0.8,69.6,75.0,80.3,69.7,0.42,10.08,8.36,J17WL,686.96,A,2024-11-19
1993-06-14,0.11,71.0,78.6,86.1,69.7,1.08,18.77,18.31,J17WL,687.32,A,2024-11-19
1993-06-15,0.01,70.8,78.6,86.4,70.3,0.9,17.44,14.46,J17WL,687.74,A,2024-11-19
1993-06-16,0.0,71.7,80.7,89.7,69.8,1.72,24.83,21.99,J17WL,687.88,A,2024-11-19
1993-06-17,0.06,73.5,81.7,89.9,71.0,1.97,23.63,21.93,J17WL,688.06,A,2024-11-19
1993-06-18,0.04,74.5,81.1,87.7,72.1,1.81,18.88,18.61,J17WL,688.14,A,2024-11-19
1993-06-19,0.28,73.5,80.1,86.8,71.8,1.86,17.28,15.68,J17WL,688.41,A,2024-11-19
1993-06-20,0.22,74.2,79.4,84.5,71.6,1.85,14.08,17.2,J17WL,688.62,A,2024-11-19
1993-06-21,0.65,73.4,78.6,83.9,74.5,0.56,10.14,12.48,J17WL,688.89,A,2024-11-19
1993-06-22,0.31,73.8,80.4,86.9,72.7,1.76,15.54,17.7,J17WL,689.26,A,2024-11-19
1993-06-23,0.25,75.0,80.9,86.8,73.2,1.81,16.17,19.21,J17WL,689.54,A,2024-11-19
1993-06-24,0.11,75.7,82.2,88.7,73.1,2.37,19.52,19.27,J17WL,689.58,A,2024-11-19
1993-06-25,0.86,76.5,82.3,88.1,75.0,1.41,15.91,17.89,J17WL,689.79,A,2024-11-19
1993-06-26,1.19,69.9,78.7,87.4,73.3,0.82,15.9,17.45,J17WL,690.65,A,2024-11-19
1993-06-27,0.1,72.2,79.1,85.9,72.3,0.92,15.74,13.08,J17WL,691.31,A,2024-11-19
1993-06-28,0.0,75.5,81.7,87.8,72.7,1.83,19.23,18.54,J17WL,691.36,A,2024-11-19
1993-06-29,0.0,77.4,84.6,91.7,73.3,3.56,25.05,25.79,J17WL,691.42,A,2024-11-19
1993-06-30,0.0,77.0,84.5,92.0,73.6,3.32,23.61,25.94,J17WL,691.29,A,2024-11-19
1993-07-01,0.0,76.9,84.2,91.5,73.2,3.11,23.77,25.1,J17WL,691.14,A,2024-11-19
1993-07-02,0.0,75.7,83.3,90.8,71.9,3.08,23.62,23.6,J17WL,690.78,A,2024-11-19
1993-07-03,0.0,76.2,83.5,90.7,71.5,3.31,25.04,25.54,J17WL,690.5,A,2024-11-19
1993-07-04,0.0,76.0,83.7,91.3,70.6,3.66,26.76,25.4,J17WL,690.34,A,2024-11-19
1993-07-05,0.0,76.9,83.7,90.5,71.4,4.64,25.5,24.45,J17WL,690.1,A,2024-11-19
1993-07-06,0.0,76.9,84.5,92.1,72.6,3.78,25.36,20.16,J17WL,689.59,A,2024-11-19
1993-07-07,0.0,77.4,84.8,92.2,72.7,3.69,25.23,24.23,J17WL,689.1,A,2024-11-19
1993-07-08,0.0,76.0,83.9,91.7,71.5,3.64,26.45,25.18,J17WL,688.64,A,2024-11-19
1993-07-09,0.0,76.8,84.0,91.1,70.8,3.98,26.22,26.91,J17WL,688.27,A,2024-11-19
1993-07-10,0.0,75.2,84.0,92.9,71.4,2.93,27.78,26.44,J17WL,687.71,A,2024-11-19
1993-07-11,0.0,75.3,82.9,90.4,71.6,2.47,23.37,22.27,J17WL,687.47,A,2024-11-19
1993-07-12,0.0,76.8,85.1,93.4,71.3,3.65,29.57,26.72,J17WL,686.89,A,2024-11-19
1993-07-13,0.0,76.0,84.3,92.6,71.0,3.53,27.66,24.33,J17WL,686.26,A,2024-11-19
1993-07-14,0.0,75.9,84.5,93.2,70.9,3.1,29.95,24.38,J17WL,685.67,A,2024-11-19
1993-07-15,0.0,74.7,84.1,93.4,70.0,2.37,31.03,25.66,J17WL,685.0,A,2024-11-19
1993-07-16,0.0,75.7,84.1,92.4,70.6,2.48,28.85,24.48,J17WL,684.71,A,2024-11-19
1993-07-17,0.0,78.0,86.5,94.9,71.9,4.35,31.42,23.07,J17WL,684.26,A,2024-11-19
1993-07-18,0.0,75.6,85.1,94.7,72.2,2.62,30.5,24.96,J17WL,684.04,A,2024-11-19
1993-07-19,0.0,75.0,84.6,94.3,71.1,2.42,30.85,26.31,J17WL,683.44,A,2024-11-19
1993-07-20,0.0,76.2,85.2,94.2,71.3,3.24,31.31,24.81,J17WL,682.94,A,2024-11-19
1993-07-21,0.0,76.3,85.3,94.3,70.8,3.38,31.59,26.89,J17WL,682.57,A,2024-11-19
1993-07-22,0.0,77.9,86.6,95.3,71.1,4.55,33.2,26.17,J17WL,681.47,A,2024-11-19
1993-07-23,0.0,75.2,85.9,96.6,70.2,3.18,37.94,24.04,J17WL,681.24,A,2024-11-19
1993-07-24,0.0,76.5,87.5,98.6,71.7,3.83,39.53,26.54,J17WL,681.3,A,2024-11-19
1993-07-25,0.0,76.6,87.2,97.8,70.9,3.4,39.87,27.75,J17WL,680.99,A,2024-11-19
1993-07-26,0.0,74.8,86.3,97.8,68.7,2.71,42.55,27.17,J17WL,680.52,A,2024-11-19
1993-07-27,0.0,76.1,86.1,96.1,68.7,3.1,38.45,27.25,J17WL,679.51,A,2024-11-19
1993-07-28,0.0,77.5,87.2,96.9,70.9,3.81,36.36,26.82,J17WL,679.5,A,2024-11-19
1993-07-29,0.0,77.4,87.4,97.4,71.6,3.19,37.47,26.24,J17WL,678.98,A,2024-11-19
1993-07-30,0.0,76.7,86.9,97.0,71.3,3.83,36.51,27.06,J17WL,678.59,A,2024-11-19
1993-07-31,0.0,77.2,87.9,98.6,70.8,4.64,39.31,27.28,J17WL,678.33,A,2024-11-19
1993-08-01,0.0,76.8,87.2,97.6,70.8,3.62,36.82,26.83,J17WL,678.15,A,2024-11-19
1993-08-02,0.0,76.4,87.2,97.9,70.2,4.03,37.95,26.61,J17WL,677.7,A,2024-11-19
1993-08-03,0.0,76.8,87.4,98.0,69.7,3.6,41.06,27.14,J17WL,677.16,A,2024-11-19
1993-08-04,0.0,76.0,87.0,97.9,68.4,3.87,43.11,25.7,J17WL,676.82,A,2024-11-19
1993-08-05,0.0,75.5,86.5,97.5,67.8,3.13,41.71,24.57,J17WL,676.44,A,2024-11-19
1993-08-06,0.0,75.9,86.8,97.8,68.4,3.01,42.18,26.31,J17WL,676.06,A,2024-11-19
1993-08-07,0.0,76.2,87.2,98.1,68.9,4.04,40.56,26.87,J17WL,676.01,A,2024-11-19
1993-08-08,0.0,76.5,87.2,97.8,68.6,3.61,41.31,25.92,J17WL,675.79,A,2024-11-19
1993-08-09,0.0,77.0,87.4,97.9,70.5,3.48,39.75,25.43,J17WL,675.48,A,2024-11-19
1993-08-10,0.0,75.7,86.7,97.8,68.5,3.74,39.94,26.07,J17WL,674.99,A,2024-11-19
1993-08-11,0.0,75.8,86.4,97.0,69.3,3.92,37.2,26.71,J17WL,674.69,A,2024-11-19
1993-08-12,0.0,75.6,86.2,96.8,69.3,3.58,38.44,25.87,J17WL,674.4,A,2024-11-19
1993-08-13,0.0,76.3,87.0,97.7,70.1,3.59,39.03,25.58,J17WL,673.66,A,2024-11-19
1993-08-14,0.0,76.5,87.0,97.5,69.2,3.19,40.21,25.79,J17WL,674.09,A,2024-11-19
1993-08-15,0.0,77.7,87.9,98.2,70.1,4.4,40.72,25.2,J17WL,674.23,A,2024-11-19
1993-08-16,0.0,77.3,88.0,98.8,69.9,3.73,41.41,24.8,J17WL,673.75,A,2024-11-19
1993-08-17,0.0,76.0,87.0,97.9,69.1,4.17,41.1,25.55,J17WL,673.23,A,2024-11-19
1993-08-18,0.0,77.0,87.4,97.8,69.0,4.35,41.06,24.63,J17WL,673.02,A,2024-11-19
1993-08-19,0.0,74.3,86.5,98.8,64.7,3.64,47.83,25.46,J17WL,672.69,A,2024-11-19
1993-08-20,0.0,73.7,85.9,98.1,65.8,3.46,44.77,26.07,J17WL,672.54,A,2024-11-19
1993-08-21,0.0,74.8,85.9,97.0,63.4,5.19,42.82,24.53,J17WL,672.47,A,2024-11-19
1993-08-22,0.0,74.3,86.1,97.9,67.4,3.92,43.67,24.79,J17WL,672.46,A,2024-11-19
1993-08-23,0.0,76.0,87.1,98.1,69.8,4.01,41.33,24.76,J17WL,672.13,A,2024-11-19
1993-08-24,0.0,78.8,88.8,98.8,70.8,4.95,41.99,23.07,J17WL,671.93,A,2024-11-19
1993-08-25,0.0,74.7,86.9,99.0,68.1,3.17,46.06,23.98,J17WL,671.91,A,2024-11-19
1993-08-26,0.0,76.3,87.3,98.4,68.7,3.55,41.99,22.18,J17WL,671.72,A,2024-11-19
1993-08-27,0.0,75.5,85.2,94.9,68.1,5.3,35.44,20.69,J17WL,671.71,A,2024-11-19
1993-08-28,0.54,75.4,82.3,89.1,70.6,3.6,21.34,17.86,J17WL,672.27,A,2024-11-19
1993-08-29,0.0,74.6,84.6,94.6,69.1,3.45,35.08,21.0,J17WL,672.45,A,2024-11-19
1993-08-30,0.0,74.6,85.1,95.6,69.8,2.57,36.51,22.39,J17WL,672.29,A,2024-11-19
1993-08-31,0.0,76.1,86.0,95.9,70.3,3.46,36.29,20.19,J17WL,672.3,A,2024-11-19
1993-09-01,0.61,72.5,84.2,95.8,69.3,3.12,36.49,18.29,J17WL,672.5,A,2024-11-19
1993-09-02,0.0,73.4,84.4,95.4,68.0,3.55,36.35,23.37,J17WL,672.71,A,2024-11-19
1993-09-03,0.0,74.9,86.2,97.5,67.8,3.84,40.8,23.73,J17WL,672.42,A,2024-11-19
1993-09-04,0.15,72.4,81.0,89.6,69.6,3.26,23.96,15.3,J17WL,673.06,A,2024-11-19
1993-09-05,0.0,65.7,79.4,93.0,60.4,4.0,36.28,21.56,J17WL,673.18,A,2024-11-19
1993-09-06,0.0,68.6,82.2,95.7,59.4,4.78,44.97,23.28,J17WL,673.15,A,2024-11-19
1993-09-07,0.0,70.6,79.7,88.9,63.2,5.26,30.16,13.61,J17WL,672.65,A,2024-11-19
1993-09-08,0.08,66.8,81.6,96.3,59.9,4.72,43.44,23.08,J17WL,672.46,A,2024-11-19
1993-09-09,0.09,69.6,83.8,97.9,64.0,3.68,45.34,19.66,J17WL,672.92,A,2024-11-19
1993-09-10,0.0,70.4,82.0,93.5,66.3,2.58,33.17,20.43,J17WL,673.45,A,2024-11-19
1993-09-11,0.0,70.8,83.9,97.0,66.1,2.23,41.58,21.65,J17WL,673.54,A,2024-11-19
1993-09-12,0.0,71.9,82.9,93.8,70.2,1.53,31.97,17.61,J17WL,673.87,A,2024-11-19
1993-09-13,0.1,75.6,83.8,92.0,72.3,2.87,27.01,15.97,J17WL,674.26,A,2024-11-19
1993-09-14,0.09,73.1,82.2,91.4,72.7,2.78,23.34,13.21,J17WL,674.91,A,2024-11-19
1993-09-15,0.0,59.8,70.1,80.5,56.0,3.31,19.53,21.28,J17WL,675.07,A,2024-11-19
1993-09-16,0.0,58.2,70.7,83.3,47.7,4.76,28.85,20.89,J17WL,675.07,A,2024-11-19
1993-09-17,0.0,59.9,74.3,88.7,52.9,5.13,35.14,23.04,J17WL,674.89,A,2024-11-19
1993-09-18,0.0,69.2,80.8,92.4,64.3,2.97,34.46,21.71,J17WL,674.75,A,2024-11-19
1993-09-19,0.0,74.0,83.8,93.5,70.6,2.26,30.77,17.87,J17WL,674.48,A,2024-11-19
1993-09-20,0.0,74.8,85.6,96.3,70.5,2.12,36.5,19.73,J17WL,673.92,A,2024-11-19
1993-09-21,0.0,75.9,86.1,96.3,71.4,2.97,35.9,20.67,J17WL,673.69,A,2024-11-19
1993-09-22,0.02,75.7,85.8,95.9,71.3,2.31,36.29,18.88,J17WL,673.34,A,2024-11-19
1993-09-23,0.0,76.8,86.4,96.0,71.8,2.98,35.23,15.95,J17WL,673.35,A,2024-11-19
1993-09-24,0.0,77.3,86.8,96.3,71.0,3.83,36.2,16.57,J17WL,673.12,A,2024-11-19
1993-09-25,0.0,75.1,86.0,96.9,68.9,3.12,39.8,19.85,J17WL,673.02,A,2024-11-19
1993-09-26,0.0,73.6,85.1,96.6,67.7,3.09,40.25,20.11,J17WL,672.94,A,2024-11-19
1993-09-27,0.06,63.7,73.7,83.8,64.0,4.08,16.65,10.3,J17WL,673.33,A,2024-11-19
1993-09-28,0.0,51.0,68.4,85.8,44.7,2.29,34.75,22.03,J17WL,673.42,A,2024-11-19
1993-09-29,0.0,52.4,71.4,90.4,42.3,2.89,41.93,22.42,J17WL,673.02,A,2024-11-19
1993-09-30,0.0,55.7,73.6,91.4,49.6,2.41,40.64,22.37,J17WL,672.82,A,2024-11-19
1993-10-01,0.0,59.5,75.2,90.9,62.4,1.17,33.2,20.73,J17WL,672.57,A,2024-11-19
1993-10-02,0.0,66.7,78.8,90.8,64.4,1.35,32.27,19.45,J17WL,672.62,A,2024-11-19
1993-10-03,0.0,67.5,80.1,92.7,63.9,2.2,36.03,19.48,J17WL,672.48,A,2024-11-19
1993-10-04,0.0,63.4,75.2,86.9,60.8,2.42,27.03,15.98,J17WL,672.46,A,2024-11-19
1993-10-05,0.0,63.1,77.3,91.5,61.1,1.86,34.6,20.83,J17WL,672.22,A,2024-11-19
1993-10-06,0.0,63.9,77.5,91.1,62.0,1.09,33.9,19.57,J17WL,671.92,A,2024-11-19
1993-10-07,0.0,65.7,77.7,89.8,63.1,1.61,31.06,18.47,J17WL,671.87,A,2024-11-19
1993-10-08,0.0,68.6,77.3,85.9,65.5,1.85,23.49,12.46,J17WL,672.05,A,2024-11-19
1993-10-09,0.0,69.3,81.0,92.8,65.9,2.09,34.52,17.47,J17WL,671.91,A,2024-11-19
1993-10-10,0.0,58.8,72.4,86.0,53.9,1.8,26.75,19.36,J17WL,672.47,A,2024-11-19
1993-10-11,0.0,58.1,68.2,78.2,50.5,3.17,20.05,14.93,J17WL,672.3,A,2024-10-16
1993-10-12,0.22,63.8,73.2,82.6,65.2,2.39,17.17,10.36,J17WL,672.2,A,2024-10-16
1993-10-13,0.67,64.7,78.5,92.2,67.2,0.64,31.97,15.59,J17WL,673.0,A,2024-11-19
1993-10-14,0.0,64.5,75.2,85.8,65.4,0.96,19.21,12.21,J17WL,673.61,A,2024-11-19
1993-10-15,0.0,64.1,73.2,82.3,63.5,1.2,17.63,16.08,J17WL,674.07,A,2024-11-19
1993-10-16,0.0,68.2,77.9,87.5,68.9,1.58,21.59,11.64,J17WL,674.47,A,2024-11-19
1993-10-17,0.0,71.0,80.5,90.0,70.4,1.21,22.8,12.95,J17WL,674.58,A,2024-11-19
1993-10-18,0.0,72.1,83.1,94.1,70.5,0.76,32.15,14.53,J17WL,674.61,A,2024-11-19
1993-10-19,0.0,72.7,81.0,89.3,70.4,1.53,23.49,12.58,J17WL,674.44,A,2024-11-19
1993-10-20,2.22,66.4,78.4,90.4,69.8,0.68,25.79,13.41,J17WL,675.54,A,2024-11-19
1993-10-21,0.47,59.0,65.1,71.1,59.0,1.16,8.08,7.55,J17WL,676.22,A,2024-11-19
1993-10-22,0.0,48.4,60.0,71.6,45.5,3.12,16.02,14.18,J17WL,676.6,A,2024-11-19
1993-10-23,0.0,43.5,57.4,71.3,37.2,1.64,19.75,18.58,J17WL,677.01,A,2024-11-19
1993-10-24,0.0,42.3,57.5,72.6,38.9,1.32,20.41,18.3,J17WL,677.31,A,2024-11-19
1993-10-25,0.0,43.5,58.5,73.5,42.6,0.92,19.75,16.18,J17WL,677.31,A,2024-11-19
1993-10-26,0.0,44.6,62.6,80.5,43.2,1.36,28.16,18.62,J17WL,677.27,A,2024-11-19
1993-10-27,0.0,48.2,64.5,80.8,45.9,1.66,26.64,17.93,J17WL,677.07,A,2024-11-19
1993-10-28,0.0,46.3,57.0,67.8,41.2,1.57,15.12,13.99,J17WL,677.16,A,2024-11-19
1993-10-29,0.04,49.5,61.2,72.9,47.2,2.96,18.05,14.72,J17WL,677.21,A,2024-11-19
1993-10-30,0.03,37.9,53.5,69.1,42.4,1.41,7.69,6.56,J17WL,677.52,A,2024-11-19
1993-10-31,0.0,27.8,39.4,51.0,20.4,1.0,9.36,14.25,J17WL,677.47,A,2024-11-19
1993-11-01,0.0,28.4,45.6,62.8,26.5,0.67,15.09,17.87,J17WL,677.57,A,2024-11-19
1993-11-02,0.19,31.3,48.4,65.4,41.0,0.8,14.5,12.91,J17WL,677.54,A,2024-11-19
1993-11-03,0.17,55.6,62.5,69.5,57.3,0.53,8.33,4.63,J17WL,677.46,A,2024-11-19
1993-11-04,0.0,56.8,61.3,65.8,56.6,0.44,6.12,5.62,J17WL,677.76,A,2024-11-19
1993-11-05,0.0,57.8,68.2,78.5,60.6,0.4,14.88,12.32,J17WL,677.66,A,2024-11-19
1993-11-06,0.0,43.0,54.7,66.4,33.9,3.58,13.66,11.52,J17WL,677.62,A,2024-11-19
1993-11-07,0.0,30.5,44.3,58.1,22.9,1.17,12.83,14.62,J17WL,677.64,A,2024-11-19
1993-11-08,0.07,28.9,43.5,58.1,29.2,0.86,12.42,14.13,J17WL,677.62,A,2024-11-19
1993-11-09,0.03,50.8,55.3,59.8,54.7,0.03,1.76,1.38,J17WL,677.9,A,2024-11-19
1993-11-10,0.0,55.1,58.7,62.3,56.1,0.39,3.2,2.9,J17WL,677.84,A,2024-11-19
1993-11-11,0.01,52.7,60.3,67.8,54.3,0.44,8.07,7.8,J17WL,677.95,A,2024-11-19
1993-11-12,0.02,54.6,63.3,71.9,62.5,0.67,7.89,5.18,J17WL,677.99,A,2024-11-19
1993-11-13,0.0,70.3,76.6,82.9,67.3,1.77,17.29,8.38,J17WL,678.21,A,2024-11-19
1993-11-14,0.05,57.7,71.0,84.3,67.4,2.28,18.03,8.38,J17WL,678.15,A,2024-11-19
1993-11-15,0.0,52.1,63.8,75.6,45.0,2.31,21.31,8.88,J17WL,678.09,A,2024-11-19
1993-11-16,0.25,54.2,60.3,66.4,47.9,0.74,12.16,11.15,J17WL,677.93,A,2024-11-19
1993-11-17,0.0,40.8,53.4,66.0,46.6,0.28,10.01,7.85,J17WL,678.1,A,2024-11-19
1993-11-18,0.0,40.4,54.8,69.2,44.6,0.42,13.7,14.8,J17WL,678.09,A,2024-11-19
1993-11-19,0.0,47.6,60.3,72.9,47.4,0.98,17.55,13.08,J17WL,678.07,A,2024-11-19
1993-11-20,0.0,42.9,60.6,78.2,39.7,1.24,21.35,12.49,J17WL,678.12,A,2024-11-19
1993-11-21,0.0,31.8,46.3,60.8,23.2,1.4,14.57,14.58,J17WL,678.19,A,2024-11-19
1993-11-22,0.0,32.7,48.2,63.6,28.2,1.08,15.37,14.46,J17WL,678.06,A,2024-11-19
1993-11-23,0.0,35.1,52.8,70.5,45.0,0.58,15.27,13.96,J17WL,677.9,A,2024-11-19
1993-11-24,0.0,49.4,63.3,77.2,57.3,0.5,15.67,10.45,J17WL,677.85,A,2024-11-19
1993-11-25,0.07,37.8,56.1,74.3,50.7,0.35,9.14,4.5,J17WL,677.85,A,2024-11-19
1993-11-26,0.0,31.6,34.6,37.5,29.8,0.49,2.13,2.92,J17WL,678.21,A,2024-11-19
1993-11-27,0.0,22.7,35.4,48.2,20.1,0.56,8.23,12.65,J17WL,678.07,A,2024-11-19
1993-11-28,0.0,23.8,42.0,60.2,22.1,0.71,14.18,14.88,J17WL,678.1,A,2024-11-19
1993-11-29,0.0,28.6,48.6,68.7,25.9,0.91,20.08,12.14,J17WL,678.04,A,2024-11-19
1993-11-30,0.0,33.2,52.6,72.0,35.5,0.57,20.34,13.78,J17WL,677.85,A,2024-11-19
1993-12-01,0.0,41.7,57.7,73.6,52.9,0.53,15.19,12.03,J17WL,677.77,A,2024-11-19
1993-12-02,0.01,58.7,67.6,76.5,60.4,0.23,14.27,7.03,J17WL,677.67,A,2024-11-19
1993-12-03,0.06,64.1,69.9,75.7,63.5,0.85,11.55,4.24,J17WL,677.86,A,2024-11-19
1993-12-04,0.0,56.2,66.9,77.5,52.8,1.49,15.4,6.18,J17WL,677.82,A,2024-11-19
1993-12-05,0.0,37.4,54.9,72.5,28.7,1.9,23.41,12.96,J17WL,677.87,A,2024-11-19
1993-12-06,0.0,43.9,59.6,75.2,36.0,3.13,22.95,11.72,J17WL,677.65,A,2024-11-19
1993-12-07,0.0,47.6,57.5,67.4,33.6,4.02,17.06,12.08,J17WL,677.58,A,2024-11-19
1993-12-08,0.0,56.1,62.8,69.5,56.0,0.39,9.03,4.15,J17WL,677.36,A,2024-11-19
1993-12-09,0.0,61.4,66.1,70.8,64.1,0.33,4.03,2.97,J17WL,677.6,A,2024-11-19
1993-12-10,0.0,60.3,68.3,76.3,63.3,0.73,10.55,3.58,J17WL,677.46,A,2024-11-19
1993-12-11,0.0,48.5,63.4,78.4,41.4,1.01,25.45,13.33,J17WL,677.5,A,2024-11-19
1993-12-12,0.0,46.6,58.4,70.1,33.3,3.21,19.6,11.35,J17WL,677.61,A,2024-11-19
1993-12-13,0.0,51.0,60.0,69.0,54.2,1.96,8.33,4.47,J17WL,677.7,A,2024-11-19
1993-12-14,0.0,41.1,56.9,72.6,29.6,3.55,21.49,14.1,J17WL,677.44,A,2024-11-19
1993-12-15,0.0,34.8,51.5,68.2,22.1,2.4,20.47,14.08,J17WL,677.35,A,2024-11-19
1993-12-16,0.0,37.4,51.0,64.7,33.1,2.32,14.87,13.3,J17WL,677.24,A,2024-11-19
1993-12-17,0.0,50.4,56.5,62.7,53.5,0.73,5.74,3.72,J17WL,677.2,A,2024-11-19
1993-12-18,0.17,52.3,57.3,62.4,54.6,0.53,3.04,2.3,J17WL,677.21,A,2024-11-19
1993-12-19,0.05,45.3,49.0,52.8,42.8,0.71,4.34,2.44,J17WL,677.37,A,2024-11-19
1993-12-20,0.0,48.0,53.3,58.6,49.7,0.75,4.42,3.87,J17WL,677.35,A,2024-11-19
1993-12-21,0.0,35.5,47.7,59.8,34.8,1.11,9.09,6.34,J17WL,677.42,A,2024-11-19
1993-12-22,0.22,39.3,45.0,50.7,30.9,0.79,8.2,5.46,J17WL,677.52,A,2024-11-19
1993-12-23,0.08,25.7,36.2,46.8,33.2,0.21,2.52,3.1,J17WL,677.54,A,2024-11-19
1993-12-24,0.0,26.0,37.8,49.6,24.7,0.43,8.44,11.29,J17WL,677.54,A,2024-11-19
1993-12-25,0.0,31.9,43.3,54.7,27.2,1.16,9.73,12.85,J17WL,677.66,A,2024-11-19
1993-12-26,0.0,32.7,51.6,70.4,26.1,1.5,21.65,13.99,J17WL,677.92,A,2024-11-19
1993-12-27,0.0,33.4,52.1,70.7,35.0,0.41,20.92,13.93,J17WL,677.87,A,2024-11-19
1993-12-28,0.0,43.7,58.8,73.8,53.0,0.01,15.89,11.08,J17WL,677.64,A,2024-11-19
1993-12-29,0.01,42.9,53.7,64.5,40.5,0.73,7.31,2.74,J17WL,677.52,A,2024-11-19
1993-12-30,0.0,41.2,44.5,47.8,32.5,2.48,4.99,4.78,J17WL,677.48,A,2024-11-19
1993-12-31,0.0,41.2,48.3,55.5,29.2,3.0,10.23,9.86,J17WL,677.44,A,2024-11-19
1994-01-01,0.0,45.3,52.4,59.4,42.2,1.17,10.03,7.2,J17WL,677.48,A,2024-11-19
1994-01-02,0.0,34.8,53.9,72.9,37.5,0.92,20.44,14.01,J17WL,677.56,A,2024-11-19
1994-01-03,0.0,34.7,55.8,76.8,32.3,1.26,26.99,12.6,J17WL,677.24,A,2024-11-19
1994-01-04,0.0,36.7,52.3,67.8,23.1,2.76,19.31,14.5,J17WL,677.1,A,2024-11-19
1994-01-05,0.0,31.2,49.6,68.1,23.2,1.53,19.99,14.54,J17WL,676.9,A,2024-11-19
1994-01-06,0.0,32.3,52.6,73.0,40.8,0.33,21.2,14.32,J17WL,676.82,A,2024-11-19
1994-01-07,0.0,41.5,59.5,77.5,45.4,0.61,20.35,11.93,J17WL,676.6,A,2024-11-19
1994-01-08,0.0,23.4,36.7,50.0,24.0,0.62,7.69,10.47,J17WL,676.42,A,2024-11-19
1994-01-09,0.0,22.1,40.3,58.4,23.5,0.49,12.54,13.41,J17WL,676.55,A,2024-11-19
1994-01-10,0.0,29.3,47.6,65.8,43.5,0.4,12.59,11.16,J17WL,676.51,A,2024-11-19
1994-01-11,0.01,47.5,60.4,73.4,54.5,0.28,14.61,9.98,J17WL,676.06,A,2024-11-19
1994-01-12,0.01,53.6,64.1,74.6,49.4,0.6,16.78,11.35,J17WL,675.9,A,2024-11-19
1994-01-13,0.22,50.8,55.0,59.2,51.3,0.58,3.65,3.46,J17WL,675.93,A,2024-11-19
1994-01-14,0.0,37.7,52.2,66.6,43.3,0.26,11.78,12.91,J17WL,675.97,A,2024-11-19
1994-01-15,0.0,36.8,53.8,70.7,36.7,0.55,19.26,14.25,J17WL,676.05,A,2024-11-19
1994-01-16,0.0,38.9,52.9,66.9,49.6,0.26,9.34,8.64,J17WL,676.07,A,2024-11-19
1994-01-17,0.0,47.4,59.3,71.2,53.6,0.62,9.34,4.88,J17WL,675.89,A,2024-11-19
1994-01-18,0.0,34.7,48.0,61.2,26.3,1.99,14.2,13.51,J17WL,675.28,A,2024-11-19
1994-01-19,0.0,29.5,39.1,48.8,25.9,0.84,6.4,12.21,J17WL,674.99,A,2024-11-19
1994-01-20,0.05,30.4,42.4,54.3,41.2,0.69,5.08,5.71,J17WL,675.07,A,2024-11-19
1994-01-21,0.35,48.4,52.2,56.1,50.6,0.23,1.25,2.04,J17WL,675.02,A,2024-11-19
1994-01-22,0.51,44.8,47.5,50.3,44.2,0.53,2.13,2.41,J17WL,675.48,A,2024-11-19
1994-01-23,0.12,44.6,47.9,51.1,46.7,0.32,1.36,2.85,J17WL,676.0,A,2024-11-19
1994-01-24,0.35,48.1,54.9,61.7,53.5,0.01,1.96,3.14,J17WL,676.25,A,2024-11-19
1994-01-25,0.02,62.0,65.0,67.9,63.1,0.51,2.95,2.79,J17WL,676.46,A,2024-11-19
1994-01-26,0.0,64.1,67.9,71.7,64.2,0.95,5.7,4.34,J17WL,676.57,A,2024-11-19
1994-01-27,0.02,63.5,68.3,73.0,64.2,0.58,7.55,3.62,J17WL,676.72,A,2024-11-19
1994-01-28,0.03,45.1,57.7,70.2,41.4,0.91,14.44,7.93,J17WL,676.62,A,2024-11-19
1994-01-29,0.06,38.5,42.2,45.9,30.9,1.36,5.38,3.97,J17WL,676.78,A,2024-11-19
1994-01-30,0.0,29.9,40.9,52.0,30.7,0.51,7.39,10.48,J17WL,676.86,A,2024-11-19
1994-01-31,0.0,29.6,43.1,56.6,31.9,0.49,9.92,16.49,J17WL,676.8,A,2024-11-19
1994-02-01,0.0,33.6,39.1,44.6,28.7,1.32,4.32,5.98,J17WL,676.57,A,2024-11-19
1994-02-02,0.0,21.5,32.4,43.2,25.6,0.17,4.78,5.94,J17WL,676.44,A,2024-11-19
1994-02-03,0.02,23.4,39.3,55.2,22.3,0.53,11.43,16.08,J17WL,676.34,A,2024-11-19
1994-02-04,0.0,37.8,45.3,52.9,42.6,0.14,5.53,4.02,J17WL,676.24,A,2024-11-19
1994-02-05,0.0,52.4,62.5,72.5,53.8,0.44,12.81,10.95,J17WL,676.23,A,2024-11-19
1994-02-06,0.0,46.1,63.3,80.6,42.8,1.63,29.22,13.65,J17WL,676.07,A,2024-11-19
1994-02-07,0.0,46.8,61.8,76.9,52.1,0.11,16.54,12.73,J17WL,675.8,A,2024-11-19
1994-02-08,0.0,60.4,69.0,77.6,63.6,0.39,12.73,7.01,J17WL,675.63,A,2024-11-19
1994-02-09,0.02,65.7,75.6,85.4,63.4,1.01,23.67,12.27,J17WL,675.4,A,2024-11-19
1994-02-10,0.34,30.0,48.0,65.9,32.1,0.4,4.61,3.97,J17WL,675.33,A,2024-11-19
1994-02-11,0.12,30.0,37.2,44.4,31.7,0.29,3.71,7.47,J17WL,675.38,A,2024-11-19
1994-02-12,0.0,29.6,45.8,62.0,41.7,0.4,10.35,16.92,J17WL,675.66,A,2024-11-19
1994-02-13,0.0,44.3,57.0,69.7,42.0,0.85,11.37,8.52,J17WL,675.52,A,2024-11-19
1994-02-14,0.0,32.4,46.5,60.7,18.8,1.87,15.56,16.56,J17WL,675.44,A,2024-11-19
1994-02-15,0.0,31.9,47.3,62.7,33.0,1.0,14.8,17.83,J17WL,675.27,A,2024-11-19
1994-02-16,0.0,47.9,57.1,66.3,50.9,0.64,8.69,10.51,J17WL,675.08,A,2024-11-19
1994-02-17,0.0,43.5,57.3,71.1,47.8,0.48,15.02,13.29,J17WL,674.93,A,2024-11-19
1994-02-18,0.0,43.5,57.7,71.9,47.3,0.55,15.88,17.1,J17WL,674.76,A,2024-11-19
1994-02-19,0.0,56.4,64.1,71.8,56.7,1.58,10.48,4.76,J17WL,674.88,A,2024-11-19
1994-02-20,0.04,62.8,67.4,72.0,61.8,1.55,8.72,4.95,J17WL,674.8,A,2024-11-19
1994-02-21,0.02,63.2,72.1,81.0,61.9,0.65,18.65,10.21,J17WL,674.62,A,2024-11-19
1994-02-22,0.59,63.2,68.7,74.1,63.2,0.61,9.58,5.52,J17WL,674.78,A,2024-11-19
1994-02-23,0.0,48.3,64.9,81.5,50.2,0.94,28.63,10.35,J17WL,674.77,A,2024-11-19
1994-02-24,0.0,32.6,47.1,61.7,28.7,1.17,13.99,16.05,J17WL,674.76,A,2024-11-19
1994-02-25,0.0,33.8,49.4,65.0,30.8,1.03,16.86,18.43,J17WL,674.9,A,2024-11-19
1994-02-26,0.0,40.6,58.5,76.4,38.6,1.14,20.06,17.36,J17WL,674.76,A,2024-11-19
1994-02-27,0.0,39.9,43.1,46.3,24.9,3.41,6.2,4.99,J17WL,674.94,A,2024-11-19
1994-02-28,0.17,45.1,51.0,56.9,40.0,1.76,7.23,6.18,J17WL,674.99,A,2024-11-19
1994-03-01,0.19,54.1,58.4,62.6,58.4,0.02,2.23,2.66,J17WL,675.19,A,2024-11-19
1994-03-02,0.0,39.2,52.9,66.7,42.4,0.85,9.08,15.54,J17WL,675.37,A,2024-11-19
1994-03-03,0.0,40.1,57.6,75.1,36.2,1.51,23.62,18.62,J17WL,675.19,A,2024-11-19
1994-03-04,0.0,40.5,57.4,74.3,39.3,1.72,22.22,17.53,J17WL,675.21,A,2024-11-19
1994-03-05,0.0,50.5,65.7,81.0,52.0,1.37,23.89,16.34,J17WL,675.2,A,2024-11-19
1994-03-06,0.0,61.3,73.7,86.2,57.3,1.5,29.05,17.53,J17WL,674.99,A,2024-11-19
1994-03-07,0.0,61.7,73.3,84.9,62.1,1.07,22.05,18.39,J17WL,674.66,A,2024-11-19
1994-03-08,0.07,66.8,75.0,83.1,62.5,2.61,19.54,18.87,J17WL,674.45,A,2024-11-19
1994-03-09,0.15,41.2,58.3,75.3,55.4,0.98,9.28,7.43,J17WL,674.53,A,2024-11-19
1994-03-10,0.0,30.5,40.1,49.8,29.5,0.8,6.53,15.95,J17WL,674.65,A,2024-11-19
1994-03-11,0.0,31.5,48.4,65.4,30.4,0.92,16.52,22.56,J17WL,674.59,A,2024-11-19
1994-03-12,0.03,36.8,52.0,67.2,41.3,1.0,14.74,20.78,J17WL,674.7,A,2024-11-19
1994-03-13,0.05,53.1,58.9,64.7,55.3,0.38,6.31,5.44,J17WL,674.79,A,2024-11-19
1994-03-14,0.0,52.7,56.6,60.5,53.8,0.5,3.11,3.21,J17WL,674.93,A,2024-11-19
1994-03-15,0.91,54.7,63.9,73.1,54.1,0.64,14.25,12.54,J17WL,674.92,A,2024-11-19
1994-03-16,1.31,60.1,62.8,65.5,61.4,0.39,2.06,3.19,J17WL,675.78,A,2024-11-19
1994-03-17,0.0,59.9,67.6,75.3,59.1,0.66,13.3,12.04,J17WL,676.48,A,2024-11-19
1994-03-18,0.0,59.1,68.1,77.2,58.3,1.53,15.46,19.03,J17WL,676.86,A,2024-11-19
1994-03-19,0.0,59.9,72.9,85.9,60.8,0.63,24.58,21.99,J17WL,676.94,A,2024-11-19
1994-03-20,0.0,61.3,72.3,83.4,61.4,0.75,21.61,18.47,J17WL,676.96,A,2024-11-19
1994-03-21,0.0,66.4,74.4,82.3,65.5,1.29,15.77,16.06,J17WL,676.79,A,2024-11-19
1994-03-22,0.0,52.3,66.0,79.8,46.5,1.82,23.68,17.81,J17WL,676.51,A,2024-11-19
1994-03-23,0.0,56.1,67.3,78.5,57.2,1.74,17.79,19.8,J17WL,676.39,A,2024-11-19
1994-03-24,0.01,69.3,74.6,80.0,67.0,1.14,12.39,8.43,J17WL,676.22,A,2024-11-19
1994-03-25,0.0,56.8,67.9,79.0,59.8,0.86,16.89,10.56,J17WL,676.18,A,2024-11-19
1994-03-26,0.08,56.6,67.8,79.0,59.3,0.74,17.7,23.01,J17WL,675.74,A,2024-11-19
1994-03-27,0.39,58.6,70.1,81.7,64.9,0.91,14.12,9.89,J17WL,676.24,A,2024-11-19
1994-03-28,0.0,43.2,53.8,64.4,43.8,2.39,8.2,13.13,J17WL,676.67,A,2024-11-19
1994-03-29,0.0,37.7,51.8,65.8,29.8,1.17,17.4,24.56,J17WL,676.72,A,2024-11-19
1994-03-30,0.0,39.9,56.2,72.5,37.3,1.28,20.31,21.51,J17WL,676.61,A,2024-11-19
1994-03-31,0.0,45.6,57.8,69.9,35.5,2.69,17.63,24.4,J17WL,676.33,A,2024-11-19
1994-04-01,0.0,46.0,58.5,70.9,39.2,1.1,18.19,23.38,J17WL,676.13,A,2024-11-19
1994-04-02,0.0,49.9,62.4,75.0,50.8,0.99,17.91,19.78,J17WL,675.87,A,2024-11-19
1994-04-03,0.0,57.4,67.0,76.6,56.9,2.38,14.53,11.55,J17WL,675.61,A,2024-11-19
1994-04-04,0.0,51.2,64.2,77.1,44.2,2.34,22.13,24.27,J17WL,675.6,A,2024-11-19
1994-04-05,0.04,55.6,64.7,73.9,63.3,1.01,8.37,7.94,J17WL,675.34,A,2024-11-19
1994-04-06,0.2,42.7,63.6,84.4,53.0,1.04,21.89,14.15,J17WL,675.1,A,2024-11-19
1994-04-07,0.0,39.4,54.4,69.3,33.6,1.55,18.51,26.21,J17WL,674.87,A,2024-11-19
1994-04-08,0.0,42.5,57.5,72.4,44.8,1.17,17.78,25.7,J17WL,674.73,A,2024-11-19
1994-04-09,0.0,55.3,67.4,79.5,59.4,1.7,19.19,22.47,J17WL,674.5,A,2024-11-19
1994-04-10,0.0,70.1,75.7,81.3,66.5,2.89,14.84,12.52,J17WL,674.26,A,2024-11-19
1994-04-11,0.0,70.0,76.0,82.1,66.5,3.37,15.74,16.87,J17WL,673.88,A,2024-11-19
1994-04-12,0.0,58.9,71.5,84.1,60.9,2.65,18.0,12.03,J17WL,673.59,A,2024-11-19
1994-04-13,0.0,51.0,60.9,70.7,42.6,2.66,17.8,18.69,J17WL,673.56,A,2024-11-19
1994-04-14,0.0,53.3,68.8,84.3,59.0,1.05,23.56,25.0,J17WL,673.15,A,2024-11-19
1994-04-15,0.52,69.6,75.2,80.8,67.9,1.39,13.3,11.19,J17WL,672.94,A,2024-11-19
1994-04-16,0.18,57.3,69.6,81.9,59.4,1.75,12.98,8.61,J17WL,673.23,A,2024-11-19
1994-04-17,0.0,46.5,62.8,79.1,39.0,2.06,27.45,26.82,J17WL,673.45,A,2024-11-19
1994-04-18,0.0,48.9,63.8,78.6,47.0,1.48,23.59,23.85,J17WL,673.2,A,2024-11-19
1994-04-19,0.0,53.2,66.9,80.7,59.1,0.75,20.87,25.82,J17WL,672.97,A,2024-11-19
1994-04-20,0.0,65.7,73.6,81.5,63.5,1.25,18.74,17.55,J17WL,672.66,A,2024-11-19
1994-04-21,0.08,56.6,65.4,74.2,61.0,0.71,10.21,10.83,J17WL,672.78,A,2024-11-19
1994-04-22,0.02,59.2,70.8,82.4,59.3,1.02,21.79,21.35,J17WL,672.52,A,2024-11-19
1994-04-23,0.18,60.9,73.7,86.5,61.9,0.8,26.45,21.57,J17WL,672.45,A,2024-11-19
1994-04-24,0.0,63.3,73.1,82.8,62.5,1.04,19.95,23.95,J17WL,672.38,A,2024-11-19
1994-04-25,0.0,66.8,75.6,84.5,65.6,2.38,19.81,16.75,J17WL,672.03,A,2024-11-19
1994-04-26,0.0,71.6,78.5,85.4,69.1,1.69,19.14,13.48,J17WL,671.61,A,2024-11-19
1994-04-27,0.0,74.0,82.2,90.4,69.9,3.68,23.83,23.37,J17WL,671.05,A,2024-11-21
1994-04-28,0.36,74.2,79.7,85.2,70.1,3.15,15.19,15.14,J17WL,671.22,A,2024-10-15
1994-04-29,1.52,59.4,67.9,76.3,64.7,0.55,7.52,7.26,J17WL,672.01,A,2024-10-15
1994-04-30,0.31,55.9,69.9,83.8,64.2,0.94,18.96,20.39,J17WL,672.63,A,2024-10-15
1994-05-01,0.38,52.8,58.0,63.2,48.8,1.68,8.38,10.74,J17WL,673.64,A,2024-11-19
1994-05-02,2.02,52.0,56.0,60.0,51.1,0.6,5.79,6.62,J17WL,674.89,A,2024-11-19
1994-05-03,0.13,58.4,66.0,73.5,63.2,0.33,5.88,5.84,J17WL,675.46,A,2024-11-19
1994-05-04,0.0,60.6,67.9,75.2,58.3,1.96,11.81,21.81,J17WL,675.69,A,2024-11-19
1994-05-05,0.0,61.0,68.5,76.0,63.4,0.45,9.57,9.28,J17WL,675.81,A,2024-11-19
1994-05-06,0.0,67.2,74.3,81.4,65.9,1.36,14.55,14.22,J17WL,675.8,A,2024-11-19
1994-05-07,0.0,68.2,75.3,82.4,70.4,1.71,12.23,12.97,J17WL,675.91,A,2024-11-19
1994-05-08,0.13,71.0,78.1,85.2,72.1,1.24,13.82,8.42,J17WL,676.01,A,2024-11-19
1994-05-09,0.12,71.2,77.4,83.6,70.1,1.48,15.49,16.32,J17WL,676.04,A,2024-11-19
1994-05-10,0.0,72.8,79.3,85.9,70.2,1.87,18.13,14.38,J17WL,675.77,A,2024-11-19
1994-05-11,0.0,73.7,79.3,85.0,70.6,2.36,17.01,14.93,J17WL,675.66,A,2024-11-19
1994-05-12,0.0,73.0,78.2,83.4,70.7,2.01,13.92,10.56,J17WL,675.48,A,2024-11-19
1994-05-13,0.17,72.4,79.2,86.0,69.4,1.98,17.79,16.98,J17WL,676.05,A,2024-11-19
1994-05-14,0.92,60.4,69.0,77.7,64.1,0.35,5.79,7.1,J17WL,676.88,A,2024-11-19
1994-05-15,1.41,61.8,73.2,84.6,67.9,0.54,14.1,13.71,J17WL,677.64,A,2024-11-19
1994-05-16,0.14,66.5,76.6,86.8,65.1,1.78,24.87,23.3,J17WL,678.25,A,2024-11-19
1994-05-17,0.06,68.7,74.2,79.8,67.4,1.39,12.52,16.36,J17WL,678.74,A,2024-11-19
1994-05-18,0.0,67.7,77.0,86.3,67.5,1.29,21.19,21.99,J17WL,679.12,A,2024-11-19
1994-05-19,0.0,66.2,76.7,87.2,65.0,2.9,23.08,24.13,J17WL,679.15,A,2024-11-19
1994-05-20,0.0,59.4,72.1,84.9,56.3,2.6,26.77,27.15,J17WL,679.13,A,2024-11-19
1994-05-21,0.0,59.0,71.6,84.1,54.7,2.15,26.18,27.33,J17WL,678.95,A,2024-11-19
1994-05-22,0.0,63.2,73.3,83.4,58.7,2.12,23.71,26.49,J17WL,678.73,A,2024-11-19
1994-05-23,0.0,62.3,73.1,83.9,59.2,1.24,24.77,25.26,J17WL,678.3,A,2024-11-19
1994-05-24,0.0,66.7,76.2,85.7,62.5,2.4,24.29,23.1,J17WL,677.72,A,2024-11-19
1994-05-25,0.0,69.5,78.7,87.9,66.2,2.45,24.09,24.41,J17WL,677.29,A,2024-11-19
1994-05-26,0.0,71.3,79.1,86.9,68.5,2.92,19.49,20.81,J17WL,676.84,A,2024-11-19
1994-05-27,0.0,72.1,77.7,83.3,70.4,1.61,12.7,11.18,J17WL,676.39,A,2024-11-19
1994-05-28,0.0,70.6,76.8,83.0,68.2,1.43,15.36,17.59,J17WL,675.78,A,2024-11-19
1994-05-29,0.0,72.2,81.3,90.4,71.6,1.74,23.89,22.47,J17WL,675.12,A,2024-11-19
1994-05-30,0.0,67.6,80.8,94.0,70.7,2.46,28.24,25.36,J17WL,673.67,A,2024-10-15
1994-05-31,0.0,71.9,83.5,95.1,69.8,2.06,34.09,27.9,J17WL,673.81,A,2024-10-15
1994-06-01,0.0,72.8,83.7,94.6,70.1,2.28,32.89,26.04,J17WL,671.17,A,2024-10-15
1994-06-02,0.0,71.9,80.9,89.8,68.3,2.39,26.21,24.37,J17WL,670.21,A,2024-10-15
1994-06-03,0.0,71.9,80.6,89.3,68.6,2.08,25.12,24.08,J17WL,668.74,A,2024-10-15
1994-06-04,0.0,72.7,80.6,88.4,70.2,1.67,21.36,21.04,J17WL,668.07,A,2024-10-15
1994-06-05,0.0,74.9,82.7,90.4,70.6,2.75,24.99,21.44,J17WL,667.33,A,2024-10-15
1994-06-06,0.0,76.4,84.8,93.2,71.5,3.38,29.02,24.8,J17WL,666.36,A,2024-10-15
1994-06-07,0.0,76.1,85.5,95.0,71.3,3.67,32.38,26.22,J17WL,664.76,A,2024-11-19
1994-06-08,0.0,76.3,86.3,96.3,71.1,4.52,34.48,26.77,J17WL,663.7,A,2024-11-19
1994-06-09,0.0,77.9,87.8,97.7,73.2,4.1,35.27,26.52,J17WL,662.25,A,2024-11-19
1994-06-10,0.03,71.5,83.7,95.9,72.2,2.23,33.91,24.44,J17WL,661.95,A,2024-11-19
1994-06-11,0.0,73.9,84.5,95.2,70.3,2.82,33.94,23.97,J17WL,662.89,A,2024-11-19
1994-06-12,0.0,74.6,84.1,93.6,69.5,3.06,30.2,21.62,J17WL,662.95,A,2024-11-19
1994-06-13,0.02,72.5,82.3,92.1,68.5,3.16,28.39,23.58,J17WL,662.56,A,2024-11-19
1994-06-14,0.33,73.8,82.1,90.3,71.8,1.88,24.45,16.4,J17WL,663.72,A,2024-11-19
1994-06-15,0.75,70.9,76.1,81.3,71.7,1.28,9.87,8.46,J17WL,665.24,A,2024-11-19
1994-06-16,0.09,76.1,81.0,85.9,73.4,1.94,14.99,17.8,J17WL,665.91,A,2024-11-19
1994-06-17,0.0,76.0,83.7,91.4,72.3,2.57,26.76,21.68,J17WL,666.52,A,2024-11-19
1994-06-18,0.0,73.4,83.0,92.6,71.6,1.66,28.86,22.83,J17WL,666.8,A,2024-11-19
1994-06-19,0.08,74.2,83.1,92.0,68.5,3.74,29.76,25.84,J17WL,666.89,A,2024-11-19
1994-06-20,0.49,69.1,78.8,88.5,69.8,0.65,20.06,16.18,J17WL,667.64,A,2024-11-19
1994-06-21,0.07,70.3,81.0,91.7,69.2,1.59,28.02,22.7,J17WL,667.85,A,2024-11-19
1994-06-22,0.0,72.5,81.2,89.9,69.8,1.77,24.51,22.43,J17WL,668.35,A,2024-11-19
1994-06-23,0.04,74.9,83.3,91.7,72.2,1.68,24.63,23.35,J17WL,668.68,A,2024-11-19
1994-06-24,0.01,71.6,84.1,96.6,71.5,1.6,32.56,25.05,J17WL,668.56,A,2024-11-19
1994-06-25,0.04,76.0,87.3,98.6,72.5,1.61,39.32,27.14,J17WL,667.95,A,2024-11-19
1994-06-26,0.0,77.8,87.9,98.0,72.9,3.47,38.73,27.84,J17WL,667.13,A,2024-11-19
1994-06-27,0.0,75.8,86.1,96.5,71.8,4.32,35.43,27.01,J17WL,666.32,A,2024-11-19
1994-06-28,0.0,74.9,86.6,98.4,69.2,3.18,43.76,28.85,J17WL,664.68,A,2024-11-19
1994-06-29,0.0,75.4,87.6,99.8,69.1,3.78,45.57,28.75,J17WL,663.52,A,2024-11-19
1994-06-30,0.0,73.2,85.5,97.8,70.8,1.52,40.0,23.23,J17WL,662.68,A,2024-11-19
1994-07-01,0.0,73.6,84.9,96.1,71.0,1.44,35.83,24.53,J17WL,661.98,A,2024-11-19
1994-07-02,0.0,76.7,86.8,97.0,70.8,3.33,37.93,26.64,J17WL,661.77,A,2024-11-19
1994-07-03,0.0,75.3,85.1,94.8,69.7,2.63,33.08,24.76,J17WL,661.56,A,2024-11-19
1994-07-04,0.0,76.4,86.5,96.7,69.8,3.59,38.12,26.99,J17WL,661.6,A,2024-11-19
1994-07-05,0.0,77.9,86.9,95.9,70.4,3.99,37.11,25.25,J17WL,661.12,A,2024-11-19
1994-07-06,0.0,78.9,88.3,97.8,72.3,4.69,37.26,23.77,J17WL,660.46,A,2024-11-19
1994-07-07,0.0,77.8,87.7,97.5,71.1,4.79,37.47,23.26,J17WL,659.93,A,2024-11-19
1994-07-08,0.0,78.3,89.0,99.6,71.6,4.92,42.49,25.21,J17WL,659.2,A,2024-11-19
1994-07-09,0.0,78.0,88.3,98.7,71.1,4.34,40.11,24.11,J17WL,659.03,A,2024-11-19
1994-07-10,0.43,75.4,86.5,97.6,70.0,3.38,39.78,24.82,J17WL,659.59,A,2024-11-19
1994-07-11,0.0,75.5,85.1,94.7,69.6,3.27,33.09,24.85,J17WL,659.15,A,2024-11-19
1994-07-12,0.0,76.4,87.7,99.0,69.8,3.14,42.78,27.22,J17WL,658.5,A,2024-11-19
1994-07-13,0.0,76.7,88.1,99.4,71.4,3.39,41.97,25.53,J17WL,657.74,A,2024-11-19
1994-07-14,0.0,79.0,88.7,98.4,71.6,4.06,40.26,22.74,J17WL,657.21,A,2024-11-19
1994-07-15,0.0,78.2,87.2,96.2,71.2,3.88,37.03,19.87,J17WL,656.89,A,2024-11-19
1994-07-16,0.0,78.5,88.2,98.0,70.2,3.69,42.37,23.42,J17WL,656.91,A,2024-11-19
1994-07-17,0.0,76.7,87.4,98.1,69.5,3.68,41.74,25.67,J17WL,656.93,A,2024-11-19
1994-07-18,0.0,74.1,86.4,98.6,66.9,3.53,44.13,26.68,J17WL,656.41,A,2024-11-19
1994-07-19,0.0,75.4,86.7,98.0,64.8,4.33,45.18,26.63,J17WL,656.05,A,2024-11-19
1994-07-20,0.0,77.5,88.4,99.4,67.4,4.68,46.24,27.09,J17WL,655.68,A,2024-11-19
1994-07-21,0.0,77.5,88.2,98.8,68.5,4.66,44.19,26.82,J17WL,655.09,A,2024-11-19
1994-07-22,0.0,76.4,87.5,98.7,68.5,4.34,43.37,25.13,J17WL,654.59,A,2024-11-19
1994-07-23,0.0,77.3,88.5,99.8,68.5,5.88,45.13,26.78,J17WL,654.86,A,2024-11-19
1994-07-24,0.0,74.7,87.7,100.8,66.3,3.59,48.97,27.42,J17WL,654.79,A,2024-11-19
1994-07-25,0.0,74.1,87.9,101.6,65.9,2.44,52.88,26.75,J17WL,654.16,A,2024-11-19
1994-07-26,0.0,75.1,88.3,101.6,66.4,2.47,52.34,22.61,J17WL,653.56,A,2024-11-19
1994-07-27,0.0,76.6,88.8,101.0,68.9,4.13,48.54,23.54,J17WL,653.1,A,2024-11-19
1994-07-28,0.0,71.6,85.2,98.9,56.3,11.96,52.02,26.2,J17WL,652.55,A,2024-11-19
1994-07-29,0.0,68.6,81.9,95.2,55.1,4.56,44.66,24.37,J17WL,652.43,A,2024-11-19
1994-07-30,0.0,69.3,82.9,96.5,59.7,5.02,43.63,23.7,J17WL,652.7,A,2024-11-19
1994-07-31,0.0,72.7,81.9,91.1,65.7,5.0,32.71,16.58,J17WL,653.15,A,2024-11-19
1994-08-01,0.0,73.5,83.4,93.3,66.3,3.9,35.31,22.26,J17WL,652.83,A,2024-11-19
1994-08-02,0.0,71.7,83.5,95.3,66.1,3.11,39.07,25.48,J17WL,652.51,A,2024-11-19
1994-08-03,0.0,73.2,84.2,95.2,64.5,3.78,39.75,24.91,J17WL,652.55,A,2024-11-19
1994-08-04,0.0,75.1,85.0,94.8,66.2,4.0,37.23,25.68,J17WL,652.24,A,2024-11-19
1994-08-05,0.09,75.4,84.3,93.2,69.6,3.81,32.21,19.17,J17WL,652.74,A,2024-11-19
1994-08-06,0.0,70.6,82.0,93.3,68.4,2.65,31.82,18.8,J17WL,653.59,A,2024-11-19
1994-08-07,0.0,74.0,85.0,96.0,69.2,3.29,37.21,24.37,J17WL,653.48,A,2024-11-19
1994-08-08,0.0,77.4,87.5,97.6,70.0,4.56,40.02,25.67,J17WL,652.59,A,2024-11-19
1994-08-09,0.74,77.6,87.2,96.7,71.0,3.83,36.98,18.77,J17WL,654.66,A,2024-11-19
1994-08-10,0.48,71.4,77.2,83.0,70.7,1.02,12.86,9.24,J17WL,656.02,A,2024-11-19
1994-08-11,0.19,70.7,81.3,92.0,68.5,2.2,30.67,18.68,J17WL,656.82,A,2024-11-19
1994-08-12,0.0,71.9,82.1,92.2,67.4,2.92,31.2,24.49,J17WL,656.86,A,2024-11-19
1994-08-13,0.0,73.5,83.3,93.2,67.6,2.94,33.15,24.39,J17WL,657.01,A,2024-11-19
1994-08-14,0.0,76.1,85.2,94.2,69.0,3.53,34.54,25.32,J17WL,657.06,A,2024-11-19
1994-08-15,0.25,75.5,85.6,95.8,68.6,3.41,37.08,23.29,J17WL,656.55,A,2024-11-19
1994-08-16,0.0,73.7,84.8,95.9,69.2,3.65,36.09,19.5,J17WL,657.11,A,2024-11-19
1994-08-17,0.0,74.9,85.9,97.0,69.9,3.57,37.66,23.56,J17WL,657.29,A,2024-11-19
1994-08-18,0.0,76.3,87.6,98.9,70.6,3.03,42.11,24.5,J17WL,656.91,A,2024-11-19
1994-08-19,0.0,78.5,88.7,99.0,69.8,4.92,42.88,25.88,J17WL,656.06,A,2024-11-19
1994-08-20,0.0,77.7,88.3,98.9,71.0,4.25,42.57,23.14,J17WL,656.14,A,2024-11-19
1994-08-21,0.0,76.6,88.1,99.7,69.4,4.37,45.66,25.4,J17WL,656.04,A,2024-11-19
1994-08-22,0.17,75.7,85.4,95.0,69.8,3.91,32.36,19.53,J17WL,656.44,A,2024-11-19
1994-08-23,0.0,76.1,85.9,95.7,71.0,3.75,36.7,20.66,J17WL,656.04,A,2024-11-19
1994-08-24,0.03,77.7,87.9,98.0,71.9,3.19,39.3,22.39,J17WL,655.81,A,2024-11-19
1994-08-25,0.0,74.9,86.2,97.4,70.0,2.67,40.4,21.44,J17WL,655.77,A,2024-11-19
1994-08-26,0.0,74.6,83.8,93.1,70.3,2.91,29.1,21.28,J17WL,655.51,A,2024-11-19
1994-08-27,0.0,74.9,85.4,95.9,68.9,3.89,37.74,23.87,J17WL,655.48,A,2024-11-19
1994-08-28,0.0,73.6,84.2,94.7,68.5,3.47,35.21,23.55,J17WL,655.36,A,2024-11-19
1994-08-29,0.0,74.5,85.5,96.5,69.0,3.12,38.3,23.88,J17WL,654.82,A,2024-11-19
1994-08-30,0.0,76.2,86.9,97.5,68.5,3.22,41.44,24.58,J17WL,654.43,A,2024-11-19
1994-08-31,0.13,77.1,84.0,90.9,72.8,3.36,21.76,18.49,J17WL,655.67,A,2024-11-19
1994-09-01,0.06,74.9,82.0,89.0,72.7,2.1,19.61,14.17,J17WL,656.41,A,2024-11-19
1994-09-02,0.0,73.5,83.2,93.0,71.4,1.51,29.61,17.42,J17WL,657.16,A,2024-11-19
1994-09-03,0.0,72.3,83.1,93.9,70.1,1.56,32.44,18.72,J17WL,657.86,A,2024-11-19
1994-09-04,0.0,72.3,83.6,94.8,66.9,2.22,38.08,23.94,J17WL,657.95,A,2024-11-19
1994-09-05,0.0,72.0,84.2,96.5,64.2,2.77,44.92,24.22,J17WL,657.7,A,2024-11-19
1994-09-06,0.0,74.6,85.9,97.3,65.5,3.31,45.38,23.99,J17WL,656.71,A,2024-11-19
1994-09-07,0.12,72.6,85.1,97.5,66.0,3.07,43.87,23.32,J17WL,656.07,A,2024-11-19
1994-09-08,0.85,71.5,84.0,96.5,67.9,2.24,39.27,22.9,J17WL,658.84,A,2024-11-19
1994-09-09,0.53,70.9,74.3,77.6,69.4,1.58,6.92,8.46,J17WL,661.16,A,2024-11-19
1994-09-10,0.21,68.1,75.0,82.0,68.6,0.89,13.22,10.0,J17WL,662.35,A,2024-11-19
1994-09-11,0.07,69.0,78.0,86.9,68.2,1.18,21.75,17.36,J17WL,663.06,A,2024-11-19
1994-09-12,0.09,72.4,79.5,86.7,70.0,1.52,19.97,16.61,J17WL,663.68,A,2024-11-19
1994-09-13,0.43,72.8,78.8,84.7,71.6,1.23,14.07,12.81,J17WL,664.1,A,2024-11-19
1994-09-14,0.4,73.4,80.0,86.5,72.5,1.14,16.81,10.88,J17WL,665.48,A,2024-11-19
1994-09-15,0.22,72.0,78.8,85.6,72.1,1.04,13.81,10.03,J17WL,666.06,A,2024-11-19
1994-09-16,0.14,71.8,79.9,87.9,70.8,0.83,19.94,15.77,J17WL,666.82,A,2024-11-19
1994-09-17,0.05,72.6,79.6,86.5,68.8,2.9,18.92,12.89,J17WL,667.24,A,2024-11-19
1994-09-18,0.0,58.4,73.4,88.5,53.5,3.27,34.45,17.46,J17WL,667.46,A,2024-11-19
1994-09-19,0.0,59.1,74.1,89.2,53.8,2.65,34.67,23.25,J17WL,667.24,A,2024-11-19
1994-09-20,0.0,61.1,75.4,89.6,56.3,2.74,33.38,23.38,J17WL,666.95,A,2024-11-19
1994-09-21,0.0,60.2,74.3,88.5,58.8,1.58,28.76,22.13,J17WL,666.57,A,2024-11-19
1994-09-22,0.0,61.8,75.1,88.3,60.4,2.09,28.86,22.04,J17WL,666.37,A,2024-11-19
1994-09-23,0.0,52.2,66.2,80.3,50.4,2.51,16.67,17.18,J17WL,666.1,A,2024-11-19
1994-09-24,0.0,53.7,67.8,81.8,45.3,3.66,27.78,22.51,J17WL,665.94,A,2024-11-19
1994-09-25,0.0,53.0,68.1,83.3,48.9,2.91,27.13,21.9,J17WL,665.58,A,2024-11-19
1994-09-26,0.0,54.3,71.4,88.5,48.4,3.26,35.45,22.02,J17WL,665.05,A,2024-11-19
1994-09-27,0.01,58.0,74.5,91.0,53.5,3.1,37.2,22.17,J17WL,664.53,A,2024-11-19
1994-09-28,0.0,61.5,77.5,93.4,59.9,1.79,37.67,20.47,J17WL,664.26,A,2024-11-19
1994-09-29,0.0,59.0,76.0,93.0,58.1,1.85,37.82,22.25,J17WL,663.8,A,2024-11-19
1994-09-30,0.0,59.6,75.6,91.7,55.9,2.31,38.46,21.39,J17WL,663.31,A,2024-11-19
1994-10-01,0.0,63.3,76.3,89.2,62.8,2.01,30.16,15.24,J17WL,663.37,A,2024-11-19
1994-10-02,0.0,62.9,77.2,91.4,62.2,1.58,32.58,20.97,J17WL,663.2,A,2024-11-19
1994-10-03,0.0,65.0,79.9,94.9,62.8,2.48,39.69,21.0,J17WL,662.69,A,2024-11-19
1994-10-04,0.0,68.7,82.0,95.2,66.7,1.77,36.96,20.3,J17WL,661.87,A,2024-11-19
1994-10-05,0.0,63.1,77.2,91.2,65.3,1.06,29.56,18.1,J17WL,661.66,A,2024-11-19
1994-10-06,0.0,63.9,77.3,90.7,63.5,1.13,30.81,20.2,J17WL,661.67,A,2024-11-19
1994-10-07,0.47,69.9,80.5,91.1,68.4,2.22,29.28,17.93,J17WL,661.87,A,2024-11-19
1994-10-08,3.44,64.3,76.2,88.1,69.2,0.43,18.54,9.86,J17WL,666.77,A,2024-11-19
1994-10-09,0.0,59.2,69.0,78.8,52.0,2.78,21.42,16.43,J17WL,668.39,A,2024-11-19
1994-10-10,0.0,49.7,62.0,74.2,42.7,2.53,20.63,16.13,J17WL,668.92,A,2024-11-19
1994-10-11,0.0,46.6,61.5,76.3,42.1,1.77,23.15,20.0,J17WL,669.13,A,2024-11-19
1994-10-12,0.0,46.5,62.0,77.5,41.6,1.61,25.12,20.72,J17WL,669.42,A,2024-11-19
1994-10-13,0.0,47.6,64.1,80.6,45.9,1.56,26.25,20.64,J17WL,669.51,A,2024-11-19
1994-10-14,0.07,50.1,64.3,78.5,53.8,1.06,19.93,18.99,J17WL,669.55,A,2024-11-19
1994-10-15,0.6,59.9,63.4,66.8,57.8,0.46,7.55,6.49,J17WL,670.23,A,2024-11-19
1994-10-16,0.24,63.0,69.2,75.4,69.2,0.26,2.15,2.81,J17WL,670.74,A,2024-11-19
1994-10-17,0.11,75.2,80.7,86.2,74.8,1.05,14.23,10.67,J17WL,670.9,A,2024-11-19
1994-10-18,0.29,72.7,80.7,88.7,73.0,1.53,18.32,12.94,J17WL,671.18,A,2024-11-19
1994-10-19,0.68,68.8,72.5,76.2,69.6,0.65,4.82,5.64,J17WL,672.31,A,2024-11-19
1994-10-20,0.0,71.7,79.2,86.7,71.8,1.0,17.37,12.29,J17WL,672.92,A,2024-11-19
1994-10-21,0.0,74.4,81.6,88.8,71.4,1.74,21.52,15.2,J17WL,673.33,A,2024-11-19
1994-10-22,0.0,73.3,80.5,87.7,70.7,1.65,19.48,14.5,J17WL,673.65,A,2024-11-19
1994-10-23,0.0,68.7,77.9,87.2,70.5,0.68,17.22,13.13,J17WL,673.78,A,2024-11-19
1994-10-24,0.12,71.8,78.9,85.9,68.5,1.34,19.0,13.65,J17WL,673.76,A,2024-11-19
1994-10-25,1.21,65.6,75.6,85.6,66.8,0.6,20.2,15.12,J17WL,674.16,A,2024-11-19
1994-10-26,0.0,55.5,65.0,74.4,58.1,1.2,8.9,8.12,J17WL,674.88,A,2024-11-19
1994-10-27,0.06,53.3,60.3,67.2,43.9,2.46,14.22,15.51,J17WL,675.04,A,2024-11-19
1994-10-28,0.0,52.5,57.1,61.7,48.4,1.67,7.96,7.77,J17WL,675.2,A,2024-11-19
1994-10-29,0.0,54.7,64.3,74.0,53.4,1.22,13.29,11.08,J17WL,675.46,A,2024-11-19
1994-10-30,0.0,55.7,67.5,79.3,58.1,0.65,17.58,16.15,J17WL,675.44,A,2024-11-19
1994-10-31,0.0,63.0,70.8,78.5,61.2,0.44,16.59,14.03,J17WL,675.43,A,2024-11-19
1994-11-01,0.0,45.9,63.3,80.7,54.9,0.75,15.74,11.66,J17WL,675.35,A,2024-11-19
1994-11-02,0.0,45.2,59.5,73.7,49.2,0.49,18.98,17.0,J17WL,675.31,A,2024-11-19
1994-11-03,0.01,65.4,74.9,84.5,69.2,0.58,16.23,8.53,J17WL,675.15,A,2024-11-19
1994-11-04,0.0,75.3,79.8,84.3,71.1,3.89,15.39,10.17,J17WL,675.11,A,2024-11-19
1994-11-05,0.58,56.7,70.2,83.6,67.7,1.31,13.5,8.6,J17WL,675.13,A,2024-11-19
1994-11-06,0.0,48.6,62.8,76.9,45.7,1.36,22.75,15.62,J17WL,675.27,A,2024-11-19
1994-11-07,0.0,48.2,62.4,76.5,50.3,0.71,18.99,17.08,J17WL,675.17,A,2024-11-19
1994-11-08,0.0,50.5,63.6,76.7,61.2,1.0,15.74,13.61,J17WL,674.92,A,2024-11-19
1994-11-09,0.01,69.8,77.3,84.8,68.5,1.78,17.88,12.15,J17WL,674.76,A,2024-11-19
1994-11-10,0.0,47.7,63.9,80.0,54.4,1.15,14.48,8.65,J17WL,674.77,A,2024-11-19
1994-11-11,0.0,45.2,55.3,65.4,44.2,0.94,11.33,15.39,J17WL,674.72,A,2024-11-19
1994-11-12,0.0,49.4,57.6,65.7,47.4,1.82,10.63,13.95,J17WL,674.72,A,2024-11-19
1994-11-13,0.0,58.4,63.8,69.1,60.0,1.53,6.82,4.28,J17WL,674.78,A,2024-11-19
1994-11-14,0.0,67.6,73.9,80.3,65.9,1.73,13.14,7.86,J17WL,674.61,A,2024-11-19
1994-11-15,0.07,58.8,69.0,79.2,62.0,0.76,13.16,7.09,J17WL,674.48,A,2024-11-19
1994-11-16,0.06,56.3,58.3,60.2,50.8,1.28,5.91,3.24,J17WL,674.46,A,2024-11-19
1994-11-17,0.0,55.4,59.2,63.0,53.1,0.77,6.4,5.0,J17WL,674.52,A,2024-11-19
1994-11-18,0.01,60.5,67.6,74.8,60.4,0.79,10.83,7.55,J17WL,674.32,A,2024-11-19
1994-11-19,0.07,66.7,69.7,72.6,67.6,0.38,3.08,2.39,J17WL,674.32,A,2024-11-19
1994-11-20,0.0,70.5,75.3,80.0,67.1,1.85,12.83,8.61,J17WL,674.55,A,2024-11-19
1994-11-21,0.0,42.5,60.7,78.8,42.2,2.01,26.33,9.51,J17WL,674.34,A,2024-11-19
1994-11-22,0.0,39.9,59.3,78.7,39.3,1.55,28.87,14.64,J17WL,673.87,A,2024-11-19
1994-11-23,0.0,58.2,67.6,77.1,55.0,3.96,14.59,9.2,J17WL,673.68,A,2024-11-19
1994-11-24,0.1,47.6,52.8,58.0,42.2,1.12,5.61,2.45,J17WL,673.94,A,2024-11-19
1994-11-25,0.01,48.2,51.7,55.2,45.4,0.9,5.21,2.92,J17WL,674.23,A,2024-11-19
1994-11-26,0.0,54.2,64.3,74.4,56.0,0.53,12.11,12.29,J17WL,674.21,A,2024-11-19
1994-11-27,0.0,62.0,71.8,81.6,64.9,0.9,18.34,10.95,J17WL,674.28,A,2024-11-19
1994-11-28,0.0,50.3,65.8,81.2,43.3,3.93,22.79,11.69,J17WL,673.87,A,2024-11-19
1994-11-29,0.0,46.3,55.7,65.1,36.0,2.31,14.85,7.54,J17WL,673.52,A,2024-11-19
1994-11-30,0.0,42.4,57.3,72.1,31.6,3.03,20.87,11.35,J17WL,673.2,A,2024-11-19
1994-12-01,0.0,37.7,50.9,64.0,27.3,1.94,16.04,13.75,J17WL,673.14,A,2024-11-19
1994-12-02,0.12,37.4,52.3,67.2,38.9,1.02,16.2,12.13,J17WL,673.1,A,2024-11-19
1994-12-03,0.27,52.6,58.1,63.6,58.1,0.04,3.12,3.71,J17WL,673.51,A,2024-11-19
1994-12-04,0.01,57.6,65.3,73.0,59.9,0.44,10.35,8.21,J17WL,673.7,A,2024-11-19
1994-12-05,0.0,52.8,63.7,74.5,58.0,0.36,11.49,9.67,J17WL,673.51,A,2024-11-19
1994-12-06,0.01,60.8,68.7,76.6,63.2,0.61,11.64,9.59,J17WL,673.36,A,2024-11-19
1994-12-07,0.04,68.6,74.4,80.2,67.7,0.91,11.59,5.11,J17WL,673.39,A,2024-11-19
1994-12-08,0.05,62.6,72.4,82.1,65.7,0.04,12.33,6.69,J17WL,673.3,A,
1994-12-09,0.13,51.6,66.8,82.0,65.3,0.29,14.64,8.4,J17WL,673.3,A,2024-10-15
1994-12-10,0.07,42.4,45.6,48.7,40.5,0.71,2.61,2.77,J17WL,673.45,A,2024-10-15
1994-12-11,0.0,32.4,45.5,58.6,30.2,0.74,11.8,11.88,J17WL,673.52,A,2024-10-15
1994-12-12,0.0,35.5,43.2,51.0,28.1,1.45,8.41,9.38,J17WL,673.47,A,2024-10-15
1994-12-13,0.0,36.0,51.4,66.9,41.6,1.05,13.64,11.66,J17WL,673.25,A,2024-10-15
1994-12-14,0.11,51.5,55.6,59.8,49.4,0.7,5.85,2.95,J17WL,673.3,A,2024-10-15
1994-12-15,0.44,58.9,63.2,67.5,63.2,0.0,1.51,2.12,J17WL,673.37,A,2024-10-15
1994-12-16,0.66,60.7,64.4,68.0,63.4,0.0,1.64,1.49,J17WL,673.71,A,2024-10-15
1994-12-17,0.0,48.0,61.2,74.4,52.1,0.32,17.21,10.12,J17WL,673.89,A,2024-10-15
1994-12-18,0.0,46.9,54.5,62.0,46.9,0.74,7.97,9.06,J17WL,674.06,A,2024-10-15
1994-12-19,0.0,40.0,52.8,65.5,40.4,0.55,14.32,9.5,J17WL,674.22,A,2024-10-15
1994-12-20,0.0,39.5,53.7,68.0,48.9,0.44,12.12,11.85,J17WL,674.26,A,2024-10-15
1994-12-21,0.0,42.5,58.0,73.5,49.0,0.74,14.61,10.62,J17WL,673.97,A,2024-10-15
1994-12-22,0.0,39.3,55.6,71.9,38.1,1.03,19.81,13.99,J17WL,673.31,A,2024-10-15
1994-12-23,0.0,39.5,51.7,63.9,36.3,1.46,13.11,11.97,J17WL,673.73,A,2024-11-19
1994-12-24,0.0,41.1,51.2,61.3,39.8,1.43,10.28,9.23,J17WL,673.87,A,2024-11-19
1994-12-25,0.0,33.9,46.1,58.4,38.2,0.21,8.62,6.25,J17WL,674.0,A,2024-11-19
1994-12-26,0.0,32.2,47.6,63.0,33.7,0.3,13.54,14.05,J17WL,674.32,A,2024-11-19
1994-12-27,0.0,32.2,48.2,64.2,38.0,0.44,13.25,13.02,J17WL,674.1,A,2024-11-19
1994-12-28,1.66,48.2,52.9,57.6,46.5,0.43,7.41,3.32,J17WL,674.53,A,2024-11-19
1994-12-29,0.19,43.4,47.4,51.5,46.0,0.3,2.15,3.6,J17WL,675.15,A,2024-11-19
1994-12-30,0.0,40.4,51.9,63.4,42.9,0.34,10.26,13.67,J17WL,675.68,A,2024-11-19
1994-12-31,0.0,43.9,49.8,55.6,47.5,0.56,3.95,3.65,J17WL,676.12,A,2024-11-19
1995-01-01,0.0,42.7,55.9,69.2,47.1,0.32,14.86,7.74,J17WL,676.35,A,2024-11-19
1995-01-02,0.07,34.8,43.6,52.4,33.2,1.21,6.22,11.95,J17WL,676.52,A,2024-11-19
1995-01-03,0.01,35.2,41.1,47.0,27.4,1.78,6.9,11.17,J17WL,676.39,A,2024-11-19
1995-01-04,0.0,38.7,44.5,50.4,34.2,1.17,5.45,5.09,J17WL,676.36,A,2024-11-19
1995-01-05,0.02,33.9,40.6,47.3,26.8,1.75,6.02,11.7,J17WL,676.3,A,2024-11-19
1995-01-06,0.02,33.4,39.2,44.9,34.1,0.14,3.31,4.04,J17WL,676.47,A,2024-11-19
1995-01-07,0.0,36.0,53.9,71.7,36.8,0.55,21.54,13.58,J17WL,676.24,A,2024-11-19
1995-01-08,0.0,34.6,49.3,64.0,35.6,0.5,12.79,14.35,J17WL,676.21,A,2024-11-19
1995-01-09,0.0,35.6,54.6,73.6,45.4,0.31,16.72,14.12,J17WL,675.97,A,2024-11-19
1995-01-10,0.0,44.0,58.0,71.9,58.0,0.19,9.09,11.27,J17WL,675.93,A,2024-11-19
1995-01-11,0.0,62.5,68.7,75.0,63.5,0.23,9.44,5.87,J17WL,675.9,A,
1995-01-12,0.07,65.9,70.6,75.2,64.2,0.65,8.9,5.89,J17WL,675.8,A,2024-10-14
1995-01-13,0.0,50.9,62.7,74.6,56.9,0.65,9.31,5.94,J17WL,675.9,A,2024-10-14
1995-01-14,0.0,39.6,54.7,69.8,35.6,1.77,18.41,15.1,J17WL,675.9,A,2024-10-14
1995-01-15,0.0,37.0,53.7,70.3,31.5,1.58,20.39,15.23,J17WL,675.9,A,2024-10-14
1995-01-16,0.0,37.5,53.2,68.8,35.8,1.38,17.73,14.23,J17WL,675.9,A,2024-10-14
1995-01-17,0.02,55.6,66.9,78.2,58.2,0.49,17.84,10.35,J17WL,675.5,A,2024-10-14
1995-01-18,0.0,57.8,61.2,64.6,48.8,1.1,12.56,4.49,J17WL,675.5,A,2024-10-14
1995-01-19,0.0,36.9,49.4,62.0,38.2,0.69,11.89,13.88,J17WL,675.2,A,2024-10-14
1995-01-20,0.0,37.9,50.9,63.8,33.2,1.03,15.32,12.59,J17WL,675.1,A,2024-10-14
1995-01-21,0.0,36.1,50.5,64.9,32.3,1.16,15.48,10.95,J17WL,675.1,A,2024-10-14
1995-01-22,0.0,36.5,52.1,67.6,39.7,1.37,15.66,12.69,J17WL,675.2,A,2024-10-14
1995-01-23,0.0,36.9,56.0,75.0,42.6,1.57,19.44,11.91,J17WL,674.9,A,2024-10-14
1995-01-24,0.0,30.9,44.2,57.4,28.1,0.91,11.56,15.91,J17WL,674.31,A,2024-11-19
1995-01-25,0.03,30.0,42.0,54.1,34.7,0.67,8.88,8.05,J17WL,674.69,A,2024-11-19
1995-01-26,0.11,49.1,54.8,60.6,54.7,0.0,1.35,1.6,J17WL,674.85,A,2024-11-19
1995-01-27,0.04,50.2,59.3,68.5,58.4,0.0,4.29,4.07,J17WL,674.81,A,2024-11-19
1995-01-28,0.0,47.3,62.9,78.4,38.6,0.99,28.25,16.23,J17WL,674.75,A,2024-11-19
1995-01-29,0.0,41.6,56.7,71.8,37.1,1.34,19.77,16.24,J17WL,674.68,A,2024-11-19
1995-01-30,0.0,34.9,46.6,58.2,33.7,1.02,9.45,13.39,J17WL,674.62,A,2024-11-19
1995-01-31,0.0,29.5,44.4,59.3,30.7,0.57,11.63,16.36,J17WL,674.41,A,2024-11-19
1995-02-01,0.0,30.5,49.9,69.2,29.6,0.95,19.17,17.05,J17WL,674.25,A,2024-11-19
1995-02-02,0.0,36.3,57.3,78.3,31.9,1.43,29.17,16.87,J17WL,674.01,A,2024-11-19
1995-02-03,0.0,41.4,61.9,82.4,37.0,2.15,31.67,16.9,J17WL,673.83,A,2024-11-19
1995-02-04,0.0,37.6,55.3,72.9,32.7,1.92,22.11,17.38,J17WL,673.54,A,2024-11-19
1995-02-05,0.0,34.8,53.0,71.2,26.4,1.73,21.74,17.7,J17WL,673.56,A,2024-11-19
1995-02-06,0.0,37.8,55.1,72.3,31.0,2.38,21.68,17.8,J17WL,673.1,A,2024-11-19
1995-02-07,0.0,41.2,56.2,71.1,42.9,1.09,15.24,16.73,J17WL,672.91,A,2024-11-19
1995-02-08,0.0,40.3,52.9,65.5,39.9,0.7,8.1,3.9,J17WL,672.58,A,2024-11-19
1995-02-09,0.0,39.9,45.4,50.9,20.8,3.12,9.63,8.7,J17WL,672.7,A,2024-11-19
1995-02-10,0.0,44.1,53.7,63.2,44.9,0.71,8.24,7.06,J17WL,672.65,A,2024-11-19
1995-02-11,0.0,49.8,67.0,84.3,48.6,1.23,30.89,12.1,J17WL,672.27,A,2024-11-19
1995-02-12,0.0,38.2,55.9,73.7,39.0,1.45,18.53,13.35,J17WL,672.28,A,2024-11-19
1995-02-13,0.09,38.3,40.5,42.7,34.6,0.48,2.78,4.68,J17WL,672.22,A,2024-11-19
1995-02-14,0.09,41.6,43.1,44.5,41.8,0.17,0.73,1.64,J17WL,672.36,A,2024-11-19
1995-02-15,0.03,42.4,51.6,60.8,51.6,0.0,0.62,2.98,J17WL,672.51,A,2024-11-19
1995-02-16,0.0,55.0,64.2,73.4,61.7,0.16,6.93,5.23,J17WL,672.35,A,2024-11-19
1995-02-17,0.0,43.5,54.9,66.3,45.3,1.51,9.42,9.4,J17WL,672.07,A,2024-11-19
1995-02-18,0.0,40.1,52.3,64.5,38.0,1.2,12.38,16.35,J17WL,671.9,A,2024-11-19
1995-02-19,0.0,40.0,51.0,62.0,38.8,1.4,12.02,8.6,J17WL,671.92,A,2024-11-19
1995-02-20,0.0,44.7,61.7,78.6,39.9,1.72,25.44,17.8,J17WL,671.68,A,2024-11-19
1995-02-21,0.0,43.7,62.3,80.9,36.3,2.64,30.14,18.89,J17WL,670.93,A,2024-11-19
1995-02-22,0.0,47.5,62.6,77.8,37.7,2.22,25.77,17.28,J17WL,670.75,A,2024-11-19
1995-02-23,0.0,48.3,61.0,73.8,51.6,0.24,18.01,7.75,J17WL,670.48,A,2024-11-19
1995-02-24,0.0,53.2,67.6,82.1,56.6,0.03,22.31,16.61,J17WL,669.96,A,2024-11-19
1995-02-25,0.77,57.7,63.4,69.1,56.3,0.51,7.48,6.79,J17WL,670.25,A,2024-11-19
1995-02-26,0.39,57.2,60.6,64.0,56.9,0.21,5.1,2.28,J17WL,670.98,A,2024-11-19
1995-02-27,0.03,62.7,66.6,70.6,63.1,0.36,5.5,4.94,J17WL,671.16,A,2024-11-19
1995-02-28,0.08,62.8,68.5,74.3,64.0,0.52,7.56,5.61,J17WL,671.41,A,2024-11-19
1995-03-01,0.0,44.4,54.1,63.8,47.8,0.85,4.81,6.45,J17WL,671.45,A,2024-11-19
1995-03-02,0.13,38.4,42.1,45.8,39.3,0.3,2.34,4.83,J17WL,671.64,A,2024-11-19
1995-03-03,0.1,37.2,38.7,40.2,37.2,0.18,0.67,2.88,J17WL,671.54,A,2024-11-19
1995-03-04,0.02,37.9,43.1,48.2,39.8,0.35,3.03,4.64,J17WL,672.0,A,
1995-03-05,0.01,42.9,48.0,53.0,47.5,0.07,2.25,4.24,J17WL,671.34,A,2024-11-19
1995-03-06,0.0,49.9,62.8,75.6,55.0,0.0,15.74,17.2,J17WL,671.68,A,2024-11-19
1995-03-07,0.4,48.9,61.9,74.9,61.8,0.1,8.7,10.94,J17WL,672.21,A,2024-11-19
1995-03-08,0.0,31.8,44.5,57.3,27.0,1.6,9.97,18.6,J17WL,672.1,A,2024-11-19
1995-03-09,0.0,31.0,44.6,58.2,20.6,1.65,13.67,22.14,J17WL,671.97,A,2024-11-19
1995-03-10,0.0,34.7,46.8,58.8,30.4,1.57,12.0,17.42,J17WL,672.04,A,2024-11-19
1995-03-11,0.0,45.6,57.2,68.7,45.3,0.53,13.16,17.92,J17WL,672.12,A,2024-11-19
1995-03-12,0.17,52.7,63.6,74.5,56.0,0.16,15.32,11.74,J17WL,672.09,A,2024-11-19
1995-03-13,1.27,57.4,67.1,76.8,59.1,0.76,15.25,11.92,J17WL,672.35,A,2024-11-19
1995-03-14,0.0,49.8,64.8,79.7,48.9,0.9,26.74,21.09,J17WL,672.81,A,2024-11-19
1995-03-15,0.03,50.1,64.1,78.0,45.4,1.31,25.57,19.08,J17WL,672.99,A,2024-11-19
1995-03-16,0.01,53.8,63.3,72.7,52.0,1.07,16.29,14.84,J17WL,672.98,A,2024-11-19
1995-03-17,0.0,49.3,62.9,76.5,51.4,0.52,20.18,17.1,J17WL,672.77,A,2024-11-19
1995-03-18,0.0,49.9,63.7,77.5,50.2,0.91,20.9,19.99,J17WL,672.75,A,2024-11-19
1995-03-19,0.0,48.9,65.3,81.7,50.0,0.79,25.35,22.27,J17WL,672.74,A,2024-11-19
1995-03-20,0.0,51.2,67.9,84.6,54.0,0.52,27.13,24.15,J17WL,672.41,A,2024-11-19
1995-03-21,0.0,55.0,70.1,85.2,60.5,0.0,23.61,22.09,J17WL,672.1,A,2024-11-19
1995-03-22,0.0,64.8,76.0,87.1,63.6,1.04,25.19,17.57,J17WL,671.92,A,2024-11-19
1995-03-23,0.0,64.3,76.3,88.3,65.2,0.45,23.49,19.52,J17WL,671.64,A,2024-11-19
1995-03-24,0.0,65.9,79.8,93.7,60.0,0.86,42.94,20.14,J17WL,671.39,A,2024-11-19
1995-03-25,0.0,66.7,71.1,75.5,66.7,0.79,6.57,6.9,J17WL,671.56,A,2024-11-19
1995-03-26,0.02,67.0,73.5,80.0,66.5,1.52,12.58,13.6,J17WL,671.48,A,2024-11-19
1995-03-27,0.02,60.5,68.0,75.4,52.6,2.07,15.61,4.32,J17WL,671.55,A,2024-11-19
1995-03-28,0.0,60.1,66.2,72.2,39.5,9.19,19.65,15.79,J17WL,671.24,A,2024-11-19
1995-03-29,0.11,48.8,56.1,63.5,43.6,1.2,11.48,8.45,J17WL,671.42,A,2024-11-19
1995-03-30,0.0,48.7,52.3,55.9,46.7,0.81,4.29,4.51,J17WL,671.62,A,2024-11-19
1995-03-31,0.12,52.4,57.8,63.2,48.0,1.58,8.34,8.99,J17WL,671.6,A,2024-11-19
1995-04-01,0.0,52.0,55.5,59.0,49.7,1.2,4.87,6.48,J17WL,671.85,A,2024-11-19
1995-04-02,0.0,44.9,58.7,72.4,46.0,0.32,16.73,20.1,J17WL,671.48,A,2024-11-19
1995-04-03,0.01,45.2,60.2,75.1,49.9,0.25,19.38,23.18,J17WL,671.2,A,2024-11-19
1995-04-04,0.74,62.1,66.3,70.5,63.9,0.2,5.29,5.41,J17WL,671.54,A,2024-11-19
1995-04-05,0.9,60.2,64.3,68.4,60.3,0.37,5.93,7.14,J17WL,672.32,A,2024-11-19
1995-04-06,0.09,51.6,63.8,75.9,55.8,0.04,17.14,17.47,J17WL,672.8,A,2024-11-19
1995-04-07,0.0,51.9,65.7,79.6,57.1,0.08,18.93,22.9,J17WL,673.0,A,2024-11-19
1995-04-08,0.0,60.9,72.7,84.5,60.7,0.75,23.67,21.18,J17WL,673.35,A,2024-11-19
1995-04-09,0.0,62.9,75.3,87.7,61.9,0.87,27.3,25.43,J17WL,673.31,A,2024-11-19
1995-04-10,0.02,64.9,75.6,86.2,65.4,1.25,22.49,23.39,J17WL,673.08,A,2024-11-19
1995-04-11,0.04,51.3,68.5,85.8,55.8,1.21,18.99,12.86,J17WL,673.23,A,2024-11-19
1995-04-12,0.0,42.9,58.8,74.6,35.5,1.4,23.01,25.83,J17WL,673.18,A,2024-11-19
1995-04-13,0.0,48.1,65.8,83.5,44.7,1.77,30.98,26.37,J17WL,672.77,A,2024-11-19
1995-04-14,0.0,50.5,67.1,83.6,48.6,1.08,28.29,27.09,J17WL,672.54,A,2024-11-19
1995-04-15,0.0,51.8,67.4,82.9,59.6,0.66,23.0,24.92,J17WL,672.53,A,2024-11-19
1995-04-16,0.0,68.7,76.5,84.2,68.9,0.46,16.14,11.77,J17WL,672.51,A,2024-11-19
1995-04-17,0.0,70.5,76.6,82.7,69.7,0.92,11.87,7.09,J17WL,672.81,A,2024-11-19
1995-04-18,0.22,58.9,75.7,92.4,63.8,1.94,29.7,19.21,J17WL,672.23,A,2024-11-19
1995-04-19,0.05,58.2,71.1,83.9,54.0,1.38,30.17,25.51,J17WL,671.97,A,2024-11-19
1995-04-20,0.12,64.3,76.6,89.0,64.1,0.58,25.8,18.25,J17WL,671.73,A,2024-11-19
1995-04-21,0.0,51.0,68.5,86.0,44.7,1.32,35.32,23.0,J17WL,671.05,A,2024-11-19
1995-04-22,0.0,55.4,74.2,92.9,65.4,1.27,39.62,26.16,J17WL,670.69,A,2024-11-19
1995-04-23,0.04,49.0,67.8,86.7,56.5,2.24,18.38,15.36,J17WL,670.33,A,2024-11-19
1995-04-24,0.0,42.1,56.7,71.2,39.8,1.13,17.58,23.38,J17WL,670.08,A,2024-11-19
1995-04-25,0.0,45.6,58.5,71.3,42.0,1.52,17.3,23.98,J17WL,669.54,A,2024-11-19
1995-04-26,0.0,49.5,64.0,78.5,49.1,0.79,22.54,27.13,J17WL,668.78,A,2024-11-19
1995-04-27,0.0,58.8,71.2,83.5,59.5,0.91,23.68,24.53,J17WL,667.78,A,2024-11-19
1995-04-28,0.0,62.2,69.8,77.4,57.3,2.39,15.7,13.69,J17WL,667.33,A,2024-11-19
1995-04-29,0.03,63.8,74.5,85.1,61.9,2.46,22.67,24.44,J17WL,666.49,A,2024-11-19
1995-04-30,0.0,66.9,79.0,91.1,64.5,1.85,32.64,22.39,J17WL,665.7,A,2024-11-19
1995-05-01,0.0,66.6,79.1,91.6,66.4,0.9,29.92,23.32,J17WL,664.58,A,2024-11-19
1995-05-02,0.0,58.6,71.6,84.5,56.7,2.0,24.49,19.23,J17WL,663.68,A,2024-11-19
1995-05-03,0.0,59.0,68.0,77.0,54.4,2.04,19.79,21.72,J17WL,663.12,A,2024-11-19
1995-05-04,0.0,66.9,76.1,85.3,67.7,0.95,18.84,14.16,J17WL,662.38,A,2024-11-19
1995-05-05,0.0,70.1,79.8,89.4,67.3,1.93,25.96,18.44,J17WL,661.12,A,2024-11-19
1995-05-06,0.0,71.4,80.1,88.8,68.0,2.62,25.86,20.88,J17WL,660.49,A,2024-11-19
1995-05-07,0.0,74.3,81.8,89.4,69.4,4.15,24.4,17.74,J17WL,660.34,A,2024-11-19
1995-05-08,1.4,59.4,71.5,83.6,68.3,0.23,13.02,10.01,J17WL,661.83,A,2024-11-19
1995-05-09,0.0,58.1,71.6,85.1,53.8,0.72,32.33,24.64,J17WL,662.83,A,2024-11-19
1995-05-10,0.05,63.3,77.3,91.3,64.0,0.94,34.87,27.14,J17WL,663.59,A,2024-11-19
1995-05-11,0.0,67.8,80.5,93.2,63.6,3.56,32.82,23.67,J17WL,663.52,A,2024-11-19
1995-05-12,0.0,68.8,70.9,72.9,60.3,2.24,12.09,11.46,J17WL,664.05,A,2024-11-19
1995-05-13,0.0,70.3,79.8,89.4,73.4,1.09,19.17,12.73,J17WL,663.95,A,2024-11-19
1995-05-14,0.0,77.2,85.9,94.6,74.1,3.01,28.61,21.53,J17WL,663.47,A,2024-11-19
1995-05-15,0.0,77.5,86.9,96.2,74.4,2.44,30.64,24.59,J17WL,662.69,A,2024-11-19
1995-05-16,0.0,76.0,84.0,92.0,71.6,3.03,26.91,22.74,J17WL,661.48,A,2024-11-19
1995-05-17,0.0,75.5,84.2,92.9,69.9,3.0,31.34,20.8,J17WL,660.8,A,2024-11-19
1995-05-18,0.17,70.2,81.7,93.2,70.3,1.85,29.39,20.84,J17WL,659.57,A,2024-11-19
1995-05-19,0.0,59.4,74.2,89.1,51.8,3.15,35.3,26.34,J17WL,659.03,A,2024-11-19
1995-05-20,0.0,58.6,72.4,86.3,50.5,3.54,32.69,27.31,J17WL,658.02,A,2024-11-19
1995-05-21,0.0,64.4,75.8,87.2,57.1,1.73,29.85,27.73,J17WL,657.35,A,2024-11-19
1995-05-22,0.0,66.3,78.2,90.0,63.8,2.11,29.65,26.36,J17WL,656.53,A,2024-11-19
1995-05-23,0.0,70.8,77.3,83.8,68.6,2.42,14.66,9.32,J17WL,656.1,A,2024-11-19
1995-05-24,0.86,66.5,76.9,87.2,68.8,0.62,19.46,14.91,J17WL,657.52,A,2024-11-19
1995-05-25,0.0,69.9,79.2,88.5,70.6,1.65,21.0,15.67,J17WL,658.63,A,2024-11-19
1995-05-26,0.0,68.6,77.4,86.1,68.3,1.37,18.52,17.58,J17WL,659.16,A,2024-11-19
1995-05-27,0.9,65.5,77.9,90.3,66.4,0.73,28.99,22.46,J17WL,660.8,A,2024-11-19
1995-05-28,0.06,67.2,77.2,87.2,71.2,0.64,17.84,17.41,J17WL,661.93,A,2024-11-19
1995-05-29,0.04,69.8,80.7,91.6,71.9,1.21,25.19,16.96,J17WL,662.57,A,2024-11-19
1995-05-30,1.35,66.1,76.2,86.2,68.4,0.57,18.72,23.24,J17WL,664.92,A,2024-11-19
1995-05-31,0.79,63.6,69.3,75.0,65.4,0.75,7.51,8.87,J17WL,666.34,A,2024-11-19
1995-06-01,0.22,64.8,75.9,87.0,66.7,0.48,20.06,26.31,J17WL,667.15,A,2024-11-19
1995-06-02,0.0,68.9,78.3,87.8,71.5,1.53,18.35,25.68,J17WL,667.51,A,2024-11-19
1995-06-03,0.0,75.9,83.4,90.9,71.5,2.6,24.72,25.84,J17WL,667.9,A,2024-11-19
1995-06-04,0.0,73.0,81.4,89.8,70.5,1.47,23.79,22.04,J17WL,668.21,A,2024-11-19
1995-06-05,0.0,72.8,81.2,89.6,69.4,2.1,24.3,25.16,J17WL,668.17,A,2024-11-19
1995-06-06,0.0,74.3,82.3,90.2,69.1,2.97,26.38,27.03,J17WL,667.7,A,2024-11-19
1995-06-07,0.0,75.5,83.6,91.8,73.8,2.55,22.66,25.12,J17WL,667.26,A,2024-11-19
1995-06-08,0.0,77.4,83.2,89.1,75.1,2.47,17.0,10.9,J17WL,666.87,A,2024-11-19
1995-06-09,0.0,78.5,86.0,93.4,75.0,2.86,24.37,25.98,J17WL,665.98,A,2024-11-19
1995-06-10,0.0,79.0,86.0,93.0,75.2,2.53,24.3,21.99,J17WL,664.86,A,2024-11-19
1995-06-11,1.01,65.1,78.6,92.0,72.4,0.23,22.67,21.92,J17WL,666.36,A,2024-11-19
1995-06-12,0.0,60.5,71.9,83.2,62.5,1.1,17.72,20.06,J17WL,667.31,A,2024-11-19
1995-06-13,0.0,59.1,71.3,83.5,57.7,1.19,22.59,28.93,J17WL,667.93,A,2024-11-19
1995-06-14,0.0,62.2,72.8,83.5,59.2,1.67,21.55,27.54,J17WL,668.38,A,2024-11-19
1995-06-15,0.0,62.7,74.2,85.7,61.4,1.45,22.73,27.83,J17WL,668.34,A,2024-11-19
1995-06-16,0.0,64.7,75.9,87.2,64.3,1.43,22.63,26.92,J17WL,668.32,A,2024-11-19
1995-06-17,0.0,64.6,75.6,86.7,64.9,1.23,21.78,26.2,J17WL,667.89,A,2024-11-19
1995-06-18,0.0,68.8,77.9,87.0,67.0,2.05,22.13,25.59,J17WL,667.68,A,2024-11-19
1995-06-19,0.02,72.6,80.4,88.2,67.8,2.32,23.38,24.12,J17WL,667.48,A,2024-11-19
1995-06-20,0.04,67.3,74.8,82.3,68.4,1.32,13.22,15.41,J17WL,667.19,A,2024-11-19
1995-06-21,0.0,64.6,76.4,88.3,63.4,1.41,28.13,27.6,J17WL,665.95,A,2024-11-19
1995-06-22,0.0,66.1,78.5,90.9,61.6,3.08,32.98,27.4,J17WL,664.46,A,2024-11-19
1995-06-23,0.0,66.7,78.9,91.1,61.3,2.56,34.65,29.1,J17WL,663.19,A,2024-11-19
1995-06-24,0.0,70.2,81.0,91.8,65.9,1.79,32.13,27.35,J17WL,661.9,A,2024-11-19
1995-06-25,0.0,71.6,82.6,93.6,66.4,3.06,33.07,27.01,J17WL,661.03,A,2024-11-19
1995-06-26,0.0,71.0,82.0,93.0,65.4,4.91,32.26,26.0,J17WL,659.94,A,2024-11-19
1995-06-27,0.13,69.2,81.3,93.4,64.5,2.69,34.72,25.18,J17WL,659.71,A,2024-11-19
1995-06-28,0.0,72.2,82.8,93.4,70.0,2.17,30.73,26.65,J17WL,659.42,A,2024-11-19
1995-06-29,2.17,67.9,81.9,96.0,69.7,1.05,34.41,24.89,J17WL,663.01,A,2024-11-19
1995-06-30,0.2,71.6,77.6,83.7,69.7,1.71,14.22,16.48,J17WL,664.64,A,2024-11-19
1995-07-01,0.0,72.2,80.3,88.4,67.8,3.73,23.13,25.03,J17WL,665.46,A,2024-11-19
1995-07-02,0.0,70.9,80.2,89.4,67.9,1.84,26.33,25.28,J17WL,666.08,A,2024-11-19
1995-07-03,0.0,74.8,82.8,90.9,71.5,2.08,24.35,25.43,J17WL,666.39,A,2024-11-19
1995-07-04,0.64,67.2,79.8,92.3,70.7,1.29,23.97,24.54,J17WL,667.17,A,2024-11-19
1995-07-05,0.0,71.2,81.6,91.9,73.6,2.8,23.22,23.68,J17WL,667.57,A,2024-11-19
1995-07-06,0.0,78.8,85.4,92.0,75.1,2.25,22.14,22.53,J17WL,667.58,A,2024-11-19
1995-07-07,0.03,74.6,82.0,89.5,73.6,1.47,19.34,21.7,J17WL,667.9,A,2024-11-19
1995-07-08,0.0,74.5,82.1,89.7,71.5,1.49,22.89,21.36,J17WL,668.17,A,2024-11-19
1995-07-09,0.0,70.0,80.8,91.6,69.8,1.23,28.76,25.84,J17WL,668.35,A,2024-11-19
1995-07-10,0.0,72.8,82.4,91.9,67.7,2.9,30.23,28.5,J17WL,668.08,A,2024-11-19
1995-07-11,0.0,71.4,82.8,94.3,68.8,2.9,32.12,28.73,J17WL,667.32,A,2024-11-19
1995-07-12,0.0,73.5,84.6,95.7,67.3,5.06,38.55,28.2,J17WL,666.89,A,2024-11-19
1995-07-13,0.0,71.6,83.8,95.9,67.2,2.38,37.12,28.57,J17WL,666.36,A,2024-11-19
1995-07-14,0.0,75.2,84.3,93.3,70.4,2.49,28.89,28.66,J17WL,665.67,A,2024-11-19
1995-07-15,0.0,72.4,82.5,92.7,69.5,2.49,28.56,23.15,J17WL,665.36,A,2024-11-19
1995-07-16,0.0,73.2,82.7,92.1,69.9,2.2,29.15,26.83,J17WL,664.89,A,2024-11-19
1995-07-17,0.0,74.7,84.8,94.8,69.6,2.64,33.68,28.18,J17WL,664.15,A,2024-11-19
1995-07-18,0.0,76.1,85.6,95.1,69.6,3.83,34.7,28.05,J17WL,663.13,A,2024-11-19
1995-07-19,0.0,75.4,85.7,95.9,69.1,3.2,35.92,27.41,J17WL,662.38,A,2024-11-19
1995-07-20,0.0,75.7,86.4,97.1,69.7,2.37,38.4,28.14,J17WL,661.53,A,2024-11-19
1995-07-21,0.0,76.8,87.3,97.8,70.1,3.48,39.95,27.47,J17WL,660.64,A,2024-11-19
1995-07-22,0.0,77.2,88.2,99.1,71.3,3.3,43.04,24.53,J17WL,660.02,A,2024-11-19
1995-07-23,0.0,78.4,89.2,100.0,71.4,4.25,43.64,27.53,J17WL,659.53,A,2024-11-19
1995-07-24,0.0,75.0,88.3,101.7,69.3,3.36,51.48,27.07,J17WL,657.74,A,2024-11-19
1995-07-25,0.0,76.1,88.1,100.1,68.0,3.09,47.3,27.75,J17WL,657.41,A,2024-11-19
1995-07-26,0.0,76.9,87.7,98.4,71.7,2.6,39.03,24.54,J17WL,656.73,A,2024-11-19
1995-07-27,0.0,75.7,88.1,100.5,69.1,3.79,44.89,28.01,J17WL,655.98,A,2024-11-19
1995-07-28,0.0,74.9,88.0,101.2,68.1,3.73,47.63,28.14,J17WL,655.25,A,2024-11-19
1995-07-29,0.0,75.1,88.4,101.8,65.3,6.0,52.01,28.56,J17WL,654.79,A,2024-11-19
1995-07-30,0.11,75.6,87.2,98.8,67.4,4.66,42.7,25.25,J17WL,655.69,A,2024-11-19
1995-07-31,0.07,74.4,82.7,91.1,71.2,1.98,25.04,17.72,J17WL,656.59,A,2024-11-19
1995-08-01,0.13,74.2,82.2,90.2,70.3,3.02,25.26,18.9,J17WL,656.83,A,2024-11-19
1995-08-02,0.07,76.2,86.8,97.4,70.5,2.57,39.29,24.3,J17WL,656.68,A,2024-11-19
1995-08-03,0.04,76.0,84.3,92.6,73.0,2.15,28.89,18.63,J17WL,657.0,A,2024-11-19
1995-08-04,0.0,75.9,86.5,97.1,71.0,2.79,37.58,25.72,J17WL,656.43,A,2024-11-19
1995-08-05,0.0,74.7,85.9,97.2,68.1,3.37,40.95,25.71,J17WL,655.83,A,2024-11-19
1995-08-06,0.0,76.7,86.9,97.2,69.2,4.28,39.32,25.32,J17WL,655.3,A,2024-11-19
1995-08-07,0.01,76.9,86.9,96.8,69.8,3.07,39.93,24.05,J17WL,654.3,A,2024-11-19
1995-08-08,0.0,76.6,85.1,93.6,74.0,1.5,27.56,19.4,J17WL,654.71,A,2024-11-19
1995-08-09,0.0,73.7,85.2,96.7,68.9,2.54,39.91,24.03,J17WL,654.24,A,2024-11-19
1995-08-10,0.0,72.3,84.4,96.5,68.0,2.18,39.1,24.88,J17WL,653.84,A,2024-11-19
1995-08-11,0.0,73.0,85.2,97.3,64.3,4.19,45.64,26.3,J17WL,653.41,A,2024-11-19
1995-08-12,0.13,75.5,86.0,96.6,71.4,2.48,38.01,25.61,J17WL,653.38,A,2024-11-19
1995-08-13,0.11,76.2,82.3,88.4,74.4,1.01,17.66,16.03,J17WL,654.75,A,2024-11-19
1995-08-14,0.0,77.3,86.7,96.0,73.8,1.68,31.43,21.55,J17WL,654.74,A,2024-11-19
1995-08-15,0.0,78.3,87.4,96.3,73.4,3.31,33.61,19.59,J17WL,654.53,A,2024-11-19
1995-08-16,0.0,76.4,86.9,97.4,72.1,2.41,36.96,21.38,J17WL,653.95,A,2024-11-19
1995-08-17,0.0,73.5,85.3,96.9,69.8,1.93,40.36,24.8,J17WL,653.35,A,2024-11-19
1995-08-18,0.0,75.2,86.0,96.9,69.5,2.88,38.15,24.03,J17WL,652.56,A,2024-11-19
1995-08-19,0.1,73.2,84.1,95.0,70.8,1.44,32.68,22.96,J17WL,653.24,A,2024-11-19
1995-08-20,0.0,73.3,84.8,96.3,69.7,2.09,35.92,22.93,J17WL,653.12,A,2024-11-19
1995-08-21,0.0,75.4,86.6,97.8,69.1,5.0,39.8,24.69,J17WL,652.12,A,2024-11-19
1995-08-22,0.16,74.3,86.8,99.2,70.6,3.08,40.12,20.57,J17WL,652.69,A,2024-11-19
1995-08-23,0.1,74.5,86.9,99.2,70.1,1.97,43.23,24.11,J17WL,652.73,A,2024-11-19
1995-08-24,0.0,73.1,84.4,95.7,72.7,0.9,32.3,19.22,J17WL,653.97,A,2024-11-19
1995-08-25,0.0,73.8,84.4,94.9,71.1,1.35,32.96,21.45,J17WL,654.37,A,2024-11-19
1995-08-26,0.0,74.6,85.2,95.8,70.8,2.08,34.92,23.79,J17WL,654.82,A,2024-11-19
1995-08-27,0.0,75.2,85.5,95.8,70.2,2.51,35.79,22.61,J17WL,654.65,A,2024-11-19
1995-08-28,0.1,75.5,86.0,96.6,70.4,3.64,36.92,23.19,J17WL,654.1,A,2024-11-19
1995-08-29,0.02,72.9,84.7,96.4,70.7,1.85,36.05,20.06,J17WL,654.05,A,2024-11-19
1995-08-30,0.0,72.5,83.6,94.7,69.8,2.13,33.51,18.19,J17WL,653.85,A,2024-11-19
1995-08-31,0.12,73.7,84.8,95.8,69.6,3.61,34.09,22.94,J17WL,653.16,A,2024-11-19
1995-09-01,0.23,72.2,81.2,90.2,70.6,1.57,23.11,15.42,J17WL,653.74,A,2024-11-19
1995-09-02,0.0,70.3,81.8,93.4,66.6,2.07,33.72,23.14,J17WL,653.55,A,2024-11-19
1995-09-03,0.0,71.5,84.8,98.0,65.6,3.7,43.12,23.89,J17WL,653.08,A,2024-11-19
1995-09-04,0.0,73.6,86.4,99.2,66.9,3.64,44.47,23.46,J17WL,652.7,A,2024-11-19
1995-09-05,0.0,74.1,85.9,97.6,67.9,3.27,41.88,23.71,J17WL,651.69,A,2024-11-19
1995-09-06,0.0,74.9,85.6,96.4,69.1,3.1,37.13,21.96,J17WL,651.52,A,2024-11-19
1995-09-07,0.0,74.8,85.5,96.1,69.4,3.17,36.0,23.05,J17WL,651.06,A,2024-11-19
1995-09-08,0.65,71.0,83.3,95.6,69.3,1.22,34.83,22.83,J17WL,652.55,A,2024-11-19
1995-09-09,0.0,70.2,80.4,90.6,67.6,2.29,27.1,21.72,J17WL,653.08,A,2024-11-19
1995-09-10,0.0,71.3,81.8,92.4,65.8,3.86,32.21,23.53,J17WL,653.34,A,2024-11-19
1995-09-11,0.0,71.7,81.6,91.4,66.4,3.37,30.41,20.83,J17WL,652.88,A,2024-11-19
1995-09-12,0.0,71.9,82.3,92.6,65.7,1.94,32.68,20.83,J17WL,652.59,A,2024-11-19
1995-09-13,0.0,73.4,83.9,94.3,70.0,2.12,34.59,21.42,J17WL,652.04,A,2024-11-19
1995-09-14,0.3,75.2,84.1,93.0,71.5,1.87,29.47,18.07,J17WL,652.63,A,2024-11-19
1995-09-15,0.05,73.7,81.2,88.7,72.1,1.05,20.12,13.71,J17WL,653.08,A,2024-11-19
1995-09-16,0.0,74.1,83.0,92.0,72.4,1.1,26.8,15.92,J17WL,653.08,A,2024-11-19
1995-09-17,0.0,76.5,86.8,97.0,72.0,2.33,36.8,19.2,J17WL,653.08,A,2024-11-19
1995-09-18,0.0,73.6,85.1,96.7,70.5,1.91,35.82,21.18,J17WL,652.52,A,2024-11-19
1995-09-19,0.0,74.2,84.6,95.0,71.6,2.25,32.92,21.11,J17WL,652.27,A,2024-11-19
1995-09-20,1.04,70.0,83.4,96.8,70.2,0.85,37.48,19.48,J17WL,655.72,A,2024-11-19
1995-09-21,0.79,70.1,76.2,82.4,70.2,0.54,12.3,11.66,J17WL,657.88,A,2024-11-19
1995-09-22,0.62,52.2,66.3,80.3,61.4,0.86,8.71,9.29,J17WL,659.59,A,2024-11-19
1995-09-23,0.05,51.4,57.3,63.2,46.3,1.56,8.64,9.18,J17WL,660.06,A,2024-11-19
1995-09-24,0.0,53.1,64.7,76.4,50.5,1.65,18.53,22.16,J17WL,660.9,A,2024-11-19
1995-09-25,0.0,56.6,69.2,81.8,55.9,1.12,22.27,22.3,J17WL,661.02,A,2024-11-19
1995-09-26,0.0,59.2,72.9,86.5,59.9,1.21,25.96,21.83,J17WL,660.89,A,2024-11-19
1995-09-27,0.0,65.4,75.7,86.0,64.7,1.14,21.26,21.95,J17WL,660.7,A,2024-11-19
1995-09-28,0.0,73.1,82.1,91.0,71.4,1.21,25.66,18.09,J17WL,660.46,A,2024-11-19
1995-09-29,0.0,67.7,79.5,91.3,69.1,0.72,26.64,19.89,J17WL,660.04,A,2024-11-19
1995-09-30,0.0,67.2,78.5,89.8,67.4,0.35,25.84,20.1,J17WL,660.28,A,2024-11-19
1995-10-01,0.03,69.9,80.3,90.7,69.9,0.55,26.37,18.41,J17WL,660.22,A,2024-11-19
1995-10-02,0.08,67.7,79.5,91.3,70.0,0.62,25.26,16.5,J17WL,660.11,A,2024-11-19
1995-10-03,0.0,65.9,77.9,90.0,66.6,1.6,23.68,19.03,J17WL,660.45,A,2024-11-19
1995-10-04,0.0,55.1,68.6,82.2,56.0,1.39,23.24,20.51,J17WL,660.4,A,2024-11-19
1995-10-05,0.0,56.7,72.1,87.5,54.1,1.88,31.02,21.81,J17WL,660.14,A,2024-11-19
1995-10-06,0.0,51.8,67.3,82.7,45.9,3.4,28.13,21.54,J17WL,659.76,A,2024-11-19
1995-10-07,0.0,50.6,65.8,81.0,43.7,2.45,27.34,21.37,J17WL,659.72,A,2024-11-19
1995-10-08,0.0,51.5,65.4,79.3,47.5,1.74,23.23,21.33,J17WL,659.66,A,2024-11-19
1995-10-09,0.0,52.6,68.2,83.9,55.9,1.03,23.67,21.19,J17WL,659.41,A,2024-11-19
1995-10-10,0.0,54.2,69.6,84.9,56.3,0.92,25.53,21.05,J17WL,658.92,A,2024-11-19
1995-10-11,0.0,54.6,70.5,86.4,55.6,0.87,29.19,20.81,J17WL,658.7,A,2024-11-19
1995-10-12,0.0,57.4,73.2,89.0,55.9,1.84,31.53,19.89,J17WL,658.49,A,2024-11-19
1995-10-13,0.0,60.6,73.9,87.3,61.1,2.02,27.17,19.69,J17WL,658.41,A,2024-11-19
1995-10-14,0.0,64.0,75.2,86.3,60.3,3.05,21.97,16.1,J17WL,658.26,A,2024-11-19
1995-10-15,0.0,45.8,63.7,81.6,32.9,3.59,31.52,19.62,J17WL,658.4,A,2024-11-19
1995-10-16,0.0,46.1,64.0,82.0,38.0,2.87,30.14,20.19,J17WL,658.03,A,2024-11-19
1995-10-17,0.0,48.1,66.7,85.2,40.8,1.78,33.86,19.89,J17WL,657.73,A,2024-11-19
1995-10-18,0.0,50.8,67.6,84.3,56.9,0.74,24.38,18.83,J17WL,657.41,A,2024-11-19
1995-10-19,0.0,59.8,71.8,83.8,61.3,0.5,23.23,17.58,J17WL,657.36,A,2024-11-19
1995-10-20,0.0,62.5,75.1,87.7,55.0,1.16,26.15,16.77,J17WL,657.16,A,2024-11-19
1995-10-21,0.0,42.4,59.5,76.6,30.8,2.58,26.4,19.19,J17WL,657.6,A,2024-11-19
1995-10-22,0.0,43.3,63.3,83.2,42.6,1.42,32.14,19.37,J17WL,657.72,A,2024-11-19
1995-10-23,0.0,57.4,71.6,85.8,62.7,1.22,23.1,18.18,J17WL,657.36,A,2024-11-19
1995-10-24,0.0,60.6,70.6,80.5,45.1,2.51,24.03,9.77,J17WL,657.21,A,2024-11-19
1995-10-25,0.0,60.4,66.7,72.9,38.3,9.74,20.65,13.39,J17WL,657.32,A,2024-11-19
1995-10-26,0.0,65.2,73.7,82.2,62.3,2.1,17.77,11.23,J17WL,657.36,A,2024-11-19
1995-10-27,0.0,71.2,77.5,83.7,68.4,2.05,16.29,8.76,J17WL,657.16,A,2024-11-19
1995-10-28,0.0,65.9,78.9,91.8,53.4,3.53,35.48,13.46,J17WL,657.09,A,2024-11-19
1995-10-29,0.0,62.1,71.6,81.1,41.0,6.65,29.12,13.92,J17WL,657.28,A,2024-11-19
1995-10-30,0.1,59.5,63.7,68.0,57.9,0.26,8.87,4.34,J17WL,657.73,A,2024-11-19
1995-10-31,0.16,59.9,62.4,64.9,61.8,0.34,1.92,2.31,J17WL,658.7,A,2024-11-19
1995-11-01,1.36,62.1,67.1,72.1,64.4,0.22,2.77,3.14,J17WL,659.35,A,2024-11-19
1995-11-02,0.01,64.8,73.0,81.3,67.3,0.46,10.95,8.29,J17WL,660.14,A,2024-11-19
1995-11-03,0.0,46.4,64.9,83.4,52.9,0.34,16.34,10.74,J17WL,660.46,A,2024-11-19
1995-11-04,0.0,45.0,51.2,57.4,28.2,3.75,11.34,12.29,J17WL,661.25,A,2024-11-19
1995-11-05,0.02,44.8,47.4,50.0,33.7,1.83,6.87,4.8,J17WL,661.79,A,2024-11-19
1995-11-06,0.02,45.5,49.0,52.4,47.7,0.05,2.15,2.67,J17WL,661.97,A,2024-11-19
1995-11-07,0.0,51.9,57.2,62.4,55.2,0.18,3.04,4.88,J17WL,661.96,A,2024-11-19
1995-11-08,0.0,52.4,67.9,83.3,46.6,2.28,28.94,15.59,J17WL,661.61,A,2024-11-19
1995-11-09,0.0,48.8,61.0,73.3,42.8,1.57,19.62,15.39,J17WL,661.51,A,2024-11-19
1995-11-10,0.0,54.8,64.5,74.2,61.0,1.76,11.81,7.85,J17WL,661.55,A,2024-11-19
1995-11-11,0.0,47.7,68.0,88.3,58.2,1.87,26.17,10.82,J17WL,661.28,A,2024-11-19
1995-11-12,0.0,33.5,47.4,61.3,28.1,0.82,13.93,16.27,J17WL,661.37,A,2024-11-19
1995-11-13,0.0,34.1,52.4,70.6,34.0,0.77,20.53,16.13,J17WL,661.26,A,2024-11-19
1995-11-14,0.0,46.4,64.7,83.1,43.0,1.2,28.65,15.89,J17WL,660.85,A,2024-11-19
1995-11-15,0.0,42.0,57.0,72.0,40.1,0.87,18.52,16.12,J17WL,660.66,A,2024-11-19
1995-11-16,0.0,44.2,59.5,74.8,51.1,0.87,15.72,13.65,J17WL,660.64,A,2024-11-19
1995-11-17,0.72,53.8,63.4,72.9,52.0,0.54,15.07,12.67,J17WL,661.5,A,2024-11-19
1995-11-18,0.52,56.2,58.7,61.1,57.1,0.25,1.45,2.4,J17WL,662.13,A,2024-11-19
1995-11-19,0.0,56.1,62.9,69.7,54.3,1.19,10.67,9.61,J17WL,662.97,A,2024-11-19
1995-11-20,0.0,55.9,64.8,73.6,57.4,0.46,11.4,9.2,J17WL,663.09,A,2024-11-19
1995-11-21,0.0,52.4,62.9,73.4,57.1,0.03,11.37,8.48,J17WL,662.68,A,2024-11-19
1995-11-22,0.0,53.8,64.2,74.7,56.2,0.15,13.53,12.58,J17WL,662.77,A,2024-11-19
1995-11-23,0.0,55.1,64.9,74.6,57.3,0.35,13.45,11.82,J17WL,663.03,A,2024-11-19
1995-11-24,0.0,47.1,61.0,74.8,45.1,1.05,17.23,12.66,J17WL,663.33,A,2024-11-19
1995-11-25,0.0,40.3,55.7,71.1,36.3,1.11,18.93,15.2,J17WL,663.31,A,2024-11-19
1995-11-26,0.0,40.4,57.1,73.8,45.6,0.49,18.93,14.8,J17WL,663.51,A,2024-11-19
1995-11-27,0.0,48.1,62.8,77.5,55.3,0.02,17.99,14.16,J17WL,663.37,A,2024-11-19
1995-11-28,0.0,48.4,63.9,79.4,46.2,0.75,21.69,9.9,J17WL,662.95,A,2024-11-19
1995-11-29,0.0,33.2,44.4,55.5,31.3,0.51,9.16,9.22,J17WL,662.81,A,2024-11-19
1995-11-30,0.0,32.0,47.2,62.3,34.8,0.51,11.87,14.6,J17WL,662.99,A,2024-11-19
1995-12-01,0.0,36.9,52.8,68.7,46.4,0.59,13.58,14.53,J17WL,662.83,A,2024-11-19
1995-12-02,0.0,57.1,65.5,73.9,60.3,0.73,10.09,6.12,J17WL,663.0,A,2024-11-19
1995-12-03,0.0,63.0,70.2,77.4,64.6,0.28,11.74,9.14,J17WL,663.18,A,2024-11-19
1995-12-04,0.0,53.6,67.9,82.1,56.0,0.58,21.54,11.48,J17WL,662.97,A,2024-11-19
1995-12-05,0.0,52.2,65.3,78.3,51.0,1.2,20.73,14.41,J17WL,662.95,A,2024-11-19
1995-12-06,0.0,52.5,68.2,83.9,52.6,1.26,25.51,11.96,J17WL,662.78,A,2024-11-19
1995-12-07,0.0,51.4,63.8,76.1,48.5,2.74,18.2,13.29,J17WL,662.74,A,2024-11-19
1995-12-08,0.1,50.2,56.8,63.4,44.5,1.03,9.73,5.88,J17WL,662.89,A,2024-11-19
1995-12-09,0.01,43.4,55.2,67.0,49.9,0.54,4.65,5.51,J17WL,662.96,A,2024-11-19
1995-12-10,0.0,27.6,36.4,45.2,14.4,2.51,7.38,13.18,J17WL,662.85,A,2024-11-19
1995-12-11,0.0,26.3,38.4,50.5,21.8,1.98,8.23,13.07,J17WL,662.96,A,2024-11-19
1995-12-12,0.0,46.0,54.4,62.8,44.7,1.4,10.25,7.63,J17WL,662.84,A,2024-11-19
1995-12-13,0.0,55.7,65.9,76.0,56.6,0.81,15.44,11.95,J17WL,662.74,A,2024-11-19
1995-12-14,0.0,62.4,71.1,79.7,59.3,0.8,18.65,12.13,J17WL,662.5,A,2024-11-19
1995-12-15,0.0,66.1,73.6,81.0,62.9,1.64,18.35,11.43,J17WL,662.4,A,2024-11-19
1995-12-16,0.0,54.7,67.8,81.0,55.1,1.28,20.2,10.57,J17WL,662.67,A,2024-11-19
1995-12-17,0.28,54.8,63.7,72.6,56.8,0.38,12.02,11.2,J17WL,663.33,A,2024-11-19
1995-12-18,0.2,56.8,66.3,75.7,61.6,0.38,9.91,7.57,J17WL,663.43,A,2024-11-19
1995-12-19,0.0,40.0,50.2,60.4,40.7,0.81,6.85,8.73,J17WL,663.64,A,2024-11-19
1995-12-20,0.0,34.5,46.6,58.7,33.9,0.55,10.05,13.25,J17WL,663.59,A,2024-11-19
1995-12-21,0.04,32.9,39.8,46.8,32.3,0.5,4.6,9.03,J17WL,663.8,A,2024-11-19
1995-12-22,0.13,38.3,41.1,43.9,34.8,0.7,3.27,4.68,J17WL,663.69,A,2024-11-19
1995-12-23,0.0,36.0,43.2,50.4,32.5,1.4,5.69,8.86,J17WL,663.83,A,2024-11-19
1995-12-24,0.0,31.1,39.9,48.7,28.4,0.8,6.45,11.64,J17WL,664.12,A,2024-11-19
1995-12-25,0.0,37.1,42.6,48.1,29.4,1.86,6.68,6.14,J17WL,664.5,A,2024-11-19
1995-12-26,0.0,38.2,49.2,60.3,33.1,1.56,11.8,10.57,J17WL,664.63,A,2024-11-19
1995-12-27,0.0,34.5,45.4,56.3,31.9,0.87,9.74,9.4,J17WL,664.44,A,2024-11-19
1995-12-28,0.0,34.1,49.4,64.7,31.6,1.03,15.46,11.07,J17WL,664.17,A,2024-11-19
1995-12-29,0.0,36.1,47.7,59.4,32.8,0.85,10.67,13.67,J17WL,664.1,A,2024-11-19
1995-12-30,0.07,39.4,45.3,51.2,43.6,0.19,3.33,4.36,J17WL,664.41,A,2024-11-19
1995-12-31,0.0,49.3,55.2,61.0,53.9,0.14,2.75,2.82,J17WL,664.85,A,2024-11-19
1996-01-01,0.0,47.8,61.9,76.0,47.5,0.24,22.87,13.51,J17WL,664.94,A,2024-11-19
1996-01-02,0.0,39.4,50.5,61.5,38.9,0.51,7.92,9.1,J17WL,664.78,A,2024-11-19
1996-01-03,0.0,28.3,39.6,50.9,23.4,1.47,8.72,12.76,J17WL,664.13,A,2024-11-19
1996-01-04,0.0,26.7,40.6,54.4,22.1,1.16,10.83,14.24,J17WL,664.22,A,2024-11-19
1996-01-05,0.0,33.0,50.7,68.3,34.0,0.76,16.74,14.23,J17WL,664.02,A,2024-11-19
1996-01-06,0.0,36.5,49.2,61.8,36.0,0.78,10.3,11.76,J17WL,663.94,A,2024-11-19
1996-01-07,0.0,24.9,34.8,44.7,20.3,1.67,6.11,6.66,J17WL,663.67,A,2024-11-19
1996-01-08,0.0,20.0,33.0,46.1,13.7,0.84,7.97,14.62,J17WL,663.28,A,2024-11-19
1996-01-09,0.0,20.1,36.4,52.7,19.4,0.8,10.11,14.81,J17WL,663.46,A,2024-11-19
1996-01-10,0.0,31.1,48.6,66.2,31.5,0.75,15.37,14.79,J17WL,663.33,A,2024-11-19
1996-01-11,0.0,33.7,51.9,70.0,45.2,0.29,14.76,12.67,J17WL,663.23,A,2024-11-19
1996-01-12,0.0,35.1,51.3,67.5,24.7,2.87,19.06,13.7,J17WL,663.08,A,2024-11-19
1996-01-13,0.0,37.0,56.5,76.1,25.7,2.51,26.61,14.92,J17WL,663.15,A,2024-11-19
1996-01-14,0.0,38.1,57.5,76.8,28.0,2.67,26.49,14.34,J17WL,663.17,A,2024-11-19
1996-01-15,0.0,39.5,58.0,76.5,43.0,0.27,21.42,14.85,J17WL,662.93,A,2024-11-19
1996-01-16,0.0,43.1,59.6,76.1,40.3,0.36,23.67,14.91,J17WL,662.52,A,2024-11-19
1996-01-17,0.0,55.7,65.8,75.9,55.2,0.84,17.41,10.57,J17WL,662.54,A,2024-11-19
1996-01-18,0.0,58.5,68.9,79.3,53.4,2.16,19.52,9.5,J17WL,662.36,A,2024-11-19
1996-01-19,0.0,23.5,35.5,47.4,10.0,1.89,8.44,15.19,J17WL,661.59,A,2024-11-19
1996-01-20,0.0,22.2,36.0,49.7,12.9,0.89,10.07,15.77,J17WL,662.2,A,2024-11-19
1996-01-21,0.0,32.3,50.8,69.2,35.6,0.65,16.28,13.24,J17WL,661.96,A,2024-11-19
1996-01-22,0.0,39.1,56.2,73.3,40.3,0.29,23.07,15.85,J17WL,661.71,A,2024-11-19
1996-01-23,0.0,56.7,66.0,75.3,59.7,0.3,14.15,8.5,J17WL,661.85,A,2024-11-19
1996-01-24,0.0,36.4,58.4,80.4,41.5,2.16,21.69,13.03,J17WL,661.15,A,2024-11-19
1996-01-25,0.0,31.8,47.4,62.9,21.9,1.47,15.89,16.27,J17WL,660.95,A,2024-11-19
1996-01-26,0.0,31.8,50.4,68.9,49.3,0.73,13.17,11.59,J17WL,660.85,A,2024-11-19
1996-01-27,0.0,34.8,55.6,76.4,27.0,0.79,23.57,15.26,J17WL,660.55,A,2024-11-19
1996-01-28,0.0,33.3,43.7,54.1,14.3,3.26,11.92,15.48,J17WL,660.62,A,2024-11-19
1996-01-29,0.0,45.0,52.1,59.3,46.5,0.68,5.51,5.67,J17WL,660.67,A,2024-11-19
1996-01-30,0.0,55.5,66.0,76.5,55.3,0.6,18.08,13.55,J17WL,659.92,A,2024-11-19
1996-01-31,0.0,34.5,55.7,76.9,45.7,0.47,12.79,7.99,J17WL,659.62,A,2024-11-19
1996-02-01,0.0,29.9,32.7,35.6,17.5,1.39,4.06,4.46,J17WL,659.76,A,2024-11-19
1996-02-02,0.02,27.8,29.3,30.9,26.9,0.22,1.14,1.89,J17WL,659.78,A,2024-11-19
1996-02-03,0.0,27.9,30.3,32.7,22.8,0.85,1.98,4.26,J17WL,659.54,A,2024-11-19
1996-02-04,0.0,21.1,28.1,35.1,17.6,0.99,3.22,8.62,J17WL,659.33,A,2024-11-19
1996-02-05,0.0,20.7,30.9,41.0,15.0,1.08,5.78,16.95,J17WL,659.2,A,2024-11-19
1996-02-06,0.01,37.2,44.8,52.3,37.8,1.72,4.96,4.77,J17WL,659.04,A,2024-11-19
1996-02-07,0.0,47.2,60.5,73.7,50.9,0.36,16.7,13.81,J17WL,658.42,A,2024-11-19
1996-02-08,0.0,46.2,61.3,76.3,51.8,0.02,18.92,16.57,J17WL,657.92,A,2024-11-19
1996-02-09,0.0,47.3,63.1,78.8,51.6,0.42,21.51,14.98,J17WL,657.2,A,2024-11-19
1996-02-10,0.0,49.1,63.6,78.1,56.3,0.11,18.09,12.05,J17WL,656.86,A,2024-11-19
1996-02-11,0.0,58.0,69.9,81.8,55.3,2.03,21.8,14.24,J17WL,656.4,A,2024-11-19
1996-02-12,0.0,39.1,52.1,65.0,15.9,5.19,17.63,16.37,J17WL,655.57,A,2024-11-19
1996-02-13,0.0,37.0,51.5,66.0,17.7,3.58,18.7,15.16,J17WL,655.11,A,2024-11-19
1996-02-14,0.0,38.3,54.7,71.2,27.0,3.29,21.54,17.88,J17WL,654.94,A,2024-11-19
1996-02-15,0.0,48.4,65.2,82.0,42.9,3.33,26.56,18.28,J17WL,654.32,A,2024-11-19
1996-02-16,0.0,45.9,59.9,73.9,27.5,6.28,23.47,18.96,J17WL,653.54,A,2024-11-19
1996-02-17,0.0,31.6,44.6,57.7,9.9,2.89,14.27,19.19,J17WL,653.69,A,2024-11-19
1996-02-18,0.0,32.7,52.4,72.1,41.9,0.49,16.36,17.53,J17WL,653.71,A,2024-11-19
1996-02-19,0.0,51.3,64.4,77.5,54.5,0.44,18.55,10.11,J17WL,652.8,A,2024-11-19
1996-02-20,0.0,46.5,66.9,87.3,35.2,0.87,39.2,18.58,J17WL,651.94,A,2024-11-19
1996-02-21,0.0,47.8,70.5,93.2,37.9,4.18,46.51,16.05,J17WL,651.22,A,2024-11-19
1996-02-22,0.0,53.5,76.2,98.9,42.2,5.02,55.62,18.72,J17WL,650.59,A,2024-11-19
1996-02-23,0.0,54.6,74.0,93.4,55.8,0.4,40.85,18.39,J17WL,649.91,A,2024-11-19
1996-02-24,0.0,58.0,76.7,95.4,39.6,2.24,47.88,18.4,J17WL,649.86,A,2024-11-19
1996-02-25,0.0,57.3,67.7,78.1,49.5,1.92,20.88,16.15,J17WL,650.0,A,2024-11-19
1996-02-26,0.0,64.9,74.9,85.0,61.9,1.34,24.29,14.13,J17WL,649.58,A,2024-11-19
1996-02-27,0.0,67.2,73.4,79.6,64.0,2.13,15.41,10.4,J17WL,649.98,A,2024-11-19
1996-02-28,0.0,58.0,69.8,81.6,53.4,3.32,18.65,12.08,J17WL,650.12,A,2024-11-19
1996-02-29,0.1,39.9,47.3,54.8,24.1,3.9,8.81,8.87,J17WL,651.5,A,2024-11-19
1996-03-01,0.45,34.5,38.8,43.1,31.4,0.14,5.57,4.16,J17WL,652.89,A,2024-11-19
1996-03-02,0.0,31.8,39.8,47.9,34.3,0.25,4.07,8.38,J17WL,653.65,A,2024-11-19
1996-03-03,0.0,31.8,49.8,67.9,32.7,0.42,17.51,21.19,J17WL,653.9,A,2024-11-19
1996-03-04,0.0,36.0,55.1,74.2,47.3,0.32,19.96,19.24,J17WL,653.65,A,2024-11-19
1996-03-05,0.07,55.9,64.1,72.3,62.2,0.65,9.33,7.17,J17WL,653.86,A,2024-11-19
1996-03-06,0.03,65.7,73.8,81.8,63.3,1.06,18.94,12.27,J17WL,654.05,A,2024-11-19
1996-03-07,0.01,33.6,58.4,83.2,41.0,0.98,22.17,11.17,J17WL,653.72,A,2024-11-19
1996-03-08,0.0,30.7,41.0,51.2,9.2,3.47,10.5,21.13,J17WL,653.72,A,2024-11-19
1996-03-09,0.0,28.0,38.4,48.7,7.8,2.88,9.33,18.62,J17WL,653.93,A,2024-11-19
1996-03-10,0.0,26.1,39.9,53.6,11.7,1.76,11.55,22.05,J17WL,654.38,A,2024-11-19
1996-03-11,0.0,27.9,45.7,63.5,25.6,1.18,15.7,22.62,J17WL,654.05,A,2024-11-19
1996-03-12,0.0,34.6,51.6,68.6,37.8,0.72,16.54,21.96,J17WL,654.01,A,2024-11-19
1996-03-13,0.0,40.3,58.8,77.2,49.2,0.44,20.05,17.05,J17WL,653.99,A,2024-11-19
1996-03-14,0.0,50.7,67.3,83.8,55.1,0.09,26.07,22.03,J17WL,653.47,A,2024-11-19
1996-03-15,0.0,61.8,73.0,84.2,55.5,1.45,28.42,18.38,J17WL,653.03,A,2024-11-19
1996-03-16,0.0,60.2,70.7,81.2,52.9,2.55,23.2,21.42,J17WL,652.93,A,2024-11-19
1996-03-17,0.04,54.6,68.5,82.4,54.8,0.9,24.4,16.65,J17WL,652.97,A,2024-11-19
1996-03-18,0.0,54.7,70.1,85.4,41.0,0.69,36.65,22.82,J17WL,652.64,A,2024-11-19
1996-03-19,0.0,41.0,54.8,68.6,29.3,3.41,19.42,22.56,J17WL,652.77,A,2024-11-19
1996-03-20,0.0,36.8,53.1,69.4,20.7,3.36,21.23,23.96,J17WL,652.55,A,2024-11-19
1996-03-21,0.0,34.0,51.0,68.1,19.9,2.48,20.01,24.32,J17WL,652.49,A,2024-11-19
1996-03-22,0.0,34.9,55.0,75.1,36.7,1.9,22.63,23.96,J17WL,652.13,A,2024-11-19
1996-03-23,0.0,51.8,66.4,81.0,53.2,1.82,24.21,19.18,J17WL,652.15,A,2024-11-19
1996-03-24,0.0,61.8,65.1,68.3,57.8,2.58,8.04,7.59,J17WL,652.45,A,2024-11-19
1996-03-25,0.0,53.8,67.9,82.1,57.0,1.08,22.07,11.87,J17WL,651.9,A,2024-11-19
1996-03-26,0.11,44.5,51.2,57.9,23.8,4.67,12.57,16.86,J17WL,652.44,A,2024-11-19
1996-03-27,0.23,38.7,42.3,45.9,35.2,0.31,5.18,5.13,J17WL,653.37,A,2024-11-19
1996-03-28,0.09,40.4,44.5,48.5,39.7,0.42,2.98,4.47,J17WL,653.98,A,2024-11-19
1996-03-29,0.01,42.9,58.4,73.9,44.1,0.49,18.65,23.24,J17WL,653.83,A,2024-11-19
1996-03-30,0.02,48.2,56.5,64.8,56.5,0.32,4.06,5.11,J17WL,654.23,A,2024-11-19
1996-03-31,0.0,54.0,71.3,88.7,42.8,0.84,40.94,22.54,J17WL,653.85,A,2024-11-19
1996-04-01,0.0,50.9,62.5,74.1,35.3,5.02,21.86,21.78,J17WL,653.22,A,2024-11-19
1996-04-02,0.0,41.2,59.1,76.9,31.1,2.42,26.33,25.35,J17WL,652.89,A,2024-11-19
1996-04-03,0.0,42.8,58.9,74.9,42.9,1.44,22.64,19.07,J17WL,652.79,A,2024-11-19
1996-04-04,0.0,57.7,67.9,78.2,58.2,1.19,17.69,19.14,J17WL,652.52,A,2024-11-19
1996-04-05,0.33,49.6,66.3,83.0,55.1,0.75,22.53,16.76,J17WL,653.19,A,2024-11-19
1996-04-06,0.3,40.3,46.5,52.7,41.2,0.54,2.61,3.33,J17WL,654.03,A,2024-11-19
1996-04-07,0.0,36.2,50.3,64.5,32.5,0.98,15.1,23.42,J17WL,654.53,A,2024-11-19
1996-04-08,0.0,38.5,54.0,69.4,35.6,1.36,18.11,23.21,J17WL,654.63,A,2024-11-19
1996-04-09,0.0,46.7,64.1,81.4,43.8,2.14,27.55,26.62,J17WL,653.58,A,2024-11-19
1996-04-10,0.0,50.9,70.8,90.8,43.4,2.72,41.52,26.68,J17WL,652.71,A,2024-11-19
1996-04-11,0.0,55.5,72.5,89.5,53.7,2.79,35.76,23.84,J17WL,652.03,A,2024-11-19
1996-04-12,0.0,67.3,75.1,82.9,60.5,3.95,22.39,17.32,J17WL,652.18,A,2024-11-19
1996-04-13,0.0,57.6,74.2,90.8,49.5,3.04,42.76,19.24,J17WL,651.65,A,2024-11-19
1996-04-14,0.0,64.2,79.0,93.7,58.9,2.06,42.71,22.96,J17WL,651.33,A,2024-11-19
1996-04-15,0.0,54.0,72.7,91.5,36.7,4.72,43.21,25.74,J17WL,650.21,A,2024-11-19
1996-04-16,0.0,43.4,60.9,78.4,28.1,3.82,28.1,27.03,J17WL,649.97,A,2024-11-19
1996-04-17,0.0,45.8,62.7,79.7,38.7,2.51,29.1,25.64,J17WL,649.66,A,2024-11-19
1996-04-18,0.0,60.9,73.2,85.5,57.5,3.01,28.68,23.85,J17WL,648.96,A,2024-11-19
1996-04-19,0.0,68.7,82.4,96.0,60.0,2.58,45.46,26.52,J17WL,648.06,A,2024-11-19
1996-04-20,0.0,68.0,83.7,99.5,63.2,2.04,50.4,25.9,J17WL,647.95,A,2024-11-19
1996-04-21,0.0,70.3,77.8,85.3,56.4,3.47,28.88,19.45,J17WL,647.79,A,2024-11-19
1996-04-22,0.04,72.0,81.7,91.4,65.7,5.01,29.75,20.43,J17WL,647.31,A,2024-11-19
1996-04-23,0.05,53.5,66.9,80.3,57.8,1.35,17.65,9.76,J17WL,648.09,A,2024-11-19
1996-04-24,0.0,48.6,66.0,83.5,40.3,2.8,31.86,27.89,J17WL,647.63,A,2024-11-19
1996-04-25,0.0,53.4,70.8,88.1,48.4,2.02,36.28,27.57,J17WL,647.33,A,2024-11-19
1996-04-26,0.0,65.2,81.8,98.5,58.1,2.82,49.04,25.73,J17WL,645.8,A,2024-11-19
1996-04-27,0.0,68.7,77.3,85.8,63.2,2.06,21.03,18.04,J17WL,645.83,A,2024-11-19
1996-04-28,0.28,71.0,80.5,90.0,65.8,2.74,27.39,15.51,J17WL,645.07,A,2024-11-19
1996-04-29,0.52,58.7,76.7,94.7,61.2,2.37,35.6,21.62,J17WL,645.15,A,2024-11-19
1996-04-30,0.0,41.8,57.8,73.8,33.4,1.78,23.68,17.79,J17WL,645.87,A,2024-11-19
1996-05-01,0.0,48.4,65.0,81.6,38.4,3.05,31.2,28.1,J17WL,645.72,A,2024-11-19
1996-05-02,0.0,57.2,72.2,87.2,59.4,2.73,27.56,27.44,J17WL,645.07,A,2024-11-19
1996-05-03,0.0,67.8,74.2,80.5,65.5,2.21,14.31,9.72,J17WL,644.01,A,2024-11-19
1996-05-04,0.0,70.4,79.8,89.2,66.3,2.29,26.08,14.13,J17WL,643.96,A,2024-11-19
1996-05-05,0.0,70.3,80.1,89.8,65.7,2.48,26.26,22.67,J17WL,643.08,A,2024-11-19
1996-05-06,0.0,71.5,80.5,89.6,68.7,2.28,24.34,20.67,J17WL,642.01,A,2024-11-19
1996-05-07,0.0,72.7,79.1,85.5,68.3,2.62,21.31,10.59,J17WL,642.25,A,2024-11-19
1996-05-08,0.0,71.6,79.4,87.2,67.4,2.05,23.06,15.2,J17WL,642.03,A,2024-11-19
1996-05-09,0.0,72.2,79.6,87.0,67.6,2.77,21.48,14.63,J17WL,642.82,A,2024-11-19
1996-05-10,0.0,72.8,81.6,90.4,68.3,2.3,27.75,20.67,J17WL,642.21,A,2024-11-19
1996-05-11,0.31,65.5,78.5,91.6,66.6,2.17,29.54,20.98,J17WL,642.95,A,2024-11-19
1996-05-12,0.05,65.8,77.2,88.7,63.4,2.57,25.91,23.0,J17WL,643.86,A,2024-11-19
1996-05-13,0.0,67.9,78.1,88.2,65.9,2.22,25.68,16.46,J17WL,643.5,A,2024-11-19
1996-05-14,0.0,70.9,81.6,92.4,65.4,3.44,32.3,23.1,J17WL,642.94,A,2024-11-19
1996-05-15,0.0,71.6,81.6,91.5,65.1,4.1,30.91,23.09,J17WL,642.11,A,2024-11-19
1996-05-16,0.0,71.3,82.4,93.4,65.6,3.63,35.34,24.93,J17WL,641.4,A,2024-11-19
1996-05-17,0.0,72.4,84.2,96.0,65.5,4.38,40.71,26.34,J17WL,639.67,A,2024-11-19
1996-05-18,0.0,73.7,84.6,95.4,65.4,5.11,40.19,25.85,J17WL,639.45,A,2024-11-19
1996-05-19,0.0,73.5,83.9,94.3,65.4,4.51,36.35,26.34,J17WL,638.46,A,2024-11-19
1996-05-20,0.0,73.5,84.3,95.1,65.4,4.86,38.55,25.56,J17WL,637.41,A,2024-11-19
1996-05-21,0.0,74.0,85.9,97.9,66.5,5.29,42.02,26.0,J17WL,637.56,A,2024-11-19
1996-05-22,0.0,72.4,84.6,96.8,65.2,2.98,41.46,26.29,J17WL,637.02,A,2024-11-19
1996-05-23,0.0,73.3,85.5,97.8,64.4,4.19,44.71,27.05,J17WL,636.07,A,2024-11-19
1996-05-24,0.0,74.7,86.1,97.5,66.7,4.96,41.57,25.56,J17WL,633.37,A,2024-11-19
1996-05-25,0.0,75.9,84.5,93.2,68.1,4.34,32.5,22.87,J17WL,633.73,A,2024-11-19
1996-05-26,0.0,76.7,85.4,94.1,68.9,5.0,34.81,22.58,J17WL,634.59,A,2024-11-19
1996-05-27,0.0,77.9,86.3,94.7,70.1,5.37,33.47,19.67,J17WL,634.98,A,2024-11-19
1996-05-28,0.58,69.8,80.4,91.0,71.9,1.29,23.63,17.83,J17WL,635.83,A,2024-11-19
1996-05-29,0.0,76.5,85.2,93.8,72.9,2.08,28.7,20.13,J17WL,635.41,A,2024-11-19
1996-05-30,0.0,77.6,87.8,98.0,71.8,3.63,37.7,24.8,J17WL,634.3,A,2024-11-19
1996-05-31,0.0,75.5,85.9,96.3,69.3,3.6,37.66,23.37,J17WL,634.4,A,2024-11-19
1996-06-01,0.26,72.1,82.5,92.8,70.0,1.81,31.15,17.37,J17WL,634.88,A,2024-11-19
1996-06-02,0.03,74.1,83.1,92.2,70.7,3.28,26.39,22.17,J17WL,635.78,A,2024-11-19
1996-06-03,0.18,69.1,81.3,93.5,67.3,2.27,32.95,22.52,J17WL,636.4,A,2024-11-19
1996-06-04,0.11,70.4,81.6,92.7,63.1,4.3,35.85,27.7,J17WL,636.7,A,2024-11-19
1996-06-05,0.0,71.5,82.5,93.5,65.3,3.44,34.71,27.09,J17WL,636.62,A,2024-11-19
1996-06-06,0.0,74.3,85.0,95.7,66.3,4.25,38.35,26.99,J17WL,636.01,A,2024-11-19
1996-06-07,0.0,75.2,85.1,94.9,67.0,4.52,37.45,26.96,J17WL,634.69,A,2024-11-19
1996-06-08,0.46,64.3,75.9,87.5,63.6,1.59,23.57,12.91,J17WL,635.8,A,2024-11-19
1996-06-09,0.0,64.2,77.7,91.3,54.4,5.32,36.39,29.01,J17WL,636.1,A,2024-11-19
1996-06-10,0.0,67.2,79.5,91.8,59.2,3.28,35.16,27.49,J17WL,635.72,A,2024-11-19
1996-06-11,0.0,72.0,85.5,98.9,59.3,4.24,50.7,27.41,J17WL,634.45,A,2024-11-19
1996-06-12,0.0,74.2,84.8,95.5,66.3,4.6,38.89,23.91,J17WL,632.32,A,2024-11-19
1996-06-13,0.0,76.1,86.3,96.5,67.2,3.88,40.66,26.21,J17WL,631.51,A,2024-11-19
1996-06-14,0.03,77.3,87.3,97.2,69.0,4.38,40.91,26.24,J17WL,631.66,A,2024-11-19
1996-06-15,0.0,74.8,85.9,97.0,68.1,3.91,39.97,26.87,J17WL,631.29,A,2024-11-19
1996-06-16,0.0,73.6,84.8,95.9,67.9,2.66,37.88,27.35,J17WL,629.86,A,2024-11-19
1996-06-17,0.0,76.0,86.5,96.9,68.4,4.09,40.06,27.09,J17WL,629.57,A,2024-11-19
1996-06-18,0.0,76.0,87.1,98.2,66.7,5.69,42.96,28.28,J17WL,629.96,A,2024-11-19
1996-06-19,0.0,76.4,88.1,99.7,67.7,4.82,44.88,27.22,J17WL,629.62,A,2024-11-19
1996-06-20,0.0,75.3,88.7,102.2,68.4,3.57,50.39,29.15,J17WL,628.81,A,2024-11-19
1996-06-21,0.0,74.8,88.2,101.7,66.9,4.38,49.94,28.34,J17WL,628.55,A,2024-11-19
1996-06-22,0.02,77.7,87.4,97.1,69.6,4.41,40.33,27.21,J17WL,628.08,A,2024-11-19
1996-06-23,0.0,76.0,83.9,91.9,71.4,3.72,25.52,20.9,J17WL,627.46,A,2024-11-19
1996-06-24,0.05,76.3,83.6,90.8,71.8,2.49,23.92,24.77,J17WL,627.64,A,2024-11-19
1996-06-25,0.0,76.8,84.9,93.0,72.8,2.24,26.78,24.6,J17WL,628.99,A,2024-11-19
1996-06-26,0.43,75.2,81.4,87.5,73.4,1.72,17.57,15.01,J17WL,630.13,A,2024-11-19
1996-06-27,0.0,75.5,82.8,90.1,73.5,2.13,21.61,18.75,J17WL,631.2,A,2024-11-19
1996-06-28,0.0,75.9,84.9,93.9,71.1,2.38,30.97,23.79,J17WL,631.71,A,2024-11-19
1996-06-29,0.0,74.2,84.7,95.3,69.7,2.46,35.8,23.7,J17WL,631.57,A,2024-11-19
1996-06-30,0.0,73.7,83.9,94.0,68.1,2.7,34.67,21.97,J17WL,630.74,A,2024-11-19
1996-07-01,0.0,75.9,85.2,94.5,67.4,4.57,35.85,26.44,J17WL,630.65,A,2024-11-19
1996-07-02,0.0,75.2,86.2,97.2,67.5,4.44,40.76,27.56,J17WL,631.02,A,2024-11-19
1996-07-03,0.0,75.0,86.6,98.2,67.1,5.32,42.78,28.41,J17WL,630.5,A,2024-11-19
1996-07-04,0.0,74.5,86.3,98.2,65.6,7.37,43.23,27.64,J17WL,630.59,A,2024-11-19
1996-07-05,0.0,74.7,86.3,98.0,64.8,5.11,42.46,28.45,J17WL,630.95,A,2024-11-19
1996-07-06,0.0,75.5,86.9,98.2,65.9,3.91,44.35,28.23,J17WL,630.4,A,2024-11-19
1996-07-07,0.0,75.9,87.9,99.9,68.5,3.55,46.44,27.41,J17WL,628.55,A,2024-11-19
1996-07-08,0.0,76.9,88.2,99.6,68.7,3.85,44.06,28.13,J17WL,628.81,A,2024-11-19
1996-07-09,0.11,78.9,89.2,99.6,70.9,3.53,43.45,26.22,J17WL,629.95,A,2024-11-19
1996-07-10,0.41,73.7,86.7,99.8,71.5,2.03,42.91,24.93,J17WL,630.1,A,2024-11-19
1996-07-11,0.31,76.5,84.8,93.2,72.1,3.13,28.91,20.32,J17WL,631.4,A,2024-11-19
1996-07-12,0.0,77.7,87.3,96.9,70.6,4.4,39.59,22.65,J17WL,632.69,A,2024-11-19
1996-07-13,0.0,75.8,87.0,98.2,68.7,2.79,44.09,26.89,J17WL,632.24,A,2024-11-19
1996-07-14,0.0,76.0,87.4,98.8,68.8,2.68,43.27,27.5,J17WL,630.77,A,2024-11-19
1996-07-15,0.0,78.4,88.9,99.5,68.3,5.35,45.78,26.93,J17WL,631.15,A,2024-11-19
1996-07-16,0.0,77.5,88.1,98.7,69.7,4.39,44.94,22.6,J17WL,632.23,A,2024-11-19
1996-07-17,0.0,77.4,88.2,98.9,69.6,3.5,43.28,23.6,J17WL,631.47,A,2024-11-19
1996-07-18,0.0,77.8,88.2,98.6,69.7,4.54,42.02,25.55,J17WL,631.58,A,2024-11-19
1996-07-19,0.0,79.0,89.2,99.3,70.3,4.98,43.08,24.72,J17WL,631.98,A,2024-11-19
1996-07-20,0.0,77.3,88.2,99.1,69.1,5.06,42.96,24.73,J17WL,631.46,A,2024-11-19
1996-07-21,0.0,75.5,88.3,101.1,67.8,3.63,49.29,27.57,J17WL,629.7,A,2024-11-19
1996-07-22,0.0,75.9,87.8,99.7,66.8,3.71,47.92,27.19,J17WL,629.8,A,2024-11-19
1996-07-23,0.0,76.4,88.3,100.3,69.2,2.84,45.2,24.05,J17WL,630.73,A,2024-11-19
1996-07-24,0.0,79.1,90.2,101.2,68.2,5.54,50.36,26.48,J17WL,630.26,A,2024-11-19
1996-07-25,0.05,78.7,88.2,97.8,71.3,4.81,37.43,23.35,J17WL,631.03,A,2024-11-19
1996-07-26,0.08,72.2,85.2,98.1,68.8,2.78,40.88,22.57,J17WL,632.64,A,2024-11-19
1996-07-27,0.0,71.5,83.9,96.4,69.4,1.61,36.93,21.46,J17WL,633.16,A,2024-11-19
1996-07-28,0.0,74.4,85.4,96.4,68.0,1.92,39.62,24.32,J17WL,632.58,A,2024-11-19
1996-07-29,0.0,75.9,86.2,96.3,69.2,3.08,36.78,22.65,J17WL,632.68,A,2024-11-19
1996-07-30,0.0,77.1,87.2,97.2,68.8,3.37,40.52,21.89,J17WL,633.05,A,2024-11-19
1996-07-31,0.0,76.4,87.3,98.3,68.5,3.93,42.15,25.01,J17WL,632.6,A,2024-11-19
1996-08-01,0.0,76.2,87.7,99.1,65.8,4.35,47.27,26.2,J17WL,632.86,A,2024-11-19
1996-08-02,0.0,77.3,88.0,98.6,67.4,5.2,43.66,26.41,J17WL,633.42,A,2024-11-19
1996-08-03,0.0,77.9,89.0,100.1,69.4,4.67,45.89,25.51,J17WL,633.49,A,2024-11-21
1996-08-04,0.0,77.4,89.8,102.2,68.0,4.36,51.36,26.2,J17WL,632.07,A,2024-10-14
1996-08-05,0.0,77.9,89.4,101.0,69.8,5.49,46.59,26.71,J17WL,630.36,A,2024-11-19
1996-08-06,0.0,77.3,89.1,100.9,70.4,3.71,46.82,23.25,J17WL,631.37,A,2024-11-19
1996-08-07,0.01,77.3,88.6,99.9,68.8,3.7,46.19,23.85,J17WL,630.9,A,2024-11-19
1996-08-08,0.02,75.7,86.3,96.8,69.5,4.01,38.55,23.18,J17WL,631.12,A,2024-11-19
1996-08-09,0.0,75.9,86.0,96.1,69.2,4.72,36.92,20.93,J17WL,631.74,A,2024-11-19
1996-08-10,0.0,76.7,86.8,96.8,67.9,4.98,40.69,23.56,J17WL,631.34,A,2024-11-19
1996-08-11,0.0,77.6,87.1,96.7,68.1,7.43,38.52,24.58,J17WL,629.39,A,2024-11-19
1996-08-12,0.03,78.0,87.6,97.3,68.1,6.55,40.73,25.26,J17WL,629.56,A,2024-11-19
1996-08-13,0.0,76.8,88.7,100.6,66.8,5.41,49.01,25.89,J17WL,630.85,A,2024-11-19
1996-08-14,0.0,76.1,86.2,96.2,69.5,4.13,35.87,22.47,J17WL,630.8,A,2024-11-19
1996-08-15,0.11,69.3,82.5,95.6,66.4,2.99,38.07,23.3,J17WL,631.2,A,2024-11-19
1996-08-16,0.0,71.3,83.8,96.2,67.5,2.52,39.48,23.66,J17WL,631.55,A,2024-11-19
1996-08-17,0.0,75.3,85.9,96.5,66.5,3.71,41.56,24.74,J17WL,631.07,A,2024-11-19
1996-08-18,0.0,76.3,86.3,96.2,65.3,5.34,41.63,22.94,J17WL,629.15,A,2024-11-19
1996-08-19,0.0,76.2,86.2,96.2,67.4,4.36,39.91,24.17,J17WL,629.3,A,2024-11-19
1996-08-20,0.01,74.4,84.2,94.1,68.0,2.33,33.3,19.89,J17WL,631.07,A,2024-11-19
1996-08-21,0.02,71.2,83.4,95.6,66.9,2.87,38.37,21.6,J17WL,630.49,A,2024-11-19
1996-08-22,0.21,74.0,84.9,95.7,67.1,4.79,38.83,24.22,J17WL,631.89,A,2024-11-19
1996-08-23,0.78,73.6,79.3,85.0,71.3,0.76,17.69,8.67,J17WL,633.17,A,2024-11-19
1996-08-24,0.91,72.5,80.4,88.4,72.3,0.29,19.75,11.77,J17WL,633.86,A,2024-11-19
1996-08-25,0.49,72.1,78.0,84.0,71.5,0.31,13.72,13.37,J17WL,634.94,A,2024-11-19
1996-08-26,0.47,70.4,76.4,82.3,71.0,0.13,11.88,9.39,J17WL,635.89,A,2024-11-19
1996-08-27,0.35,71.9,77.8,83.7,71.8,0.29,12.81,10.87,J17WL,636.72,A,2024-11-19
1996-08-28,0.03,74.1,81.8,89.5,72.3,0.87,23.46,15.05,J17WL,636.98,A,2024-11-19
1996-08-29,0.32,76.1,83.7,91.3,72.1,1.92,26.4,20.28,J17WL,637.15,A,2024-11-19
1996-08-30,0.53,73.5,81.4,89.2,71.9,0.77,23.78,15.79,J17WL,638.02,A,2024-11-19
1996-08-31,0.37,73.5,78.8,84.1,71.7,0.99,14.72,15.17,J17WL,638.97,A,2024-11-19
1996-09-01,0.17,70.2,77.8,85.5,71.0,0.14,15.8,14.31,J17WL,640.13,A,2024-11-19
1996-09-02,0.32,70.5,78.8,87.1,70.7,0.95,18.25,19.76,J17WL,640.69,A,2024-11-19
1996-09-03,0.07,71.5,81.3,91.1,71.5,0.91,25.31,20.34,J17WL,640.43,A,2024-11-19
1996-09-04,0.11,72.5,82.4,92.4,70.3,1.53,28.92,22.45,J17WL,640.3,A,2024-11-19
1996-09-05,0.16,72.2,81.0,89.7,70.7,1.28,24.14,18.63,J17WL,640.56,A,2024-11-19
1996-09-06,0.0,70.8,79.7,88.6,68.4,1.35,23.58,21.13,J17WL,640.84,A,2024-11-19
1996-09-07,0.0,71.2,80.4,89.6,69.2,1.53,25.61,21.11,J17WL,640.96,A,2024-11-19
1996-09-08,0.09,73.5,81.4,89.2,71.2,1.63,23.33,19.27,J17WL,640.63,A,2024-11-19
1996-09-09,0.41,74.2,80.7,87.1,72.6,0.66,18.39,15.69,J17WL,641.2,A,2024-11-19
1996-09-10,0.04,71.6,80.2,88.8,70.8,1.19,20.41,18.43,J17WL,642.21,A,2024-11-19
1996-09-11,0.0,71.8,81.5,91.2,66.4,2.32,29.24,22.14,J17WL,641.88,A,2024-11-19
1996-09-12,0.0,69.1,80.1,91.1,60.5,4.29,32.71,24.09,J17WL,641.52,A,2024-11-19
1996-09-13,0.02,69.5,78.8,88.0,65.5,2.56,25.72,20.01,J17WL,641.74,A,2024-11-19
1996-09-14,0.0,71.3,78.1,85.0,68.9,1.32,19.93,12.52,J17WL,642.45,A,2024-11-19
1996-09-15,0.71,67.7,78.1,88.4,71.4,0.23,20.55,14.16,J17WL,642.95,A,2024-11-19
1996-09-16,0.0,68.4,79.5,90.6,69.9,0.51,22.31,19.69,J17WL,643.6,A,2024-11-19
1996-09-17,0.0,74.3,84.3,94.3,68.8,2.18,35.89,21.81,J17WL,643.68,A,2024-11-19
1996-09-18,0.1,77.2,84.5,91.7,75.3,1.37,22.38,16.66,J17WL,642.95,A,2024-11-19
1996-09-19,0.15,73.4,82.0,90.6,74.4,0.23,19.85,16.69,J17WL,643.13,A,2024-11-19
1996-09-20,0.32,69.5,80.4,91.3,73.0,0.65,22.17,18.31,J17WL,643.33,A,2024-11-19
1996-09-21,0.0,70.4,79.4,88.4,71.4,0.43,17.97,19.77,J17WL,643.82,A,2024-11-19
1996-09-22,0.0,73.3,80.1,86.8,71.4,1.21,15.75,18.97,J17WL,643.71,A,2024-11-19
1996-09-23,0.0,75.2,81.7,88.3,72.1,2.06,19.52,17.25,J17WL,643.27,A,2024-11-19
1996-09-24,0.0,75.1,82.8,90.5,72.0,1.62,25.06,19.3,J17WL,643.41,A,2024-11-19
1996-09-25,0.87,68.6,80.3,92.0,70.2,0.09,25.45,17.96,J17WL,645.18,A,2024-11-19
1996-09-26,0.0,71.5,79.0,86.5,72.2,1.46,14.9,13.59,J17WL,646.1,A,2024-11-19
1996-09-27,0.02,72.9,81.2,89.4,72.5,1.67,19.38,16.03,J17WL,646.08,A,2024-11-19
1996-09-28,0.0,54.5,63.0,71.5,55.0,0.45,6.47,5.29,J17WL,645.91,A,2024-11-19
1996-09-29,0.0,50.8,63.3,75.8,46.2,1.68,20.74,21.66,J17WL,645.81,A,2024-11-19
1996-09-30,0.0,51.6,65.4,79.2,48.8,1.42,23.17,21.87,J17WL,645.58,A,2024-11-19
1996-10-01,0.0,51.8,64.7,77.6,50.5,1.23,20.18,21.59,J17WL,645.28,A,2024-11-19
1996-10-02,0.0,52.1,67.0,81.9,53.6,1.2,23.37,21.76,J17WL,644.86,A,2024-11-19
1996-10-03,0.0,62.3,74.9,87.5,63.6,3.4,25.76,19.49,J17WL,644.29,A,2024-11-19
1996-10-04,0.0,68.3,72.3,76.4,65.1,2.38,9.59,9.73,J17WL,644.47,A,2024-11-19
1996-10-05,0.17,66.1,69.4,72.6,64.1,1.68,6.38,6.48,J17WL,644.82,A,2024-11-19
1996-10-06,0.03,65.8,68.7,71.6,65.2,1.28,4.65,6.3,J17WL,645.06,A,2024-11-19
1996-10-07,0.0,62.0,73.3,84.5,61.8,1.04,22.47,19.92,J17WL,644.74,A,2024-11-21
1996-10-08,0.0,59.5,71.5,83.4,58.8,1.09,23.83,19.7,J17WL,644.78,A,2024-10-14
1996-10-09,0.0,52.6,67.5,82.3,57.4,0.67,19.36,17.68,J17WL,644.27,A,2024-10-14
1996-10-10,0.0,52.5,68.7,85.0,54.3,0.94,31.69,20.9,J17WL,643.95,A,2024-10-14
1996-10-11,0.0,57.0,71.0,84.9,57.0,1.51,25.02,20.63,J17WL,644.08,A,2024-10-14
1996-10-12,0.0,59.3,71.5,83.7,57.8,1.43,22.01,19.03,J17WL,643.8,A,2024-10-14
1996-10-13,0.0,58.5,71.3,84.2,58.2,0.96,24.31,20.39,J17WL,643.3,A,2024-10-14
1996-10-14,0.0,59.6,71.2,82.8,57.5,0.6,24.37,19.22,J17WL,643.1,A,2024-10-14
1996-10-15,0.0,62.1,72.3,82.5,63.5,0.22,18.33,11.19,J17WL,643.4,A,2024-10-14
1996-10-16,0.0,68.5,75.8,83.1,65.5,1.6,18.74,14.41,J17WL,643.24,A,2024-10-14
1996-10-17,0.0,70.0,78.0,86.1,65.6,0.71,23.35,14.6,J17WL,643.04,A,2024-10-14
1996-10-18,0.0,58.7,74.6,90.6,55.8,2.38,27.93,17.31,J17WL,642.91,A,2024-10-14
1996-10-19,0.0,48.8,61.0,73.2,35.8,2.99,22.16,18.32,J17WL,643.33,A,2024-10-14
1996-10-20,0.0,51.8,65.0,78.1,57.0,2.97,17.76,13.5,J17WL,642.94,A,2024-10-14
1996-10-21,0.0,69.9,78.3,86.7,69.4,2.29,21.26,10.35,J17WL,642.64,A,2024-10-14
1996-10-22,0.07,50.8,69.0,87.3,60.9,2.28,20.37,11.7,J17WL,642.93,A,2024-11-19
1996-10-23,0.0,36.8,52.9,69.1,30.3,1.67,19.66,18.2,J17WL,642.73,A,2024-11-19
1996-10-24,0.01,37.8,56.3,74.7,35.8,1.99,24.25,18.67,J17WL,642.89,A,2024-11-19
1996-10-25,0.02,57.7,62.9,68.0,61.0,0.02,4.71,4.75,J17WL,643.66,A,2024-11-19
1996-10-26,0.0,64.9,72.1,79.3,66.8,0.31,12.13,11.12,J17WL,643.67,A,2024-11-19
1996-10-27,0.04,68.8,78.1,87.4,71.8,0.31,20.07,8.5,J17WL,643.19,A,2024-11-19
1996-10-28,0.13,75.1,80.3,85.5,73.1,1.44,13.34,8.29,J17WL,643.44,A,2024-11-19
1996-10-29,0.0,71.7,78.6,85.5,68.0,1.71,19.96,9.16,J17WL,643.88,A,2024-11-19
1996-10-30,0.0,65.3,73.9,82.5,64.2,1.35,16.01,8.6,J17WL,643.37,A,2024-11-19
1996-10-31,0.0,66.0,75.3,84.6,63.9,1.45,23.12,10.14,J17WL,643.42,A,2024-11-19
1996-11-01,0.0,71.5,79.6,87.6,68.5,2.04,23.8,11.89,J17WL,643.79,A,2024-11-19
1996-11-02,0.0,44.9,61.5,78.1,49.7,1.78,9.92,8.35,J17WL,643.94,A,2024-11-19
1996-11-03,0.0,42.2,55.5,68.8,36.9,1.44,17.65,16.5,J17WL,643.55,A,2024-11-19
1996-11-04,0.0,42.9,56.5,70.0,42.5,1.2,17.15,16.73,J17WL,643.42,A,2024-11-19
1996-11-05,0.0,57.7,66.9,76.1,57.4,0.89,13.97,7.95,J17WL,643.78,A,2024-11-19
1996-11-06,0.04,64.1,73.2,82.2,66.0,1.23,16.74,9.51,J17WL,643.34,A,2024-11-19
1996-11-07,0.12,60.0,74.9,89.8,67.4,0.91,26.29,9.5,J17WL,643.55,A,2024-11-19
1996-11-08,0.0,41.7,57.7,73.7,43.3,1.04,20.61,15.67,J17WL,644.25,A,2024-11-19
1996-11-09,0.0,38.3,54.3,70.2,32.5,1.28,20.53,16.72,J17WL,644.27,A,2024-11-19
1996-11-10,0.0,38.1,54.7,71.4,35.2,1.16,20.27,16.63,J17WL,643.98,A,2024-11-19
1996-11-11,0.0,44.1,60.7,77.3,46.6,1.06,22.08,16.24,J17WL,644.15,A,2024-11-19
1996-11-12,0.0,49.6,64.7,79.7,54.2,0.54,22.25,15.57,J17WL,643.88,A,2024-11-19
1996-11-13,0.0,59.6,68.8,78.0,59.0,0.66,16.34,9.1,J17WL,643.45,A,2024-11-19
1996-11-14,0.0,59.8,69.4,79.0,58.6,0.43,19.43,11.22,J17WL,643.57,A,2024-11-19
1996-11-15,0.04,61.0,70.2,79.4,59.0,0.82,19.07,10.88,J17WL,644.15,A,2024-11-19
1996-11-16,0.39,63.4,68.8,74.1,63.6,1.07,8.33,5.96,J17WL,644.82,A,2024-11-19
1996-11-17,0.01,68.3,74.9,81.6,66.8,0.56,15.78,8.28,J17WL,644.82,A,2024-11-19
1996-11-18,0.03,55.3,63.3,71.2,51.0,0.5,11.02,8.18,J17WL,645.26,A,2024-11-19
1996-11-19,0.0,55.0,64.6,74.3,56.5,0.51,10.88,8.15,J17WL,645.3,A,2024-11-19
1996-11-20,0.0,58.0,65.9,73.7,62.5,0.1,7.03,6.04,J17WL,645.28,A,2024-11-19
1996-11-21,0.0,56.5,70.5,84.6,62.6,0.1,20.59,10.6,J17WL,645.22,A,2024-11-19
1996-11-22,0.0,57.0,67.4,77.7,56.0,1.22,15.12,13.59,J17WL,645.48,A,2024-11-19
1996-11-23,0.18,57.8,60.3,62.8,54.3,0.52,5.13,3.58,J17WL,645.92,A,2024-11-19
1996-11-24,0.83,51.5,66.3,81.2,62.0,0.14,19.53,8.18,J17WL,646.24,A,2024-11-19
1996-11-25,0.06,34.4,42.2,50.0,33.0,0.62,3.39,4.01,J17WL,646.85,A,2024-11-19
1996-11-26,0.0,30.8,43.2,55.5,26.5,0.68,10.51,14.86,J17WL,646.58,A,2024-11-19
1996-11-27,0.0,32.6,45.0,57.5,33.5,0.52,10.15,14.58,J17WL,646.38,A,2024-11-19
1996-11-28,0.33,37.1,43.7,50.2,36.7,0.42,4.92,6.6,J17WL,647.29,A,2024-11-19
1996-11-29,0.41,41.8,46.2,50.6,42.9,0.07,1.96,2.56,J17WL,648.38,A,2024-11-19
1996-11-30,0.04,48.4,57.7,67.0,52.1,0.09,9.18,10.79,J17WL,648.82,A,2024-11-19
1996-12-01,0.0,39.1,54.8,70.4,34.7,0.38,20.61,12.9,J17WL,648.66,A,2024-11-19
1996-12-02,0.0,35.1,49.5,63.8,33.6,0.62,14.16,14.61,J17WL,648.67,A,2024-11-19
1996-12-03,0.0,34.5,50.8,67.0,42.1,0.45,13.63,13.03,J17WL,648.66,A,2024-11-19
1996-12-04,0.0,50.5,56.7,62.8,38.6,4.08,11.87,9.41,J17WL,648.36,A,2024-11-19
1996-12-05,0.19,50.2,55.4,60.6,52.9,0.09,4.08,1.82,J17WL,648.94,A,2024-11-19
1996-12-06,0.0,49.4,61.1,72.8,45.9,0.43,19.94,13.41,J17WL,649.18,A,2024-11-19
1996-12-07,0.0,47.9,63.4,78.9,52.9,0.04,20.62,11.52,J17WL,649.2,A,2024-11-19
1996-12-08,0.0,41.7,56.0,70.4,38.6,1.71,16.5,14.27,J17WL,649.09,A,2024-11-19
1996-12-09,0.0,40.0,54.7,69.4,33.6,1.57,19.09,14.29,J17WL,649.2,A,2024-11-19
1996-12-10,0.0,43.4,59.0,74.7,49.6,0.34,18.52,14.13,J17WL,649.21,A,2024-11-19
1996-12-11,0.0,54.0,66.4,78.8,58.2,0.1,17.27,11.26,J17WL,648.86,A,2024-11-19
1996-12-12,0.0,52.3,65.1,77.8,57.7,0.15,14.56,7.76,J17WL,648.89,A,2024-11-19
1996-12-13,0.0,48.6,65.8,83.0,46.3,0.78,30.42,13.88,J17WL,648.85,A,2024-11-19
1996-12-14,0.24,47.4,62.8,78.1,53.8,0.15,18.72,13.77,J17WL,648.94,A,2024-11-19
1996-12-15,0.68,58.3,68.5,78.8,62.6,0.25,15.79,8.12,J17WL,649.16,A,2024-11-19
1996-12-16,0.28,38.5,45.5,52.4,36.0,0.73,3.51,3.85,J17WL,650.03,A,2024-11-19
1996-12-17,0.0,34.0,43.8,53.5,31.9,0.43,8.43,11.78,J17WL,650.6,A,2024-11-19
1996-12-18,0.0,28.8,38.5,48.2,21.6,1.59,4.95,6.72,J17WL,649.86,A,2024-11-19
1996-12-19,0.0,18.5,28.6,38.8,11.3,0.7,5.69,12.27,J17WL,649.48,A,2024-11-19
1996-12-20,0.0,19.6,32.5,45.2,12.6,0.81,8.25,13.74,J17WL,649.32,A,2024-11-19
1996-12-21,0.0,35.0,41.0,46.9,29.8,1.55,5.56,3.54,J17WL,649.96,A,2024-11-19
1996-12-22,0.0,46.5,55.5,64.5,53.5,0.19,6.24,4.37,J17WL,650.23,A,2024-11-19
1996-12-23,0.0,60.3,68.2,76.2,61.0,0.42,13.29,9.55,J17WL,650.31,A,2024-11-19
1996-12-24,0.0,38.1,57.4,76.8,54.0,0.98,13.67,7.96,J17WL,650.2,A,2024-11-19
1996-12-25,0.0,33.3,43.6,53.9,23.8,2.23,10.04,13.52,J17WL,650.39,A,2024-11-19
1996-12-26,0.03,35.7,44.0,52.3,33.6,0.31,7.24,5.39,J17WL,651.08,A,2024-11-19
1996-12-27,0.0,46.1,54.9,63.8,49.6,0.11,5.74,7.86,J17WL,650.69,A,2024-11-19
1996-12-28,0.0,47.8,55.5,63.2,50.3,0.34,6.2,9.06,J17WL,650.85,A,2024-11-19
1996-12-29,0.0,47.0,57.8,68.5,56.1,0.0,5.48,5.18,J17WL,650.62,A,2024-11-19
1996-12-30,0.0,47.8,63.9,80.0,42.9,0.56,28.72,14.0,J17WL,650.48,A,2024-11-19
1996-12-31,0.04,57.8,65.0,72.2,59.4,0.8,8.54,8.6,J17WL,650.38,A,2024-11-19
1997-01-01,0.02,62.0,65.9,69.8,60.4,0.21,6.28,4.89,J17WL,650.74,A,2024-11-19
1997-01-02,0.0,52.8,62.6,72.5,58.8,0.06,8.51,7.44,J17WL,651.03,A,2024-11-19
1997-01-03,0.0,56.6,64.1,71.6,62.5,0.03,6.41,4.14,J17WL,650.87,A,2024-11-19
1997-01-04,0.0,61.9,70.2,78.5,63.1,0.25,13.3,7.01,J17WL,651.04,A,2024-11-19
1997-01-05,0.0,55.4,69.7,84.0,54.2,0.49,25.61,11.81,J17WL,650.88,A,2024-11-19
1997-01-06,0.02,49.0,58.2,67.4,33.5,4.91,15.74,12.64,J17WL,650.79,A,2024-11-19
1997-01-07,0.25,34.7,41.2,47.7,34.5,0.42,4.65,2.42,J17WL,650.71,A,2024-11-19
1997-01-08,0.21,33.8,34.7,35.5,32.5,0.15,0.92,1.63,J17WL,650.94,A,2024-11-19
1997-01-09,0.0,29.7,34.2,38.7,31.3,0.45,2.01,2.46,J17WL,651.03,A,2024-11-19
1997-01-10,0.0,29.1,43.5,57.8,28.8,0.67,11.56,14.92,J17WL,651.02,A,2024-11-19
1997-01-11,0.0,29.3,47.3,65.2,24.7,1.94,16.49,14.88,J17WL,651.04,A,2024-11-19
1997-01-12,0.0,27.9,32.8,37.8,15.9,1.76,4.81,6.83,J17WL,650.91,A,2024-11-19
1997-01-13,0.0,25.4,26.9,28.4,21.7,0.49,1.92,2.37,J17WL,650.54,A,2024-11-19
1997-01-14,0.0,25.7,26.6,27.5,22.3,0.57,1.1,2.5,J17WL,650.57,A,2024-11-19
1997-01-15,0.0,26.9,34.0,41.2,26.7,0.53,3.74,3.06,J17WL,650.32,A,2024-11-19
1997-01-16,0.0,35.0,51.8,68.5,29.4,0.84,19.88,14.62,J17WL,650.19,A,2024-11-19
1997-01-17,0.0,31.7,42.8,54.0,22.6,2.45,9.64,14.81,J17WL,650.39,A,2024-11-19
1997-01-18,0.0,30.0,37.1,44.3,17.3,2.51,7.16,9.68,J17WL,650.62,A,2024-11-19
1997-01-19,0.01,42.3,47.1,51.9,28.8,2.29,8.44,5.42,J17WL,650.59,A,2024-11-19
1997-01-20,0.05,45.4,49.9,54.4,47.1,0.49,3.85,2.36,J17WL,650.87,A,2024-11-19
1997-01-21,0.05,49.9,53.4,56.9,53.0,0.3,1.77,1.57,J17WL,650.96,A,2024-11-19
1997-01-22,0.0,47.8,56.5,65.3,54.3,0.24,5.85,4.67,J17WL,650.95,A,2024-11-19
1997-01-23,0.01,47.3,61.0,74.7,52.8,0.0,17.66,14.78,J17WL,650.71,A,2024-11-19
1997-01-24,0.0,49.9,59.9,70.0,58.4,0.0,5.37,3.48,J17WL,650.74,A,2024-11-19
1997-01-25,0.0,46.1,62.1,78.1,39.4,0.78,27.27,15.98,J17WL,650.57,A,2024-11-19
1997-01-26,0.0,44.2,57.1,69.9,43.1,0.68,16.34,16.35,J17WL,650.45,A,2024-11-19
1997-01-27,0.0,54.4,64.1,73.7,58.2,0.63,12.56,7.5,J17WL,650.46,A,2024-11-19
1997-01-28,0.0,32.9,53.2,73.5,43.0,1.27,10.34,9.42,J17WL,650.19,A,2024-11-19
1997-01-29,0.0,29.8,40.7,51.5,12.6,2.86,10.61,15.04,J17WL,650.38,A,2024-11-19
1997-01-30,0.0,26.8,42.3,57.8,16.9,1.79,13.46,16.44,J17WL,650.23,A,2024-11-19
1997-01-31,0.0,30.1,47.5,65.0,18.5,1.87,17.92,16.73,J17WL,650.17,A,2024-11-19
1997-02-01,0.0,35.4,52.7,70.1,30.2,2.43,19.26,16.23,J17WL,650.5,A,2024-11-19
1997-02-02,0.0,46.4,62.5,78.6,46.8,2.4,24.83,16.33,J17WL,649.89,A,2024-11-19
1997-02-03,0.0,56.3,69.3,82.2,55.4,0.45,25.31,16.0,J17WL,649.38,A,2024-11-19
1997-02-04,0.0,51.6,65.1,78.7,55.7,0.46,18.08,14.41,J17WL,649.24,A,2024-11-19
1997-02-05,0.0,50.5,60.5,70.4,34.0,2.29,18.89,17.49,J17WL,648.69,A,2024-11-19
1997-02-06,0.03,48.6,53.0,57.3,32.4,5.43,10.16,6.44,J17WL,648.83,A,2024-11-19
1997-02-07,0.21,44.3,48.3,52.2,44.1,0.09,5.23,1.68,J17WL,649.47,A,2024-11-19
1997-02-08,0.09,39.3,48.8,58.2,37.7,0.37,7.65,10.32,J17WL,649.67,A,2024-11-19
1997-02-09,0.03,37.5,42.3,47.0,32.9,0.92,4.96,10.56,J17WL,649.89,A,2024-11-19
1997-02-10,0.0,37.5,45.3,53.1,39.2,0.48,5.9,9.41,J17WL,649.73,A,2024-11-19
1997-02-11,0.0,36.4,46.9,57.4,38.1,0.41,8.19,8.09,J17WL,649.59,A,2024-11-19
1997-02-12,0.51,38.3,45.6,52.8,44.0,0.09,4.65,7.01,J17WL,650.02,A,2024-11-19
1997-02-13,0.6,37.8,44.9,52.0,43.5,0.03,1.88,2.09,J17WL,650.81,A,2024-11-19
1997-02-14,0.02,39.2,43.2,47.2,38.6,0.65,2.89,3.8,J17WL,651.33,A,2024-11-19
1997-02-15,0.0,32.7,41.7,50.7,37.2,0.17,4.55,4.41,J17WL,651.65,A,2024-11-19
1997-02-16,0.0,32.9,46.6,60.4,37.0,0.32,10.08,19.13,J17WL,651.81,A,2024-11-19
1997-02-17,0.0,34.6,50.6,66.6,38.5,0.3,14.4,19.49,J17WL,651.78,A,2024-11-19
1997-02-18,0.0,36.7,52.9,69.2,44.1,0.34,16.16,17.72,J17WL,651.75,A,2024-11-19
1997-02-19,0.07,50.1,61.9,73.6,56.2,0.11,14.38,12.79,J17WL,651.68,A,2024-11-19
1997-02-20,0.69,62.8,67.3,71.8,64.6,0.09,5.43,3.85,J17WL,652.3,A,2024-11-19
1997-02-21,0.07,48.5,61.9,75.3,51.5,0.93,19.42,13.75,J17WL,652.9,A,2024-11-19
1997-02-22,0.0,42.3,56.1,69.8,42.8,1.33,12.51,19.36,J17WL,652.69,A,2024-11-19
1997-02-23,0.0,45.1,53.0,60.9,31.0,3.4,13.64,12.72,J17WL,653.12,A,2024-11-19
1997-02-24,0.13,47.0,53.1,59.3,41.4,0.55,9.9,6.97,J17WL,653.21,A,2024-11-19
1997-02-25,0.3,45.2,47.8,50.4,46.4,0.1,1.42,1.59,J17WL,653.57,A,2024-11-19
1997-02-26,0.17,45.2,46.8,48.4,46.0,0.13,0.93,1.47,J17WL,653.97,A,2024-11-19
1997-02-27,0.0,42.5,53.5,64.6,42.8,0.24,12.29,15.41,J17WL,654.26,A,2024-11-19
1997-02-28,0.0,42.7,51.8,60.8,44.3,0.34,8.66,16.36,J17WL,654.49,A,2024-11-19
1997-03-01,0.0,51.6,62.0,72.4,60.8,0.09,7.99,9.61,J17WL,654.56,A,2024-11-19
1997-03-02,0.47,51.8,67.4,82.9,59.3,0.5,22.05,16.8,J17WL,654.57,A,2024-11-19
1997-03-03,0.0,39.2,52.3,65.3,42.0,0.56,12.31,18.65,J17WL,654.84,A,2024-11-19
1997-03-04,0.0,40.2,59.0,77.8,46.6,0.2,22.15,21.95,J17WL,655.01,A,2024-11-19
1997-03-05,0.02,59.1,67.0,74.8,64.8,0.28,6.92,5.1,J17WL,655.12,A,2024-11-19
1997-03-06,0.0,42.5,56.1,69.8,42.0,0.85,14.81,7.74,J17WL,655.12,A,2024-11-19
1997-03-07,0.01,43.2,54.3,65.4,31.3,3.59,16.51,21.2,J17WL,655.14,A,2024-11-19
1997-03-08,0.04,55.7,61.6,67.5,57.4,0.87,6.31,5.09,J17WL,655.29,A,2024-11-19
1997-03-09,0.05,63.6,66.0,68.5,63.9,0.37,3.15,2.81,J17WL,655.41,A,2024-11-19
1997-03-10,0.0,64.8,71.8,78.7,63.6,0.81,13.82,12.59,J17WL,655.23,A,2024-11-19
1997-03-11,0.26,61.1,68.3,75.4,59.5,0.81,12.31,17.78,J17WL,654.96,A,2024-11-19
1997-03-12,0.67,60.4,62.4,64.4,61.1,0.15,1.25,1.45,J17WL,655.55,A,2024-11-19
1997-03-13,0.0,55.7,64.9,74.1,59.7,0.01,11.57,12.27,J17WL,656.44,A,2024-11-19
1997-03-14,0.0,55.4,69.1,82.7,58.8,0.24,21.75,22.54,J17WL,656.74,A,2024-11-19
1997-03-15,0.0,45.8,54.5,63.1,36.2,2.47,8.72,8.73,J17WL,657.16,A,2024-11-19
1997-03-16,0.18,46.1,50.0,54.0,41.4,0.91,5.61,5.66,J17WL,657.48,A,2024-11-19
1997-03-17,0.19,50.4,54.9,59.5,53.3,0.02,2.02,1.38,J17WL,657.93,A,2024-11-19
1997-03-18,0.03,59.6,65.6,71.6,63.2,0.07,7.02,3.42,J17WL,657.9,A,2024-11-19
1997-03-19,0.0,53.5,64.3,75.2,57.6,0.25,10.42,10.78,J17WL,657.81,A,2024-11-19
1997-03-20,0.0,42.6,55.0,67.4,43.0,0.71,12.71,23.54,J17WL,657.91,A,2024-11-19
1997-03-21,0.0,43.9,63.0,82.1,44.5,1.06,29.54,24.27,J17WL,657.87,A,2024-11-19
1997-03-22,0.0,49.7,67.5,85.2,48.5,1.57,30.8,24.2,J17WL,657.55,A,2024-11-19
1997-03-23,0.0,52.3,68.4,84.4,52.7,1.05,27.57,22.47,J17WL,657.41,A,2024-11-19
1997-03-24,0.0,54.0,67.7,81.4,56.0,0.83,22.95,23.77,J17WL,657.01,A,2024-11-19
1997-03-25,0.14,63.1,72.7,82.2,62.7,1.29,17.92,18.89,J17WL,657.0,A,2024-11-19
1997-03-26,0.18,50.8,60.0,69.2,51.6,1.07,5.84,6.01,J17WL,656.97,A,2024-11-19
1997-03-27,0.0,50.7,61.2,71.8,45.4,4.2,15.98,22.26,J17WL,656.75,A,2024-11-19
1997-03-28,0.0,59.6,63.3,67.0,59.4,0.51,6.46,6.58,J17WL,656.99,A,2024-11-19
1997-03-29,0.0,58.3,73.1,87.9,58.5,0.54,29.69,21.63,J17WL,656.31,A,2024-11-19
1997-03-30,0.05,59.3,70.8,82.3,64.6,0.42,16.45,14.87,J17WL,656.12,A,2024-11-19
1997-03-31,0.07,51.4,57.8,64.2,44.7,2.73,10.46,13.82,J17WL,656.49,A,2024-11-21
1997-04-01,0.47,54.9,59.1,63.3,51.4,0.39,8.46,7.51,J17WL,656.87,A,2024-11-19
1997-04-02,0.86,55.4,59.5,63.6,59.5,0.02,1.3,1.88,J17WL,657.52,A,2024-11-19
1997-04-03,0.8,62.4,65.8,69.3,63.7,0.06,2.53,4.85,J17WL,659.2,A,2024-11-19
1997-04-04,0.74,63.8,66.9,70.1,65.7,0.07,2.95,2.78,J17WL,660.29,A,2024-11-19
1997-04-05,0.7,50.0,65.4,80.8,60.3,0.23,10.84,11.3,J17WL,661.31,A,2024-11-19
1997-04-06,0.0,49.6,62.4,75.2,46.4,0.68,20.65,26.12,J17WL,662.14,A,2024-11-19
1997-04-07,0.0,51.0,63.8,76.5,45.9,1.36,19.96,26.2,J17WL,661.85,A,2024-11-19
1997-04-08,0.0,54.3,64.2,74.1,52.9,1.49,14.73,24.06,J17WL,662.36,A,2024-11-19
1997-04-09,0.0,57.7,63.0,68.2,61.0,0.18,4.27,3.86,J17WL,662.8,A,2024-11-19
1997-04-10,0.03,56.0,62.9,69.9,56.0,0.7,8.52,9.37,J17WL,662.89,A,2024-11-19
1997-04-11,0.16,61.5,66.6,71.8,64.0,0.59,5.61,5.15,J17WL,663.25,A,2024-11-19
1997-04-12,0.0,42.2,60.5,78.8,49.0,0.84,12.0,17.45,J17WL,663.44,A,2024-11-19
1997-04-13,0.0,40.6,50.0,59.4,32.2,2.61,10.84,23.5,J17WL,663.36,A,2024-11-19
1997-04-14,0.0,41.2,50.2,59.1,33.0,2.56,11.25,20.91,J17WL,663.19,A,2024-11-21
1997-04-15,0.0,43.5,55.7,67.9,39.6,0.81,15.18,25.63,J17WL,663.0,A,2024-10-14
1997-04-16,0.0,45.7,58.7,71.7,46.9,0.67,16.07,24.71,J17WL,662.6,A,2024-10-14
1997-04-17,0.0,52.0,63.5,75.1,52.4,1.19,14.99,23.25,J17WL,662.4,A,2024-10-14
1997-04-18,0.0,53.7,63.8,73.9,51.6,1.4,15.8,21.33,J17WL,662.2,A,2024-11-19
1997-04-19,0.02,57.6,62.0,66.4,54.9,1.16,8.28,10.15,J17WL,662.8,A,2024-11-19
1997-04-20,0.0,55.5,67.3,79.0,58.6,0.43,18.1,15.48,J17WL,662.75,A,2024-11-19
1997-04-21,0.0,58.1,71.7,85.3,63.1,0.7,21.02,25.12,J17WL,661.93,A,2024-11-19
1997-04-22,0.0,64.9,77.8,90.7,65.3,0.23,30.32,23.33,J17WL,661.55,A,2024-11-19
1997-04-23,0.0,54.3,66.5,78.8,53.4,1.95,19.2,25.84,J17WL,661.06,A,2024-11-19
1997-04-24,0.0,56.0,68.1,80.2,49.9,2.25,24.46,23.98,J17WL,660.86,A,2024-11-19
1997-04-25,0.29,59.7,68.9,78.2,56.0,2.52,18.71,22.59,J17WL,661.31,A,2024-11-19
1997-04-26,0.99,53.6,66.6,79.5,59.1,0.05,11.18,9.06,J17WL,662.66,A,2024-11-19
1997-04-27,0.14,54.7,58.5,62.3,52.9,0.56,4.81,6.23,J17WL,663.43,A,2024-11-19
1997-04-28,0.0,48.6,53.4,58.1,48.5,1.05,5.2,7.35,J17WL,663.59,A,2024-11-19
1997-04-29,0.0,51.2,64.5,77.8,49.0,1.31,21.19,27.97,J17WL,663.27,A,2024-11-19
1997-04-30,0.0,55.9,72.2,88.5,60.2,0.6,29.42,28.0,J17WL,662.83,A,2024-11-19
1997-05-01,0.0,66.0,76.7,87.5,65.2,1.49,21.95,23.48,J17WL,662.58,A,2024-11-19
1997-05-02,0.0,66.2,74.5,82.8,66.3,1.63,16.51,18.35,J17WL,662.61,A,2024-11-19
1997-05-03,0.0,59.7,75.7,91.7,56.1,2.26,35.77,19.62,J17WL,662.04,A,2024-11-19
1997-05-04,0.0,52.7,66.3,79.9,45.3,2.59,24.73,27.82,J17WL,661.61,A,2024-11-19
1997-05-05,0.0,58.8,70.3,81.8,53.1,0.72,25.54,27.3,J17WL,661.2,A,2024-11-19
1997-05-06,0.0,62.5,73.2,84.0,61.1,1.23,23.38,24.13,J17WL,660.67,A,2024-11-19
1997-05-07,0.0,66.4,73.0,79.6,65.8,0.5,11.45,7.29,J17WL,660.8,A,2024-11-19
1997-05-08,0.0,67.7,73.7,79.8,65.9,1.3,12.05,10.88,J17WL,660.41,A,2024-11-19
1997-05-09,0.0,68.0,76.4,84.9,65.9,0.74,20.13,21.17,J17WL,660.87,A,2024-11-19
1997-05-10,0.42,59.8,63.9,68.0,57.1,0.74,6.53,5.84,J17WL,661.54,A,2024-11-19
1997-05-11,0.0,53.7,65.5,77.4,49.2,1.79,21.5,23.5,J17WL,662.01,A,2024-11-19
1997-05-12,0.0,56.8,68.0,79.2,58.5,0.43,17.88,25.73,J17WL,661.96,A,2024-11-19
1997-05-13,0.24,55.6,67.4,79.2,59.8,0.58,16.4,14.86,J17WL,662.12,A,2024-11-19
1997-05-14,0.0,62.7,71.6,80.5,61.2,0.84,17.43,26.14,J17WL,661.87,A,2024-11-19
1997-05-15,0.0,69.0,78.0,86.9,68.0,1.56,21.3,22.64,J17WL,661.69,A,2024-11-19
1997-05-16,1.37,64.8,76.1,87.3,65.5,0.71,22.74,17.66,J17WL,662.4,A,2024-11-19
1997-05-17,0.0,60.6,70.3,79.9,64.4,0.34,13.37,20.64,J17WL,663.1,A,2024-11-19
1997-05-18,0.0,64.5,73.5,82.5,66.5,0.75,16.8,23.45,J17WL,663.09,A,2024-11-19
1997-05-19,0.0,69.9,77.4,84.8,68.5,1.04,18.35,19.16,J17WL,662.59,A,2024-11-19
1997-05-20,0.69,65.1,75.6,86.2,68.6,0.19,17.52,17.77,J17WL,662.59,A,2024-11-19
1997-05-21,0.0,65.3,72.4,79.5,64.7,1.21,12.8,19.31,J17WL,663.05,A,2024-11-19
1997-05-22,0.04,67.6,73.2,78.7,66.8,1.02,10.71,16.73,J17WL,663.21,A,2024-11-19
1997-05-23,0.67,67.4,73.0,78.6,68.1,0.18,8.75,10.91,J17WL,663.8,A,2024-11-19
1997-05-24,0.15,68.1,73.4,78.7,68.1,0.28,10.68,11.19,J17WL,664.57,A,2024-11-19
1997-05-25,0.05,69.4,77.1,84.8,69.4,0.7,16.49,20.38,J17WL,665.18,A,2024-11-19
1997-05-26,0.03,74.5,82.5,90.5,73.9,0.4,20.45,22.54,J17WL,665.27,A,2024-11-19
1997-05-27,0.0,74.6,82.7,90.9,75.4,0.23,18.31,17.76,J17WL,665.05,A,2024-11-19
1997-05-28,0.26,66.2,77.2,88.1,68.2,2.23,15.1,20.63,J17WL,665.14,A,2024-11-19
1997-05-29,0.0,66.0,75.7,85.4,65.0,1.78,20.15,25.72,J17WL,665.55,A,2024-11-19
1997-05-30,0.0,68.6,77.2,85.9,68.2,0.93,19.57,25.16,J17WL,665.6,A,2024-11-19
1997-05-31,0.0,72.4,79.8,87.2,69.8,1.52,19.41,22.48,J17WL,665.64,A,2024-11-19
1997-06-01,0.0,59.5,72.2,84.9,61.4,1.23,23.04,18.86,J17WL,665.51,A,2024-11-19
1997-06-02,0.0,63.4,74.2,84.9,60.2,2.12,23.23,28.01,J17WL,664.88,A,2024-11-19
1997-06-03,0.0,65.2,76.5,87.7,63.3,2.68,24.16,29.33,J17WL,664.04,A,2024-11-19
1997-06-04,0.0,69.4,78.9,88.3,66.4,2.7,23.08,28.06,J17WL,662.84,A,2024-11-19
1997-06-05,0.09,73.6,82.4,91.2,69.9,2.38,25.5,24.0,J17WL,662.11,A,2024-11-19
1997-06-06,0.0,72.7,80.0,87.4,70.3,1.98,18.06,24.2,J17WL,661.59,A,2024-11-19
1997-06-07,0.6,68.6,78.2,87.8,69.6,0.41,19.08,18.86,J17WL,662.05,A,2024-11-19
1997-06-08,0.04,69.0,75.7,82.5,69.7,0.37,13.04,17.95,J17WL,662.87,A,2024-11-19
1997-06-09,0.48,66.1,76.5,86.8,69.0,0.32,20.04,19.24,J17WL,663.07,A,2024-11-19
1997-06-10,0.0,67.9,77.4,86.9,69.9,0.96,19.23,25.16,J17WL,664.0,A,2024-11-19
1997-06-11,0.04,70.1,76.7,83.2,70.8,0.28,11.46,12.89,J17WL,664.77,A,2024-11-19
1997-06-12,0.0,71.5,80.1,88.7,71.7,0.49,18.89,25.16,J17WL,664.98,A,2024-11-19
1997-06-13,0.01,73.9,82.5,91.0,72.2,1.54,24.21,28.5,J17WL,665.02,A,2024-11-19
1997-06-14,0.0,75.6,82.4,89.1,74.7,2.06,16.67,19.97,J17WL,665.3,A,2024-11-19
1997-06-15,1.08,70.1,80.1,90.2,74.2,0.2,18.59,21.69,J17WL,666.0,A,2024-11-19
1997-06-16,0.0,71.5,79.7,88.0,73.0,1.43,17.85,22.67,J17WL,666.73,A,2024-11-19
1997-06-17,0.03,76.9,83.4,89.9,76.0,1.57,16.88,19.36,J17WL,666.87,A,2024-11-19
1997-06-18,0.0,72.4,82.6,92.8,72.2,0.9,29.2,22.42,J17WL,666.86,A,2024-11-19
1997-06-19,0.0,75.0,83.2,91.4,72.0,1.71,22.85,25.22,J17WL,666.59,A,2024-11-19
1997-06-20,0.0,75.3,83.7,92.0,73.8,0.9,23.08,24.63,J17WL,666.3,A,2024-11-19
1997-06-21,0.45,67.7,78.8,89.9,72.5,0.63,21.91,23.59,J17WL,667.72,A,2024-11-19
1997-06-22,3.55,66.2,69.7,73.2,67.9,0.12,3.52,5.53,J17WL,671.69,A,2024-11-19
1997-06-23,0.72,68.6,77.7,86.9,72.3,0.04,14.89,12.37,J17WL,673.72,A,2024-11-19
1997-06-24,0.05,71.8,78.8,85.7,72.5,0.27,14.61,21.52,J17WL,675.07,A,2024-11-19
1997-06-25,0.19,69.5,77.0,84.4,70.5,0.27,13.71,19.08,J17WL,675.81,A,2024-11-21
1997-06-26,0.27,71.7,79.3,87.0,71.7,0.35,16.85,26.21,J17WL,676.39,A,2024-11-19
1997-06-27,0.0,72.6,80.7,88.6,71.5,0.48,20.94,25.55,J17WL,676.93,A,2024-11-19
1997-06-28,0.0,73.4,81.0,88.6,71.6,1.22,20.55,24.45,J17WL,677.47,A,2024-11-19
1997-06-29,0.0,74.9,81.8,88.7,72.7,1.53,19.13,24.49,J17WL,677.76,A,2024-11-19
1997-06-30,0.0,74.9,82.7,90.4,72.6,1.56,22.33,22.25,J17WL,677.85,A,2024-11-19
1997-07-01,0.0,75.0,82.8,90.5,72.9,1.48,22.56,25.33,J17WL,677.72,A,2024-11-19
1997-07-02,0.0,75.1,82.8,90.5,72.5,1.57,22.73,26.76,J17WL,677.45,A,2024-11-19
1997-07-03,0.0,76.5,84.0,91.5,73.9,2.06,22.71,25.27,J17WL,677.23,A,2024-11-19
1997-07-04,0.0,74.7,83.6,92.5,72.3,1.33,27.29,27.71,J17WL,677.06,A,2024-11-19
1997-07-05,0.0,71.1,81.6,92.1,70.5,1.1,27.59,27.82,J17WL,676.96,A,2024-11-19
1997-07-06,0.0,72.4,82.5,92.5,66.9,2.74,31.84,28.76,J17WL,676.67,A,2024-11-19
1997-07-07,0.0,74.8,83.6,92.3,69.8,1.83,28.58,27.96,J17WL,676.16,A,2024-11-19
1997-07-08,0.0,72.9,82.8,92.7,71.4,0.93,28.81,27.01,J17WL,675.47,A,2024-11-19
1997-07-09,0.0,75.0,83.7,92.3,71.8,1.63,27.87,25.39,J17WL,675.05,A,2024-11-19
1997-07-10,0.0,77.0,84.8,92.6,72.5,1.86,26.39,25.51,J17WL,674.42,A,2024-11-19
1997-07-11,0.0,75.5,84.6,93.7,72.8,1.66,27.33,24.75,J17WL,673.91,A,2024-11-19
1997-07-12,0.0,76.4,85.3,94.2,71.9,2.51,30.54,26.69,J17WL,673.59,A,2024-11-19
1997-07-13,0.0,75.0,84.9,94.8,71.0,1.81,32.17,25.11,J17WL,673.08,A,2024-11-19
1997-07-14,0.0,74.7,84.3,93.8,71.2,1.53,30.45,26.75,J17WL,672.47,A,2024-11-19
1997-07-15,0.0,74.8,85.0,95.3,70.2,0.96,33.4,27.45,J17WL,671.87,A,2024-11-19
1997-07-16,0.0,76.5,86.2,96.0,69.0,3.58,35.95,26.8,J17WL,671.2,A,2024-11-21
1997-07-17,0.0,74.7,84.7,94.6,68.2,5.86,33.43,27.56,J17WL,670.31,A,2024-11-19
1997-07-18,0.0,75.2,85.5,95.7,67.7,2.38,36.09,28.07,J17WL,670.21,A,2024-11-19
1997-07-19,0.0,75.0,85.0,95.1,70.8,0.61,33.52,27.64,J17WL,669.94,A,2024-11-19
1997-07-20,0.0,75.3,85.2,95.1,72.3,0.58,31.6,25.15,J17WL,669.55,A,2024-11-19
1997-07-21,0.06,76.1,85.7,95.3,73.7,1.36,30.67,22.46,J17WL,669.55,A,2024-11-19
1997-07-22,0.04,75.7,84.8,93.8,73.8,1.61,27.46,20.55,J17WL,670.06,A,2024-11-19
1997-07-23,0.0,76.4,86.5,96.5,71.7,3.19,35.3,25.6,J17WL,670.11,A,2024-11-19
1997-07-24,0.0,75.8,86.5,97.2,69.1,2.94,39.85,27.56,J17WL,669.55,A,2024-11-19
1997-07-25,0.0,74.9,85.7,96.5,68.7,2.96,37.38,26.88,J17WL,668.9,A,2024-11-19
1997-07-26,0.0,74.7,85.2,95.7,69.5,2.45,34.88,26.85,J17WL,668.65,A,2024-11-19
1997-07-27,0.0,75.7,86.1,96.6,71.5,1.12,34.95,25.86,J17WL,668.1,A,2024-10-14
1997-07-28,0.0,75.3,86.2,97.1,70.9,1.95,36.53,25.35,J17WL,667.8,A,2024-10-14
1997-07-29,0.0,76.3,86.9,97.5,69.6,1.99,38.64,26.43,J17WL,667.18,A,2024-11-19
1997-07-30,0.0,76.7,87.3,98.0,69.6,3.45,39.51,26.19,J17WL,667.32,A,2024-11-19
1997-07-31,0.0,75.2,86.9,98.5,71.1,2.15,39.47,25.65,J17WL,667.47,A,2024-11-19
1997-08-01,0.0,74.8,83.1,91.4,72.5,1.75,24.7,20.91,J17WL,667.56,A,2024-11-19
1997-08-02,0.0,76.5,85.2,93.9,72.5,2.82,28.91,23.16,J17WL,667.01,A,2024-11-19
1997-08-03,0.0,76.8,86.5,96.3,71.6,2.15,35.68,24.2,J17WL,666.86,A,2024-11-19
1997-08-04,0.0,74.8,85.2,95.7,70.6,1.18,36.13,24.23,J17WL,666.15,A,2024-11-21
1997-08-05,0.0,75.3,86.1,96.8,68.6,1.95,40.94,25.06,J17WL,666.2,A,2024-10-14
1997-08-06,0.0,75.6,86.7,97.8,67.9,4.58,41.79,25.69,J17WL,665.7,A,2024-10-14
1997-08-07,0.0,75.1,86.7,98.3,68.7,2.09,41.66,26.41,J17WL,665.4,A,2024-10-14
1997-08-08,0.71,70.3,83.0,95.7,70.7,0.54,35.09,20.42,J17WL,666.4,A,2024-10-14
1997-08-09,0.08,69.7,76.5,83.3,71.0,0.42,11.87,9.07,J17WL,667.4,A,2024-10-14
1997-08-10,0.0,74.6,86.1,97.6,72.1,1.44,39.89,22.14,J17WL,667.5,A,2024-10-14
1997-08-11,0.0,77.7,86.9,96.1,71.3,3.62,35.65,24.34,J17WL,665.87,A,2024-11-19
1997-08-12,0.0,76.7,86.7,96.8,71.7,3.11,36.92,22.88,J17WL,665.18,A,2024-11-19
1997-08-13,0.0,76.3,86.5,96.7,70.4,2.29,36.94,24.45,J17WL,665.08,A,2024-11-19
1997-08-14,0.0,74.8,85.4,96.0,69.8,2.39,36.51,24.44,J17WL,664.54,A,2024-11-19
1997-08-15,0.0,75.1,86.0,96.8,69.4,2.4,38.81,25.77,J17WL,664.02,A,2024-11-19
1997-08-16,0.0,77.1,87.3,97.5,71.1,4.8,37.81,25.45,J17WL,663.64,A,2024-11-21
1997-08-17,0.0,79.1,89.0,98.9,72.7,4.88,39.26,24.68,J17WL,663.1,A,2024-10-14
1997-08-18,0.0,77.9,89.4,100.9,70.0,3.79,47.52,25.4,J17WL,662.8,A,2024-10-14
1997-08-19,0.0,75.1,86.9,98.6,70.9,2.0,41.07,23.96,J17WL,661.25,A,2024-11-21
1997-08-20,0.0,75.8,86.8,97.8,69.9,2.56,41.09,23.14,J17WL,661.15,A,2024-11-19
1997-08-21,0.0,75.8,87.5,99.3,69.0,2.81,43.2,25.21,J17WL,660.61,A,2024-11-19
1997-08-22,0.0,76.3,88.0,99.8,67.8,4.21,44.91,25.89,J17WL,660.41,A,2024-11-19
1997-08-23,0.0,78.3,88.5,98.8,67.9,4.95,43.98,22.79,J17WL,660.53,A,2024-11-19
1997-08-24,0.14,74.0,83.8,93.6,71.0,2.47,28.86,19.7,J17WL,661.5,A,2024-11-19
1997-08-25,0.0,69.6,81.6,93.6,65.5,2.1,35.65,22.52,J17WL,661.26,A,2024-11-19
1997-08-26,0.0,70.2,81.2,92.1,63.6,3.14,33.87,23.77,J17WL,661.19,A,2024-11-19
1997-08-27,0.0,69.2,81.0,92.7,63.5,2.47,34.89,24.76,J17WL,660.86,A,2024-11-19
1997-08-28,0.0,70.2,82.6,94.9,66.8,1.6,37.55,25.25,J17WL,660.55,A,2024-11-19
1997-08-29,0.0,75.5,85.8,96.1,69.7,1.59,37.18,23.3,J17WL,660.42,A,2024-11-19
1997-08-30,0.0,74.4,85.5,96.6,68.1,2.38,40.1,22.36,J17WL,660.2,A,2024-11-19
1997-08-31,0.0,74.5,85.1,95.6,67.3,2.55,38.77,24.03,J17WL,659.86,A,2024-11-19
1997-09-01,0.0,73.8,84.5,95.3,67.1,2.44,37.05,24.08,J17WL,659.81,A,2024-11-19
1997-09-02,0.0,72.0,84.0,96.0,66.8,3.23,38.93,22.62,J17WL,659.2,A,2024-11-19
1997-09-03,0.0,73.0,85.0,97.1,65.9,4.2,40.74,23.25,J17WL,659.12,A,2024-11-19
1997-09-04,0.35,71.1,84.0,96.8,69.0,0.49,37.4,12.52,J17WL,660.75,A,2024-11-19
1997-09-05,0.08,72.2,82.0,91.9,71.5,1.87,25.97,18.55,J17WL,661.45,A,2024-11-19
1997-09-06,0.0,70.0,79.9,89.9,66.4,2.2,26.27,19.01,J17WL,661.97,A,2024-11-19
1997-09-07,0.0,70.4,81.6,92.7,63.4,3.43,35.73,22.68,J17WL,662.21,A,2024-11-19
1997-09-08,0.0,70.7,82.9,95.1,70.2,2.05,34.74,22.31,J17WL,661.7,A,2024-11-19
1997-09-09,0.0,74.9,85.4,96.0,70.1,2.41,36.17,22.49,J17WL,661.43,A,2024-11-19
1997-09-10,0.58,71.4,85.6,99.9,69.2,1.12,43.37,17.4,J17WL,662.06,A,2024-11-19
1997-09-11,0.0,72.7,82.8,93.0,63.8,3.03,32.76,22.88,J17WL,662.25,A,2024-11-19
1997-09-12,0.0,71.7,81.7,91.6,64.6,0.93,30.03,20.91,J17WL,662.39,A,2024-11-19
1997-09-13,0.0,73.1,83.8,94.5,70.0,1.04,32.64,19.03,J17WL,662.21,A,2024-11-19
1997-09-14,0.0,73.1,84.3,95.5,70.3,0.69,35.85,20.21,J17WL,661.9,A,2024-11-19
1997-09-15,0.0,73.4,84.5,95.6,70.7,0.63,35.94,19.48,J17WL,661.06,A,2024-11-19
1997-09-16,0.0,74.8,85.5,96.1,69.1,2.14,37.45,22.62,J17WL,660.48,A,2024-11-19
1997-09-17,0.0,75.8,86.4,97.0,69.4,2.49,38.71,22.03,J17WL,659.95,A,2024-11-19
1997-09-18,0.0,75.8,86.4,97.0,69.2,2.73,39.65,21.7,J17WL,659.39,A,2024-11-19
1997-09-19,0.0,73.9,85.2,96.5,69.3,2.23,37.73,20.87,J17WL,659.38,A,2024-11-19
1997-09-20,0.0,73.2,84.3,95.4,68.7,1.67,37.41,20.03,J17WL,659.61,A,2024-11-19
1997-09-21,0.03,73.5,84.0,94.5,70.5,1.47,33.17,18.0,J17WL,660.27,A,2024-11-19
1997-09-22,0.08,73.7,80.7,87.7,72.4,0.42,19.45,12.04,J17WL,661.37,A,2024-11-19
1997-09-23,0.39,73.8,78.6,83.5,74.1,0.22,12.01,8.23,J17WL,662.12,A,2024-11-19
1997-09-24,0.36,68.5,78.6,88.7,70.7,1.51,18.05,10.09,J17WL,662.65,A,2024-11-19
1997-09-25,0.0,61.9,73.7,85.4,60.1,2.58,24.06,16.11,J17WL,662.87,A,2024-11-21
1997-09-26,0.0,60.4,71.3,82.2,58.1,1.8,20.71,17.73,J17WL,663.0,A,2024-10-14
1997-09-27,0.0,60.2,74.0,87.8,57.8,1.49,30.15,22.34,J17WL,663.0,A,2024-10-14
1997-09-28,0.0,61.8,76.1,90.5,60.7,1.5,31.96,22.43,J17WL,662.9,A,2024-10-14
1997-09-29,0.0,64.2,78.2,92.3,63.4,1.37,34.07,22.45,J17WL,662.8,A,2024-10-14
1997-09-30,0.0,65.6,79.4,93.2,62.5,1.74,36.52,22.08,J17WL,662.08,A,2024-11-19
1997-10-01,0.0,65.6,79.1,92.6,64.3,1.35,35.74,20.31,J17WL,661.63,A,2024-11-19
1997-10-02,0.0,66.0,79.5,93.0,62.8,1.78,35.62,21.89,J17WL,661.33,A,2024-11-19
1997-10-03,0.0,68.1,80.2,92.3,64.8,1.47,33.98,20.52,J17WL,661.03,A,2024-11-19
1997-10-04,0.0,71.7,80.9,90.0,67.3,1.33,28.96,18.36,J17WL,661.18,A,2024-11-19
1997-10-05,0.0,71.2,81.3,91.4,68.8,1.53,28.37,14.58,J17WL,661.3,A,2024-11-19
1997-10-06,0.0,69.4,78.5,87.6,66.7,1.7,22.03,14.24,J17WL,661.68,A,2024-11-19
1997-10-07,0.1,70.2,77.1,84.1,69.1,1.22,16.41,9.96,J17WL,662.45,A,2024-11-19
1997-10-08,0.55,70.9,77.1,83.3,71.6,0.18,13.07,12.21,J17WL,663.24,A,2024-11-21
1997-10-09,0.73,72.7,80.2,87.7,73.9,0.26,17.52,10.48,J17WL,663.98,A,2024-11-21
1997-10-10,0.28,73.2,76.8,80.4,71.9,0.57,8.59,4.93,J17WL,665.08,A,2024-11-19
1997-10-11,1.16,70.1,71.9,73.6,71.2,0.0,2.24,1.56,J17WL,666.4,A,2024-11-19
1997-10-12,0.5,72.4,74.5,76.6,72.7,0.13,3.14,3.4,J17WL,667.31,A,2024-11-19
1997-10-13,1.01,61.0,70.0,78.9,69.5,0.24,7.86,3.89,J17WL,667.91,A,2024-11-19
1997-10-14,0.0,51.8,63.8,75.8,43.7,3.9,22.35,19.95,J17WL,668.09,A,2024-11-21
1997-10-15,0.0,47.0,60.3,73.6,38.8,2.28,22.47,20.23,J17WL,669.2,A,2024-10-11
1997-10-16,0.0,47.7,61.9,76.2,43.5,1.6,22.51,20.15,J17WL,668.6,A,2024-10-11
1997-10-17,0.0,48.4,62.2,75.9,46.6,1.08,20.7,19.8,J17WL,668.4,A,2024-10-11
1997-10-18,0.0,50.0,64.8,79.5,48.9,0.99,23.28,17.96,J17WL,668.4,A,2024-10-11
1997-10-19,0.0,52.8,67.5,82.2,50.3,1.27,26.73,19.66,J17WL,668.3,A,2024-10-11
1997-10-20,0.0,53.3,68.1,83.0,55.6,0.32,25.59,19.52,J17WL,668.3,A,2024-10-11
1997-10-21,0.0,57.5,70.0,82.4,60.7,0.13,20.83,16.74,J17WL,668.0,A,2024-10-11
1997-10-22,0.0,58.1,69.4,80.6,57.8,0.26,19.84,16.18,J17WL,667.8,A,2024-10-11
1997-10-23,0.03,58.5,61.7,65.0,57.5,0.24,5.19,8.98,J17WL,667.8,A,2024-10-11
1997-10-24,0.0,59.3,70.5,81.7,63.7,0.08,16.37,9.69,J17WL,668.0,A,2024-10-11
1997-10-25,0.0,60.4,73.5,86.7,64.3,0.25,28.06,18.28,J17WL,667.9,A,2024-10-11
1997-10-26,0.0,53.6,67.1,80.7,46.8,2.19,23.53,13.63,J17WL,667.8,A,2024-10-11
1997-10-27,0.0,37.3,49.9,62.5,32.2,0.92,13.56,12.77,J17WL,667.8,A,2024-10-11
1997-10-28,0.0,39.8,52.7,65.5,38.4,1.23,14.37,17.69,J17WL,667.5,A,2024-10-11
1997-10-29,0.0,50.4,57.6,64.9,52.4,0.59,7.93,8.27,J17WL,667.4,A,2024-10-11
1997-10-30,0.0,57.3,67.1,76.9,62.4,0.0,13.06,12.8,J17WL,667.4,A,2024-10-11
1997-10-31,0.0,66.1,72.9,79.8,66.9,0.19,12.47,9.35,J17WL,666.5,A,2024-10-11
1997-11-01,0.0,59.0,74.2,89.4,49.9,0.76,38.12,16.6,J17WL,666.2,A,2024-10-11
1997-11-02,0.0,46.3,63.5,80.6,39.4,3.31,27.21,17.7,J17WL,666.7,A,2024-10-11
1997-11-03,0.0,43.1,59.7,76.3,35.1,2.55,24.92,17.53,J17WL,665.99,A,2024-11-19
1997-11-04,0.0,42.8,59.1,75.4,36.8,2.16,23.28,17.21,J17WL,666.63,A,2024-11-19
1997-11-05,0.0,49.6,65.1,80.6,60.4,1.34,17.77,13.69,J17WL,666.41,A,2024-11-19
1997-11-06,0.0,54.2,67.5,80.8,54.8,2.17,17.49,9.63,J17WL,666.25,A,2024-11-19
1997-11-07,0.0,43.3,58.2,73.1,38.3,2.37,19.43,16.89,J17WL,666.12,A,2024-11-19
1997-11-08,0.0,43.7,54.3,65.0,39.0,1.96,12.88,14.5,J17WL,666.43,A,2024-11-19
1997-11-09,0.0,44.5,58.1,71.6,51.1,1.34,15.24,12.04,J17WL,666.62,A,2024-11-19
1997-11-10,0.48,49.9,59.9,69.8,57.9,0.02,5.37,3.01,J17WL,666.86,A,2024-11-19
1997-11-11,0.0,43.9,47.7,51.5,39.5,1.83,4.2,4.27,J17WL,667.38,A,2024-11-19
1997-11-12,0.91,42.9,46.1,49.2,42.9,0.07,3.62,3.35,J17WL,668.07,A,2024-11-19
1997-11-13,0.22,48.0,51.6,55.1,49.2,0.08,3.02,2.58,J17WL,668.85,A,2024-11-19
1997-11-14,0.02,45.8,52.4,59.0,50.5,0.0,3.25,4.51,J17WL,668.97,A,2024-11-19
1997-11-15,0.06,38.3,53.9,69.4,48.3,0.17,12.12,15.53,J17WL,669.41,A,2024-11-19
1997-11-16,0.08,34.0,38.9,43.8,34.1,0.3,2.56,2.89,J17WL,669.38,A,2024-11-19
1997-11-17,0.0,33.9,42.6,51.3,29.6,1.15,7.9,14.34,J17WL,669.29,A,2024-11-19
1997-11-18,0.03,44.0,47.0,50.0,36.0,1.34,5.99,5.16,J17WL,669.25,A,2024-11-19
1997-11-19,0.01,41.1,49.5,58.0,46.4,0.0,3.78,3.89,J17WL,669.37,A,2024-11-19
1997-11-20,0.0,46.3,52.9,59.5,48.8,0.1,4.86,6.62,J17WL,669.54,A,2024-11-19
1997-11-21,0.01,48.9,54.5,60.1,54.0,0.01,2.76,2.69,J17WL,669.76,A,2024-11-19
1997-11-22,0.0,42.9,55.9,69.0,47.2,0.37,12.67,13.79,J17WL,669.77,A,2024-11-19
1997-11-23,0.0,41.7,55.9,70.1,43.0,0.48,16.08,14.44,J17WL,669.68,A,2024-11-19
1997-11-24,0.0,42.8,56.5,70.2,42.7,0.82,16.18,15.0,J17WL,669.42,A,2024-11-19
1997-11-25,0.0,45.5,58.8,72.1,57.1,0.08,10.52,9.73,J17WL,669.13,A,2024-11-19
1997-11-26,0.0,64.1,68.7,73.4,65.7,0.38,5.52,3.16,J17WL,669.24,A,2024-11-19
1997-11-27,0.0,66.7,70.9,75.0,65.6,0.73,7.66,4.87,J17WL,669.43,A,2024-11-19
1997-11-28,0.03,67.6,72.6,77.5,64.2,1.8,12.76,6.93,J17WL,669.82,A,2024-11-19
1997-11-29,0.0,53.9,65.5,77.2,53.7,0.65,20.6,9.11,J17WL,669.84,A,2024-11-19
1997-11-30,0.0,44.4,58.6,72.8,40.4,1.55,19.43,14.4,J17WL,669.85,A,2024-11-19
1997-12-01,0.0,41.6,55.9,70.3,37.8,1.11,18.47,14.51,J17WL,669.59,A,2024-11-19
1997-12-02,0.0,41.9,51.4,60.8,46.3,0.71,7.04,9.37,J17WL,669.32,A,2024-11-19
1997-12-03,0.11,51.8,56.0,60.2,55.0,0.02,2.15,1.89,J17WL,669.45,A,2024-11-19
1997-12-04,0.0,37.9,53.8,69.6,43.5,0.34,15.38,11.52,J17WL,669.42,A,2024-11-21
1997-12-05,0.0,37.6,51.8,66.1,37.2,0.63,13.85,14.28,J17WL,669.08,A,2024-11-19
1997-12-06,0.0,37.7,49.4,61.0,34.2,1.1,10.73,14.47,J17WL,669.27,A,2024-11-19
1997-12-07,0.0,38.5,46.3,54.1,31.0,2.52,8.46,10.21,J17WL,669.53,A,2024-11-19
1997-12-08,0.17,46.2,51.3,56.5,49.2,0.09,3.71,0.73,J17WL,669.67,A,2024-11-19
1997-12-09,0.0,45.4,61.5,77.5,49.9,0.1,20.05,13.69,J17WL,669.54,A,2024-11-19
1997-12-10,0.0,41.2,59.2,77.2,43.0,0.21,22.71,9.84,J17WL,669.51,A,2024-11-19
1997-12-11,0.0,40.0,48.2,56.3,30.1,3.25,9.28,11.03,J17WL,669.25,A,2024-11-19
1997-12-12,0.0,38.9,44.5,50.0,25.8,2.89,7.29,11.35,J17WL,669.1,A,2024-11-19
1997-12-13,0.0,22.9,33.1,43.3,24.4,0.34,4.87,4.99,J17WL,669.61,A,2024-11-19
1997-12-14,0.0,23.4,39.9,56.3,20.4,0.6,12.46,14.01,J17WL,669.63,A,2024-11-19
1997-12-15,0.0,30.6,48.2,65.7,26.8,1.05,17.2,14.13,J17WL,669.49,A,2024-11-19
1997-12-16,0.0,31.5,50.8,70.0,29.1,0.93,19.94,13.98,J17WL,669.43,A,2024-11-21
1997-12-17,0.0,33.5,53.0,72.4,34.5,0.6,20.33,14.05,J17WL,669.31,A,2024-11-19
1997-12-18,0.0,33.2,51.4,69.6,30.5,1.18,19.24,14.07,J17WL,669.22,A,2024-11-19
1997-12-19,0.01,33.5,52.8,72.2,39.8,0.13,18.93,14.0,J17WL,669.1,A,2024-11-19
1997-12-20,0.41,52.8,64.5,76.2,60.2,0.12,13.96,7.18,J17WL,669.81,A,2024-11-19
1997-12-21,1.94,42.3,57.6,72.9,56.5,0.02,5.21,2.53,J17WL,671.09,A,2024-11-21
1997-12-22,0.0,42.1,56.3,70.5,41.8,0.59,17.09,13.95,J17WL,671.6,A,2024-10-11
1997-12-23,0.1,42.6,54.9,67.2,48.7,0.55,10.77,8.24,J17WL,671.7,A,2024-10-11
1997-12-24,0.12,39.2,49.6,59.9,47.1,0.09,4.54,3.52,J17WL,671.9,A,2024-10-11
1997-12-25,0.0,40.5,54.6,68.8,37.6,0.94,17.24,14.12,J17WL,672.0,A,2024-10-11
1997-12-26,0.4,42.1,47.9,53.6,40.7,0.62,5.76,7.1,J17WL,672.2,A,2024-10-11
1997-12-27,0.12,33.0,39.2,45.4,34.2,0.64,2.99,2.82,J17WL,672.3,A,2024-10-11
1997-12-28,0.0,28.4,41.8,55.2,27.2,0.4,10.11,14.08,J17WL,672.4,A,2024-10-11
1997-12-29,0.0,31.4,45.1,58.7,24.1,1.79,12.62,13.96,J17WL,672.4,A,2024-10-11
1997-12-30,0.0,32.3,49.5,66.7,24.6,1.68,18.52,14.17,J17WL,672.0,A,2024-10-11
1997-12-31,0.0,35.5,51.7,68.0,30.9,1.59,17.88,13.06,J17WL,671.46,A,2024-11-19
1998-01-01,0.0,44.7,53.0,61.3,29.9,3.97,13.6,12.97,J17WL,671.85,A,2024-11-19
1998-01-02,0.03,47.8,58.1,68.3,53.3,1.06,11.09,4.64,J17WL,672.0,A,2024-11-21
1998-01-03,0.04,61.9,67.1,72.2,60.5,0.61,11.56,3.76,J17WL,672.18,A,2024-10-11
1998-01-04,0.0,63.0,68.1,73.2,62.3,0.59,10.11,6.45,J17WL,672.17,A,2024-10-11
1998-01-05,0.17,64.3,68.0,71.6,64.9,0.09,4.73,2.99,J17WL,672.23,A,2024-10-11
1998-01-06,0.04,65.4,68.4,71.4,65.6,0.18,3.86,2.73,J17WL,672.36,A,2024-10-11
1998-01-07,0.6,45.8,57.4,69.0,54.8,0.15,3.9,2.11,J17WL,673.44,A,2024-11-19
1998-01-08,0.0,38.7,46.7,54.8,34.1,1.42,7.94,8.31,J17WL,673.95,A,2024-11-19
1998-01-09,0.0,36.4,51.4,66.3,31.5,1.14,16.68,14.7,J17WL,674.1,A,2024-11-19
1998-01-10,0.0,36.4,54.8,73.1,40.9,0.23,20.37,14.49,J17WL,674.21,A,2024-11-19
1998-01-11,0.01,49.9,56.8,63.7,51.4,0.01,5.73,7.27,J17WL,674.37,A,2024-11-19
1998-01-12,0.02,54.6,63.4,72.2,59.7,0.1,8.09,7.08,J17WL,674.1,A,2024-11-19
1998-01-13,0.0,56.8,65.5,74.1,59.2,0.14,11.56,10.84,J17WL,673.84,A,2024-11-19
1998-01-14,0.0,47.5,52.1,56.7,46.6,0.16,3.85,2.91,J17WL,673.85,A,2024-11-19
1998-01-15,0.0,43.2,54.5,65.7,47.7,0.06,6.72,5.23,J17WL,673.72,A,2024-11-19
1998-01-16,0.0,35.8,50.6,65.3,31.0,1.16,16.3,15.16,J17WL,673.55,A,2024-11-19
1998-01-17,0.0,38.3,55.2,72.2,37.8,1.88,18.06,15.39,J17WL,673.4,A,2024-11-19
1998-01-18,0.0,42.3,54.7,67.2,43.3,0.31,14.29,14.93,J17WL,673.48,A,2024-11-19
1998-01-19,0.0,44.0,60.2,76.4,38.7,0.59,22.86,15.14,J17WL,673.21,A,2024-11-19
1998-01-20,0.0,43.3,53.4,63.5,38.7,0.42,12.44,15.77,J17WL,673.0,A,2024-11-19
1998-01-21,0.02,50.8,58.5,66.2,56.9,0.1,5.31,5.03,J17WL,672.95,A,2024-11-19
1998-01-22,0.0,47.4,61.7,76.0,57.1,0.04,10.76,8.27,J17WL,672.73,A,2024-11-19
1998-01-23,0.0,34.5,43.0,51.5,39.3,0.24,3.72,6.59,J17WL,672.53,A,2024-11-19
1998-01-24,0.0,34.5,48.5,62.6,38.0,0.48,10.4,16.02,J17WL,672.44,A,2024-11-19
1998-01-25,0.0,36.9,49.3,61.6,36.5,0.87,11.05,15.75,J17WL,672.47,A,2024-11-19
1998-01-26,0.0,46.4,54.7,63.0,50.3,0.3,5.64,3.97,J17WL,672.43,A,2024-11-19
1998-01-27,0.0,36.8,53.7,70.6,33.7,1.47,20.07,16.37,J17WL,672.09,A,2024-11-19
1998-01-28,0.0,36.0,52.4,68.7,34.0,1.17,17.1,16.61,J17WL,671.75,A,2024-11-19
1998-01-29,0.0,38.2,55.3,72.4,45.9,0.39,15.65,15.91,J17WL,671.47,A,2024-11-19
1998-01-30,0.0,47.1,58.8,70.4,52.8,0.26,9.0,7.72,J17WL,671.47,A,2024-11-19
1998-01-31,0.73,56.0,64.8,73.7,55.8,0.25,13.32,9.87,J17WL,672.61,A,2024-11-19
1998-02-01,1.56,55.3,58.9,62.4,57.1,0.07,2.6,2.71,J17WL,673.44,A,2024-11-19
1998-02-02,0.0,51.8,58.2,64.4,51.6,0.37,6.9,9.82,J17WL,673.9,A,2024-11-19
1998-02-03,0.0,39.1,52.6,66.0,43.2,0.71,12.05,15.61,J17WL,674.07,A,2024-11-19
1998-02-04,0.0,39.8,54.7,69.5,40.9,0.76,16.23,17.51,J17WL,674.21,A,2024-11-19
1998-02-05,0.11,42.6,53.2,63.8,42.1,0.63,11.12,17.1,J17WL,674.46,A,2024-11-19
1998-02-06,0.19,43.6,53.8,64.1,45.0,0.69,8.72,11.43,J17WL,674.53,A,2024-11-21
1998-02-07,0.0,34.5,44.8,55.0,36.5,0.59,6.84,11.64,J17WL,674.5,A,2024-10-11
1998-02-08,0.0,35.2,48.1,61.0,40.2,0.32,8.85,17.98,J17WL,674.5,A,2024-10-11
1998-02-09,0.0,41.9,58.2,74.4,45.2,0.18,18.64,15.89,J17WL,674.5,A,2024-10-11
1998-02-10,0.03,43.6,58.9,74.2,57.2,0.05,12.34,9.73,J17WL,674.8,A,2024-10-11
1998-02-11,0.1,39.2,55.1,71.1,43.4,0.54,17.31,10.83,J17WL,674.6,A,2024-10-11
1998-02-12,0.0,40.1,54.6,69.2,40.6,0.79,15.8,17.6,J17WL,674.1,A,2024-10-11
1998-02-13,0.02,43.3,54.7,66.1,46.5,0.27,11.56,10.17,J17WL,674.4,A,2024-10-11
1998-02-14,0.07,46.2,54.3,62.4,46.8,0.6,8.03,12.82,J17WL,674.5,A,2024-10-11
1998-02-15,0.6,47.9,51.4,54.8,49.0,0.2,2.12,2.06,J17WL,675.1,A,2024-10-11
1998-02-16,0.42,48.9,56.1,63.2,49.2,0.08,7.34,9.3,J17WL,675.3,A,2024-10-11
1998-02-17,0.0,46.3,56.8,67.3,38.4,0.33,16.06,17.26,J17WL,675.26,A,2024-11-21
1998-02-18,0.0,40.2,53.6,66.9,38.6,0.66,14.31,18.36,J17WL,675.58,A,2024-11-19
1998-02-19,0.04,40.9,54.5,68.1,50.0,0.05,8.74,10.34,J17WL,675.59,A,2024-11-19
1998-02-20,0.0,40.5,55.5,70.5,40.8,0.59,17.67,18.65,J17WL,675.52,A,2024-11-19
1998-02-21,0.0,40.7,53.8,66.9,44.6,0.31,12.79,20.01,J17WL,675.86,A,2024-11-19
1998-02-22,0.91,44.1,53.1,62.0,50.8,0.15,3.2,1.98,J17WL,676.57,A,2024-11-19
1998-02-23,0.0,43.8,57.5,71.2,46.2,0.16,14.79,16.68,J17WL,676.62,A,2024-11-19
1998-02-24,0.0,44.0,62.6,81.2,46.6,0.41,26.31,20.52,J17WL,676.58,A,2024-11-19
1998-02-25,0.0,48.2,63.3,78.4,56.9,0.75,17.67,19.51,J17WL,676.85,A,2024-11-19
1998-02-26,0.63,55.8,66.9,78.0,58.7,0.97,14.49,13.51,J17WL,677.09,A,2024-11-21
1998-02-27,0.0,39.8,55.2,70.6,33.8,1.87,20.08,20.5,J17WL,677.4,A,2024-10-11
1998-02-28,0.0,40.5,56.3,72.0,33.7,1.88,21.0,16.09,J17WL,677.5,A,2024-10-11
1998-03-01,0.0,35.1,50.3,65.4,30.7,1.66,15.45,15.75,J17WL,677.5,A,2024-10-11
1998-03-02,0.0,34.8,49.7,64.7,27.7,1.33,16.14,21.46,J17WL,677.6,A,2024-10-11
1998-03-03,0.0,35.9,52.2,68.5,35.1,1.11,15.6,19.22,J17WL,677.9,A,2024-10-11
1998-03-04,0.0,49.2,56.7,64.2,42.2,1.94,11.82,10.82,J17WL,677.9,A,2024-10-11
1998-03-05,0.0,58.3,67.0,75.6,61.5,0.79,11.34,7.62,J17WL,677.9,A,2024-10-11
1998-03-06,0.0,54.8,66.7,78.6,59.3,0.47,12.39,9.96,J17WL,677.8,A,2024-10-11
1998-03-07,0.02,52.4,58.0,63.6,50.4,0.21,6.37,4.99,J17WL,677.6,A,2024-10-11
1998-03-08,0.06,47.4,59.9,72.4,50.5,0.1,10.13,11.11,J17WL,677.4,A,2024-10-11
1998-03-09,0.0,35.6,46.3,56.9,28.7,2.16,10.43,21.55,J17WL,677.22,A,2024-11-19
1998-03-10,0.0,34.5,47.1,59.6,22.6,2.59,13.58,22.78,J17WL,677.34,A,2024-11-19
1998-03-11,0.0,34.1,45.4,56.8,21.3,2.61,11.76,22.88,J17WL,677.18,A,2024-11-19
1998-03-12,0.0,37.3,48.0,58.6,27.1,3.48,11.64,13.77,J17WL,677.01,A,2024-11-19
1998-03-13,0.09,41.0,43.3,45.6,36.1,0.59,4.48,5.88,J17WL,677.14,A,2024-11-19
1998-03-14,0.58,43.2,51.1,59.0,51.1,0.0,2.61,2.71,J17WL,677.52,A,2024-11-19
1998-03-15,0.38,58.5,61.2,63.8,60.2,0.19,1.88,0.96,J17WL,677.94,A,2024-11-19
1998-03-16,1.3,55.1,61.2,67.3,60.5,0.31,4.18,3.52,J17WL,679.26,A,2024-11-19
1998-03-17,0.0,47.4,60.2,73.0,48.2,0.89,17.62,17.34,J17WL,680.02,A,2024-11-19
1998-03-18,0.0,49.1,63.2,77.2,48.2,1.23,19.75,23.42,J17WL,680.61,A,2024-11-19
1998-03-19,0.07,52.1,65.5,79.0,57.8,0.13,16.09,24.02,J17WL,681.01,A,2024-11-21
1998-03-20,0.01,40.0,56.2,72.4,35.9,2.4,20.44,20.63,J17WL,681.3,A,
1998-03-21,0.0,39.1,53.5,67.9,35.4,1.72,15.98,24.03,J17WL,681.3,A,
1998-03-22,0.0,39.4,53.9,68.3,35.1,1.42,16.52,24.17,J17WL,681.3,A,
1998-03-23,0.0,41.1,57.3,73.5,41.2,1.42,18.58,24.46,J17WL,681.3,A,
1998-03-24,0.0,47.8,64.1,80.4,50.0,0.93,23.03,24.44,J17WL,681.5,A,
1998-03-25,0.0,60.6,71.4,82.3,59.5,1.73,19.74,22.22,J17WL,680.85,A,2024-11-19
1998-03-26,0.0,62.6,70.8,78.9,60.0,2.29,15.72,20.02,J17WL,680.93,A,2024-11-19
1998-03-27,0.0,65.6,71.8,78.0,61.1,3.06,14.34,14.77,J17WL,681.16,A,2024-11-19
1998-03-28,0.04,62.4,72.4,82.5,53.6,0.82,28.77,19.95,J17WL,680.86,A,2024-11-19
1998-03-29,0.0,66.5,74.6,82.7,63.7,1.43,17.5,19.33,J17WL,680.84,A,2024-11-19
1998-03-30,0.0,68.2,76.0,83.8,65.0,1.96,18.54,15.13,J17WL,680.49,A,2024-11-19
1998-03-31,0.04,52.1,69.6,87.0,58.1,3.02,21.32,16.93,J17WL,680.17,A,2024-11-19
1998-04-01,0.0,40.9,58.1,75.3,34.1,1.51,24.36,25.53,J17WL,680.0,A,2024-11-19
1998-04-02,0.0,43.1,61.3,79.5,39.4,1.28,26.66,25.72,J17WL,679.8,A,2024-11-19
1998-04-03,0.0,50.0,65.5,81.0,57.1,0.88,17.67,21.21,J17WL,679.47,A,2024-11-19
1998-04-04,0.0,47.2,65.1,83.0,39.2,2.25,31.22,25.98,J17WL,679.29,A,2024-11-21
1998-04-05,0.0,47.4,61.5,75.5,44.8,1.69,19.27,26.2,J17WL,678.96,Q,2024-11-19
1998-04-06,0.0,49.6,63.6,77.7,53.9,1.19,18.43,25.86,J17WL,678.44,A,2024-11-19
1998-04-07,0.0,61.4,67.8,74.3,63.6,0.17,8.96,10.52,J17WL,678.41,A,2024-11-19
1998-04-08,0.01,62.5,73.4,84.3,61.9,0.49,22.31,23.58,J17WL,677.94,A,2024-11-19
1998-04-09,0.0,48.9,66.4,83.9,39.3,2.87,33.46,23.66,J17WL,677.59,A,2024-11-19
1998-04-10,0.0,46.9,62.7,78.5,43.0,1.66,23.52,26.61,J17WL,677.19,A,2024-11-19
1998-04-11,0.0,48.0,64.0,79.9,45.5,1.49,24.37,26.89,J17WL,676.98,A,2024-11-19
1998-04-12,0.0,50.0,65.3,80.6,53.6,0.96,22.38,26.68,J17WL,676.84,A,2024-11-19
1998-04-13,0.0,61.6,71.7,81.9,60.8,1.36,19.65,17.28,J17WL,676.96,A,2024-11-19
1998-04-14,0.02,66.4,75.8,85.3,64.2,0.72,22.32,19.34,J17WL,676.54,A,2024-11-19
1998-04-15,0.0,66.1,75.3,84.5,65.3,0.71,19.45,22.28,J17WL,676.03,A,2024-11-19
1998-04-16,0.0,67.5,75.5,83.6,66.2,1.58,16.23,13.78,J17WL,675.68,A,2024-11-19
1998-04-17,0.0,58.5,70.8,83.0,44.1,6.2,29.51,26.23,J17WL,675.14,A,2024-11-19
1998-04-18,0.05,54.4,63.7,72.9,43.4,3.08,18.02,19.15,J17WL,675.54,A,2024-11-19
1998-04-19,0.0,48.0,61.3,74.6,48.1,0.69,18.51,19.68,J17WL,675.63,A,2024-11-19
1998-04-20,0.0,49.5,63.8,78.1,49.9,0.74,20.94,26.48,J17WL,674.87,A,2024-11-19
1998-04-21,0.0,54.3,66.4,78.6,53.1,1.6,19.19,26.66,J17WL,674.23,A,2024-11-19
1998-04-22,0.0,45.1,60.3,75.4,43.4,1.69,21.69,23.43,J17WL,673.56,A,2024-11-19
1998-04-23,0.0,46.6,63.3,80.1,42.2,1.71,26.02,26.99,J17WL,672.17,A,2024-11-19
1998-04-24,0.0,51.1,67.7,84.3,48.7,0.96,30.16,27.46,J17WL,671.61,A,2024-11-19
1998-04-25,0.0,55.3,71.9,88.6,52.8,1.12,34.87,27.38,J17WL,670.89,A,2024-11-19
1998-04-26,0.0,64.7,72.2,79.7,62.1,2.47,15.68,17.69,J17WL,670.49,A,2024-11-19
1998-04-27,0.02,68.4,75.4,82.3,66.6,0.48,15.74,11.0,J17WL,669.88,A,2024-11-19
1998-04-28,0.0,51.9,63.3,74.8,54.3,0.91,15.09,15.7,J17WL,669.24,A,2024-11-19
1998-04-29,0.01,53.2,64.7,76.2,48.9,2.65,19.32,24.95,J17WL,668.0,A,2024-11-19
1998-04-30,0.0,52.0,65.8,79.7,46.0,2.56,24.68,27.88,J17WL,667.08,A,2024-11-19
1998-05-01,0.0,60.8,73.8,86.8,47.4,6.18,32.92,27.56,J17WL,665.94,A,2024-11-19
1998-05-02,0.0,63.5,79.0,94.4,54.4,1.27,44.97,27.59,J17WL,665.19,A,2024-11-19
1998-05-03,0.0,66.6,80.6,94.5,64.1,1.14,36.3,25.55,J17WL,663.77,A,2024-11-19
1998-05-04,0.0,67.9,77.3,86.7,65.1,2.11,21.96,25.08,J17WL,662.57,A,2024-11-19
1998-05-05,0.0,65.8,75.7,85.6,65.9,0.69,19.43,21.64,J17WL,662.33,A,2024-11-19
1998-05-06,0.0,69.1,78.1,87.2,68.9,1.12,18.69,18.26,J17WL,661.83,A,2024-11-19
1998-05-07,0.0,66.2,79.3,92.5,68.9,0.86,27.12,19.62,J17WL,661.15,A,2024-11-19
1998-05-08,0.0,68.1,83.9,99.6,66.7,0.15,46.62,25.31,J17WL,659.96,A,2024-11-19
1998-05-09,0.0,71.2,79.7,88.3,69.6,0.81,20.11,19.86,J17WL,660.13,A,2024-11-19
1998-05-10,0.0,63.9,80.5,97.1,42.0,7.16,53.56,28.1,J17WL,659.1,A,2024-11-19
1998-05-11,0.0,59.5,76.0,92.6,54.0,2.96,39.46,28.41,J17WL,658.48,A,2024-11-19
1998-05-12,0.0,64.6,77.0,89.3,60.9,1.39,30.66,26.46,J17WL,657.83,A,2024-11-19
1998-05-13,0.0,67.9,76.8,85.7,66.6,1.37,19.89,22.4,J17WL,657.14,A,2024-11-19
1998-05-14,0.0,72.9,80.7,88.5,69.6,2.07,23.18,19.46,J17WL,656.68,A,2024-11-19
1998-05-15,0.0,73.8,81.5,89.1,71.7,1.94,20.6,13.18,J17WL,656.39,A,2024-11-19
1998-05-16,0.0,72.7,81.7,90.7,68.4,1.33,29.42,18.19,J17WL,655.69,A,2024-11-19
1998-05-17,0.0,68.8,77.0,85.1,69.7,0.89,15.62,13.61,J17WL,655.77,A,2024-11-19
1998-05-18,0.0,63.5,77.7,92.0,64.3,1.36,31.42,23.83,J17WL,655.18,A,2024-11-19
1998-05-19,0.0,63.7,77.4,91.1,61.9,1.27,30.52,23.39,J17WL,654.52,A,2024-11-19
1998-05-20,0.0,65.5,79.3,93.2,61.7,1.32,40.05,26.79,J17WL,653.8,A,2024-11-19
1998-05-21,0.0,70.2,81.8,93.3,65.1,2.77,34.74,25.27,J17WL,653.13,A,2024-11-19
1998-05-22,0.0,70.6,82.7,94.8,65.3,2.68,36.9,27.21,J17WL,652.11,A,2024-11-19
1998-05-23,0.0,72.4,84.2,95.9,65.6,4.09,39.54,26.74,J17WL,651.95,A,2024-11-19
1998-05-24,0.0,72.6,82.1,91.6,68.2,2.34,30.01,19.68,J17WL,651.54,A,2024-11-19
1998-05-25,0.0,73.0,82.9,92.7,67.9,2.41,29.83,22.94,J17WL,651.13,A,2024-11-19
1998-05-26,0.0,74.3,82.3,90.4,70.8,2.95,22.86,17.26,J17WL,650.83,A,2024-11-19
1998-05-27,0.4,65.1,77.8,90.5,69.9,0.72,24.24,14.95,J17WL,651.23,A,2024-11-19
1998-05-28,0.0,65.9,78.6,91.3,68.3,0.97,25.95,22.96,J17WL,651.96,A,2024-11-19
1998-05-29,0.0,71.3,82.5,93.7,66.6,1.68,33.63,27.51,J17WL,651.75,A,2024-11-19
1998-05-30,0.0,72.3,84.3,96.2,67.2,1.7,39.21,27.29,J17WL,651.01,A,2024-11-19
1998-05-31,0.0,72.4,84.9,97.3,67.8,1.46,41.34,26.15,J17WL,650.22,A,2024-11-19
1998-06-01,0.0,72.1,85.4,98.7,66.7,1.69,44.44,27.58,J17WL,649.19,A,2024-11-19
1998-06-02,0.0,72.8,85.7,98.6,65.5,1.89,46.19,28.54,J17WL,648.52,A,2024-11-19
1998-06-03,0.0,74.5,86.4,98.3,68.6,3.35,42.64,28.18,J17WL,647.39,A,2024-11-19
1998-06-04,0.0,78.8,88.7,98.7,72.5,5.07,37.59,25.55,J17WL,646.91,A,2024-11-19
1998-06-05,0.0,78.9,89.3,99.7,74.5,4.12,36.96,21.58,J17WL,646.1,A,2024-11-19
1998-06-06,0.0,67.3,80.8,94.3,69.7,3.39,27.75,17.87,J17WL,646.82,A,2024-11-19
1998-06-07,0.0,66.8,77.4,88.0,60.1,3.64,29.63,28.04,J17WL,646.41,A,2024-11-19
1998-06-08,0.0,71.1,77.5,83.8,70.2,4.17,14.9,13.95,J17WL,646.93,A,2024-11-19
1998-06-09,0.0,78.1,87.5,96.9,71.3,5.15,34.43,23.54,J17WL,646.02,A,2024-11-19
1998-06-10,0.0,79.1,88.7,98.3,72.2,5.34,38.73,25.73,J17WL,644.98,A,2024-11-19
1998-06-11,0.46,73.1,85.3,97.6,71.9,1.95,35.63,21.61,J17WL,646.59,A,2024-11-19
1998-06-12,0.17,72.2,81.8,91.5,72.7,0.47,23.7,18.64,J17WL,648.1,A,2024-11-19
1998-06-13,0.0,76.1,85.6,95.1,72.2,2.43,30.73,25.27,J17WL,648.88,A,2024-11-19
1998-06-14,0.0,76.4,88.8,101.2,70.2,3.31,49.8,28.49,J17WL,649.68,A,2024-11-19
1998-06-15,0.0,71.5,88.7,105.8,63.9,4.25,61.39,29.44,J17WL,649.43,A,2024-11-19
1998-06-16,0.0,73.8,90.7,107.6,63.8,6.42,70.84,27.11,J17WL,648.44,A,2024-11-19
1998-06-17,0.0,75.5,88.5,101.5,69.0,2.95,47.82,27.27,J17WL,647.74,A,2024-11-19
1998-06-18,0.0,78.8,88.4,98.1,73.3,4.24,35.16,26.02,J17WL,647.13,A,2024-11-19
1998-06-19,0.0,78.9,89.6,100.2,72.1,4.87,42.93,26.73,J17WL,646.22,A,2024-11-19
1998-06-20,0.0,79.1,90.2,101.3,72.4,4.29,44.97,25.72,J17WL,645.65,A,2024-11-19
1998-06-21,0.0,76.8,89.5,102.1,69.9,4.46,49.77,28.27,J17WL,644.95,A,2024-11-19
1998-06-22,0.0,77.5,88.9,100.2,70.2,4.35,45.22,27.08,J17WL,644.51,A,2024-11-19
1998-06-23,0.0,76.2,87.5,98.8,69.8,3.17,42.65,25.93,J17WL,642.71,A,2024-11-19
1998-06-24,0.0,76.4,87.5,98.6,68.5,3.28,43.08,26.15,J17WL,642.19,A,2024-11-19
1998-06-25,0.0,75.5,86.9,98.2,68.9,2.81,40.95,25.16,J17WL,641.94,A,2024-11-19
1998-06-26,0.0,74.8,86.8,98.8,68.9,3.47,42.41,25.94,J17WL,641.5,A,2024-11-19
1998-06-27,0.0,78.6,88.5,98.3,70.2,5.53,38.3,26.25,J17WL,641.85,A,2024-11-19
1998-06-28,0.0,78.9,89.7,100.5,71.7,4.61,42.51,26.2,J17WL,641.15,A,2024-11-19
1998-06-29,0.0,79.5,88.5,97.5,74.6,3.61,35.0,20.7,J17WL,643.05,A,2024-11-19
1998-06-30,0.34,76.2,84.8,93.3,74.8,1.34,26.63,20.42,J17WL,644.37,A,2024-11-19
1998-07-01,0.0,77.9,88.2,98.6,72.3,2.34,40.21,23.28,J17WL,644.77,A,2024-11-19
1998-07-02,0.0,76.4,87.7,98.9,71.0,2.94,40.94,25.43,J17WL,645.74,A,2024-11-19
1998-07-03,0.0,76.7,87.0,97.3,69.6,2.64,40.04,27.27,J17WL,646.63,A,2024-11-19
1998-07-04,0.12,75.9,83.8,91.7,74.4,0.3,23.63,16.24,J17WL,647.89,A,2024-11-19
1998-07-05,0.06,78.3,84.7,91.0,74.5,2.62,23.44,21.95,J17WL,648.86,A,2024-11-19
1998-07-06,0.0,75.4,86.7,97.9,71.9,1.56,39.2,25.55,J17WL,648.61,A,2024-11-19
1998-07-07,0.0,75.8,88.5,101.2,71.6,1.92,46.51,26.93,J17WL,648.58,A,2024-11-19
1998-07-08,0.0,76.4,89.2,102.0,68.4,2.87,53.01,28.2,J17WL,647.42,A,2024-11-19
1998-07-09,0.0,77.2,87.6,98.0,71.1,2.67,39.1,26.94,J17WL,647.61,A,2024-11-19
1998-07-10,0.0,78.0,88.2,98.4,72.1,2.98,40.09,22.92,J17WL,646.13,A,2024-11-19
1998-07-11,0.0,77.3,88.4,99.5,70.6,2.81,42.95,27.36,J17WL,646.69,A,2024-11-19
1998-07-12,0.0,77.2,89.4,101.5,71.0,3.24,47.03,28.1,J17WL,645.53,A,2024-11-19
1998-07-13,0.0,78.4,90.5,102.6,71.4,4.54,49.2,28.22,J17WL,645.23,A,2024-11-19
1998-07-14,0.02,76.6,88.6,100.5,72.8,3.69,41.02,23.95,J17WL,645.78,A,2024-11-19
1998-07-15,0.0,74.5,88.2,101.9,69.3,4.96,47.22,25.08,J17WL,646.39,A,2024-11-19
1998-07-16,0.0,76.0,87.8,99.7,70.9,2.94,42.22,24.77,J17WL,646.57,A,2024-11-19
1998-07-17,0.0,76.1,88.3,100.4,67.5,4.17,47.57,27.94,J17WL,644.85,A,2024-11-19
1998-07-18,0.0,75.8,89.0,102.2,65.3,4.26,53.26,28.51,J17WL,645.38,A,2024-11-19
1998-07-19,0.0,75.8,88.7,101.5,68.1,3.76,48.88,27.93,J17WL,644.17,A,2024-11-19
1998-07-20,0.0,76.7,88.5,100.2,69.6,3.19,44.96,26.29,J17WL,643.67,A,2024-11-19
1998-07-21,0.0,78.1,88.8,99.5,70.5,3.61,43.3,25.46,J17WL,643.79,A,2024-11-19
1998-07-22,0.0,78.2,89.2,100.3,70.1,4.19,46.09,26.59,J17WL,643.33,A,2024-11-19
1998-07-23,0.0,75.5,87.8,100.1,69.0,2.57,45.76,26.87,J17WL,643.7,A,2024-11-19
1998-07-24,0.0,75.4,87.8,100.1,69.8,2.18,45.58,25.97,J17WL,642.27,A,2024-11-19
1998-07-25,0.0,76.6,88.8,100.9,69.3,2.96,47.31,26.65,J17WL,643.31,A,2024-11-19
1998-07-26,0.0,77.5,89.5,101.5,69.2,3.1,49.57,26.78,J17WL,642.38,A,2024-11-19
1998-07-27,0.0,77.6,88.8,100.1,70.2,3.49,44.97,25.44,J17WL,641.32,A,2024-11-19
1998-07-28,0.01,77.4,88.2,99.1,69.4,3.42,42.88,25.66,J17WL,641.86,A,2024-11-19
1998-07-29,0.0,74.1,87.1,100.1,68.5,2.53,45.22,25.62,J17WL,642.02,A,2024-11-19
1998-07-30,0.0,75.7,88.2,100.8,68.2,2.63,48.22,27.02,J17WL,641.89,A,2024-11-19
1998-07-31,0.0,75.0,87.8,100.6,67.8,1.79,48.61,27.44,J17WL,640.78,A,2024-11-19
1998-08-01,0.0,74.3,87.9,101.4,66.9,2.08,50.51,26.01,J17WL,641.12,A,2024-11-19
1998-08-02,0.0,77.3,89.3,101.3,66.6,3.46,48.1,26.53,J17WL,640.02,A,2024-11-19
1998-08-03,0.0,77.6,89.7,101.8,66.3,8.93,48.32,27.6,J17WL,639.97,A,2024-11-19
1998-08-04,0.0,77.8,90.3,102.8,67.0,7.07,50.4,25.56,J17WL,640.42,A,2024-11-19
1998-08-05,0.23,77.1,88.9,100.7,69.7,3.66,45.95,26.57,J17WL,641.66,A,2024-11-19
1998-08-06,0.46,73.3,85.5,97.8,71.0,0.65,37.96,18.53,J17WL,644.87,A,2024-11-19
1998-08-07,0.68,72.0,78.7,85.3,70.9,0.3,17.61,15.72,J17WL,646.37,A,2024-11-19
1998-08-08,0.0,72.1,80.3,88.4,72.3,1.12,19.02,19.54,J17WL,646.86,A,2024-11-19
1998-08-09,0.0,76.2,86.3,96.4,69.8,2.0,38.69,25.3,J17WL,647.4,A,2024-11-19
1998-08-10,0.0,75.6,86.2,96.8,70.3,1.59,38.11,25.91,J17WL,646.78,A,2024-11-19
1998-08-11,0.0,75.9,86.7,97.5,69.1,1.62,39.69,26.69,J17WL,646.63,A,2024-11-19
1998-08-12,0.0,76.4,87.7,99.0,68.0,3.11,45.22,26.96,J17WL,646.3,A,2024-11-19
1998-08-13,0.0,76.8,87.7,98.6,69.2,3.27,42.58,25.7,J17WL,646.59,A,2024-11-19
1998-08-14,0.38,77.1,87.3,97.6,72.1,2.81,36.37,19.17,J17WL,648.56,A,2024-11-19
1998-08-15,0.77,70.1,79.2,88.3,71.0,0.24,19.83,11.76,J17WL,649.63,A,2024-11-19
1998-08-16,0.0,71.5,81.7,91.9,70.5,1.6,26.34,24.16,J17WL,650.76,A,2024-11-19
1998-08-17,0.31,75.5,81.6,87.6,73.7,0.65,15.4,21.21,J17WL,651.55,A,2024-11-19
1998-08-18,0.5,75.4,81.2,87.0,74.7,0.22,14.12,13.88,J17WL,652.89,A,2024-11-19
1998-08-19,0.02,75.0,82.0,88.9,74.3,0.34,19.44,18.97,J17WL,653.73,A,2024-11-19
1998-08-20,0.0,74.5,83.8,93.1,71.6,0.95,27.68,22.15,J17WL,654.09,A,2024-11-19
1998-08-21,0.0,74.7,85.8,96.9,70.6,2.84,38.17,20.86,J17WL,653.8,A,2024-11-19
1998-08-22,0.18,74.5,83.6,92.8,70.5,1.78,28.46,22.64,J17WL,656.19,A,2024-11-19
1998-08-23,3.43,72.9,74.9,76.8,72.2,0.45,10.33,2.44,J17WL,659.26,A,2024-11-19
1998-08-24,0.91,73.9,80.7,87.5,74.8,0.02,16.48,13.3,J17WL,660.58,A,2024-11-19
1998-08-25,0.23,76.1,82.9,89.7,75.6,0.64,18.3,16.46,J17WL,661.4,A,2024-11-19
1998-08-26,0.0,77.1,84.1,91.2,75.0,0.74,21.72,21.94,J17WL,662.14,A,2024-11-19
1998-08-27,0.0,77.5,84.2,90.8,75.0,0.95,19.42,20.5,J17WL,662.32,A,2024-11-19
1998-08-28,0.0,75.2,83.7,92.1,72.7,1.25,25.69,22.98,J17WL,662.29,A,2024-11-19
1998-08-29,0.0,74.5,83.9,93.2,69.6,2.49,29.38,23.59,J17WL,662.33,A,2024-11-19
1998-08-30,0.0,72.8,84.5,96.1,68.5,4.01,35.36,24.91,J17WL,662.21,A,2024-11-19
1998-08-31,0.0,72.8,82.9,92.9,69.9,3.21,26.2,23.32,J17WL,661.83,A,2024-11-19
1998-09-01,0.0,72.7,82.3,92.0,71.3,1.69,25.16,18.69,J17WL,662.01,A,2024-11-19
1998-09-02,0.0,72.9,83.0,93.0,69.6,2.76,29.12,24.26,J17WL,662.2,A,2024-11-19
1998-09-03,0.0,73.1,83.4,93.7,67.4,4.03,32.79,22.53,J17WL,662.09,A,2024-11-19
1998-09-04,0.0,73.9,84.4,94.9,68.7,4.53,33.58,22.33,J17WL,661.64,A,2024-11-19
1998-09-05,0.0,72.4,84.0,95.7,69.2,2.69,32.45,23.96,J17WL,661.18,A,2024-11-19
1998-09-06,0.0,71.0,81.1,91.3,68.0,1.63,29.03,23.63,J17WL,660.8,A,2024-11-19
1998-09-07,0.0,72.2,81.7,91.2,70.5,1.22,26.72,18.67,J17WL,660.82,A,2024-11-19
1998-09-08,0.0,72.3,82.2,92.1,68.7,1.83,30.16,21.61,J17WL,660.34,A,2024-11-19
1998-09-09,0.1,72.6,81.7,90.7,70.3,2.21,24.67,19.51,J17WL,660.75,A,2024-11-19
1998-09-10,0.01,74.2,83.6,93.0,67.0,4.14,29.16,22.54,J17WL,660.89,A,2024-11-19
1998-09-11,0.47,71.3,75.0,78.7,67.4,0.89,14.67,6.76,J17WL,661.93,A,2024-11-19
1998-09-12,0.79,71.7,73.8,76.0,70.7,0.74,5.03,3.13,J17WL,662.83,A,2024-11-19
1998-09-13,0.09,72.0,74.8,77.6,70.9,0.57,7.22,4.6,J17WL,663.47,A,2024-11-19
1998-09-14,0.0,72.2,79.3,86.4,71.7,0.9,18.52,14.17,J17WL,663.25,A,2024-11-19
1998-09-15,0.04,75.8,79.9,84.1,74.5,1.17,10.61,13.73,J17WL,663.37,A,2024-11-19
1998-09-16,0.15,73.8,80.8,87.7,73.5,0.29,16.74,13.9,J17WL,663.55,A,2024-11-19
1998-09-17,0.22,73.7,75.0,76.4,73.0,0.3,2.86,2.69,J17WL,664.22,A,2024-11-19
1998-09-18,0.0,73.7,78.8,83.9,71.6,1.74,13.96,16.84,J17WL,664.49,A,2024-11-19
1998-09-19,0.0,71.6,79.5,87.5,70.2,2.2,19.93,17.74,J17WL,664.68,A,2024-11-19
1998-09-20,0.0,72.1,80.7,89.3,70.9,1.38,21.7,19.78,J17WL,664.66,A,2024-11-19
1998-09-21,0.0,72.6,81.4,90.2,73.4,0.51,21.23,21.22,J17WL,664.17,A,2024-11-19
1998-09-22,0.0,75.3,82.8,90.3,73.9,0.97,21.06,20.85,J17WL,663.86,A,2024-11-19
1998-09-23,0.02,74.4,82.7,91.1,73.6,1.16,22.65,20.09,J17WL,663.31,A,2024-11-19
1998-09-24,0.0,73.1,81.9,90.6,73.0,0.83,21.73,17.89,J17WL,663.14,A,2024-11-19
1998-09-25,0.0,72.8,81.5,90.2,72.2,0.27,22.69,20.55,J17WL,662.64,A,2024-11-19
1998-09-26,0.0,73.7,81.0,88.3,72.3,0.22,19.99,19.63,J17WL,662.63,A,2024-11-19
1998-09-27,0.0,73.9,82.0,90.0,73.2,0.79,21.51,15.42,J17WL,662.55,A,2024-11-19
1998-09-28,0.0,71.8,80.9,89.9,70.3,1.35,23.74,19.22,J17WL,661.92,A,2024-11-19
1998-09-29,0.0,72.1,82.6,93.1,71.3,1.99,27.59,20.62,J17WL,661.72,A,2024-11-19
1998-09-30,0.0,72.1,83.1,94.0,70.9,1.46,29.18,20.34,J17WL,661.54,A,2024-11-19
1998-10-01,0.0,72.6,82.2,91.8,69.8,1.68,27.08,21.15,J17WL,661.08,A,2024-11-19
1998-10-02,0.01,73.8,82.2,90.7,69.6,1.68,26.93,18.85,J17WL,660.79,A,2024-11-19
1998-10-03,0.0,75.3,82.1,88.8,73.0,1.88,19.88,14.68,J17WL,661.23,A,2024-11-19
1998-10-04,0.0,75.9,83.8,91.6,72.8,2.14,25.79,19.19,J17WL,660.93,A,2024-11-19
1998-10-05,0.0,77.3,85.0,92.7,73.3,2.01,26.9,17.84,J17WL,660.41,A,2024-11-19
1998-10-06,2.7,56.7,74.2,91.7,69.6,0.13,23.84,14.21,J17WL,662.3,A,2024-11-19
1998-10-07,0.07,50.2,61.2,72.1,52.2,0.4,14.2,10.12,J17WL,663.48,A,2024-11-19
1998-10-08,0.0,50.9,65.6,80.3,49.0,1.2,25.36,20.94,J17WL,664.24,A,2024-11-19
1998-10-09,0.0,53.1,66.9,80.6,51.8,1.17,23.4,21.02,J17WL,664.46,A,2024-11-19
1998-10-10,0.0,54.0,66.4,78.9,54.7,0.9,19.23,20.92,J17WL,664.7,A,2024-11-19
1998-10-11,0.0,54.6,67.0,79.4,58.1,0.34,17.45,20.0,J17WL,664.93,A,2024-11-19
1998-10-12,0.0,60.6,71.6,82.6,65.3,0.04,16.81,15.96,J17WL,664.69,A,2024-11-19
1998-10-13,0.0,68.5,76.6,84.7,67.2,0.24,18.71,15.88,J17WL,664.53,A,2024-11-19
1998-10-14,0.0,66.1,75.2,84.4,65.4,0.95,19.01,16.28,J17WL,664.45,A,2024-11-19
1998-10-15,0.0,61.6,71.5,81.4,62.9,0.49,16.83,14.45,J17WL,664.35,A,2024-11-19
1998-10-16,0.0,61.4,72.5,83.6,67.4,0.0,16.92,15.13,J17WL,664.21,A,2024-11-19
1998-10-17,0.8,67.3,76.9,86.5,71.5,0.1,19.43,13.3,J17WL,669.46,A,2024-11-19
1998-10-18,13.33,69.9,74.1,78.3,71.9,0.16,3.43,2.51,J17WL,676.18,A,2024-11-19
1998-10-19,0.92,58.7,64.4,70.0,60.2,0.08,4.52,3.18,J17WL,679.84,A,2024-11-19
1998-10-20,0.79,58.7,60.9,63.1,60.6,0.0,1.71,1.03,J17WL,681.9,A,2024-11-19
1998-10-21,0.06,60.7,64.8,69.0,63.2,0.39,3.18,2.2,J17WL,682.88,A,2024-11-19
1998-10-22,0.0,59.0,60.6,62.2,54.7,1.53,5.02,4.12,J17WL,683.61,A,2024-11-19
1998-10-23,0.0,49.8,61.4,73.0,52.3,1.09,13.38,15.27,J17WL,684.44,A,2024-11-19
1998-10-24,0.0,46.4,57.6,68.8,44.6,0.91,14.57,18.17,J17WL,685.1,A,2024-11-19
1998-10-25,0.0,46.5,59.8,73.1,55.0,0.54,12.44,17.53,J17WL,685.65,A,2024-11-19
1998-10-26,0.0,57.8,67.6,77.4,64.2,0.08,11.75,13.07,J17WL,685.9,A,2024-11-19
1998-10-27,0.0,68.3,74.7,81.1,66.8,0.75,14.99,11.67,J17WL,686.24,A,2024-11-19
1998-10-28,0.0,68.3,74.7,81.1,68.2,0.82,12.79,9.45,J17WL,686.6,A,2024-11-19
1998-10-29,0.0,68.1,74.3,80.5,68.4,0.46,11.59,8.28,J17WL,686.74,A,2024-11-19
1998-10-30,0.0,68.8,75.2,81.7,66.9,1.15,15.58,14.21,J17WL,686.68,A,2024-11-19
1998-10-31,0.0,68.8,74.8,80.9,67.2,1.13,14.08,12.9,J17WL,686.82,A,2024-11-19
1998-11-01,0.56,61.9,71.7,81.5,68.1,0.82,14.24,9.19,J17WL,687.05,A,2024-11-19
1998-11-02,0.39,50.3,63.0,75.7,54.2,0.59,16.1,9.86,J17WL,687.45,A,2024-11-19
1998-11-03,0.0,51.2,63.2,75.2,52.7,0.55,16.27,17.17,J17WL,687.5,A,2024-11-19
1998-11-04,0.0,55.1,66.3,77.5,58.0,0.73,15.97,15.84,J17WL,687.58,A,2024-11-19
1998-11-05,0.53,45.9,54.8,63.7,49.5,0.54,7.02,8.94,J17WL,687.8,A,2024-11-19
1998-11-06,0.0,46.9,50.2,53.5,41.5,1.58,4.83,6.91,J17WL,687.82,A,2024-11-19
1998-11-07,0.31,47.0,50.2,53.4,45.3,0.48,5.37,3.99,J17WL,688.26,A,2024-11-19
1998-11-08,0.05,53.9,57.8,61.7,56.7,0.03,4.18,1.24,J17WL,688.3,A,2024-11-19
1998-11-09,0.02,58.6,63.3,68.0,60.1,0.1,4.27,4.1,J17WL,688.28,A,2024-11-19
1998-11-10,0.01,65.5,70.8,76.0,68.0,0.29,7.63,4.75,J17WL,688.17,A,2024-11-19
1998-11-11,0.0,46.4,59.0,71.5,38.3,2.23,19.47,13.59,J17WL,688.07,A,2024-11-19
1998-11-12,0.05,47.2,57.9,68.5,42.9,1.12,15.42,13.43,J17WL,688.03,A,2024-11-19
1998-11-13,0.26,53.5,55.3,57.1,53.0,0.1,3.13,0.99,J17WL,688.17,A,2024-11-19
1998-11-14,0.99,54.5,56.7,58.9,54.7,0.12,2.93,2.06,J17WL,688.41,A,2024-11-19
1998-11-15,0.15,55.0,58.3,61.7,56.3,0.12,2.51,2.48,J17WL,688.67,A,2024-11-19
1998-11-16,0.0,47.8,58.5,69.2,53.9,0.14,8.25,11.01,J17WL,688.7,A,2024-11-19
1998-11-17,0.0,47.6,60.2,72.7,55.6,0.13,9.86,9.71,J17WL,688.61,A,2024-11-19
1998-11-18,0.0,52.6,63.0,73.4,60.8,0.04,7.44,11.96,J17WL,688.8,A,2024-11-19
1998-11-19,0.01,63.3,70.0,76.8,64.6,0.28,10.8,8.76,J17WL,688.7,A,2024-11-19
1998-11-20,0.0,58.2,68.3,78.4,65.7,0.54,11.3,7.9,J17WL,688.64,A,2024-11-19
1998-11-21,0.0,54.5,59.9,65.3,48.4,2.67,9.2,10.69,J17WL,688.89,A,2024-11-19
1998-11-22,0.0,48.1,57.6,67.1,46.2,0.89,12.37,10.0,J17WL,688.94,A,2024-11-19
1998-11-23,0.0,47.8,60.2,72.5,55.8,0.03,10.97,15.38,J17WL,688.61,A,2024-11-19
1998-11-24,0.0,56.0,63.8,71.6,60.1,0.06,6.07,3.19,J17WL,688.44,A,2024-11-19
1998-11-25,0.0,61.0,69.3,77.6,63.2,0.0,12.87,13.09,J17WL,688.43,A,2024-11-19
1998-11-26,0.0,56.0,67.9,79.8,61.4,0.03,14.41,9.51,J17WL,688.19,A,2024-11-19
1998-11-27,0.01,57.1,68.2,79.3,61.8,0.04,14.78,12.39,J17WL,688.31,A,2024-11-19
1998-11-28,0.03,62.0,69.9,77.8,64.0,0.1,11.22,6.13,J17WL,688.34,A,2024-11-19
1998-11-29,0.0,64.1,70.6,77.2,65.2,0.09,9.9,6.38,J17WL,688.36,A,2024-11-19
1998-11-30,0.0,66.7,73.4,80.1,65.6,1.37,14.0,8.75,J17WL,688.12,A,2024-11-19
1998-12-01,0.0,56.2,68.5,80.7,49.6,1.83,25.97,14.05,J17WL,687.91,A,2024-11-19
1998-12-02,0.0,58.0,65.6,73.3,57.5,0.73,12.53,9.97,J17WL,687.88,A,2024-11-19
1998-12-03,0.0,64.3,71.3,78.2,62.5,0.77,15.29,10.14,J17WL,687.88,A,2024-11-19
1998-12-04,0.02,67.2,72.0,76.8,66.3,1.16,9.72,5.39,J17WL,687.82,A,2024-11-19
1998-12-05,0.0,65.5,71.8,78.1,66.2,0.85,11.07,7.76,J17WL,687.88,A,2024-11-19
1998-12-06,0.0,69.5,74.4,79.2,65.8,1.41,13.68,5.78,J17WL,687.88,A,2024-11-19
1998-12-07,0.0,60.1,69.7,79.2,57.4,2.57,14.88,8.29,J17WL,687.61,A,2024-11-19
1998-12-08,0.0,43.0,55.8,68.5,47.0,1.58,8.67,3.14,J17WL,687.4,A,2024-11-19
1998-12-09,0.0,42.1,50.3,58.5,36.7,1.8,9.38,13.53,J17WL,687.43,A,2024-11-19
1998-12-10,0.32,45.9,49.3,52.7,44.2,0.23,3.87,4.32,J17WL,687.39,A,2024-11-19
1998-12-11,0.1,43.9,46.9,50.0,44.7,0.19,1.74,1.15,J17WL,687.19,A,2024-11-19
1998-12-12,0.01,40.3,42.7,45.0,38.6,0.52,2.46,2.59,J17WL,687.58,A,2024-11-19
1998-12-13,0.0,35.2,47.7,60.1,37.0,0.5,9.88,12.63,J17WL,687.59,A,2024-11-19
1998-12-14,0.0,36.1,52.5,69.0,35.4,1.02,18.57,13.99,J17WL,687.36,A,2024-11-19
1998-12-15,0.0,36.7,51.6,66.4,36.8,0.62,15.24,14.07,J17WL,687.26,A,2024-11-19
1998-12-16,0.0,34.7,49.2,63.6,37.3,0.38,12.22,13.46,J17WL,687.27,A,2024-11-19
1998-12-17,0.0,34.9,50.8,66.7,40.6,0.35,13.06,13.87,J17WL,687.14,A,2024-11-19
1998-12-18,0.0,41.9,52.2,62.6,36.4,1.41,13.3,11.57,J17WL,687.22,A,2024-11-19
1998-12-19,0.0,43.7,55.3,66.9,51.1,0.06,6.83,5.86,J17WL,687.32,A,2024-11-19
1998-12-20,0.0,45.7,60.1,74.4,49.0,0.12,17.23,13.76,J17WL,687.27,A,2024-11-19
1998-12-21,0.0,52.9,61.0,69.1,59.2,0.07,3.18,1.84,J17WL,687.2,A,2024-11-19
1998-12-22,0.0,32.0,55.0,78.1,50.6,0.35,10.58,5.85,J17WL,686.91,A,2024-11-19
1998-12-23,0.0,27.7,30.4,33.1,21.0,0.29,2.92,2.7,J17WL,686.9,A,2024-11-19
1998-12-24,0.02,28.0,30.7,33.5,28.6,0.18,1.11,0.81,J17WL,686.84,A,2024-11-19
1998-12-25,0.0,29.1,32.7,36.4,25.4,0.75,2.59,3.91,J17WL,686.97,A,2024-11-19
1998-12-26,0.0,24.8,34.1,43.4,25.6,0.29,4.59,10.53,J17WL,687.12,A,2024-11-19
1998-12-27,0.0,24.2,40.7,57.2,31.0,0.2,9.68,14.01,J17WL,687.06,A,2024-11-19
1998-12-28,0.0,37.2,53.9,70.6,44.7,0.22,13.2,11.07,J17WL,686.89,A,2024-11-19
1998-12-29,0.0,38.9,53.4,67.9,38.3,1.04,14.69,11.57,J17WL,686.51,A,2024-11-19
1998-12-30,0.0,38.0,56.6,75.3,36.9,1.0,22.96,13.84,J17WL,686.33,A,2024-11-19
1998-12-31,0.0,41.2,53.6,66.0,46.1,0.74,10.7,13.13,J17WL,686.25,A,2024-11-19
1999-01-01,0.0,53.9,60.2,66.4,54.7,0.16,5.46,4.86,J17WL,686.33,A,2024-11-19
1999-01-02,0.0,45.7,59.2,72.8,54.8,0.13,9.05,4.26,J17WL,686.41,A,2024-11-19
1999-01-03,0.0,31.3,42.3,53.2,25.0,1.58,9.65,14.3,J17WL,686.18,A,2024-11-19
1999-01-04,0.0,29.9,37.1,44.3,13.1,2.34,7.27,9.72,J17WL,686.03,A,2024-11-19
1999-01-05,0.0,24.6,34.9,45.1,16.3,0.93,7.09,12.95,J17WL,685.87,A,2024-11-19
1999-01-06,0.0,25.8,41.3,56.7,37.6,0.11,7.01,7.94,J17WL,685.79,A,2024-11-19
1999-01-07,0.01,43.9,55.0,66.0,48.4,0.14,8.94,8.31,J17WL,685.66,A,2024-11-19
1999-01-08,0.02,52.6,61.4,70.2,57.4,0.2,6.75,4.12,J17WL,685.75,A,2024-11-19
1999-01-09,0.0,35.8,54.8,73.6,46.0,1.01,10.91,7.4,J17WL,685.71,A,2024-11-19
1999-01-10,0.0,25.9,38.7,51.6,22.4,0.76,8.91,13.77,J17WL,685.65,A,2024-11-19
1999-01-11,0.0,26.1,42.2,58.2,28.0,0.53,11.44,14.61,J17WL,685.36,A,2024-11-19
1999-01-12,0.0,35.2,51.9,68.7,45.8,0.1,12.66,12.46,J17WL,685.35,A,2024-11-19
1999-01-13,0.0,46.8,59.6,72.3,51.4,0.18,13.15,9.95,J17WL,685.32,A,2024-11-19
1999-01-14,0.0,39.1,54.8,70.5,44.7,0.08,11.9,10.71,J17WL,685.12,A,2024-11-19
1999-01-15,0.0,31.4,46.6,61.8,27.8,1.03,14.53,13.41,J17WL,685.1,A,2024-11-19
1999-01-16,0.0,30.1,47.9,65.7,30.7,1.13,15.56,15.08,J17WL,685.25,A,2024-11-19
1999-01-17,0.0,39.8,55.9,72.1,47.0,0.29,14.96,14.99,J17WL,685.06,A,2024-11-19
1999-01-18,0.0,46.0,63.7,81.3,36.9,1.02,30.74,13.27,J17WL,684.79,A,2024-11-19
1999-01-19,0.01,43.6,58.1,72.5,36.3,0.61,19.95,15.29,J17WL,684.47,A,2024-11-19
1999-01-20,0.02,51.1,62.4,73.7,55.2,0.18,11.61,9.77,J17WL,684.49,A,2024-11-19
1999-01-21,0.0,58.7,68.2,77.6,61.5,0.22,13.03,8.63,J17WL,684.54,A,2024-11-19
1999-01-22,0.0,61.2,71.0,80.8,52.4,1.21,23.31,12.94,J17WL,684.4,A,2024-11-19
1999-01-23,0.0,40.9,54.3,67.8,32.7,2.42,18.46,12.82,J17WL,684.24,A,2024-11-19
1999-01-24,0.0,36.8,53.7,70.6,32.8,1.25,19.03,16.26,J17WL,684.15,A,2024-11-19
1999-01-25,0.0,36.2,56.4,76.5,39.9,0.75,22.99,15.96,J17WL,683.81,A,2024-11-19
1999-01-26,0.0,42.3,59.0,75.6,50.0,0.62,18.5,16.14,J17WL,683.62,A,2024-11-19
1999-01-27,0.0,51.7,63.9,76.2,53.1,0.49,17.45,13.01,J17WL,683.68,A,2024-11-19
1999-01-28,0.0,53.5,65.4,77.2,55.6,0.48,18.31,12.16,J17WL,683.64,A,2024-11-19
1999-01-29,0.01,64.5,70.5,76.6,64.9,0.57,10.15,5.41,J17WL,683.62,A,2024-11-19
1999-01-30,0.01,44.7,59.3,73.8,51.0,0.91,8.82,6.66,J17WL,683.6,A,2024-11-19
1999-01-31,0.0,38.3,51.5,64.7,34.9,1.27,14.03,17.13,J17WL,683.48,A,2024-11-19
1999-02-01,0.0,40.4,54.0,67.5,40.3,0.99,13.61,15.15,J17WL,683.16,A,2024-11-19
1999-02-02,0.0,42.9,57.6,72.3,49.4,0.82,14.87,13.91,J17WL,682.78,A,2024-11-19
1999-02-03,0.0,53.4,61.2,69.0,39.9,2.41,16.61,13.78,J17WL,682.51,A,2024-11-19
1999-02-04,0.0,52.3,63.9,75.6,53.1,0.49,12.8,10.09,J17WL,682.15,A,2024-11-19
1999-02-05,0.0,53.6,62.3,71.0,56.2,2.01,7.71,7.27,J17WL,681.83,A,2024-11-19
1999-02-06,0.0,61.3,69.0,76.6,63.6,0.38,10.39,5.06,J17WL,681.73,A,2024-11-19
1999-02-07,0.0,63.8,72.4,81.0,64.6,0.43,15.7,7.43,J17WL,681.48,A,2024-11-19
1999-02-08,0.0,60.0,72.3,84.6,53.6,0.66,31.59,16.91,J17WL,680.86,A,2024-11-19
1999-02-09,0.0,64.6,70.6,76.5,65.3,0.23,9.24,5.24,J17WL,680.42,A,2024-11-19
1999-02-10,0.0,63.9,73.0,82.1,64.8,0.16,16.62,12.93,J17WL,680.11,A,2024-11-19
1999-02-11,0.0,65.2,73.2,81.2,64.4,0.55,16.31,10.22,J17WL,679.9,A,2024-11-19
1999-02-12,0.0,38.1,54.9,71.6,32.5,1.77,15.88,5.21,J17WL,679.59,A,2024-11-19
1999-02-13,0.0,27.8,43.4,59.1,16.9,1.45,14.71,18.48,J17WL,679.58,A,2024-11-19
1999-02-14,0.0,30.3,48.3,66.2,20.3,1.68,18.59,19.03,J17WL,679.39,A,2024-11-19
1999-02-15,0.0,33.2,51.4,69.5,33.0,1.16,19.03,19.19,J17WL,679.21,A,2024-11-19
1999-02-16,0.0,41.3,58.0,74.8,49.0,0.32,17.81,17.62,J17WL,678.79,A,2024-11-19
1999-02-17,0.0,50.3,60.0,69.6,50.1,1.91,10.15,6.73,J17WL,678.65,A,2024-11-19
1999-02-18,0.0,43.9,57.9,72.0,36.6,1.94,20.23,18.64,J17WL,678.44,A,2024-11-19
1999-02-19,0.0,42.8,62.5,82.3,37.3,1.68,31.24,18.68,J17WL,677.97,A,2024-11-19
1999-02-20,0.01,46.0,58.4,70.8,39.0,1.48,18.22,15.15,J17WL,677.86,A,2024-11-19
1999-02-21,0.0,45.9,61.7,77.6,49.3,0.51,17.17,10.76,J17WL,677.71,A,2024-11-19
1999-02-22,0.0,38.4,51.3,64.3,28.0,2.26,15.97,19.91,J17WL,677.38,A,2024-11-19
1999-02-23,0.0,38.1,53.2,68.3,43.3,0.6,13.95,15.04,J17WL,677.37,A,2024-11-19
1999-02-24,0.0,46.6,59.6,72.6,32.8,1.07,22.76,19.2,J17WL,677.41,A,2024-11-19
1999-02-25,0.0,53.6,64.1,74.6,53.8,1.01,14.6,11.95,J17WL,677.3,A,2024-11-19
1999-02-26,0.0,58.5,68.1,77.6,60.9,0.99,14.51,7.85,J17WL,677.26,A,2024-11-19
1999-02-27,0.01,64.6,69.9,75.1,63.1,0.91,10.06,7.59,J17WL,677.51,A,2024-11-19
1999-02-28,0.0,55.7,71.9,88.1,44.8,1.49,38.18,18.25,J17WL,677.2,A,2024-11-19
1999-03-01,0.0,46.6,62.7,78.9,33.2,3.12,27.53,21.11,J17WL,676.8,A,2024-11-19
1999-03-02,0.0,47.4,66.7,85.9,53.9,0.36,29.72,21.02,J17WL,676.64,A,2024-11-19
1999-03-03,0.0,49.5,70.0,90.5,39.8,0.67,42.76,19.4,J17WL,676.45,A,2024-11-19
1999-03-04,0.0,41.3,55.0,68.6,26.7,3.07,19.23,21.36,J17WL,676.39,A,2024-11-19
1999-03-05,0.01,42.2,56.0,69.9,55.3,0.98,10.1,9.65,J17WL,676.58,A,2024-11-19
1999-03-06,0.0,60.0,69.8,79.6,60.0,0.41,16.06,8.26,J17WL,676.6,A,2024-11-19
1999-03-07,0.0,59.4,69.3,79.2,55.2,0.47,16.77,14.75,J17WL,676.63,A,2024-11-19
1999-03-08,0.08,55.9,62.4,68.9,54.7,0.3,6.88,3.4,J17WL,676.94,A,2024-11-19
1999-03-09,0.02,50.7,68.0,85.3,49.7,1.67,28.08,16.32,J17WL,676.68,A,2024-11-19
1999-03-10,0.0,54.2,64.9,75.6,51.0,1.48,17.59,18.19,J17WL,676.47,A,2024-11-19
1999-03-11,0.0,62.4,71.3,80.2,63.5,0.24,16.34,6.6,J17WL,676.39,A,2024-11-19
1999-03-12,0.04,66.4,72.3,78.3,64.6,0.79,12.51,8.33,J17WL,676.31,A,2024-11-19
1999-03-13,0.59,48.4,62.7,77.0,60.3,0.3,9.28,4.69,J17WL,676.88,A,2024-11-19
1999-03-14,0.0,40.0,50.6,61.3,33.3,2.07,12.18,20.9,J17WL,677.34,A,2024-11-19
1999-03-15,0.0,35.8,50.7,65.6,28.1,1.48,16.53,23.27,J17WL,677.41,A,2024-11-19
1999-03-16,0.0,36.3,52.8,69.2,34.6,1.09,17.39,22.97,J17WL,677.2,A,2024-11-19
1999-03-17,0.0,42.9,59.1,75.4,52.5,0.9,15.85,19.32,J17WL,677.27,A,2024-11-19
1999-03-18,0.04,59.5,67.7,75.8,61.0,0.88,12.27,7.95,J17WL,677.44,A,2024-11-19
1999-03-19,0.56,54.9,62.0,69.0,60.4,0.02,5.5,4.8,J17WL,677.77,A,2024-11-19
1999-03-20,0.24,54.0,60.6,67.2,51.7,0.69,10.97,11.73,J17WL,678.32,A,2024-11-19
1999-03-21,0.0,44.8,59.7,74.5,43.2,0.95,19.8,21.79,J17WL,678.5,A,2024-11-19
1999-03-22,0.0,45.4,60.3,75.3,45.7,1.07,19.41,24.43,J17WL,678.26,A,2024-11-19
1999-03-23,0.01,47.8,63.2,78.5,54.6,0.36,18.83,23.62,J17WL,678.29,A,2024-11-19
1999-03-24,0.0,61.6,70.4,79.2,63.1,0.53,13.72,12.54,J17WL,678.29,A,2024-11-19
1999-03-25,0.0,58.2,65.6,73.0,60.6,0.32,7.23,7.2,J17WL,678.35,A,2024-11-19
1999-03-26,0.0,53.2,61.1,68.9,50.3,1.98,10.99,11.95,J17WL,678.26,A,2024-11-19
1999-03-27,0.0,54.0,62.0,70.1,50.4,2.18,12.34,12.71,J17WL,678.48,A,2024-11-19
1999-03-28,1.73,54.6,59.0,63.3,56.5,0.12,3.57,2.99,J17WL,679.33,A,2024-11-19
1999-03-29,0.0,56.1,65.6,75.1,56.9,0.75,13.64,19.44,J17WL,679.79,A,2024-11-19
1999-03-30,0.0,55.8,62.2,68.7,53.0,1.72,9.47,13.57,J17WL,679.97,A,2024-11-19
1999-03-31,0.0,55.5,62.9,70.3,54.4,1.12,10.24,13.15,J17WL,680.15,A,2024-11-19
1999-04-01,0.0,58.2,62.4,66.5,59.2,0.23,5.44,5.48,J17WL,680.33,A,2024-11-19
1999-04-02,0.02,64.8,69.0,73.1,67.1,0.16,4.76,3.69,J17WL,680.4,A,2024-11-19
1999-04-03,0.02,70.0,73.5,76.9,69.5,0.6,6.58,8.2,J17WL,680.59,A,2024-11-19
1999-04-04,0.0,64.0,74.0,84.1,57.9,1.99,23.88,15.6,J17WL,680.39,A,2024-11-19
1999-04-05,0.0,64.7,69.9,75.1,64.4,0.37,9.96,7.11,J17WL,680.44,A,2024-11-19
1999-04-06,0.0,47.4,66.2,84.9,40.3,1.47,34.91,22.68,J17WL,679.83,A,2024-11-19
1999-04-07,0.0,49.2,65.7,82.1,52.2,0.78,28.56,24.34,J17WL,679.57,A,2024-11-19
1999-04-08,0.0,66.3,75.2,84.1,67.7,0.13,14.86,12.35,J17WL,679.39,A,2024-11-19
1999-04-09,0.0,66.5,77.6,88.6,68.0,0.42,22.35,17.76,J17WL,679.09,A,2024-11-19
1999-04-10,0.0,67.5,77.2,87.0,67.9,0.6,21.32,20.26,J17WL,678.84,A,2024-11-19
1999-04-11,0.0,62.1,75.2,88.3,52.7,2.1,33.92,22.38,J17WL,678.51,A,2024-11-19
1999-04-12,0.0,62.9,73.7,84.4,52.8,7.46,27.44,24.81,J17WL,677.98,A,2024-11-19
1999-04-13,0.02,66.9,72.6,78.4,66.1,0.58,10.49,11.27,J17WL,677.98,A,2024-11-19
1999-04-14,0.12,59.0,70.6,82.2,66.0,1.06,12.6,12.9,J17WL,678.2,A,2024-11-19
1999-04-15,0.0,53.3,70.3,87.3,47.1,3.25,34.81,24.89,J17WL,678.13,A,2024-11-19
1999-04-16,0.0,46.1,57.8,69.5,37.0,4.13,16.79,26.59,J17WL,677.96,A,2024-11-19
1999-04-17,0.0,37.1,51.5,65.9,29.8,1.22,16.38,21.06,J17WL,677.96,A,2024-11-19
1999-04-18,0.0,39.9,56.4,72.8,35.3,1.43,21.11,26.79,J17WL,677.62,A,2024-11-19
1999-04-19,0.0,46.5,62.9,79.2,51.4,0.71,21.58,23.96,J17WL,677.06,A,2024-11-19
1999-04-20,0.0,55.6,70.5,85.3,59.0,0.49,26.72,26.94,J17WL,676.57,A,2024-11-19
1999-04-21,0.0,62.1,74.4,86.7,61.6,1.44,26.62,25.93,J17WL,676.33,A,2024-11-19
1999-04-22,0.0,68.8,74.2,79.7,64.9,3.65,13.5,11.18,J17WL,676.1,A,2024-11-19
1999-04-23,0.0,71.1,79.9,88.6,68.3,2.48,22.55,17.72,J17WL,675.63,A,2024-11-19
1999-04-24,0.0,72.1,80.2,88.3,70.7,2.19,18.9,19.44,J17WL,675.1,A,2024-11-19
1999-04-25,0.39,64.7,73.7,82.7,68.3,0.45,13.64,11.28,J17WL,675.32,A,2024-11-19
1999-04-26,0.34,66.1,73.0,79.8,68.5,0.59,11.19,14.17,J17WL,676.03,A,2024-11-19
1999-04-27,0.07,62.5,70.6,78.6,63.3,0.08,11.99,14.78,J17WL,676.48,A,2024-11-19
1999-04-28,0.0,65.2,76.8,88.4,62.9,0.57,29.81,26.77,J17WL,676.63,A,2024-11-19
1999-04-29,0.0,65.9,76.3,86.7,65.1,0.92,23.62,24.66,J17WL,676.66,A,2024-11-19
1999-04-30,0.0,67.2,76.3,85.4,65.6,1.06,21.81,19.38,J17WL,676.58,A,2024-11-19
1999-05-01,0.0,64.9,72.6,80.4,61.7,2.1,15.26,19.34,J17WL,676.72,A,2024-11-19
1999-05-02,0.0,65.3,69.6,73.9,60.1,2.9,10.85,13.8,J17WL,677.0,A,2024-11-19
1999-05-03,0.27,67.8,70.5,73.1,66.8,0.64,5.35,7.21,J17WL,677.05,A,2024-11-19
1999-05-04,0.0,71.0,75.9,80.7,71.0,0.43,10.06,8.84,J17WL,677.34,A,2024-11-19
1999-05-05,0.05,67.4,79.3,91.2,65.4,0.38,32.3,18.94,J17WL,677.15,A,2024-11-19
1999-05-06,0.0,58.1,74.7,91.2,44.2,6.41,41.03,27.51,J17WL,676.46,A,2024-11-19
1999-05-07,0.0,55.1,69.9,84.7,43.7,4.5,32.19,28.57,J17WL,675.72,A,2024-11-19
1999-05-08,0.0,57.9,71.0,84.1,50.9,2.17,28.1,28.52,J17WL,675.21,A,2024-11-19
1999-05-09,0.0,63.0,75.4,87.8,67.4,1.89,22.69,23.72,J17WL,674.66,A,2024-11-19
1999-05-10,1.33,63.0,74.5,86.1,69.6,0.23,17.76,12.31,J17WL,675.1,A,2024-11-19
1999-05-11,0.05,60.9,69.4,77.8,62.7,0.49,9.74,8.64,J17WL,675.7,A,2024-11-19
1999-05-12,0.05,66.1,74.0,82.0,69.3,1.0,10.86,14.94,J17WL,676.08,A,2024-11-19
1999-05-13,0.0,66.0,75.9,85.8,65.5,0.44,24.7,22.64,J17WL,675.85,A,2024-11-19
1999-05-14,0.0,68.7,76.5,84.4,67.0,1.22,17.22,18.07,J17WL,675.27,A,2024-11-19
1999-05-15,0.0,71.6,79.8,88.0,71.1,1.09,17.52,19.2,J17WL,674.71,A,2024-11-19
1999-05-16,0.0,71.8,80.5,89.2,71.6,1.23,20.04,23.52,J17WL,673.99,A,2024-11-19
1999-05-17,0.0,73.7,81.3,89.0,71.3,1.9,20.62,19.81,J17WL,673.36,A,2024-11-19
1999-05-18,0.94,64.6,75.6,86.6,69.2,0.58,16.51,17.12,J17WL,673.43,A,2024-11-19
1999-05-19,0.0,62.2,71.4,80.6,63.7,0.48,14.34,18.18,J17WL,674.06,A,2024-11-19
1999-05-20,0.0,65.3,74.6,84.0,65.9,0.65,18.86,26.07,J17WL,674.11,A,2024-11-19
1999-05-21,0.0,69.9,77.8,85.7,67.6,1.05,20.38,23.47,J17WL,673.9,A,2024-11-19
1999-05-22,0.0,71.6,79.6,87.5,68.5,1.4,22.21,22.87,J17WL,673.72,A,2024-11-19
1999-05-23,0.0,72.0,80.2,88.4,68.1,1.95,23.94,24.21,J17WL,673.22,A,2024-11-19
1999-05-24,0.0,67.6,78.1,88.7,66.3,1.35,25.95,25.17,J17WL,672.54,A,2024-11-19
1999-05-25,0.0,67.5,77.9,88.2,67.1,1.65,22.65,22.51,J17WL,671.63,A,2024-11-19
1999-05-26,0.0,70.3,79.7,89.0,66.9,2.3,26.99,23.52,J17WL,670.77,A,2024-11-19
1999-05-27,0.04,65.1,76.3,87.6,65.3,1.19,22.09,21.7,J17WL,670.4,A,2024-11-19
1999-05-28,0.0,68.2,77.8,87.3,67.1,1.2,22.11,26.37,J17WL,670.24,A,2024-11-19
1999-05-29,0.07,67.6,76.8,86.0,64.4,1.62,21.98,23.4,J17WL,669.59,A,2024-11-19
1999-05-30,0.0,69.6,79.1,88.6,69.2,0.79,24.23,20.13,J17WL,669.77,A,2024-11-19
1999-05-31,0.0,74.1,82.9,91.7,71.3,1.86,26.44,24.53,J17WL,669.27,A,2024-11-19
1999-06-01,0.0,73.5,82.9,92.3,71.9,1.69,25.77,25.67,J17WL,667.99,A,2024-11-19
1999-06-02,0.0,73.5,83.9,94.2,70.9,1.72,31.49,27.41,J17WL,666.02,A,2024-11-19
1999-06-03,0.0,74.7,83.4,92.1,70.0,3.39,27.92,22.88,J17WL,665.41,A,2024-11-19
1999-06-04,0.0,75.0,83.2,91.4,70.0,2.75,26.95,21.68,J17WL,664.44,A,2024-11-19
1999-06-05,0.0,75.9,84.4,92.9,70.3,3.68,30.04,24.42,J17WL,664.02,A,2024-11-19
1999-06-06,0.0,74.5,83.7,93.0,70.1,2.35,30.84,25.57,J17WL,663.14,A,2024-11-19
1999-06-07,0.0,72.3,83.0,93.6,69.6,0.9,32.0,22.42,J17WL,662.04,A,2024-11-19
1999-06-08,0.0,72.5,82.3,92.0,69.5,1.51,28.78,22.33,J17WL,660.67,A,2024-11-19
1999-06-09,0.0,72.8,82.2,91.6,69.2,1.74,28.05,24.26,J17WL,660.31,A,2024-11-19
1999-06-10,0.0,72.8,82.6,92.3,69.2,1.59,30.96,24.81,J17WL,659.37,A,2024-11-19
1999-06-11,0.0,74.8,84.3,93.7,70.0,2.27,32.71,23.89,J17WL,658.23,A,2024-11-19
1999-06-12,0.0,76.3,85.5,94.8,70.7,2.5,33.37,25.71,J17WL,658.07,A,2024-11-19
1999-06-13,0.16,71.4,83.2,94.9,69.5,1.17,33.88,24.54,J17WL,658.31,A,2024-11-19
1999-06-14,0.1,70.6,79.7,88.8,68.9,0.72,22.84,18.35,J17WL,659.14,A,2024-11-19
1999-06-15,0.27,70.9,80.0,89.1,69.0,1.05,23.76,19.52,J17WL,660.19,A,2024-11-21
1999-06-16,0.58,70.1,77.7,85.3,69.8,0.31,17.23,11.23,J17WL,663.43,A,2024-11-19
1999-06-17,0.2,70.8,80.2,89.6,68.5,2.5,24.49,21.81,J17WL,664.43,A,2024-11-19
1999-06-18,0.0,70.8,79.1,87.5,68.1,2.45,21.43,22.78,J17WL,665.05,A,2024-11-19
1999-06-19,0.01,72.9,81.3,89.7,68.3,1.38,26.52,25.68,J17WL,666.0,A,2024-11-19
1999-06-20,0.11,73.8,81.9,90.0,71.9,0.6,22.73,13.99,J17WL,667.97,A,2024-11-19
1999-06-21,1.2,70.6,74.2,77.7,71.7,0.07,4.58,9.01,J17WL,669.91,A,2024-11-19
1999-06-22,1.14,70.6,74.8,78.9,72.2,0.0,6.05,6.66,J17WL,671.19,A,2024-11-19
1999-06-23,0.2,75.4,82.0,88.6,73.8,1.13,18.52,14.29,J17WL,672.14,A,2024-11-19
1999-06-24,0.0,76.2,83.8,91.4,72.9,2.0,25.57,24.52,J17WL,672.81,A,2024-11-19
1999-06-25,0.14,75.5,82.4,89.3,74.6,0.64,18.19,21.51,J17WL,673.24,A,2024-11-19
1999-06-26,0.0,73.7,82.2,90.6,74.2,0.91,20.71,19.4,J17WL,673.94,A,2024-11-19
1999-06-27,0.0,77.9,84.6,91.3,75.4,2.6,21.03,18.4,J17WL,674.36,A,2024-11-19
1999-06-28,0.0,78.3,85.0,91.7,75.2,3.18,21.77,18.35,J17WL,674.25,A,2024-11-19
1999-06-29,0.0,77.2,84.9,92.5,74.1,2.4,23.41,26.69,J17WL,673.89,A,2024-11-19
1999-06-30,0.0,75.9,82.9,89.9,73.3,2.9,20.09,18.73,J17WL,673.84,A,2024-11-19
1999-07-01,0.0,75.8,84.2,92.7,72.1,3.14,27.41,25.35,J17WL,673.53,A,2024-11-19
1999-07-02,0.0,76.4,84.4,92.3,73.1,2.81,25.3,23.0,J17WL,673.13,A,2024-11-19
1999-07-03,0.0,75.6,83.7,91.8,73.4,1.71,24.02,25.1,J17WL,672.83,A,2024-11-19
1999-07-04,0.37,74.5,82.6,90.7,73.4,1.09,21.46,21.48,J17WL,673.28,A,2024-11-19
1999-07-05,0.32,72.0,79.3,86.6,72.2,0.55,15.72,19.8,J17WL,673.84,A,2024-11-19
1999-07-06,0.0,72.2,80.9,89.5,71.4,0.31,23.67,20.43,J17WL,673.92,A,2024-11-19
1999-07-07,0.0,73.9,82.9,91.8,70.7,1.52,28.43,25.43,J17WL,673.69,A,2024-11-19
1999-07-08,0.0,73.4,82.3,91.3,71.1,2.29,25.0,24.88,J17WL,673.58,A,2024-11-19
1999-07-09,0.0,74.0,83.5,93.0,71.6,2.11,28.67,25.96,J17WL,673.25,A,2024-11-19
1999-07-10,0.0,74.7,83.4,92.2,71.4,1.47,27.93,27.88,J17WL,672.89,A,2024-11-19
1999-07-11,0.22,74.0,82.4,90.8,72.6,0.98,23.76,19.47,J17WL,673.35,A,2024-11-19
1999-07-12,0.32,70.3,79.3,88.2,71.8,0.35,19.85,13.94,J17WL,674.14,A,2024-11-19
1999-07-13,0.0,71.2,80.8,90.3,70.0,1.13,25.21,22.36,J17WL,674.7,A,2024-11-19
1999-07-14,0.0,72.6,82.2,91.8,70.4,1.45,27.97,24.91,J17WL,674.91,A,2024-11-19
1999-07-15,0.0,73.4,82.9,92.4,69.2,2.28,31.46,25.86,J17WL,674.63,A,2024-11-19
1999-07-16,0.0,73.3,83.2,93.0,68.3,1.46,33.87,27.66,J17WL,674.27,A,2024-11-19
1999-07-17,0.0,73.3,83.1,92.8,70.8,1.1,29.85,25.57,J17WL,673.97,A,2024-11-19
1999-07-18,0.26,71.2,78.6,86.0,71.8,0.46,16.95,15.48,J17WL,674.28,A,2024-11-19
1999-07-19,0.23,72.7,81.1,89.5,72.5,0.57,21.77,16.01,J17WL,674.43,A,2024-11-19
1999-07-20,0.0,73.0,81.7,90.4,71.6,0.66,23.18,22.31,J17WL,674.45,A,2024-11-19
1999-07-21,0.0,73.5,80.4,87.3,71.4,1.24,19.08,18.03,J17WL,674.35,A,2024-11-19
1999-07-22,0.05,73.1,81.2,89.4,71.7,1.04,20.76,16.74,J17WL,674.43,A,2024-11-19
1999-07-23,0.0,74.6,83.7,92.7,71.0,1.88,29.81,25.36,J17WL,674.15,A,2024-11-19
1999-07-24,0.0,71.1,82.9,94.6,68.1,1.57,36.62,27.87,J17WL,673.75,A,2024-11-19
1999-07-25,0.0,71.7,83.5,95.3,67.5,1.53,38.15,26.94,J17WL,673.27,A,2024-11-19
1999-07-26,0.0,73.0,83.2,93.5,70.5,1.28,32.13,24.22,J17WL,672.66,A,2024-11-19
1999-07-27,0.0,74.5,84.6,94.7,71.1,1.64,33.41,24.42,J17WL,672.12,A,2024-11-19
1999-07-28,0.0,75.0,85.3,95.7,72.2,1.45,33.41,26.04,J17WL,671.61,A,2024-11-19
1999-07-29,0.0,73.9,84.8,95.7,70.6,1.67,35.09,25.67,J17WL,670.93,A,2024-11-19
1999-07-30,0.0,73.3,85.8,98.2,69.8,1.3,42.27,27.27,J17WL,670.35,A,2024-11-19
1999-07-31,0.0,73.5,86.3,99.0,70.8,1.16,43.43,26.68,J17WL,669.87,A,2024-11-19
1999-08-01,0.0,75.8,87.2,98.6,70.7,2.57,42.23,26.55,J17WL,669.22,A,2024-11-19
1999-08-02,0.0,75.1,85.8,96.6,70.7,1.68,35.12,22.06,J17WL,668.6,A,2024-11-19
1999-08-03,0.0,76.0,86.4,96.8,68.3,3.23,39.26,23.84,J17WL,667.9,A,2024-11-19
1999-08-04,0.15,75.0,85.4,95.8,68.7,3.99,35.0,22.88,J17WL,667.23,A,2024-11-19
1999-08-05,0.0,73.4,85.4,97.4,70.1,2.26,37.82,17.28,J17WL,667.89,A,2024-11-19
1999-08-06,0.0,73.4,85.9,98.5,66.9,3.96,42.56,26.91,J17WL,667.7,A,2024-11-19
1999-08-07,0.0,74.6,86.0,97.5,67.0,2.79,40.54,26.41,J17WL,667.38,A,2024-11-19
1999-08-08,0.0,74.8,86.1,97.5,70.3,1.4,38.91,26.54,J17WL,666.76,A,2024-11-19
1999-08-09,0.0,75.4,86.4,97.5,69.8,2.18,37.84,26.17,J17WL,665.73,A,2024-11-19
1999-08-10,0.0,74.2,86.6,98.9,68.2,3.65,43.55,26.64,J17WL,665.52,A,2024-11-19
1999-08-11,0.0,76.3,88.1,100.0,69.0,3.5,45.99,24.17,J17WL,665.01,A,2024-11-19
1999-08-12,0.0,76.0,87.7,99.3,69.3,2.22,43.45,25.49,J17WL,664.25,A,2024-11-19
1999-08-13,0.0,75.0,87.6,100.2,69.3,3.06,45.12,26.34,J17WL,663.45,A,2024-11-19
1999-08-14,0.0,73.5,87.0,100.5,68.1,1.8,48.83,25.94,J17WL,663.29,A,2024-11-19
1999-08-15,0.0,74.3,88.2,102.0,63.2,3.04,55.38,26.28,J17WL,662.69,A,2024-11-19
1999-08-16,0.0,76.5,88.9,101.3,67.0,5.52,47.35,23.74,J17WL,661.59,A,2024-11-19
1999-08-17,0.03,73.8,86.5,99.2,65.9,2.97,45.68,26.08,J17WL,661.05,A,2024-11-19
1999-08-18,0.0,74.7,85.6,96.6,70.8,2.69,37.05,21.21,J17WL,661.32,A,2024-11-19
1999-08-19,0.0,74.5,85.3,96.1,67.8,3.09,37.48,25.02,J17WL,661.13,A,2024-11-19
1999-08-20,0.0,74.5,87.3,100.1,64.5,6.16,47.19,25.3,J17WL,660.51,A,2024-11-19
1999-08-21,0.0,73.2,88.1,103.0,65.0,5.76,53.25,23.88,J17WL,660.65,A,2024-11-19
1999-08-22,0.0,72.1,87.4,102.7,66.9,2.47,55.39,22.88,J17WL,660.65,A,2024-11-19
1999-08-23,0.1,75.6,83.3,91.0,70.6,2.91,25.97,17.24,J17WL,661.82,A,2024-11-19
1999-08-24,0.28,72.4,79.2,86.1,72.6,0.0,15.03,11.05,J17WL,663.58,A,2024-11-19
1999-08-25,0.0,74.9,83.0,91.1,72.8,0.41,25.97,15.9,J17WL,664.41,A,2024-11-19
1999-08-26,0.0,75.3,85.4,95.4,72.3,1.06,32.59,22.05,J17WL,664.33,A,2024-11-19
1999-08-27,0.0,76.4,86.1,95.7,71.6,2.47,33.42,23.85,J17WL,664.03,A,2024-11-19
1999-08-28,0.0,75.9,86.8,97.6,70.5,2.56,37.9,25.17,J17WL,663.92,A,2024-11-19
1999-08-29,0.0,75.8,87.0,98.1,68.9,3.57,40.24,24.15,J17WL,663.39,A,2024-11-19
1999-08-30,0.01,70.8,83.9,97.1,70.5,1.1,36.87,20.4,J17WL,663.83,A,2024-11-19
1999-08-31,0.0,72.5,85.2,97.8,65.3,3.92,43.01,24.41,J17WL,663.74,A,2024-11-19
1999-09-01,0.0,73.3,85.0,96.7,65.7,3.46,40.96,23.64,J17WL,663.4,A,2024-11-19
1999-09-02,0.0,73.6,83.9,94.2,68.0,2.73,34.16,23.06,J17WL,663.23,A,2024-11-19
1999-09-03,0.01,74.4,84.7,94.9,68.6,2.71,34.9,22.1,J17WL,662.86,A,2024-11-19
1999-09-04,0.0,75.6,85.5,95.5,70.3,2.25,36.8,22.96,J17WL,662.84,A,2024-11-19
1999-09-05,0.0,75.7,85.9,96.1,71.6,2.16,35.68,20.37,J17WL,662.7,A,2024-11-19
1999-09-06,0.0,70.9,83.5,96.0,70.3,1.17,35.08,19.86,J17WL,663.05,A,2024-11-19
1999-09-07,0.0,70.3,81.3,92.3,70.0,0.8,28.33,16.7,J17WL,662.72,A,2024-11-19
1999-09-08,0.0,71.2,81.6,92.0,70.1,0.95,27.66,17.37,J17WL,662.87,A,2024-11-19
1999-09-09,0.0,71.5,82.8,94.0,69.9,1.18,30.37,20.44,J17WL,663.07,A,2024-11-19
1999-09-10,0.02,71.3,84.2,97.0,67.5,2.82,38.93,23.46,J17WL,662.82,A,2024-11-19
1999-09-11,0.0,71.2,83.0,94.9,68.9,1.32,33.34,22.05,J17WL,662.74,A,2024-11-19
1999-09-12,0.0,73.5,83.9,94.3,68.5,1.53,35.11,21.32,J17WL,662.29,A,2024-11-19
1999-09-13,0.0,71.0,82.6,94.2,67.5,1.11,35.14,21.25,J17WL,661.72,A,2024-11-19
1999-09-14,0.0,70.2,80.6,90.9,65.9,2.15,29.98,20.61,J17WL,661.76,A,2024-11-19
1999-09-15,0.0,69.4,79.9,90.3,63.6,2.94,29.54,21.81,J17WL,661.59,A,2024-11-19
1999-09-16,0.0,69.9,80.9,91.8,59.6,5.61,35.2,20.76,J17WL,661.32,A,2024-11-19
1999-09-17,0.0,62.8,77.4,92.1,51.2,4.09,40.82,23.58,J17WL,660.75,A,2024-11-19
1999-09-18,0.0,62.8,77.6,92.3,58.3,2.76,37.6,22.92,J17WL,660.7,A,2024-11-19
1999-09-19,0.0,64.5,78.1,91.7,61.0,1.82,33.59,22.05,J17WL,660.54,A,2024-11-19
1999-09-20,0.0,65.5,79.9,94.3,58.8,2.98,40.58,23.58,J17WL,660.07,A,2024-11-19
1999-09-21,0.0,66.7,82.4,98.1,59.3,3.75,46.76,22.68,J17WL,659.42,A,2024-11-19
1999-09-22,0.0,65.1,75.3,85.5,51.4,8.01,27.46,22.31,J17WL,659.57,A,2024-11-19
1999-09-23,0.0,51.6,67.9,84.2,37.5,4.57,34.83,21.67,J17WL,659.65,A,2024-11-19
1999-09-24,0.0,52.4,69.8,87.1,44.8,3.24,35.79,23.2,J17WL,659.42,A,2024-11-19
1999-09-25,0.0,60.8,75.4,90.0,58.2,3.03,34.28,22.93,J17WL,659.48,A,2024-11-19
1999-09-26,0.0,70.9,80.0,89.1,68.0,1.98,24.07,13.43,J17WL,659.84,A,2024-11-19
1999-09-27,0.0,72.3,82.4,92.5,68.5,1.82,31.3,18.33,J17WL,659.01,A,2024-11-19
1999-09-28,0.0,71.7,82.7,93.7,67.2,0.99,35.2,20.9,J17WL,658.98,A,2024-11-19
1999-09-29,0.05,62.8,78.1,93.4,65.0,0.99,33.26,18.64,J17WL,658.93,A,2024-11-19
1999-09-30,0.0,54.5,66.1,77.7,43.0,5.4,23.46,16.73,J17WL,659.3,A,2024-11-19
1999-10-01,0.0,53.8,67.9,82.0,42.7,3.58,29.18,21.52,J17WL,658.88,A,2024-11-19
1999-10-02,0.0,54.9,70.5,86.1,53.4,1.47,30.77,22.22,J17WL,659.06,A,2024-11-19
1999-10-03,0.0,58.5,74.9,91.4,65.3,1.18,31.66,19.64,J17WL,658.97,A,2024-11-19
1999-10-04,0.0,66.8,79.3,91.7,67.8,1.53,28.72,16.03,J17WL,658.46,A,2024-11-19
1999-10-05,0.0,64.8,76.2,87.6,60.5,2.74,26.38,18.59,J17WL,658.66,A,2024-11-19
1999-10-06,0.0,62.6,75.7,88.7,57.2,3.71,30.04,21.28,J17WL,658.5,A,2024-11-19
1999-10-07,0.0,55.9,72.2,88.4,54.0,1.39,32.02,20.34,J17WL,658.44,A,2024-11-19
1999-10-08,0.0,56.1,72.2,88.4,54.2,1.61,34.72,20.7,J17WL,658.47,A,2024-11-19
1999-10-09,0.0,64.8,76.7,88.6,56.5,3.93,29.54,18.6,J17WL,658.67,A,2024-11-19
1999-10-10,0.0,63.4,75.2,87.0,53.8,5.49,31.06,20.66,J17WL,658.3,A,2024-11-19
1999-10-11,0.0,63.6,76.4,89.3,55.3,5.5,33.2,19.18,J17WL,657.84,A,2024-11-19
1999-10-12,0.0,64.3,76.8,89.2,57.7,4.88,31.41,19.23,J17WL,657.28,A,2024-11-19
1999-10-13,0.0,63.2,76.0,88.9,57.5,3.27,31.37,18.89,J17WL,657.29,A,2024-11-19
1999-10-14,0.0,63.1,76.5,90.0,58.3,2.88,32.79,18.56,J17WL,657.28,A,2024-11-19
1999-10-15,0.0,68.5,78.8,89.2,64.1,1.19,28.06,17.79,J17WL,656.89,A,2024-11-19
1999-10-16,0.0,71.0,80.1,89.2,65.9,2.0,27.74,14.5,J17WL,657.52,A,2024-11-19
1999-10-17,0.69,64.7,77.2,89.7,65.3,0.81,26.9,13.43,J17WL,658.91,A,2024-11-19
1999-10-18,0.18,49.4,56.5,63.7,49.4,1.09,4.91,3.62,J17WL,660.12,A,2024-11-19
1999-10-19,0.14,46.5,49.9,53.3,46.2,0.38,4.36,2.58,J17WL,660.85,A,2024-11-19
1999-10-20,0.0,42.8,54.0,65.3,42.2,1.05,12.32,13.12,J17WL,661.53,A,2024-11-19
1999-10-21,0.0,41.7,56.8,71.8,40.3,0.85,18.85,19.45,J17WL,662.0,A,2024-11-19
1999-10-22,0.0,43.5,60.1,76.7,41.5,1.33,23.56,19.34,J17WL,662.14,A,2024-11-19
1999-10-23,0.0,47.7,66.4,85.2,43.5,2.0,33.96,19.24,J17WL,662.52,A,2024-11-19
1999-10-24,0.0,49.4,65.1,80.8,39.3,4.11,28.33,19.1,J17WL,662.36,A,2024-11-19
1999-10-25,0.0,45.8,62.0,78.1,37.2,2.06,25.91,18.95,J17WL,661.92,A,2024-11-19
1999-10-26,0.0,45.7,62.8,80.0,46.7,1.03,24.97,17.67,J17WL,662.13,A,2024-11-19
1999-10-27,0.0,49.5,65.1,80.7,49.3,0.85,24.96,17.72,J17WL,662.09,A,2024-11-19
1999-10-28,0.0,50.9,66.0,81.1,55.1,0.85,22.73,14.85,J17WL,662.02,A,2024-11-19
1999-10-29,0.0,60.7,71.9,83.2,60.2,0.88,21.26,12.98,J17WL,662.14,A,2024-11-19
1999-10-30,0.0,64.3,74.3,84.3,63.5,1.26,21.32,11.98,J17WL,662.72,A,2024-11-19
1999-10-31,0.43,45.8,58.1,70.5,49.1,0.28,12.54,7.53,J17WL,663.69,A,2024-11-19
1999-11-01,0.0,48.1,59.7,71.3,45.3,1.58,17.18,15.35,J17WL,663.78,A,2024-11-19
1999-11-02,0.0,51.5,65.8,80.1,50.1,1.57,22.79,16.84,J17WL,663.54,A,2024-11-19
1999-11-03,0.0,36.4,51.2,65.9,25.9,2.08,17.42,17.15,J17WL,663.51,A,2024-11-19
1999-11-04,0.0,37.8,53.9,69.9,33.2,1.14,19.29,17.5,J17WL,663.57,A,2024-11-19
1999-11-05,0.0,45.0,62.5,80.0,53.6,0.33,22.5,16.6,J17WL,663.18,A,2024-11-19
1999-11-06,0.0,55.6,69.0,82.4,59.2,0.0,21.35,13.69,J17WL,663.06,A,2024-11-19
1999-11-07,0.0,57.7,69.0,80.3,57.3,0.18,19.39,13.1,J17WL,663.07,A,2024-11-19
1999-11-08,0.0,48.8,64.2,79.6,48.4,0.47,24.52,16.04,J17WL,662.64,A,2024-11-19
1999-11-09,0.0,48.6,62.9,77.3,49.1,0.35,22.16,15.23,J17WL,662.87,A,2024-11-19
1999-11-10,0.0,50.2,64.8,79.5,54.2,0.2,20.82,14.79,J17WL,662.72,A,2024-11-19
1999-11-11,0.0,56.7,67.5,78.4,56.6,0.71,17.79,12.28,J17WL,662.69,A,2024-11-19
1999-11-12,0.0,56.8,69.5,82.3,55.1,2.3,22.82,15.1,J17WL,662.38,A,2024-11-19
1999-11-13,0.0,51.3,65.8,80.4,53.0,1.08,20.6,12.74,J17WL,662.61,A,2024-11-19
1999-11-14,0.0,48.8,65.4,82.0,47.5,1.34,26.64,16.27,J17WL,662.56,A,2024-11-19
1999-11-15,0.0,48.5,65.0,81.6,45.6,1.55,26.6,15.25,J17WL,662.33,A,2024-11-19
1999-11-16,0.0,49.7,66.3,82.9,45.4,2.57,28.16,15.83,J17WL,662.21,A,2024-11-19
1999-11-17,0.0,50.0,66.0,82.0,47.1,1.75,26.22,15.83,J17WL,661.99,A,2024-11-19
1999-11-18,0.0,52.6,65.0,77.5,56.1,0.19,16.37,11.39,J17WL,662.14,A,2024-11-19
1999-11-19,0.0,60.3,71.2,82.1,61.1,0.27,21.24,11.72,J17WL,661.94,A,2024-11-19
1999-11-20,0.0,56.1,67.5,78.8,54.0,2.48,16.45,7.85,J17WL,662.13,A,2024-11-19
1999-11-21,0.0,55.6,66.0,76.5,48.8,1.48,19.69,14.87,J17WL,662.39,A,2024-11-19
1999-11-22,0.0,64.3,72.0,79.6,62.5,1.06,15.7,8.46,J17WL,662.32,A,2024-11-19
1999-11-23,0.0,65.2,73.8,82.5,63.4,0.89,20.06,8.41,J17WL,662.42,A,2024-11-19
1999-11-24,0.0,48.4,62.3,76.2,37.9,3.26,24.7,14.59,J17WL,662.36,A,2024-11-19
1999-11-25,0.07,39.8,48.1,56.3,38.7,0.62,8.34,5.21,J17WL,662.88,A,2024-11-19
1999-11-26,0.0,33.4,47.3,61.3,31.6,0.64,13.33,14.96,J17WL,663.42,A,2024-11-19
1999-11-27,0.0,32.3,51.2,70.2,33.6,0.72,18.56,14.97,J17WL,663.52,A,2024-11-19
1999-11-28,0.0,38.2,57.5,76.9,45.1,0.16,21.83,14.92,J17WL,663.53,A,2024-11-19
1999-11-29,0.0,45.1,61.6,78.2,51.1,0.0,19.05,14.62,J17WL,662.76,A,2024-11-19
1999-11-30,0.0,51.7,63.6,75.5,47.6,2.26,19.05,14.44,J17WL,662.66,A,2024-11-19
1999-12-01,0.0,44.5,56.8,69.0,41.6,0.84,14.3,9.45,J17WL,662.67,A,2024-11-19
1999-12-02,0.0,47.0,60.5,74.1,53.5,0.64,15.22,10.17,J17WL,662.95,A,2024-11-19
1999-12-03,0.0,52.8,65.6,78.3,57.9,0.06,18.01,9.32,J17WL,662.84,A,2024-11-19
1999-12-04,0.02,53.8,68.3,82.9,59.4,0.18,23.9,13.03,J17WL,662.94,A,2024-11-19
1999-12-05,0.0,39.3,58.0,76.7,33.3,1.65,27.48,10.53,J17WL,663.07,A,2024-11-19
1999-12-06,0.0,27.6,45.1,62.6,17.6,2.12,17.05,14.46,J17WL,662.83,A,2024-11-19
1999-12-07,0.0,27.8,45.2,62.6,19.2,1.75,15.82,13.84,J17WL,662.76,A,2024-11-19
1999-12-08,0.0,33.7,52.5,71.3,47.8,1.31,15.75,12.66,J17WL,662.97,A,2024-11-19
1999-12-09,0.05,61.0,70.3,79.5,62.6,1.01,16.64,7.64,J17WL,662.79,A,2024-11-19
1999-12-10,0.0,34.6,51.4,68.2,32.5,1.32,17.36,13.0,J17WL,662.91,A,2024-11-19
1999-12-11,0.0,34.2,50.3,66.4,36.2,0.91,16.42,14.01,J17WL,663.27,A,2024-11-19
1999-12-12,0.25,53.8,63.7,73.5,60.5,0.0,6.73,2.23,J17WL,664.0,A,2024-11-19
1999-12-13,0.0,35.6,47.2,58.8,42.2,1.05,4.95,5.23,J17WL,663.94,A,2024-11-19
1999-12-14,0.0,30.9,47.8,64.6,27.4,0.94,16.75,14.14,J17WL,663.95,A,2024-11-19
1999-12-15,0.0,32.0,52.6,73.2,27.3,1.45,22.08,13.9,J17WL,663.79,A,2024-11-19
1999-12-16,0.0,29.9,45.0,60.2,17.7,1.6,15.53,13.68,J17WL,663.44,A,2024-11-19
1999-12-17,0.0,30.3,46.4,62.4,18.8,1.59,16.25,13.89,J17WL,663.59,A,2024-11-19
1999-12-18,0.0,34.7,52.1,69.5,39.4,1.03,15.08,13.13,J17WL,663.7,A,2024-11-19
1999-12-19,0.0,33.6,49.3,64.9,35.5,0.54,13.26,13.19,J17WL,663.91,A,2024-11-19
1999-12-20,0.0,32.7,51.9,71.0,40.9,0.37,17.93,12.42,J17WL,663.74,A,2024-11-19
1999-12-21,0.09,38.6,42.8,46.9,36.1,1.06,3.65,2.46,J17WL,663.73,A,2024-11-19
1999-12-22,0.08,31.1,39.0,46.9,32.6,0.03,4.82,5.85,J17WL,663.91,A,2024-11-19
1999-12-23,0.0,35.1,44.1,53.1,35.0,1.08,6.46,9.75,J17WL,664.13,A,2024-11-19
1999-12-24,0.0,44.9,51.0,57.0,34.6,2.55,9.76,6.82,J17WL,664.15,A,2024-11-19
1999-12-25,0.0,45.0,56.3,67.5,33.7,3.33,17.75,10.6,J17WL,664.33,A,2024-11-19
1999-12-26,0.0,45.2,53.8,62.4,32.6,3.35,13.02,4.81,J17WL,664.81,A,2024-11-19
1999-12-27,0.0,46.0,55.0,64.0,38.4,2.9,12.99,5.51,J17WL,664.87,A,2024-11-19
1999-12-28,0.0,42.1,57.1,72.2,39.5,2.9,16.88,11.2,J17WL,664.33,A,2024-11-19
1999-12-29,0.0,37.5,54.3,71.1,29.2,2.01,21.15,14.09,J17WL,664.27,A,2024-11-19
1999-12-30,0.0,39.7,59.0,78.4,31.3,2.38,27.62,13.66,J17WL,664.06,A,2024-11-19
1999-12-31,0.0,40.6,59.0,77.5,37.6,2.11,23.6,11.8,J17WL,663.69,A,2024-11-19
2000-01-01,0.0,42.1,58.9,75.6,31.4,2.51,25.32,14.27,J17WL,663.46,A,2024-11-19
2000-01-02,0.0,48.0,63.0,77.9,57.8,0.57,15.7,9.86,J17WL,663.9,A,2024-11-19
2000-01-03,0.0,57.0,65.1,73.2,59.2,0.55,10.76,6.17,J17WL,663.92,A,2024-11-19
2000-01-04,0.0,41.8,58.4,74.9,19.7,5.2,26.11,14.07,J17WL,663.56,A,2024-11-19
2000-01-05,0.0,24.1,40.7,57.3,13.0,1.59,13.88,14.48,J17WL,663.44,A,2024-11-19
2000-01-06,0.0,24.4,42.9,61.4,27.4,0.52,13.93,14.38,J17WL,663.6,A,2024-11-19
2000-01-07,0.1,36.2,53.4,70.5,49.7,0.13,13.07,10.64,J17WL,663.87,A,2024-11-19
2000-01-08,1.22,51.6,52.9,54.2,51.2,0.12,1.44,0.97,J17WL,664.57,A,2024-11-19
2000-01-09,0.0,39.8,53.2,66.5,45.1,0.46,11.63,13.09,J17WL,665.15,A,2024-11-19
2000-01-10,0.0,37.1,56.1,75.1,39.1,1.12,19.74,14.64,J17WL,664.96,A,2024-11-19
2000-01-11,0.0,39.4,59.6,79.8,28.7,2.54,30.35,14.95,J17WL,664.91,A,2024-11-19
2000-01-12,0.0,43.3,59.7,76.1,55.3,0.01,14.89,9.19,J17WL,664.97,A,2024-11-19
2000-01-13,0.01,54.7,65.2,75.7,60.0,0.39,11.28,5.68,J17WL,664.83,A,2024-11-19
2000-01-14,0.0,53.8,64.1,74.4,40.0,1.36,20.51,14.54,J17WL,664.64,A,2024-11-19
2000-01-15,0.0,50.8,59.3,67.8,32.8,2.35,18.11,11.26,J17WL,664.74,A,2024-11-19
2000-01-16,0.0,49.7,62.3,74.8,53.7,0.65,15.15,11.84,J17WL,664.95,A,2024-11-19
2000-01-17,0.0,51.5,63.2,74.8,56.2,0.0,13.7,9.57,J17WL,664.79,A,2024-11-19
2000-01-18,0.0,53.6,65.4,77.1,56.6,0.09,15.97,11.28,J17WL,664.54,A,2024-11-19
2000-01-19,0.0,51.3,66.7,82.0,52.4,0.32,23.87,14.95,J17WL,664.67,A,2024-11-19
2000-01-20,0.0,50.5,67.5,84.5,47.6,1.36,28.58,14.89,J17WL,664.36,A,2024-11-19
2000-01-21,0.0,44.1,55.4,66.6,26.0,4.74,18.36,15.23,J17WL,664.11,A,2024-11-19
2000-01-22,0.0,46.9,57.0,67.2,49.0,0.57,9.56,6.07,J17WL,664.51,A,2024-11-19
2000-01-23,0.0,53.1,62.7,72.3,55.8,0.24,10.56,7.5,J17WL,664.42,A,2024-11-19
2000-01-24,0.0,45.9,63.4,80.8,42.9,2.4,27.56,15.58,J17WL,663.76,A,2024-11-19
2000-01-25,0.0,41.3,53.0,64.7,32.8,1.95,14.96,13.82,J17WL,663.74,A,2024-11-19
2000-01-26,0.0,42.6,54.9,67.2,30.1,3.21,14.89,15.02,J17WL,663.69,A,2024-11-19
2000-01-27,0.11,42.6,45.7,48.8,32.0,0.75,7.02,4.39,J17WL,663.96,A,2024-11-19
2000-01-28,0.14,36.1,42.4,48.6,38.2,0.0,2.22,1.69,J17WL,664.21,A,2024-11-19
2000-01-29,0.0,32.5,36.1,39.8,28.2,1.1,2.87,4.59,J17WL,664.48,A,2024-11-19
2000-01-30,0.0,26.7,34.3,41.9,26.1,0.43,4.05,8.01,J17WL,664.54,A,2024-11-19
2000-01-31,0.0,27.2,37.7,48.2,27.9,0.56,6.73,10.58,J17WL,664.37,A,2024-11-19
2000-02-01,0.0,43.6,48.2,52.8,38.2,1.99,5.78,12.38,J17WL,664.31,A,2024-11-19
2000-02-02,1.13,45.1,48.9,52.7,45.8,0.03,2.81,1.84,J17WL,664.89,A,2024-11-19
2000-02-03,0.02,43.3,48.4,53.6,41.9,0.07,5.79,6.63,J17WL,665.57,A,2024-11-19
2000-02-04,0.0,43.4,57.0,70.6,42.2,0.16,16.51,15.99,J17WL,665.55,A,2024-11-19
2000-02-05,0.0,34.8,49.3,63.8,28.3,1.88,15.09,17.48,J17WL,665.61,A,2024-11-19
2000-02-06,0.0,33.5,45.5,57.6,28.2,0.75,11.25,17.55,J17WL,665.67,A,2024-11-19
2000-02-07,0.0,34.6,50.5,66.5,49.4,0.38,9.02,8.33,J17WL,665.28,A,2024-11-19
2000-02-08,0.0,44.8,60.7,76.6,49.6,0.32,18.04,11.87,J17WL,664.85,A,2024-11-19
2000-02-09,0.0,43.8,59.8,75.7,43.0,0.3,22.63,17.89,J17WL,664.6,A,2024-11-19
2000-02-10,0.0,53.9,64.8,75.7,55.7,0.23,16.27,12.48,J17WL,664.41,A,2024-11-19
2000-02-11,0.0,55.0,67.9,80.8,56.3,0.54,19.86,14.77,J17WL,663.93,A,2024-11-19
2000-02-12,0.0,52.9,67.8,82.6,48.0,0.43,27.24,14.99,J17WL,663.8,A,2024-11-19
2000-02-13,0.01,55.2,61.6,68.0,51.5,0.55,10.17,6.95,J17WL,663.86,A,2024-11-19
2000-02-14,0.0,49.5,67.3,85.0,40.5,0.31,35.49,15.49,J17WL,663.26,A,2024-11-19
2000-02-15,0.0,48.2,65.3,82.4,46.6,1.31,26.49,18.56,J17WL,662.97,A,2024-11-19
2000-02-16,0.0,64.9,73.4,81.9,62.0,1.39,19.12,13.65,J17WL,662.6,A,2024-11-19
2000-02-17,0.0,66.7,72.8,78.8,64.3,0.69,14.08,7.41,J17WL,662.46,A,2024-11-19
2000-02-18,0.0,67.7,75.2,82.6,64.3,1.79,20.16,11.63,J17WL,662.28,A,2024-11-19
2000-02-19,0.0,48.8,65.8,82.7,50.5,2.45,22.68,12.39,J17WL,662.22,A,2024-11-19
2000-02-20,0.0,47.7,56.3,64.9,34.0,4.68,14.66,13.61,J17WL,662.24,A,2024-11-19
2000-02-21,0.0,53.5,59.6,65.8,42.9,2.11,12.41,9.61,J17WL,662.01,A,2024-11-19
2000-02-22,0.02,56.2,66.5,76.9,59.4,0.81,12.98,9.27,J17WL,661.87,A,2024-11-19
2000-02-23,0.92,58.9,67.5,76.1,61.2,0.4,11.54,4.54,J17WL,662.31,A,2024-11-19
2000-02-24,0.0,57.0,68.5,79.9,55.0,0.59,25.28,18.41,J17WL,663.01,A,2024-11-19
2000-02-25,0.0,65.4,72.9,80.3,61.4,1.27,17.92,10.29,J17WL,663.28,A,2024-11-19
2000-02-26,0.06,56.2,69.2,82.1,62.7,1.92,18.81,15.19,J17WL,662.83,A,2024-11-19
2000-02-27,0.0,41.6,57.9,74.3,30.6,2.16,24.63,18.64,J17WL,663.05,A,2024-11-19
2000-02-28,0.0,40.6,56.9,73.2,32.0,2.08,23.03,21.22,J17WL,662.7,A,2024-11-19
2000-02-29,0.0,42.1,59.0,75.9,53.3,1.21,17.55,19.47,J17WL,662.5,A,2024-11-19
2000-03-01,0.01,64.7,71.3,78.0,62.4,0.27,13.28,10.35,J17WL,662.29,A,2024-11-19
2000-03-02,0.0,65.7,72.6,79.4,63.9,0.49,14.0,9.56,J17WL,662.37,A,2024-11-19
2000-03-03,0.0,61.4,72.7,83.9,62.2,0.4,21.6,15.15,J17WL,661.9,A,2024-11-19
2000-03-04,0.0,44.5,59.8,75.1,38.4,1.85,22.31,18.41,J17WL,661.61,A,2024-11-19
2000-03-05,0.0,45.1,58.2,71.4,38.1,3.13,19.07,21.51,J17WL,661.51,A,2024-11-19
2000-03-06,0.0,55.6,63.5,71.3,57.2,0.78,10.2,13.77,J17WL,661.17,A,2024-11-19
2000-03-07,0.0,64.7,71.6,78.6,63.5,0.73,14.95,8.91,J17WL,661.0,A,2024-11-19
2000-03-08,0.01,63.5,72.7,81.9,63.2,1.4,17.55,11.84,J17WL,660.94,A,2024-11-19
2000-03-09,0.0,62.3,71.2,80.1,46.6,2.5,27.56,10.93,J17WL,660.68,A,2024-11-19
2000-03-10,0.0,66.4,75.2,84.1,62.7,1.52,24.26,15.05,J17WL,660.26,A,2024-11-19
2000-03-11,0.0,47.0,63.1,79.3,57.8,1.63,11.28,7.94,J17WL,660.09,A,2024-11-19
2000-03-12,0.0,35.9,50.5,65.1,31.9,1.22,15.16,22.8,J17WL,659.98,A,2024-11-19
2000-03-13,0.0,38.4,53.3,68.2,38.3,0.86,16.88,22.1,J17WL,659.5,A,2024-11-19
2000-03-14,0.0,51.5,62.3,73.1,53.4,0.69,14.52,14.41,J17WL,659.73,A,2024-11-19
2000-03-15,0.32,52.6,58.0,63.5,56.4,0.06,3.95,3.56,J17WL,660.47,A,2024-11-19
2000-03-16,0.0,51.7,63.9,76.1,55.0,0.08,16.42,20.32,J17WL,660.65,A,2024-11-19
2000-03-17,0.29,42.1,63.4,84.8,49.7,0.09,24.87,22.15,J17WL,660.62,A,2024-11-19
2000-03-18,0.03,41.8,46.6,51.5,42.1,0.77,3.8,4.69,J17WL,661.39,A,2024-11-19
2000-03-19,0.02,50.7,61.7,72.7,52.4,0.22,10.71,8.89,J17WL,661.7,A,2024-11-19
2000-03-20,0.0,41.3,56.8,72.2,32.7,1.38,22.04,22.56,J17WL,661.46,A,2024-11-19
2000-03-21,0.05,42.2,58.9,75.7,52.7,0.26,17.94,21.91,J17WL,661.25,A,2024-11-19
2000-03-22,0.11,64.7,73.0,81.2,67.4,0.0,13.06,8.76,J17WL,661.19,A,2024-11-19
2000-03-23,0.0,67.0,74.0,81.1,66.0,1.39,14.54,13.68,J17WL,660.91,A,2024-11-19
2000-03-24,0.05,61.7,69.1,76.5,61.1,0.05,16.23,11.43,J17WL,660.56,A,2024-11-19
2000-03-25,0.0,64.5,74.2,84.0,65.2,0.29,18.59,18.72,J17WL,660.42,A,2024-11-19
2000-03-26,0.0,64.8,73.9,82.9,64.7,0.91,19.16,17.03,J17WL,659.81,A,2024-11-19
2000-03-27,0.0,64.5,74.7,84.9,65.9,0.42,19.32,14.54,J17WL,659.18,A,2024-11-19
2000-03-28,0.0,63.8,74.1,84.5,61.1,0.5,23.7,22.32,J17WL,658.91,A,2024-11-19
2000-03-29,0.13,68.3,78.5,88.8,66.4,1.46,24.87,17.27,J17WL,658.85,A,2024-11-19
2000-03-30,0.0,56.4,74.6,92.7,47.8,2.83,46.16,23.65,J17WL,658.35,A,2024-11-19
2000-03-31,0.0,54.3,66.9,79.5,49.4,2.17,23.26,24.32,J17WL,658.0,A,2024-11-19
2000-04-01,0.03,55.7,64.7,73.6,58.7,0.9,10.74,9.2,J17WL,658.21,A,2024-11-19
2000-04-02,0.37,57.5,65.0,72.4,63.4,0.05,4.23,3.42,J17WL,659.01,A,2024-11-19
2000-04-03,0.69,54.9,58.3,61.8,55.6,0.1,4.17,6.28,J17WL,659.57,A,2024-11-19
2000-04-04,0.0,42.0,57.6,73.2,44.2,0.73,15.83,16.38,J17WL,660.15,A,2024-11-19
2000-04-05,0.0,43.1,56.8,70.6,37.6,2.11,18.31,26.25,J17WL,660.61,A,2024-11-19
2000-04-06,0.0,48.0,63.4,78.8,48.1,1.16,22.81,26.42,J17WL,660.79,A,2024-11-19
2000-04-07,0.0,54.6,69.2,83.8,60.1,0.06,22.95,23.74,J17WL,660.44,A,2024-11-19
2000-04-08,0.0,58.9,73.4,88.0,54.2,2.18,25.29,20.38,J17WL,659.85,A,2024-11-19
2000-04-09,0.0,43.3,57.5,71.8,28.8,3.41,21.96,23.97,J17WL,659.94,A,2024-11-19
2000-04-10,0.0,45.4,60.7,75.9,48.7,2.23,19.53,25.58,J17WL,659.45,A,2024-11-19
2000-04-11,0.0,62.1,68.6,75.2,63.4,1.74,9.91,9.19,J17WL,659.29,A,2024-11-19
2000-04-12,0.45,59.2,70.0,80.8,64.7,0.47,14.12,10.96,J17WL,659.32,A,2024-11-19
2000-04-13,0.02,56.4,63.1,69.7,57.0,0.45,8.17,10.4,J17WL,659.75,A,2024-11-19
2000-04-14,0.0,56.5,66.1,75.7,56.1,0.22,15.62,20.8,J17WL,659.9,A,2024-11-19
2000-04-15,0.0,60.5,68.6,76.7,60.3,0.37,12.48,12.13,J17WL,660.16,A,2024-11-19
2000-04-16,0.0,62.3,71.5,80.7,64.7,0.25,14.89,13.23,J17WL,659.83,A,2024-11-19
2000-04-17,0.0,65.5,75.3,85.1,65.6,0.41,20.11,17.85,J17WL,659.16,A,2024-11-19
2000-04-18,0.0,66.5,74.6,82.8,65.9,0.85,15.71,18.81,J17WL,658.84,A,2024-11-19
2000-04-19,0.0,68.1,74.9,81.7,67.9,1.16,13.57,15.89,J17WL,658.51,A,2024-11-19
2000-04-20,0.0,68.8,78.5,88.2,68.0,1.05,23.53,23.1,J17WL,658.12,A,2024-11-19
2000-04-21,0.0,52.7,69.2,85.7,44.9,2.91,33.63,26.55,J17WL,657.41,A,2024-11-19
2000-04-22,0.0,53.4,68.7,84.0,47.1,2.91,28.75,27.14,J17WL,656.82,A,2024-11-19
2000-04-23,0.0,56.9,70.7,84.5,58.5,2.34,26.25,23.7,J17WL,656.8,A,2024-11-19
2000-04-24,0.0,61.9,79.4,96.9,48.9,2.15,52.93,27.23,J17WL,655.68,A,2024-11-19
2000-04-25,0.0,61.3,75.7,90.2,53.3,3.88,36.23,27.91,J17WL,654.12,A,2024-11-19
2000-04-26,0.0,60.9,73.5,86.1,54.8,2.13,29.31,27.26,J17WL,653.06,A,2024-11-19
2000-04-27,0.0,61.9,75.1,88.3,58.9,1.18,30.85,26.75,J17WL,651.77,A,2024-11-19
2000-04-28,0.0,65.2,77.4,89.7,63.3,1.65,30.84,23.0,J17WL,650.95,A,2024-11-19
2000-04-29,0.0,67.2,76.4,85.6,64.4,0.9,21.74,20.87,J17WL,650.16,A,2024-11-19
2000-04-30,0.0,69.6,79.0,88.4,67.8,1.67,23.59,15.16,J17WL,649.5,A,2024-11-19
2000-05-01,1.18,60.8,72.9,85.1,66.9,0.01,17.73,11.79,J17WL,650.67,A,2024-11-19
2000-05-02,0.37,61.1,67.6,74.0,62.1,0.14,9.19,10.06,J17WL,652.76,A,2024-11-19
2000-05-03,0.14,59.3,67.0,74.8,60.5,0.04,11.74,12.79,J17WL,653.89,A,2024-11-19
2000-05-04,0.0,62.8,72.9,83.1,65.7,0.26,17.71,20.61,J17WL,654.4,A,2024-11-19
2000-05-05,0.13,69.8,78.0,86.2,69.0,1.12,18.39,14.5,J17WL,654.72,A,2024-11-19
2000-05-06,0.0,71.4,78.8,86.2,69.9,1.54,17.66,15.66,J17WL,655.43,A,2024-11-19
2000-05-07,0.0,70.9,79.9,89.0,69.2,1.31,23.9,22.95,J17WL,655.4,A,2024-11-19
2000-05-08,0.0,70.7,79.8,88.9,69.3,1.38,21.5,21.93,J17WL,654.7,A,2024-11-19
2000-05-09,0.0,71.2,80.5,89.7,69.1,1.49,25.66,22.67,J17WL,653.73,A,2024-11-19
2000-05-10,0.0,72.3,78.0,83.7,71.5,1.69,12.61,10.99,J17WL,652.72,A,2024-11-19
2000-05-11,0.0,73.6,81.3,88.9,70.4,2.43,22.94,19.39,J17WL,651.43,A,2024-11-19
2000-05-12,0.0,74.7,83.4,92.1,72.2,2.67,25.62,23.24,J17WL,650.48,A,2024-11-19
2000-05-13,0.63,65.9,78.9,91.8,69.7,1.1,23.59,22.25,J17WL,650.67,A,2024-11-19
2000-05-14,0.0,65.4,73.9,82.4,54.6,4.79,22.9,25.71,J17WL,651.73,A,2024-11-19
2000-05-15,0.0,63.7,71.8,80.0,57.0,2.85,18.19,21.75,J17WL,651.76,A,2024-11-19
2000-05-16,0.0,67.4,76.8,86.3,67.6,1.34,19.91,16.69,J17WL,650.73,A,2024-11-19
2000-05-17,0.0,70.6,80.6,90.7,67.3,2.55,29.01,23.99,J17WL,649.23,A,2024-11-19
2000-05-18,0.0,72.0,81.0,90.0,67.7,3.93,27.91,22.78,J17WL,648.5,A,2024-11-19
2000-05-19,0.0,74.8,82.1,89.3,70.7,3.56,22.64,18.31,J17WL,648.5,A,2024-11-19
2000-05-20,1.2,63.6,76.5,89.4,66.4,0.19,22.74,16.3,J17WL,650.34,A,2024-11-19
2000-05-21,0.0,64.7,70.7,76.6,64.9,0.82,9.47,6.04,J17WL,651.73,A,2024-11-19
2000-05-22,0.0,68.6,78.3,87.9,67.4,1.44,22.89,24.42,J17WL,651.76,A,2024-11-19
2000-05-23,0.0,70.4,80.1,89.8,66.4,1.09,28.22,28.1,J17WL,651.14,A,2024-11-19
2000-05-24,0.0,70.6,81.6,92.5,69.8,1.09,29.22,28.08,J17WL,650.55,A,2024-11-19
2000-05-25,0.0,73.8,84.1,94.4,73.0,2.36,28.27,25.76,J17WL,649.62,A,2024-11-19
2000-05-26,0.0,76.8,84.3,91.9,73.1,3.16,23.82,18.65,J17WL,649.01,A,2024-11-19
2000-05-27,0.0,78.1,84.2,90.4,73.3,4.76,20.84,12.3,J17WL,648.86,A,2024-11-19
2000-05-28,0.29,66.9,78.7,90.5,70.1,1.2,21.75,19.75,J17WL,649.24,A,2024-11-19
2000-05-29,0.0,69.1,77.7,86.3,69.1,0.32,19.3,23.83,J17WL,649.8,A,2024-11-19
2000-05-30,0.0,72.6,82.0,91.4,70.8,1.34,27.14,25.03,J17WL,649.39,A,2024-11-19
2000-05-31,0.0,73.0,82.5,92.0,68.2,1.69,30.46,26.75,J17WL,648.06,A,2024-11-19
2000-06-01,0.0,72.8,82.3,91.8,67.9,2.02,30.78,24.2,J17WL,647.23,A,2024-11-19
2000-06-02,0.0,73.2,82.9,92.5,68.7,1.97,31.31,24.86,J17WL,646.22,A,2024-11-19
2000-06-03,0.0,74.0,83.2,92.4,70.5,2.43,29.16,21.85,J17WL,646.03,A,2024-11-19
2000-06-04,0.0,73.9,82.6,91.2,71.3,2.01,25.09,19.22,J17WL,646.22,A,2024-11-19
2000-06-05,0.98,70.1,79.8,89.4,69.8,0.7,21.99,16.32,J17WL,646.78,A,2024-11-19
2000-06-06,0.03,67.6,76.4,85.2,66.1,2.21,19.59,15.41,J17WL,647.09,A,2024-11-19
2000-06-07,0.0,67.3,77.9,88.4,58.8,4.42,32.01,27.98,J17WL,646.38,A,2024-11-19
2000-06-08,0.0,65.3,75.9,86.4,59.6,3.48,27.17,25.31,J17WL,645.87,A,2024-11-19
2000-06-09,0.24,68.5,77.3,86.0,70.0,0.56,17.58,14.89,J17WL,647.5,A,2024-11-19
2000-06-10,2.46,70.8,76.6,82.3,72.6,0.0,9.8,8.77,J17WL,651.34,A,2024-11-19
2000-06-11,1.39,72.1,78.1,84.0,71.8,0.37,12.95,7.3,J17WL,653.98,A,2024-11-19
2000-06-12,0.45,73.3,79.7,86.1,72.1,0.36,16.73,14.28,J17WL,655.67,A,2024-11-19
2000-06-13,0.55,72.9,79.1,85.2,72.0,1.08,13.8,14.5,J17WL,656.72,A,2024-11-19
2000-06-14,0.02,74.3,81.1,87.9,70.7,1.95,20.39,22.5,J17WL,657.19,A,2024-11-19
2000-06-15,0.0,75.2,81.4,87.6,71.8,1.98,18.57,19.63,J17WL,657.4,A,2024-11-19
2000-06-16,0.04,74.5,81.9,89.2,72.0,2.31,20.75,18.44,J17WL,657.56,A,2024-11-19
2000-06-17,0.04,75.2,82.9,90.5,72.5,1.11,22.12,21.63,J17WL,657.63,A,2024-11-19
2000-06-18,0.0,75.8,83.3,90.8,73.2,0.92,22.46,15.9,J17WL,657.95,A,2024-11-19
2000-06-19,0.75,72.3,80.3,88.2,72.6,0.19,19.31,16.33,J17WL,658.29,A,2024-11-19
2000-06-20,0.0,76.5,83.2,89.8,72.5,1.74,21.69,21.82,J17WL,658.19,A,2024-11-19
2000-06-21,0.0,74.1,82.3,90.5,72.6,1.89,22.01,21.5,J17WL,657.96,A,2024-11-19
2000-06-22,0.0,74.6,82.5,90.5,71.5,1.9,24.13,23.33,J17WL,657.46,A,2024-11-19
2000-06-23,0.0,75.0,82.9,90.8,71.5,2.06,25.97,23.38,J17WL,657.04,A,2024-11-19
2000-06-24,0.0,70.3,81.6,93.0,67.9,1.34,32.56,27.39,J17WL,656.65,A,2024-11-19
2000-06-25,0.0,74.6,83.5,92.4,69.4,2.77,31.12,24.85,J17WL,656.71,A,2024-11-19
2000-06-26,0.0,74.8,83.2,91.6,69.7,2.48,27.2,26.69,J17WL,656.22,A,2024-11-19
2000-06-27,0.0,73.8,82.5,91.3,70.5,1.28,26.88,23.22,J17WL,655.09,A,2024-11-19
2000-06-28,0.0,72.4,82.5,92.6,69.8,1.4,30.39,25.7,J17WL,654.33,A,2024-11-19
2000-06-29,0.0,71.9,82.2,92.5,68.6,1.72,31.36,25.51,J17WL,653.8,A,2024-11-19
2000-06-30,0.0,72.5,82.6,92.7,67.5,2.05,33.78,26.16,J17WL,653.01,A,2024-11-19
2000-07-01,0.0,75.1,84.2,93.2,70.7,2.17,30.47,26.12,J17WL,653.05,A,2024-11-19
2000-07-02,0.0,75.1,84.6,94.1,69.9,3.13,32.56,25.81,J17WL,653.13,A,2024-11-19
2000-07-03,0.0,76.8,85.3,93.8,70.6,3.81,30.24,22.22,J17WL,652.45,A,2024-11-19
2000-07-04,0.0,75.5,84.4,93.3,70.0,2.53,29.99,24.77,J17WL,652.02,A,2024-11-19
2000-07-05,0.0,74.5,84.2,93.9,67.0,2.47,34.79,26.29,J17WL,651.27,A,2024-11-19
2000-07-06,0.0,71.9,82.6,93.3,67.4,0.91,34.49,26.92,J17WL,650.47,A,2024-11-19
2000-07-07,0.0,72.2,82.7,93.1,68.9,0.51,32.58,28.06,J17WL,649.87,A,2024-11-19
2000-07-08,0.0,75.1,85.6,96.0,69.0,2.41,36.31,26.46,J17WL,649.71,A,2024-11-19
2000-07-09,0.0,72.6,84.4,96.1,66.9,2.36,38.7,27.22,J17WL,649.47,A,2024-11-19
2000-07-10,0.0,73.6,84.5,95.3,69.7,2.32,35.44,25.59,J17WL,649.09,A,2024-11-19
2000-07-11,0.0,75.3,85.3,95.3,69.7,2.06,35.33,24.42,J17WL,647.75,A,2024-11-19
2000-07-12,0.0,75.9,86.9,97.8,69.0,3.29,40.94,27.97,J17WL,646.81,A,2024-11-19
2000-07-13,0.0,68.1,83.5,98.9,67.1,0.11,44.42,27.66,J17WL,646.14,A,2024-11-19
2000-07-14,0.0,73.6,87.1,100.6,64.1,2.93,50.55,27.94,J17WL,645.7,A,2024-11-19
2000-07-15,0.0,73.7,87.7,101.6,60.7,8.44,52.55,28.58,J17WL,645.87,A,2024-11-19
2000-07-16,0.0,75.3,88.7,102.1,60.9,9.3,53.05,28.5,J17WL,646.04,A,2024-11-19
2000-07-17,0.0,73.7,87.5,101.3,63.6,3.5,52.11,28.14,J17WL,645.15,A,2024-11-19
2000-07-18,0.0,73.0,85.2,97.3,66.5,2.26,42.15,24.51,J17WL,643.73,A,2024-11-19
2000-07-19,0.0,73.3,85.4,97.5,66.8,2.8,42.54,26.9,J17WL,642.57,A,2024-11-19
2000-07-20,0.0,73.6,86.6,99.6,64.9,3.37,50.01,28.45,J17WL,642.41,A,2024-11-19
2000-07-21,0.0,72.8,86.7,100.7,62.4,3.26,53.52,26.65,J17WL,642.19,A,2024-11-19
2000-07-22,0.0,73.5,86.6,99.7,63.4,3.97,50.07,28.04,J17WL,642.84,A,2024-11-19
2000-07-23,0.0,74.6,87.0,99.3,65.9,3.91,44.94,26.25,J17WL,643.33,A,2024-11-19
2000-07-24,0.03,71.0,85.3,99.6,67.0,3.19,44.78,23.35,J17WL,643.63,A,2024-11-19
2000-07-25,0.0,72.0,85.3,98.7,66.1,3.16,43.6,26.63,J17WL,642.15,A,2024-11-19
2000-07-26,0.0,74.8,86.9,99.0,64.9,4.05,45.41,24.86,J17WL,640.52,A,2024-11-19
2000-07-27,0.0,76.7,87.3,97.9,67.3,4.03,41.76,26.76,J17WL,640.0,A,2024-11-19
2000-07-28,0.0,72.7,85.0,97.3,66.3,3.73,43.98,24.82,J17WL,640.5,A,2024-11-19
2000-07-29,0.0,70.9,84.2,97.4,64.0,3.8,43.73,26.21,J17WL,641.38,A,2024-11-19
2000-07-30,0.0,72.8,85.0,97.3,64.7,3.58,44.1,24.96,J17WL,642.64,A,2024-11-19
2000-07-31,0.14,72.0,83.4,94.7,69.4,1.86,35.87,20.41,J17WL,643.23,A,2024-11-19
2000-08-01,0.0,70.9,81.2,91.5,67.9,2.3,27.56,21.55,J17WL,643.33,A,2024-11-19
2000-08-02,0.0,72.1,82.3,92.5,68.0,2.17,29.77,23.08,J17WL,643.1,A,2024-11-19
2000-08-03,0.0,73.4,85.5,97.6,65.9,2.86,44.49,26.8,J17WL,642.4,A,2024-11-19
2000-08-04,0.0,75.1,86.1,97.1,67.8,2.23,41.48,26.74,J17WL,642.09,A,2024-11-19
2000-08-05,0.0,74.1,85.2,96.3,67.6,3.24,39.2,23.86,J17WL,642.68,A,2024-11-19
2000-08-06,0.0,75.7,86.3,96.8,68.4,3.12,39.15,23.0,J17WL,643.09,A,2024-11-19
2000-08-07,0.0,76.0,87.3,98.6,68.8,2.27,43.19,23.4,J17WL,642.41,A,2024-11-19
2000-08-08,0.0,76.3,87.3,98.3,69.2,2.14,42.95,25.76,J17WL,641.44,A,2024-11-19
2000-08-09,0.0,76.7,86.7,96.6,70.9,3.19,37.16,20.42,J17WL,641.15,A,2024-11-19
2000-08-10,0.0,75.9,86.6,97.3,67.9,3.21,43.7,23.37,J17WL,640.42,A,2024-11-19
2000-08-11,0.0,72.7,85.5,98.3,66.1,1.53,45.52,25.0,J17WL,640.28,A,2024-11-19
2000-08-12,0.0,74.4,87.0,99.6,61.4,4.7,49.01,27.2,J17WL,640.91,A,2024-11-19
2000-08-13,0.0,74.8,88.5,102.3,63.7,7.98,52.25,26.09,J17WL,641.26,A,2024-11-19
2000-08-14,0.0,73.6,87.7,101.8,63.2,3.56,52.37,25.72,J17WL,640.37,A,2024-11-19
2000-08-15,0.0,74.0,85.5,97.0,68.6,3.01,39.25,24.71,J17WL,640.01,A,2024-11-19
2000-08-16,0.0,74.3,82.2,90.1,69.5,2.58,25.47,18.25,J17WL,639.83,A,2024-11-19
2000-08-17,0.0,75.5,86.4,97.3,66.1,2.94,44.2,24.49,J17WL,639.39,A,2024-11-19
2000-08-18,0.0,72.9,86.3,99.7,63.2,2.95,50.12,26.15,J17WL,639.0,A,2024-11-19
2000-08-19,0.0,71.8,85.1,98.3,64.2,1.95,46.75,26.33,J17WL,639.94,A,2024-11-19
2000-08-20,0.0,73.0,84.4,95.7,65.5,2.33,40.24,25.28,J17WL,640.48,A,2024-11-19
2000-08-21,0.0,75.0,86.1,97.2,65.4,3.77,41.3,24.74,J17WL,639.6,A,2024-11-19
2000-08-22,0.16,72.0,85.1,98.1,68.2,1.92,42.65,20.84,J17WL,639.7,A,2024-11-19
2000-08-23,0.0,71.7,82.5,93.2,68.7,1.9,32.56,18.66,J17WL,639.72,A,2024-11-19
2000-08-24,0.0,72.0,83.3,94.6,66.8,2.22,36.32,23.53,J17WL,639.44,A,2024-11-19
2000-08-25,0.0,74.2,85.9,97.6,66.6,3.59,43.15,24.95,J17WL,639.48,A,2024-11-19
2000-08-26,0.0,73.8,85.8,97.9,68.9,1.5,40.27,23.37,J17WL,640.06,A,2024-11-19
2000-08-27,0.0,72.9,85.2,97.4,67.7,1.45,40.25,24.0,J17WL,640.24,A,2024-11-19
2000-08-28,0.0,75.3,86.7,98.1,68.8,2.28,42.55,23.01,J17WL,639.36,A,2024-11-19
2000-08-29,0.0,76.4,87.4,98.3,68.3,3.54,42.87,23.13,J17WL,638.2,A,2024-11-19
2000-08-30,0.0,74.4,86.3,98.1,68.5,2.05,41.76,22.18,J17WL,637.71,A,2024-11-19
2000-08-31,0.0,74.5,87.1,99.6,63.0,2.66,47.6,24.33,J17WL,637.4,A,2024-11-19
2000-09-01,0.0,76.4,89.5,102.6,61.8,9.71,54.97,24.85,J17WL,636.98,A,2024-11-19
2000-09-02,0.0,76.9,89.8,102.7,64.3,9.04,52.97,23.62,J17WL,637.71,A,2024-11-19
2000-09-03,0.0,75.3,89.3,103.2,63.3,9.16,54.72,24.32,J17WL,638.25,A,2024-11-19
2000-09-04,0.0,76.0,90.0,103.9,59.0,10.67,58.3,24.8,J17WL,637.68,A,2024-11-19
2000-09-05,0.0,75.3,91.8,108.3,56.8,11.87,70.85,24.34,J17WL,636.06,A,2024-11-19
2000-09-06,0.0,76.6,93.4,110.1,57.1,14.8,74.31,23.79,J17WL,635.6,A,2024-11-19
2000-09-07,0.0,70.1,85.4,100.7,55.6,8.07,53.74,24.95,J17WL,635.47,A,2024-11-19
2000-09-08,0.0,70.9,83.5,96.2,61.6,4.37,43.37,22.39,J17WL,635.92,A,2024-11-19
2000-09-09,0.0,71.9,81.8,91.7,65.1,3.57,32.31,20.15,J17WL,637.44,A,2024-11-19
2000-09-10,0.0,74.0,84.9,95.8,66.8,3.14,40.32,21.41,J17WL,637.93,A,2024-11-19
2000-09-11,0.0,74.6,86.4,98.2,68.4,2.28,42.12,22.38,J17WL,637.45,A,2024-11-19
2000-09-12,0.0,75.4,87.4,99.3,69.5,2.71,43.57,21.81,J17WL,637.43,A,2024-11-19
2000-09-13,0.28,70.4,84.6,98.8,68.2,1.52,42.26,21.81,J17WL,639.02,A,2024-11-19
2000-09-14,0.0,71.7,82.2,92.7,69.1,1.93,30.53,19.65,J17WL,640.66,A,2024-11-19
2000-09-15,1.22,72.6,82.4,92.3,70.8,0.92,28.47,15.24,J17WL,641.72,A,2024-11-19
2000-09-16,0.0,73.1,84.0,94.9,66.3,2.19,39.23,18.72,J17WL,643.14,A,2024-11-19
2000-09-17,0.0,58.3,75.2,92.1,51.8,3.98,39.7,22.81,J17WL,643.58,A,2024-11-19
2000-09-18,0.0,57.0,73.4,89.7,44.5,4.34,39.65,23.8,J17WL,643.21,A,2024-11-19
2000-09-19,0.0,57.4,73.9,90.4,50.4,2.74,38.61,23.39,J17WL,643.0,A,2024-11-19
2000-09-20,0.0,63.8,78.7,93.5,62.0,1.57,39.91,22.27,J17WL,642.6,A,2024-11-19
2000-09-21,0.0,69.9,82.7,95.4,69.1,1.42,35.81,18.48,J17WL,642.49,A,2024-11-19
2000-09-22,0.04,75.4,81.3,87.2,72.2,1.37,17.26,13.36,J17WL,642.49,A,2024-11-19
2000-09-23,0.0,76.3,86.8,97.3,72.1,2.53,38.22,18.7,J17WL,642.5,A,2024-11-19
2000-09-24,0.0,79.2,88.8,98.3,73.0,4.55,38.35,19.06,J17WL,642.78,A,2024-11-19
2000-09-25,0.96,58.8,77.6,96.4,63.9,0.85,35.9,16.6,J17WL,643.25,A,2024-11-19
2000-09-26,0.0,48.8,61.0,73.3,42.6,2.06,19.67,21.89,J17WL,643.71,A,2024-11-19
2000-09-27,0.0,49.2,63.1,76.9,45.1,1.35,22.16,22.52,J17WL,644.01,A,2024-11-19
2000-09-28,0.0,50.9,66.1,81.3,48.5,1.42,25.18,22.61,J17WL,644.17,A,2024-11-19
2000-09-29,0.0,53.1,68.9,84.7,45.1,2.49,32.21,22.25,J17WL,643.83,A,2024-11-19
2000-09-30,0.0,53.6,69.5,85.4,46.2,2.33,32.18,21.81,J17WL,644.36,A,2024-11-19
2000-10-01,0.0,54.5,70.5,86.4,50.6,1.21,32.52,22.2,J17WL,644.67,A,2024-11-19
2000-10-02,0.0,56.6,71.9,87.1,55.8,0.26,31.88,22.07,J17WL,643.64,A,2024-11-19
2000-10-03,0.0,66.6,79.0,91.5,63.9,0.64,35.09,20.29,J17WL,642.89,A,2024-11-19
2000-10-04,0.0,72.4,82.3,92.2,66.8,1.54,31.83,18.24,J17WL,642.51,A,2024-11-19
2000-10-05,0.0,72.4,81.8,91.2,67.1,1.18,31.22,17.38,J17WL,642.2,A,2024-11-19
2000-10-06,0.0,75.9,84.4,92.8,71.8,2.44,27.52,13.43,J17WL,643.32,A,2024-11-19
2000-10-07,0.16,58.5,68.1,77.7,58.4,1.57,10.55,12.17,J17WL,644.66,A,2024-11-19
2000-10-08,1.08,44.4,51.4,58.5,46.5,0.33,3.76,3.35,J17WL,646.02,A,2024-11-19
2000-10-09,1.03,41.5,43.2,44.9,39.5,0.06,2.16,3.67,J17WL,647.29,A,2024-11-19
2000-10-10,0.67,40.6,43.1,45.6,40.0,0.29,2.15,3.64,J17WL,648.27,A,2024-11-19
2000-10-11,0.02,44.4,50.3,56.1,41.8,1.52,7.58,9.66,J17WL,649.12,A,2024-11-19
2000-10-12,0.05,54.1,59.1,64.2,54.1,0.39,7.88,5.53,J17WL,649.34,A,2024-11-19
2000-10-13,0.0,59.5,68.7,77.9,62.4,0.03,11.32,9.43,J17WL,649.84,A,2024-11-19
2000-10-14,0.0,59.5,70.4,81.4,63.2,0.0,17.36,11.64,J17WL,650.16,A,2024-11-19
2000-10-15,0.01,62.4,71.3,80.2,66.1,0.0,13.47,9.76,J17WL,650.25,A,2024-11-19
2000-10-16,0.0,69.3,76.8,84.2,67.9,0.26,19.11,12.41,J17WL,649.86,A,2024-11-19
2000-10-17,0.05,70.5,78.3,86.1,67.6,1.11,20.23,14.19,J17WL,650.04,A,2024-11-19
2000-10-18,2.11,63.1,70.7,78.3,65.2,0.0,10.37,6.2,J17WL,651.1,A,2024-11-19
2000-10-19,0.02,63.8,71.1,78.3,63.0,0.48,13.57,12.6,J17WL,651.57,A,2024-11-19
2000-10-20,0.0,64.7,72.1,79.6,61.6,1.33,17.31,12.52,J17WL,651.79,A,2024-11-19
2000-10-21,0.04,66.4,72.7,79.0,65.5,1.07,13.26,8.84,J17WL,652.45,A,2024-11-19
2000-10-22,0.57,68.1,73.8,79.4,67.9,0.33,12.33,8.73,J17WL,653.02,A,2024-11-19
2000-10-23,0.4,71.2,76.5,81.9,70.9,0.79,12.73,11.77,J17WL,653.56,A,2024-11-19
2000-10-24,0.42,70.4,75.4,80.4,70.6,0.59,10.13,9.65,J17WL,655.67,A,2024-11-19
2000-10-25,0.05,69.5,74.7,79.9,69.1,0.39,10.34,8.96,J17WL,656.65,A,2024-11-19
2000-10-26,0.0,68.6,74.9,81.1,66.9,0.71,15.14,12.49,J17WL,657.45,A,2024-11-19
2000-10-27,0.0,68.7,75.1,81.6,66.2,0.4,16.9,11.68,J17WL,657.89,A,2024-11-19
2000-10-28,0.03,70.3,76.6,82.9,67.9,1.06,17.15,12.11,J17WL,658.46,A,2024-11-19
2000-10-29,0.0,70.7,76.1,81.6,66.9,1.73,16.15,10.7,J17WL,658.92,A,2024-11-19
2000-10-30,0.0,71.1,75.5,80.0,67.7,1.77,11.91,9.83,J17WL,658.75,A,2024-11-19
2000-10-31,0.0,70.7,76.6,82.3,66.1,1.7,18.14,11.82,J17WL,658.82,A,2024-11-19
2000-11-01,0.08,70.0,76.1,82.2,65.9,1.68,18.03,10.51,J17WL,658.96,A,2024-11-19
2000-11-02,0.08,68.3,73.5,78.7,67.4,0.34,9.44,7.67,J17WL,659.08,A,2024-11-19
2000-11-03,3.26,65.7,74.0,82.3,68.7,0.01,11.97,9.83,J17WL,663.61,A,2024-11-19
2000-11-04,0.61,63.5,68.8,74.2,67.0,0.0,3.66,3.69,J17WL,664.66,A,2024-11-19
2000-11-05,0.07,65.3,68.0,70.6,65.3,0.17,4.19,4.19,J17WL,665.64,A,2024-11-19
2000-11-06,1.24,56.5,66.5,76.5,64.0,0.0,8.79,8.15,J17WL,667.64,A,2024-11-19
2000-11-07,0.0,54.1,64.4,74.8,50.6,0.92,17.88,15.57,J17WL,668.99,A,2024-11-19
2000-11-08,0.2,44.7,49.9,55.2,47.0,0.25,4.59,4.86,J17WL,669.61,A,2024-11-19
2000-11-09,0.0,35.0,43.0,51.1,37.0,0.42,4.42,5.52,J17WL,670.14,A,2024-11-19
2000-11-10,0.0,35.0,49.5,64.0,39.0,0.12,12.15,16.65,J17WL,670.56,A,2024-11-21
2000-11-11,0.0,37.6,51.9,66.1,45.0,0.17,12.54,14.7,J17WL,671.06,A,2024-11-21
2000-11-12,0.0,57.4,63.5,69.6,60.7,0.46,5.06,5.21,J17WL,671.43,A,2024-11-21
2000-11-13,0.0,45.1,62.2,79.2,54.4,0.0,8.9,6.62,J17WL,671.29,A,2024-11-19
2000-11-14,0.0,35.8,46.7,57.6,32.6,1.59,9.77,11.02,J17WL,671.3,A,2024-11-19
2000-11-15,0.0,36.1,46.5,56.8,31.5,1.03,10.58,13.01,J17WL,671.54,A,2024-11-19
2000-11-16,0.03,45.7,51.9,58.0,49.7,0.14,5.65,2.53,J17WL,671.74,A,2024-11-19
2000-11-17,0.23,45.0,59.7,74.4,52.5,0.25,13.34,9.34,J17WL,671.55,A,2024-11-19
2000-11-18,0.62,40.8,44.6,48.4,39.7,0.07,3.6,6.04,J17WL,672.21,A,2024-11-19
2000-11-19,0.79,37.9,40.8,43.7,40.3,0.02,1.76,1.97,J17WL,672.88,A,2024-11-19
2000-11-20,0.0,35.4,46.4,57.3,39.0,0.04,7.5,14.88,J17WL,673.11,A,2024-11-19
2000-11-21,0.0,35.0,48.7,62.5,39.7,0.09,10.7,14.69,J17WL,673.32,A,2024-11-19
2000-11-22,0.0,38.2,49.4,60.6,41.5,0.47,9.38,14.51,J17WL,673.65,A,2024-11-19
2000-11-23,0.15,53.3,57.5,61.6,56.4,0.3,1.9,2.38,J17WL,674.15,A,2024-11-19
2000-11-24,1.3,51.6,62.0,72.4,59.1,0.12,7.56,4.75,J17WL,675.08,A,2024-11-19
2000-11-25,0.0,42.7,52.6,62.4,44.3,0.3,8.8,11.87,J17WL,675.78,A,2024-11-19
2000-11-26,0.0,41.3,51.7,62.2,45.1,0.13,7.69,11.32,J17WL,676.12,A,2024-11-19
2000-11-27,0.0,41.7,54.9,68.1,43.7,0.13,13.54,14.48,J17WL,676.2,A,2024-11-19
2000-11-28,0.0,42.9,56.7,70.6,56.0,0.0,8.47,10.94,J17WL,676.21,A,2024-11-19
2000-11-29,0.0,59.2,68.1,77.0,63.2,0.04,11.19,8.93,J17WL,676.15,A,2024-11-19
2000-11-30,0.01,50.9,60.0,69.0,49.2,0.46,10.57,9.12,J17WL,676.1,A,2024-11-19
2000-12-01,0.0,51.1,58.4,65.7,53.6,0.25,8.03,10.07,J17WL,676.2,A,2024-11-19
2000-12-02,0.0,44.0,56.5,69.0,45.5,0.18,8.35,4.89,J17WL,676.35,A,2024-11-19
2000-12-03,0.05,38.5,44.9,51.4,31.5,1.16,6.75,8.53,J17WL,676.43,A,2024-11-19
2000-12-04,0.21,37.9,39.6,41.4,36.3,0.16,1.51,3.39,J17WL,676.41,A,2024-11-19
2000-12-05,0.0,39.3,45.2,51.0,40.8,0.44,4.27,6.42,J17WL,676.26,A,2024-11-19
2000-12-06,0.0,46.6,50.1,53.6,44.7,0.98,4.01,4.43,J17WL,676.3,A,2024-11-19
2000-12-07,0.0,31.4,45.8,60.2,38.9,0.19,9.17,8.61,J17WL,676.15,A,2024-11-19
2000-12-08,0.0,31.6,45.8,60.0,34.6,0.41,11.38,13.83,J17WL,676.22,A,2024-11-19
2000-12-09,0.0,36.5,53.1,69.7,41.8,0.68,15.09,13.04,J17WL,676.32,A,2024-11-19
2000-12-10,0.02,43.8,54.6,65.4,51.3,0.08,5.47,6.03,J17WL,676.38,A,2024-11-19
2000-12-11,0.0,55.3,61.9,68.5,60.5,0.08,4.27,5.13,J17WL,676.21,A,2024-11-19
2000-12-12,0.0,31.4,52.0,72.6,39.9,0.3,8.3,5.52,J17WL,675.95,A,2024-11-19
2000-12-13,0.64,28.1,30.3,32.5,23.0,0.12,2.82,3.72,J17WL,676.08,A,2024-11-19
2000-12-14,0.0,32.8,42.0,51.2,39.2,0.0,3.2,6.4,J17WL,675.95,A,2024-11-19
2000-12-15,0.01,38.9,47.2,55.5,41.4,0.22,6.73,10.36,J17WL,676.17,A,2024-11-19
2000-12-16,0.01,47.3,51.7,56.1,50.7,0.06,1.56,1.87,J17WL,676.43,A,2024-11-19
2000-12-17,0.0,29.9,47.8,65.6,28.5,0.38,17.07,12.96,J17WL,676.26,A,2024-11-19
2000-12-18,0.0,31.2,43.7,56.1,30.4,0.36,10.5,14.05,J17WL,676.25,A,2024-11-19
2000-12-19,0.0,30.7,46.1,61.5,28.0,0.39,13.66,12.55,J17WL,675.91,A,2024-11-19
2000-12-20,0.0,30.9,45.1,59.3,24.1,1.31,12.96,14.08,J17WL,676.12,A,2024-11-19
2000-12-21,0.0,33.9,50.1,66.2,34.4,1.56,14.3,12.47,J17WL,675.8,A,2024-11-19
2000-12-22,0.0,32.9,43.2,53.4,21.1,2.43,10.36,12.07,J17WL,675.63,A,2024-11-19
2000-12-23,0.01,32.7,41.7,50.7,29.5,0.67,8.0,9.47,J17WL,675.85,A,2024-11-19
2000-12-24,0.1,44.2,49.0,53.7,49.0,0.0,1.28,1.96,J17WL,676.03,A,2024-11-19
2000-12-25,0.1,42.6,46.8,51.0,45.0,0.0,1.34,2.42,J17WL,676.14,A,2024-11-19
2000-12-26,0.46,43.5,47.3,51.1,46.6,0.01,1.11,1.42,J17WL,676.48,A,2024-11-19
2000-12-27,0.32,34.9,40.6,46.2,35.1,0.09,1.99,1.96,J17WL,676.46,A,2024-11-19
2000-12-28,0.0,30.3,38.0,45.7,30.1,0.34,4.63,7.29,J17WL,676.54,A,2024-11-19
2000-12-29,0.0,29.9,45.0,60.0,33.5,0.18,11.12,12.22,J17WL,676.51,A,2024-11-19
2000-12-30,0.0,29.2,42.1,54.9,30.0,0.6,9.24,14.2,J17WL,676.6,A,2024-11-19
2000-12-31,0.0,28.3,40.0,51.8,28.1,0.54,8.06,13.45,J17WL,676.72,A,2024-11-19
2001-01-01,0.05,36.0,41.1,46.2,38.2,0.08,3.26,2.19,J17WL,676.72,A,2024-11-19
2001-01-02,0.0,31.0,34.7,38.3,30.7,0.29,1.75,2.74,J17WL,676.59,A,2024-11-19
2001-01-03,0.0,30.8,34.4,37.9,25.9,0.56,3.15,5.76,J17WL,676.38,A,2024-11-19
2001-01-04,0.0,30.8,40.4,50.1,30.8,0.48,6.12,10.65,J17WL,676.4,A,2024-11-19
2001-01-05,0.0,32.5,51.3,70.0,32.4,0.72,19.02,12.93,J17WL,676.45,A,2024-11-19
2001-01-06,0.0,35.3,53.9,72.6,37.2,0.7,19.2,12.92,J17WL,676.52,A,2024-11-19
2001-01-07,0.0,39.6,56.4,73.1,45.9,0.58,17.92,13.01,J17WL,676.6,A,2024-11-19
2001-01-08,0.05,41.5,53.0,64.5,40.6,0.85,9.66,8.43,J17WL,676.37,A,2024-11-19
2001-01-09,0.0,32.9,46.2,59.5,30.2,0.86,12.03,11.6,J17WL,676.35,A,2024-11-19
2001-01-10,0.23,37.7,48.9,60.1,34.1,1.12,12.31,11.02,J17WL,676.58,A,2024-11-19
2001-01-11,1.6,42.3,44.7,47.1,44.1,0.04,1.49,2.84,J17WL,677.36,A,2024-11-19
2001-01-12,0.03,42.9,55.2,67.4,46.3,0.02,10.86,13.37,J17WL,677.75,A,2024-11-19
2001-01-13,0.02,44.7,47.3,49.9,46.6,0.04,1.11,2.6,J17WL,678.42,A,2024-11-19
2001-01-14,0.14,41.5,48.6,55.7,47.6,0.01,1.83,3.25,J17WL,678.7,A,2024-11-19
2001-01-15,0.0,40.9,53.7,66.4,39.7,0.28,16.05,11.85,J17WL,678.76,A,2024-11-19
2001-01-16,0.12,44.9,49.3,53.7,41.7,0.49,6.08,7.06,J17WL,678.77,A,2024-11-19
2001-01-17,0.13,44.9,47.1,49.2,47.1,0.02,0.82,1.57,J17WL,678.9,A,2024-11-19
2001-01-18,0.06,38.3,41.5,44.7,39.1,0.11,1.49,2.66,J17WL,679.04,A,2024-11-19
2001-01-19,0.19,38.0,40.1,42.2,36.4,0.35,2.24,3.23,J17WL,679.23,A,2024-11-19
2001-01-20,0.0,28.3,40.2,52.0,28.9,0.46,8.4,12.85,J17WL,679.46,A,2024-11-19
2001-01-21,0.0,28.0,40.2,52.5,30.1,0.36,7.43,14.76,J17WL,679.59,A,2024-11-19
2001-01-22,0.0,30.9,44.7,58.4,34.1,0.29,9.66,14.09,J17WL,679.56,A,2024-11-19
2001-01-23,0.0,31.8,44.7,57.6,34.8,0.32,9.21,15.24,J17WL,679.71,A,2024-11-19
2001-01-24,0.0,35.4,46.7,57.9,43.8,0.39,6.72,12.01,J17WL,679.79,A,2024-11-19
2001-01-25,0.0,44.0,53.2,62.5,47.1,0.35,7.3,8.75,J17WL,679.75,A,2024-11-19
2001-01-26,0.0,45.4,52.7,60.0,47.6,0.4,7.66,7.36,J17WL,679.83,A,2024-11-19
2001-01-27,0.02,55.0,63.0,70.9,57.7,0.24,10.15,10.03,J17WL,679.94,A,2024-11-19
2001-01-28,0.32,62.2,65.5,68.7,61.0,0.23,3.35,4.25,J17WL,680.13,A,2024-11-19
2001-01-29,0.27,46.4,58.7,71.0,57.4,0.1,5.96,5.07,J17WL,680.24,A,2024-11-19
2001-01-30,0.0,41.0,54.4,67.7,37.7,0.47,16.84,13.6,J17WL,680.46,A,2024-11-19
2001-01-31,0.0,40.0,57.5,75.0,37.0,1.1,23.36,14.99,J17WL,680.26,A,2024-11-19
2001-02-01,0.0,46.4,53.3,60.3,35.2,3.08,11.57,14.5,J17WL,680.44,A,2024-11-19
2001-02-02,0.0,44.0,49.0,53.7,33.7,2.81,7.89,9.48,J17WL,680.35,A,2024-11-19
2001-02-03,0.0,32.9,43.7,54.6,34.5,0.24,7.76,13.66,J17WL,680.54,A,2024-11-19
2001-02-04,0.0,32.8,47.4,61.9,37.6,0.16,11.18,17.2,J17WL,680.68,A,2024-11-19
2001-02-05,0.0,36.8,53.0,69.0,40.8,0.24,14.31,16.8,J17WL,680.5,A,2024-11-19
2001-02-06,0.0,37.5,52.6,67.6,41.7,0.22,14.62,17.6,J17WL,680.49,A,2024-11-19
2001-02-07,0.0,43.9,59.3,74.6,55.1,0.0,13.96,15.65,J17WL,680.36,A,2024-11-19
2001-02-08,0.0,58.4,65.0,71.7,62.6,0.3,6.91,6.05,J17WL,680.39,A,2024-11-19
2001-02-09,0.06,53.3,63.1,72.8,63.1,1.18,5.83,4.07,J17WL,680.36,A,2024-11-19
2001-02-10,0.0,33.4,50.2,67.1,31.4,1.77,15.6,12.11,J17WL,680.42,A,2024-11-19
2001-02-11,0.01,33.6,40.5,47.4,30.2,1.68,5.86,11.63,J17WL,680.39,A,2024-11-19
2001-02-12,0.03,43.5,46.8,49.9,43.1,0.14,3.99,4.43,J17WL,680.31,A,2024-11-19
2001-02-13,0.04,47.4,54.5,61.6,54.5,0.02,2.69,2.37,J17WL,680.35,A,2024-11-19
2001-02-14,0.0,60.2,66.6,72.9,64.3,0.14,5.9,4.38,J17WL,680.22,A,2024-11-19
2001-02-15,0.0,66.1,71.0,75.9,65.1,0.4,10.02,5.87,J17WL,680.24,A,2024-11-19
2001-02-16,0.43,50.4,62.9,75.3,62.9,0.19,5.78,4.43,J17WL,680.07,A,2024-11-19
2001-02-17,0.0,35.7,50.6,65.1,40.7,1.15,10.33,17.94,J17WL,680.15,A,2024-11-19
2001-02-18,0.0,33.9,44.5,55.2,32.1,0.56,8.49,19.23,J17WL,680.36,A,2024-11-19
2001-02-19,0.0,34.2,47.4,60.6,41.4,0.08,8.74,18.55,J17WL,680.36,A,2024-11-19
2001-02-20,0.0,42.4,56.8,71.2,53.8,0.03,11.83,15.41,J17WL,680.17,A,2024-11-19
2001-02-21,0.01,55.2,64.8,74.4,62.6,0.01,9.4,11.31,J17WL,680.17,A,2024-11-19
2001-02-22,0.04,51.8,61.4,70.8,61.4,0.09,3.6,2.87,J17WL,680.0,A,2024-11-19
2001-02-23,0.0,48.7,51.5,53.9,49.3,0.29,1.96,2.16,J17WL,680.17,A,2024-11-19
2001-02-24,0.06,53.7,62.6,71.6,62.6,0.03,5.37,2.57,J17WL,680.35,A,2024-11-19
2001-02-25,0.0,53.4,67.0,80.6,50.9,1.9,19.84,16.57,J17WL,680.16,A,2024-11-19
2001-02-26,0.0,51.6,63.5,75.2,39.9,3.93,22.91,12.75,J17WL,679.95,A,2024-11-19
2001-02-27,0.05,56.0,63.5,71.1,59.6,0.06,9.03,6.78,J17WL,679.86,A,2024-11-19
2001-02-28,0.02,50.5,63.3,76.0,63.3,0.08,7.76,5.98,J17WL,679.82,A,2024-11-19
2001-03-01,0.03,39.7,44.1,48.5,41.7,0.11,1.48,2.19,J17WL,680.0,A,2024-11-19
2001-03-02,0.17,40.5,44.8,49.1,43.7,0.07,1.97,2.83,J17WL,679.98,A,2024-11-19
2001-03-03,0.65,48.0,51.9,55.9,49.4,0.12,3.2,4.76,J17WL,680.28,A,2024-11-19
2001-03-04,0.38,45.9,52.1,58.4,47.9,0.14,4.9,6.47,J17WL,680.48,A,2024-11-19
2001-03-05,0.0,40.1,54.8,69.5,43.6,0.45,14.73,19.43,J17WL,680.34,A,2024-11-19
2001-03-06,0.0,39.9,56.0,72.0,41.3,0.84,18.44,21.33,J17WL,680.48,A,2024-11-19
2001-03-07,0.0,45.7,55.9,66.1,43.9,0.86,12.64,16.41,J17WL,680.49,A,2024-11-19
2001-03-08,0.0,50.1,59.4,68.7,52.2,0.91,9.31,14.24,J17WL,680.6,A,2024-11-19
2001-03-09,0.0,49.3,59.7,70.1,53.3,0.54,8.14,7.3,J17WL,680.52,A,2024-11-19
2001-03-10,0.0,42.3,53.0,63.7,44.9,0.42,9.23,18.13,J17WL,680.69,A,2024-11-19
2001-03-11,0.0,45.6,56.8,67.8,53.4,0.78,8.88,9.0,J17WL,680.82,A,2024-11-19
2001-03-12,0.16,56.6,64.8,73.0,63.3,0.0,4.93,4.25,J17WL,680.78,A,2024-11-19
2001-03-13,0.0,46.2,62.6,79.1,43.4,0.96,26.11,22.1,J17WL,680.75,A,2024-11-19
2001-03-14,0.14,46.0,62.1,78.0,50.1,0.51,23.23,18.35,J17WL,680.84,A,2024-11-19
2001-03-15,0.51,53.5,59.0,64.5,56.3,0.1,3.79,6.11,J17WL,681.3,A,2024-11-19
2001-03-16,0.0,41.7,56.8,71.9,36.9,0.55,20.53,22.21,J17WL,681.42,A,2024-11-19
2001-03-17,0.0,41.6,53.6,65.7,38.4,2.14,13.13,22.73,J17WL,681.79,A,2024-11-19
2001-03-18,0.03,46.6,51.2,55.9,40.6,1.62,6.42,11.74,J17WL,681.81,A,2024-11-19
2001-03-19,0.49,44.2,46.4,48.5,42.6,0.28,3.26,3.25,J17WL,681.37,A,2024-11-19
2001-03-20,0.0,37.5,48.7,59.9,38.5,0.3,9.34,15.87,J17WL,681.74,A,2024-11-19
2001-03-21,0.0,37.7,53.9,70.0,41.3,0.19,16.26,23.78,J17WL,681.76,A,2024-11-19
2001-03-22,0.0,41.4,58.3,75.1,46.2,0.25,18.25,24.14,J17WL,681.83,A,2024-11-19
2001-03-23,0.0,46.0,62.6,79.3,52.9,0.03,20.37,23.96,J17WL,681.63,A,2024-11-19
2001-03-24,0.0,56.8,66.5,76.1,59.7,0.17,12.67,12.2,J17WL,681.86,A,2024-11-19
2001-03-25,0.0,48.8,61.7,74.4,50.0,0.8,13.11,14.0,J17WL,681.99,A,2024-11-19
2001-03-26,0.0,48.5,56.9,65.3,44.0,2.35,10.24,15.78,J17WL,681.68,A,2024-11-19
2001-03-27,0.0,49.3,54.3,59.2,42.3,2.67,8.08,9.24,J17WL,681.68,A,2024-11-19
2001-03-28,0.26,45.2,48.4,51.4,47.0,0.04,3.41,1.38,J17WL,681.78,A,2024-11-19
2001-03-29,0.06,46.5,49.8,53.1,48.6,0.21,2.19,3.36,J17WL,681.95,A,2024-11-19
2001-03-30,0.0,48.0,59.9,71.8,51.8,0.08,13.37,18.68,J17WL,681.89,A,2024-11-19
2001-03-31,0.0,52.2,59.1,65.7,51.0,1.22,8.16,13.39,J17WL,681.98,A,2024-11-19
2001-04-01,0.0,50.0,62.8,75.7,59.0,0.0,12.3,13.95,J17WL,681.86,A,2024-11-19
2001-04-02,0.0,57.2,65.8,74.3,63.0,0.37,9.58,8.86,J17WL,681.74,A,2024-11-19
2001-04-03,0.01,67.8,72.7,77.5,68.3,0.49,8.76,5.27,J17WL,681.64,A,2024-11-19
2001-04-04,0.02,69.2,73.5,77.8,70.6,0.12,6.6,9.69,J17WL,681.44,A,2024-11-19
2001-04-05,0.0,69.4,73.3,77.2,70.9,0.0,5.44,6.59,J17WL,681.5,A,2024-11-19
2001-04-06,0.0,68.2,75.3,82.4,68.8,0.0,14.53,16.79,J17WL,681.35,A,2024-11-19
2001-04-07,0.0,66.5,73.4,80.4,67.2,0.17,12.89,16.26,J17WL,681.25,A,2024-11-19
2001-04-08,0.0,66.9,73.3,79.6,68.1,0.35,11.49,9.74,J17WL,681.17,A,2024-11-19
2001-04-09,0.0,69.1,76.8,84.6,67.4,0.37,17.78,23.06,J17WL,680.76,A,2024-11-19
2001-04-10,0.0,70.1,77.3,84.4,68.6,0.56,16.37,19.21,J17WL,680.48,A,2024-11-19
2001-04-11,0.0,63.8,74.1,84.3,68.3,1.39,16.13,16.33,J17WL,680.25,A,2024-11-19
2001-04-12,0.06,56.4,67.8,79.3,51.8,1.36,23.1,17.05,J17WL,680.17,A,2024-11-19
2001-04-13,0.0,64.9,72.7,80.6,68.3,0.02,9.61,10.2,J17WL,679.98,A,2024-11-19
2001-04-14,0.0,66.3,73.1,79.9,70.8,0.2,6.84,13.91,J17WL,680.05,A,2024-11-19
2001-04-15,0.0,69.7,77.5,85.3,69.2,0.69,16.87,17.55,J17WL,679.87,A,2024-11-19
2001-04-16,0.0,70.1,78.9,87.6,69.9,0.61,18.4,20.82,J17WL,679.71,A,2024-11-19
2001-04-17,0.0,65.4,74.9,84.3,66.0,2.07,17.49,19.88,J17WL,679.42,A,2024-11-19
2001-04-18,0.0,49.9,55.4,61.0,43.1,2.49,9.82,9.26,J17WL,679.27,A,2024-11-19
2001-04-19,0.0,51.8,60.2,68.6,47.9,2.12,12.78,18.14,J17WL,679.11,A,2024-11-19
2001-04-20,0.0,59.6,67.4,75.2,64.2,1.5,8.12,6.78,J17WL,679.09,A,2024-11-19
2001-04-21,0.0,69.0,75.9,82.7,67.1,1.88,14.95,11.45,J17WL,679.03,A,2024-11-19
2001-04-22,0.0,68.9,76.6,84.2,66.4,1.42,18.15,18.49,J17WL,678.74,A,2024-11-19
2001-04-23,0.04,69.6,76.2,82.9,67.5,1.91,17.05,16.98,J17WL,678.92,A,2024-11-19
2001-04-24,2.11,57.7,64.2,70.7,58.6,0.25,6.73,10.2,J17WL,679.85,A,2024-11-19
2001-04-25,0.0,47.9,61.5,75.0,46.3,1.37,19.08,21.83,J17WL,680.26,A,2024-11-19
2001-04-26,0.0,48.6,62.2,75.7,46.6,0.81,19.91,27.8,J17WL,680.74,A,2024-11-19
2001-04-27,0.0,51.7,64.0,76.2,50.6,0.84,18.43,24.1,J17WL,681.12,A,2024-11-19
2001-04-28,0.0,53.0,65.5,78.0,53.0,0.44,19.89,25.37,J17WL,681.21,A,2024-11-19
2001-04-29,0.0,55.3,66.1,77.0,55.2,0.19,17.31,25.7,J17WL,681.21,A,2024-11-19
2001-04-30,0.0,60.8,69.8,78.8,58.4,0.71,18.51,24.53,J17WL,680.98,A,2024-11-19
2001-05-01,0.0,65.4,72.4,79.5,62.9,1.12,15.39,17.27,J17WL,680.98,A,2024-11-19
2001-05-02,0.0,67.2,75.3,83.3,64.9,0.96,18.96,19.46,J17WL,680.84,A,2024-11-19
2001-05-03,0.0,68.9,77.0,85.1,65.3,2.08,21.4,20.69,J17WL,680.68,A,2024-11-19
2001-05-04,0.06,69.2,76.8,84.4,67.2,0.26,19.33,15.12,J17WL,680.65,A,2024-11-19
2001-05-05,1.31,61.9,71.3,80.8,65.1,0.16,14.47,9.12,J17WL,681.24,A,2024-11-19
2001-05-06,0.11,64.4,72.8,81.2,68.4,0.07,11.03,13.48,J17WL,681.79,A,2024-11-19
2001-05-07,0.21,64.6,75.7,86.8,69.2,0.04,16.87,22.01,J17WL,682.0,A,2024-11-19
2001-05-08,0.0,65.8,74.9,84.0,65.8,0.34,18.98,25.19,J17WL,682.3,A,2024-11-19
2001-05-09,0.0,61.4,71.1,80.8,65.2,0.03,13.37,17.97,J17WL,682.56,A,2024-11-19
2001-05-10,0.0,61.9,72.2,82.4,63.3,0.1,18.88,25.28,J17WL,682.79,A,2024-11-19
2001-05-11,0.0,64.0,73.7,83.5,64.4,0.11,19.94,23.64,J17WL,682.81,A,2024-11-19
2001-05-12,0.0,66.7,75.6,84.6,65.2,0.49,20.91,23.27,J17WL,682.8,A,2024-11-19
2001-05-13,0.0,64.3,73.8,83.4,65.3,0.21,18.1,20.99,J17WL,682.82,A,2024-11-19
2001-05-14,0.0,63.2,73.7,84.1,64.3,0.39,20.3,25.27,J17WL,682.67,A,2024-11-19
2001-05-15,0.0,63.9,73.9,83.9,63.6,0.45,20.33,25.0,J17WL,682.49,A,2024-11-19
2001-05-16,0.0,66.6,76.5,86.4,65.3,1.09,22.18,26.61,J17WL,682.16,A,2024-11-19
2001-05-17,0.0,69.5,80.8,92.1,69.1,0.97,28.52,25.99,J17WL,681.69,A,2024-11-19
2001-05-18,0.0,69.6,79.6,89.6,69.4,1.21,21.72,20.93,J17WL,681.24,A,2024-11-19
2001-05-19,0.0,70.4,80.4,90.5,70.5,0.56,22.73,24.8,J17WL,680.89,A,2024-11-19
2001-05-20,0.0,70.5,76.6,82.8,71.5,0.23,11.05,11.64,J17WL,680.65,A,2024-11-19
2001-05-21,0.08,70.6,81.0,91.4,71.3,1.08,23.01,19.41,J17WL,680.02,A,2024-11-19
2001-05-22,0.0,55.7,69.9,84.0,57.0,2.37,18.09,19.29,J17WL,679.49,A,2024-11-19
2001-05-23,0.0,55.7,68.5,81.4,48.0,1.99,26.11,28.66,J17WL,678.75,A,2024-11-19
2001-05-24,0.0,59.9,73.6,87.3,55.2,1.22,31.21,29.28,J17WL,677.87,A,2024-11-19
2001-05-25,0.01,67.8,79.2,90.5,67.5,2.05,24.64,27.74,J17WL,677.28,A,2024-11-19
2001-05-26,0.11,69.6,78.9,88.1,67.6,0.9,23.29,24.02,J17WL,677.0,A,2024-11-19
2001-05-27,0.0,72.3,79.9,87.4,69.3,1.76,20.57,23.31,J17WL,676.4,A,2024-11-19
2001-05-28,0.0,71.9,83.0,94.0,69.3,1.89,32.27,26.19,J17WL,675.68,A,2024-11-19
2001-05-29,0.0,71.7,81.3,90.8,69.7,0.91,25.45,22.26,J17WL,674.72,A,2024-11-19
2001-05-30,0.0,73.8,82.3,90.8,70.0,2.17,25.51,23.57,J17WL,673.8,A,2024-11-19
2001-05-31,0.07,74.8,83.1,91.3,70.2,1.26,27.63,23.73,J17WL,673.25,A,2024-11-19
2001-06-01,0.0,67.9,79.8,91.7,69.2,0.53,29.46,21.85,J17WL,673.23,A,2024-11-19
2001-06-02,0.0,73.4,82.1,90.8,68.5,1.2,25.31,24.06,J17WL,673.09,A,2024-11-19
2001-06-03,0.0,75.9,85.2,94.4,69.6,2.61,34.03,26.69,J17WL,672.05,A,2024-11-19
2001-06-04,0.0,75.2,84.7,94.2,70.2,3.21,33.17,24.74,J17WL,671.7,A,2024-11-19
2001-06-05,0.0,72.1,82.7,93.3,69.7,1.5,30.72,24.28,J17WL,670.71,A,2024-11-19
2001-06-06,0.0,68.4,79.1,89.7,68.6,0.61,23.84,22.38,J17WL,669.96,A,2024-11-19
2001-06-07,0.0,70.5,82.3,94.0,68.4,2.34,30.96,25.67,J17WL,669.27,A,2024-11-19
2001-06-08,0.01,73.9,83.3,92.7,68.5,4.87,30.26,24.37,J17WL,668.68,A,2024-11-19
2001-06-09,0.05,72.3,79.1,86.0,69.5,1.85,19.34,16.59,J17WL,669.09,A,2024-11-19
2001-06-10,0.0,70.5,80.4,90.4,68.3,1.61,26.34,23.84,J17WL,668.88,A,2024-11-19
2001-06-11,0.0,70.1,80.9,91.7,68.0,1.52,28.34,28.68,J17WL,667.69,A,2024-11-19
2001-06-12,0.0,73.3,83.8,94.3,68.9,1.72,32.98,25.73,J17WL,666.91,A,2024-11-19
2001-06-13,0.0,77.8,88.2,98.6,72.0,3.12,39.99,27.34,J17WL,665.78,A,2024-11-19
2001-06-14,0.0,79.6,88.1,96.5,73.3,4.69,33.75,25.97,J17WL,664.68,A,2024-11-19
2001-06-15,0.18,69.9,83.1,96.2,70.5,3.34,31.06,20.12,J17WL,665.34,A,2024-11-19
2001-06-16,0.0,69.6,79.6,89.7,67.9,0.66,25.23,23.0,J17WL,666.21,A,2024-11-19
2001-06-17,0.0,71.9,82.0,92.2,69.8,0.58,28.89,24.38,J17WL,666.96,A,2024-11-19
2001-06-18,0.0,70.8,81.3,91.8,66.7,2.44,30.09,24.62,J17WL,666.12,A,2024-11-19
2001-06-19,0.0,68.4,79.7,91.1,63.5,2.37,31.34,27.25,J17WL,665.45,A,2024-11-19
2001-06-20,0.0,69.4,80.9,92.4,64.8,2.43,34.29,27.2,J17WL,665.13,A,2024-11-19
2001-06-21,0.0,72.6,82.9,93.3,67.2,1.45,34.95,26.57,J17WL,664.3,A,2024-11-19
2001-06-22,0.0,73.6,84.5,95.3,67.4,1.31,38.58,27.86,J17WL,663.85,A,2024-11-19
2001-06-23,0.0,72.6,82.6,92.6,69.6,1.67,28.93,23.5,J17WL,663.86,A,2024-11-19
2001-06-24,0.57,69.9,82.1,94.3,68.3,0.32,33.79,24.71,J17WL,666.01,A,2024-11-19
2001-06-25,0.01,70.3,79.4,88.5,70.5,0.23,21.48,24.69,J17WL,666.91,A,2024-11-19
2001-06-26,0.0,73.2,81.9,90.6,69.8,0.85,25.39,26.3,J17WL,666.83,A,2024-11-19
2001-06-27,0.0,72.5,83.2,93.9,69.4,1.0,34.85,25.46,J17WL,666.56,A,2024-11-19
2001-06-28,0.0,71.0,82.4,93.7,66.8,0.41,35.2,26.64,J17WL,666.53,A,2024-11-19
2001-06-29,0.0,73.0,83.9,94.7,68.1,0.73,36.95,27.97,J17WL,666.4,A,2024-11-19
2001-06-30,0.0,73.6,84.0,94.5,69.7,0.9,34.55,24.26,J17WL,666.56,A,2024-11-19
2001-07-01,0.0,74.7,84.3,93.9,69.6,1.68,33.83,23.61,J17WL,666.79,A,2024-11-19
2001-07-02,0.22,70.2,77.1,83.9,71.1,0.1,12.77,13.83,J17WL,667.21,A,2024-11-19
2001-07-03,0.04,68.7,77.9,87.0,69.7,0.27,20.58,21.66,J17WL,667.63,A,2024-11-19
2001-07-04,0.0,66.9,77.8,88.8,69.2,1.04,21.48,23.73,J17WL,667.75,A,2024-11-19
2001-07-05,0.0,73.2,82.9,92.5,70.5,1.86,28.12,23.78,J17WL,667.65,A,2024-11-19
2001-07-06,0.0,72.9,83.6,94.3,70.4,1.5,30.91,26.96,J17WL,667.09,A,2024-11-19
2001-07-07,0.0,74.1,84.5,95.0,69.7,2.15,32.94,27.3,J17WL,666.78,A,2024-11-19
2001-07-08,0.0,73.2,84.1,94.9,68.7,1.09,34.3,25.59,J17WL,666.62,A,2024-11-19
2001-07-09,0.0,73.4,84.2,94.9,70.1,0.72,33.57,27.37,J17WL,665.9,A,2024-11-19
2001-07-10,0.0,73.8,85.1,96.5,67.8,2.08,38.57,28.33,J17WL,665.26,A,2024-11-19
2001-07-11,0.0,73.5,85.4,97.3,67.3,2.4,41.33,28.04,J17WL,664.79,A,2024-11-19
2001-07-12,0.0,74.4,85.9,97.3,68.0,2.38,40.51,28.56,J17WL,664.33,A,2024-11-19
2001-07-13,0.0,74.6,86.4,98.2,67.2,2.57,42.97,26.83,J17WL,663.87,A,2024-11-19
2001-07-14,0.0,75.0,86.7,98.5,68.6,2.44,41.51,27.93,J17WL,663.52,A,2024-11-19
2001-07-15,0.0,75.2,86.6,98.1,69.4,2.47,41.29,27.11,J17WL,663.24,A,2024-11-19
2001-07-16,0.0,75.3,87.2,99.0,68.5,1.21,43.19,28.28,J17WL,662.35,A,2024-11-19
2001-07-17,0.0,77.2,87.1,97.0,71.4,3.2,35.63,27.46,J17WL,661.84,A,2024-11-19
2001-07-18,0.0,77.3,86.8,96.3,72.6,2.37,33.15,23.13,J17WL,661.33,A,2024-11-19
2001-07-19,0.0,76.1,86.8,97.4,72.2,2.03,35.9,26.02,J17WL,661.0,A,2024-11-19
2001-07-20,0.0,77.2,87.2,97.1,71.6,3.15,37.53,26.12,J17WL,660.59,A,2024-11-19
2001-07-21,0.0,73.8,86.4,99.0,70.4,1.22,41.6,26.59,J17WL,660.55,A,2024-11-19
2001-07-22,0.0,71.9,86.0,100.2,65.7,1.99,48.06,27.15,J17WL,660.57,A,2024-11-19
2001-07-23,0.0,72.7,86.5,100.2,64.8,3.27,48.44,28.85,J17WL,659.16,A,2024-11-19
2001-07-24,0.0,75.4,87.2,99.0,68.7,3.1,41.5,27.46,J17WL,658.48,A,2024-11-19
2001-07-25,0.0,74.9,85.9,97.0,71.0,1.09,37.74,27.37,J17WL,658.05,A,2024-11-19
2001-07-26,0.0,76.5,86.9,97.3,71.5,1.86,37.05,25.88,J17WL,657.99,A,2024-11-19
2001-07-27,0.0,77.7,87.7,97.7,72.5,2.06,36.83,24.63,J17WL,657.54,A,2024-11-19
2001-07-28,0.0,78.3,87.5,96.8,73.1,2.53,35.27,23.39,J17WL,657.73,A,2024-11-19
2001-07-29,0.0,75.9,87.3,98.6,72.1,1.45,41.07,24.89,J17WL,657.53,A,2024-11-19
2001-07-30,0.0,75.3,86.9,98.5,70.6,1.98,40.82,27.06,J17WL,656.95,A,2024-11-19
2001-07-31,0.0,76.8,87.6,98.3,70.8,2.21,40.44,25.44,J17WL,656.26,A,2024-11-19
2001-08-01,0.0,76.4,87.2,97.9,70.7,2.37,39.06,25.4,J17WL,655.79,A,2024-11-19
2001-08-02,0.0,75.3,86.4,97.6,69.8,3.13,38.1,25.87,J17WL,655.47,A,2024-11-19
2001-08-03,0.0,75.7,86.4,97.1,69.2,4.59,38.43,22.53,J17WL,655.09,A,2024-11-19
2001-08-04,0.05,74.7,85.5,96.3,70.7,1.56,35.89,23.33,J17WL,655.75,A,2024-11-19
2001-08-05,0.0,73.4,84.8,96.3,64.3,2.32,41.56,26.57,J17WL,655.81,A,2024-11-19
2001-08-06,0.0,73.5,86.4,99.4,66.6,4.37,43.5,26.0,J17WL,655.21,A,2024-11-19
2001-08-07,0.0,75.9,88.8,101.8,65.3,3.51,52.0,25.99,J17WL,654.38,A,2024-11-19
2001-08-08,0.0,76.3,86.4,96.5,70.8,2.37,35.83,25.8,J17WL,654.12,A,2024-11-19
2001-08-09,0.0,75.5,87.1,98.7,70.8,2.07,43.08,23.32,J17WL,654.04,A,2024-11-19
2001-08-10,0.0,76.4,87.9,99.5,69.4,2.84,44.94,26.1,J17WL,653.62,A,2024-11-19
2001-08-11,0.0,76.7,87.6,98.4,68.9,3.37,42.15,24.68,J17WL,654.11,A,2024-11-19
2001-08-12,0.0,75.9,87.4,98.8,67.8,4.74,44.57,24.9,J17WL,653.97,A,2024-11-19
2001-08-13,0.0,74.9,87.1,99.2,67.4,3.56,45.22,26.65,J17WL,653.09,A,2024-11-19
2001-08-14,0.0,75.9,87.8,99.6,67.4,4.7,47.22,23.32,J17WL,652.89,A,2024-11-19
2001-08-15,0.0,77.0,86.6,96.2,66.8,7.09,37.75,22.08,J17WL,653.01,A,2024-11-19
2001-08-16,0.0,75.6,87.7,99.8,67.1,4.58,45.26,26.39,J17WL,652.75,A,2024-11-19
2001-08-17,0.0,74.9,87.3,99.7,69.8,2.07,44.23,24.04,J17WL,653.58,A,2024-11-19
2001-08-18,0.0,75.3,87.9,100.5,68.7,2.09,50.24,25.22,J17WL,653.43,A,2024-11-19
2001-08-19,0.0,75.9,87.6,99.3,67.3,2.62,46.49,24.37,J17WL,653.43,A,2024-11-19
2001-08-20,0.1,75.9,83.0,90.1,72.2,1.16,23.12,15.44,J17WL,654.04,A,2024-11-19
2001-08-21,0.0,75.5,87.2,98.9,70.5,1.7,42.85,22.53,J17WL,654.04,A,2024-11-19
2001-08-22,0.0,76.3,87.5,98.6,71.7,1.78,40.81,22.08,J17WL,653.81,A,2024-11-19
2001-08-23,0.0,77.7,88.1,98.6,71.1,2.18,41.65,22.12,J17WL,653.51,A,2024-11-19
2001-08-24,0.0,74.4,86.2,98.0,68.6,2.02,43.13,24.03,J17WL,652.92,A,2024-11-19
2001-08-25,0.0,76.8,86.8,96.9,70.8,2.36,37.3,22.18,J17WL,653.03,A,2024-11-19
2001-08-26,0.0,78.0,88.3,98.6,71.4,2.69,40.9,23.49,J17WL,653.15,A,2024-11-19
2001-08-27,0.44,71.5,85.1,98.6,70.3,0.7,40.98,19.45,J17WL,654.94,A,2024-11-19
2001-08-28,0.0,72.9,81.9,90.8,71.9,0.57,23.94,14.78,J17WL,656.7,A,2024-11-19
2001-08-29,0.42,71.8,78.0,84.1,69.8,0.55,16.7,14.69,J17WL,659.53,A,2024-11-19
2001-08-30,4.0,71.0,74.5,78.0,73.2,0.01,3.71,3.09,J17WL,663.33,A,2024-11-19
2001-08-31,3.88,72.0,75.1,78.3,73.8,0.05,2.61,3.78,J17WL,666.57,A,2024-11-19
2001-09-01,1.19,71.3,78.9,86.4,72.9,0.0,14.81,14.45,J17WL,669.16,A,2024-11-19
2001-09-02,0.63,72.1,81.3,90.4,73.0,0.18,23.33,20.1,J17WL,670.57,A,2024-11-19
2001-09-03,0.55,74.0,82.3,90.6,75.0,0.07,20.89,15.6,J17WL,671.21,A,2024-11-19
2001-09-04,0.0,71.4,82.1,92.9,71.4,0.93,26.67,20.49,J17WL,671.7,A,2024-11-19
2001-09-05,0.08,72.9,81.0,89.2,70.3,0.62,21.59,20.41,J17WL,672.48,A,2024-11-19
2001-09-06,1.47,69.0,78.4,87.9,70.9,0.01,19.43,14.73,J17WL,673.92,A,2024-11-19
2001-09-07,0.0,72.1,80.7,89.2,72.3,1.05,21.73,19.2,J17WL,674.74,A,2024-11-19
2001-09-08,0.0,75.6,83.5,91.5,73.7,1.62,23.58,21.2,J17WL,675.49,A,2024-11-19
2001-09-09,0.0,76.5,84.2,92.0,74.7,0.91,22.25,18.11,J17WL,675.97,A,2024-11-19
2001-09-10,0.09,70.0,76.2,82.2,67.9,1.83,14.23,14.77,J17WL,676.15,A,2024-11-19
2001-09-11,0.0,70.4,77.1,83.6,67.8,2.17,16.41,18.57,J17WL,676.2,A,2024-11-19
2001-09-12,0.0,67.7,77.3,86.8,67.0,1.8,20.79,20.8,J17WL,676.29,A,2024-11-19
2001-09-13,0.0,67.3,77.6,87.8,63.8,1.83,25.44,22.29,J17WL,676.32,A,2024-11-19
2001-09-14,0.0,67.5,78.3,89.0,67.2,1.81,24.96,22.9,J17WL,676.18,A,2024-11-19
2001-09-15,0.0,70.0,80.1,90.1,68.9,1.62,24.56,20.24,J17WL,676.29,A,2024-11-19
2001-09-16,0.0,69.7,78.4,87.2,67.0,1.47,22.02,21.02,J17WL,676.31,A,2024-11-19
2001-09-17,0.0,70.2,78.5,86.8,67.2,1.68,22.79,18.21,J17WL,675.97,A,2024-11-19
2001-09-18,0.0,70.4,79.3,88.2,70.1,0.27,22.55,18.66,J17WL,675.83,A,2024-11-19
2001-09-19,0.0,71.0,80.5,90.4,72.1,0.02,23.12,20.14,J17WL,675.52,A,2024-11-19
2001-09-20,0.0,74.6,82.8,91.1,73.1,0.46,22.82,20.0,J17WL,675.25,A,2024-11-19
2001-09-21,0.0,74.8,83.0,91.5,72.6,0.46,24.2,20.94,J17WL,674.88,A,2024-11-19
2001-09-22,0.0,72.3,81.2,90.3,69.3,1.59,24.97,20.03,J17WL,675.03,A,2024-11-19
2001-09-23,0.44,66.2,77.6,88.9,68.6,0.28,22.22,13.45,J17WL,675.54,A,2024-11-19
2001-09-24,0.12,67.2,77.3,87.2,64.9,0.89,24.08,19.3,J17WL,675.62,A,2024-11-19
2001-09-25,0.0,57.0,67.7,78.3,54.9,2.04,18.93,22.32,J17WL,675.74,A,2024-11-19
2001-09-26,0.0,53.0,64.8,76.6,52.4,1.24,17.88,20.13,J17WL,675.73,A,2024-11-19
2001-09-27,0.0,51.6,64.2,76.7,50.4,1.11,20.52,22.66,J17WL,675.66,A,2024-11-19
2001-09-28,0.0,52.7,66.2,79.5,52.5,1.07,21.5,22.45,J17WL,675.58,A,2024-11-19
2001-09-29,0.0,54.5,68.0,81.3,53.6,1.5,22.99,22.5,J17WL,675.45,A,2024-11-19
2001-09-30,0.0,56.1,68.7,81.3,52.8,2.42,23.19,22.08,J17WL,675.3,A,2024-11-19
2001-10-01,0.0,55.9,67.2,78.4,51.6,2.01,21.29,19.61,J17WL,674.95,A,2024-11-19
2001-10-02,0.0,55.4,67.4,79.3,53.6,1.33,20.91,18.92,J17WL,674.8,A,2024-11-19
2001-10-03,0.0,55.9,68.0,80.0,57.5,0.97,19.58,20.61,J17WL,674.56,A,2024-11-19
2001-10-04,0.0,66.1,74.4,82.7,65.4,0.93,16.74,16.19,J17WL,674.67,A,2024-11-19
2001-10-05,0.03,67.8,76.4,85.1,67.7,0.57,18.61,14.33,J17WL,674.67,A,2024-11-19
2001-10-06,0.02,54.8,68.2,81.5,62.2,0.31,10.86,8.73,J17WL,674.96,A,2024-11-19
2001-10-07,0.0,52.9,63.1,73.3,49.2,1.26,16.22,20.65,J17WL,674.83,A,2024-11-19
2001-10-08,0.0,50.8,63.7,76.6,57.9,1.32,15.4,20.24,J17WL,674.53,A,2024-11-19
2001-10-09,0.0,67.5,74.1,80.7,68.5,1.19,10.76,10.55,J17WL,674.25,A,2024-11-19
2001-10-10,0.01,72.5,77.6,82.7,71.6,0.73,12.07,7.31,J17WL,674.34,A,2024-11-19
2001-10-11,0.1,73.0,78.5,83.9,72.0,0.58,14.46,12.53,J17WL,674.32,A,2024-11-19
2001-10-12,0.11,61.9,71.6,81.4,64.7,0.3,15.76,9.78,J17WL,674.5,A,2024-11-19
2001-10-13,2.12,58.4,71.4,84.4,68.4,0.01,12.99,6.65,J17WL,676.04,A,2024-11-19
2001-10-14,0.02,48.1,61.0,73.8,47.4,0.89,18.89,19.21,J17WL,676.78,A,2024-11-19
2001-10-15,0.0,48.7,64.4,80.1,49.1,0.73,24.73,20.21,J17WL,677.01,A,2024-11-19
2001-10-16,0.0,52.0,66.7,81.3,54.3,1.14,18.24,17.97,J17WL,676.92,A,2024-11-19
2001-10-17,0.0,41.6,55.4,69.0,37.6,0.94,17.18,19.7,J17WL,677.11,A,2024-11-19
2001-10-18,0.0,43.0,57.0,70.9,46.2,0.34,15.9,19.51,J17WL,677.11,A,2024-11-19
2001-10-19,0.0,49.3,63.3,77.3,55.9,0.08,16.77,19.2,J17WL,676.93,A,2024-11-19
2001-10-20,0.0,54.7,67.2,79.7,60.7,0.02,16.45,17.5,J17WL,677.03,A,2024-11-19
2001-10-21,0.0,56.9,68.5,80.0,60.4,0.03,16.41,17.0,J17WL,676.82,A,2024-11-19
2001-10-22,0.0,58.7,70.1,81.5,63.6,0.03,18.72,16.32,J17WL,676.74,A,2024-11-19
2001-10-23,0.0,67.0,76.0,85.0,68.7,0.02,19.6,16.16,J17WL,676.39,A,2024-11-19
2001-10-24,0.0,71.9,78.5,85.1,70.1,0.6,17.79,15.19,J17WL,676.2,A,2024-11-19
2001-10-25,0.0,60.9,76.2,91.5,55.2,2.28,35.86,16.24,J17WL,675.75,A,2024-11-19
2001-10-26,0.0,55.9,67.3,78.7,44.1,4.73,23.88,18.04,J17WL,675.56,A,2024-11-19
2001-10-27,0.0,51.2,63.7,76.3,47.4,1.77,19.84,17.57,J17WL,675.57,A,2024-11-19
2001-10-28,0.0,48.9,62.4,75.9,43.2,0.92,22.54,17.13,J17WL,675.63,A,2024-11-19
2001-10-29,0.0,47.8,61.7,75.7,49.8,0.11,17.57,17.88,J17WL,675.42,A,2024-11-19
2001-10-30,0.0,50.4,62.4,74.5,52.4,0.21,15.61,17.64,J17WL,675.12,A,2024-11-19
2001-10-31,0.0,51.7,63.0,74.3,54.6,0.03,14.83,14.07,J17WL,675.25,A,2024-11-19
2001-11-01,0.0,54.3,65.8,77.2,62.0,0.22,12.97,10.85,J17WL,675.29,A,2024-11-19
2001-11-02,0.0,63.8,73.3,82.8,65.6,0.05,18.19,13.79,J17WL,674.92,A,2024-11-19
2001-11-03,0.0,63.4,73.6,83.7,66.1,0.2,18.86,12.74,J17WL,675.04,A,2024-11-19
2001-11-04,0.0,57.8,68.4,78.9,61.0,0.15,16.65,12.51,J17WL,675.02,A,2024-11-19
2001-11-05,0.0,57.9,69.5,81.1,56.8,0.8,20.91,15.5,J17WL,674.67,A,2024-11-19
2001-11-06,0.0,48.1,63.2,78.3,47.6,0.57,23.82,16.01,J17WL,674.63,A,2024-11-19
2001-11-07,0.0,48.5,63.0,77.5,44.5,1.56,23.37,16.89,J17WL,674.55,A,2024-11-19
2001-11-08,0.0,51.5,64.5,77.6,57.9,0.02,15.08,14.9,J17WL,674.37,A,2024-11-19
2001-11-09,0.51,57.7,69.4,81.1,61.4,0.07,16.65,14.77,J17WL,674.65,A,2024-11-19
2001-11-10,0.0,54.2,62.6,71.0,53.6,0.42,10.77,11.21,J17WL,675.3,A,2024-11-19
2001-11-11,0.0,56.7,66.2,75.8,59.7,0.54,11.64,13.33,J17WL,675.57,A,2024-11-19
2001-11-12,0.0,61.3,69.0,76.6,61.4,0.35,13.25,11.44,J17WL,675.44,A,2024-11-19
2001-11-13,0.0,63.9,70.6,77.3,63.1,0.32,12.68,10.44,J17WL,675.26,A,2024-11-19
2001-11-14,0.0,63.5,70.9,78.3,63.2,0.23,13.22,8.74,J17WL,675.43,A,2024-11-19
2001-11-15,0.58,63.5,69.3,75.1,64.3,0.2,9.79,4.9,J17WL,676.38,A,2024-11-19
2001-11-16,3.94,62.5,67.3,72.0,64.9,0.01,3.76,2.77,J17WL,678.87,A,2024-11-19
2001-11-17,0.05,61.6,64.5,67.4,61.8,0.33,3.86,5.55,J17WL,679.95,A,2024-11-19
2001-11-18,0.0,63.0,66.9,70.8,63.0,0.32,5.53,3.17,J17WL,680.73,A,2024-11-19
2001-11-19,0.0,58.5,67.0,75.4,62.6,0.0,10.44,7.69,J17WL,681.15,A,2024-11-19
2001-11-20,0.16,46.6,58.1,69.5,48.6,0.23,5.88,3.79,J17WL,681.36,A,2024-11-19
2001-11-21,0.0,43.0,51.3,59.7,35.0,1.16,11.84,11.63,J17WL,681.78,A,2024-11-21
2001-11-22,0.0,46.3,51.9,57.6,40.3,2.44,9.02,5.9,J17WL,682.1,A,2024-11-21
2001-11-23,0.0,52.9,62.8,72.6,55.0,0.54,11.12,12.32,J17WL,682.42,A,2024-11-21
2001-11-24,0.0,58.0,69.1,80.2,56.7,0.37,16.79,12.73,J17WL,682.53,A,2024-11-21
2001-11-25,0.0,43.3,59.4,75.5,37.8,1.61,24.39,13.68,J17WL,682.56,A,2024-11-19
2001-11-26,0.0,43.9,59.9,75.9,50.2,0.39,21.15,14.97,J17WL,682.42,A,2024-11-19
2001-11-27,0.0,59.5,69.2,78.8,58.9,0.35,14.44,8.7,J17WL,682.28,A,2024-11-19
2001-11-28,0.31,35.4,46.9,58.4,32.8,0.32,9.92,3.5,J17WL,682.17,A,2024-11-19
2001-11-29,0.2,31.2,36.2,41.2,30.8,0.24,2.68,3.1,J17WL,682.38,A,2024-11-19
2001-11-30,0.0,31.8,42.5,53.1,33.2,0.38,7.12,12.84,J17WL,682.37,A,2024-11-19
2001-12-01,0.0,34.6,50.1,65.5,41.1,0.19,12.26,14.27,J17WL,682.62,A,2024-11-19
2001-12-02,0.61,47.9,55.3,62.7,54.8,0.13,4.5,4.39,J17WL,682.7,A,2024-11-19
2001-12-03,0.56,56.8,59.1,61.4,59.1,0.0,0.32,0.84,J17WL,682.84,A,2024-11-19
2001-12-04,0.02,59.9,63.7,67.4,63.0,0.35,1.66,4.27,J17WL,683.14,A,2024-11-19
2001-12-05,0.04,66.2,71.8,77.3,66.4,0.23,10.2,8.0,J17WL,683.16,A,2024-11-19
2001-12-06,0.01,65.0,71.5,78.0,65.5,0.27,11.04,6.49,J17WL,683.22,A,2024-11-19
2001-12-07,0.0,66.4,71.5,76.6,64.9,0.39,10.6,7.54,J17WL,683.33,A,2024-11-19
2001-12-08,0.69,51.3,63.0,74.7,63.0,0.51,7.43,3.37,J17WL,683.5,A,2024-11-19
2001-12-09,0.2,44.1,47.9,51.6,37.7,1.47,5.9,3.24,J17WL,683.9,A,2024-11-19
2001-12-10,0.0,32.6,43.4,54.1,29.3,0.58,9.91,7.85,J17WL,684.07,A,2024-11-19
2001-12-11,0.0,33.1,47.2,61.2,33.7,0.52,12.87,13.67,J17WL,684.27,A,2024-11-19
2001-12-12,0.38,47.4,53.9,60.3,53.2,0.02,2.58,1.24,J17WL,684.51,A,2024-11-19
2001-12-13,0.0,52.7,59.6,66.4,54.8,0.38,7.39,5.29,J17WL,684.66,A,2024-11-19
2001-12-14,0.02,34.2,47.0,59.7,38.9,0.38,8.31,8.04,J17WL,684.72,A,2024-11-19
2001-12-15,0.04,36.3,49.4,62.6,39.9,0.66,12.02,13.4,J17WL,684.9,A,2024-11-19
2001-12-16,1.0,51.6,59.5,67.5,59.5,0.0,1.98,1.01,J17WL,685.34,A,2024-11-19
2001-12-17,0.0,47.3,59.1,70.9,55.2,0.4,5.96,3.56,J17WL,685.24,A,2024-11-19
2001-12-18,0.0,37.9,52.8,67.7,37.8,0.62,17.02,13.82,J17WL,685.4,A,2024-11-19
2001-12-19,0.0,37.9,52.5,67.0,40.4,0.62,14.82,12.1,J17WL,685.31,A,2024-11-19
2001-12-20,0.0,34.5,49.5,64.5,34.1,0.64,14.64,13.88,J17WL,685.25,A,2024-11-19
2001-12-21,0.0,34.2,48.7,63.3,34.3,0.33,13.72,14.05,J17WL,685.15,A,2024-11-19
2001-12-22,0.0,37.7,53.3,69.0,50.7,0.14,11.4,11.28,J17WL,685.36,A,2024-11-19
2001-12-23,0.0,41.1,57.8,74.5,45.8,0.39,16.67,11.22,J17WL,685.29,A,2024-11-19
2001-12-24,0.0,36.7,49.1,61.6,28.4,1.93,13.87,13.77,J17WL,685.27,A,2024-11-19
2001-12-25,0.0,36.4,45.3,54.2,21.0,1.44,11.42,9.94,J17WL,685.28,A,2024-11-19
2001-12-26,0.0,32.8,44.5,56.2,27.8,0.75,11.14,13.66,J17WL,685.23,A,2024-11-19
2001-12-27,0.0,30.4,44.7,59.0,27.1,0.66,12.49,14.11,J17WL,685.22,A,2024-11-19
2001-12-28,0.0,29.9,47.6,65.4,40.6,0.14,13.13,12.69,J17WL,685.04,A,2024-11-19
2001-12-29,0.0,36.9,52.2,67.6,33.0,1.02,17.28,13.85,J17WL,684.96,A,2024-11-19
2001-12-30,0.0,34.7,46.5,58.3,28.6,1.78,10.98,13.89,J17WL,684.92,A,2024-11-19
2001-12-31,0.0,34.4,41.8,49.2,27.1,2.36,6.32,9.55,J17WL,684.85,A,2024-11-19
2002-01-01,0.0,32.6,40.1,47.4,25.6,1.56,6.51,11.11,J17WL,684.8,A,2024-11-19
2002-01-02,0.0,32.4,37.2,41.6,24.1,1.36,4.84,4.69,J17WL,684.68,A,2024-11-19
2002-01-03,0.0,24.2,34.6,45.0,21.9,0.52,6.28,6.17,J17WL,684.4,A,2024-11-19
2002-01-04,0.0,22.5,34.8,47.0,23.2,0.35,6.42,13.96,J17WL,684.22,A,2024-11-19
2002-01-05,0.17,26.1,38.7,51.4,38.7,0.1,4.33,5.43,J17WL,684.51,A,2024-11-19
2002-01-06,0.0,37.4,48.2,58.8,39.4,0.28,8.12,8.75,J17WL,684.46,A,2024-11-19
2002-01-07,0.0,32.5,49.2,65.9,30.5,0.86,16.27,14.19,J17WL,684.19,A,2024-11-19
2002-01-08,0.0,33.1,48.5,63.8,28.8,0.95,14.85,14.46,J17WL,684.02,A,2024-11-19
2002-01-09,0.0,35.1,51.8,68.4,41.4,0.14,14.12,14.49,J17WL,684.0,A,2024-11-19
2002-01-10,0.0,41.9,58.6,75.2,51.1,0.0,17.87,14.62,J17WL,683.98,A,2024-11-19
2002-01-11,0.0,50.7,61.0,71.1,48.5,0.55,9.88,8.16,J17WL,683.82,A,2024-11-19
2002-01-12,0.0,36.9,48.3,58.8,33.5,1.59,9.94,7.92,J17WL,683.83,A,2024-11-19
2002-01-13,0.0,33.4,50.8,68.0,30.0,1.21,18.57,15.05,J17WL,683.75,A,2024-11-19
2002-01-14,0.0,33.4,51.5,69.6,33.3,1.0,18.34,14.9,J17WL,683.52,A,2024-11-19
2002-01-15,0.0,36.8,52.4,68.0,28.4,1.73,18.66,14.97,J17WL,683.35,A,2024-11-19
2002-01-16,0.0,39.8,54.5,69.1,41.3,0.0,17.84,15.1,J17WL,683.2,A,2024-11-19
2002-01-17,0.0,53.8,62.7,71.4,57.2,0.44,9.54,6.28,J17WL,683.14,A,2024-11-19
2002-01-18,0.0,49.1,62.1,75.1,53.8,0.84,11.3,5.99,J17WL,683.07,A,2024-11-19
2002-01-19,0.0,48.3,53.7,59.1,49.0,0.15,4.55,3.03,J17WL,683.17,A,2024-11-19
2002-01-20,0.0,38.7,51.8,65.2,31.3,1.06,14.68,14.8,J17WL,683.14,A,2024-11-19
2002-01-21,0.0,39.9,52.2,64.5,44.0,0.27,9.88,13.77,J17WL,682.97,A,2024-11-19
2002-01-22,0.03,41.5,56.1,70.6,36.5,1.4,19.85,11.76,J17WL,682.7,A,2024-11-19
2002-01-23,0.0,54.3,64.1,73.7,62.4,0.03,6.98,7.56,J17WL,682.78,A,2024-11-19
2002-01-24,0.02,67.4,73.5,79.6,65.4,0.51,13.47,8.42,J17WL,682.65,A,2024-11-19
2002-01-25,0.08,41.9,55.3,68.4,38.0,0.68,6.41,6.34,J17WL,682.56,A,2024-11-19
2002-01-26,0.0,34.4,48.1,61.8,23.1,1.57,15.77,16.21,J17WL,682.77,A,2024-11-19
2002-01-27,0.0,34.6,49.0,63.2,29.0,1.63,14.94,13.33,J17WL,682.86,A,2024-11-19
2002-01-28,0.0,37.9,55.3,72.7,46.1,0.15,17.74,16.14,J17WL,682.55,A,2024-11-19
2002-01-29,0.0,59.6,67.2,74.7,63.3,0.22,9.17,5.47,J17WL,682.35,A,2024-11-19
2002-01-30,0.0,63.7,71.9,80.1,63.7,0.66,16.11,11.24,J17WL,682.21,A,2024-11-19
2002-01-31,0.0,67.9,72.6,77.1,65.3,1.83,9.69,4.5,J17WL,682.25,A,2024-11-19
2002-02-01,0.03,43.9,56.9,69.9,35.4,2.1,13.07,9.14,J17WL,682.05,A,2024-11-19
2002-02-02,0.01,35.6,43.0,50.5,21.7,1.98,9.26,4.56,J17WL,682.27,A,2024-11-19
2002-02-03,0.0,36.7,46.1,55.5,28.7,2.27,10.03,13.54,J17WL,682.19,A,2024-11-19
2002-02-04,0.0,42.0,51.1,60.2,34.7,2.34,12.22,12.64,J17WL,682.03,A,2024-11-19
2002-02-05,0.09,43.8,50.2,56.7,39.1,0.69,8.05,7.53,J17WL,682.06,A,2024-11-19
2002-02-06,0.4,42.4,43.2,44.1,41.0,0.36,1.17,1.06,J17WL,682.2,A,2024-11-19
2002-02-07,0.0,32.4,44.4,56.3,35.0,0.3,9.1,11.72,J17WL,682.16,A,2024-11-19
2002-02-08,0.0,32.7,49.2,65.6,35.8,0.35,15.33,17.0,J17WL,681.99,A,2024-11-19
2002-02-09,0.0,34.8,50.6,66.3,41.3,0.18,12.78,18.07,J17WL,682.14,A,2024-11-19
2002-02-10,0.0,39.9,57.5,75.0,36.2,0.28,20.87,17.95,J17WL,681.88,A,2024-11-19
2002-02-11,0.0,31.2,43.3,55.4,26.1,1.39,9.79,12.63,J17WL,681.58,A,2024-11-19
2002-02-12,0.0,31.6,45.4,59.1,22.9,1.41,13.52,18.23,J17WL,681.48,A,2024-11-19
2002-02-13,0.0,34.1,49.6,65.1,29.1,1.32,16.18,14.88,J17WL,681.18,A,2024-11-19
2002-02-14,0.0,36.3,50.8,65.2,31.6,1.48,15.1,18.62,J17WL,680.83,A,2024-11-19
2002-02-15,0.0,39.1,53.7,68.3,40.1,0.67,15.46,17.41,J17WL,680.71,A,2024-11-19
2002-02-16,0.0,38.6,55.9,73.3,39.4,0.5,19.11,17.21,J17WL,680.65,A,2024-11-19
2002-02-17,0.0,35.5,49.9,64.2,26.8,1.73,16.14,14.37,J17WL,680.4,A,2024-11-19
2002-02-18,0.0,36.2,51.5,66.8,34.0,1.52,17.02,14.96,J17WL,680.27,A,2024-11-19
2002-02-19,0.02,50.7,60.0,69.2,59.0,0.29,7.24,4.46,J17WL,680.24,A,2024-11-19
2002-02-20,0.02,41.4,61.0,80.6,39.0,0.35,29.73,12.3,J17WL,679.79,A,2024-11-19
2002-02-21,0.0,41.5,60.3,79.0,30.7,3.35,29.26,19.92,J17WL,679.48,A,2024-11-19
2002-02-22,0.0,41.1,60.2,79.2,35.5,2.41,27.59,16.18,J17WL,679.26,A,2024-11-19
2002-02-23,0.0,36.3,51.9,67.5,27.4,1.91,18.75,19.95,J17WL,679.27,A,2024-11-19
2002-02-24,0.0,36.7,55.5,74.4,31.4,1.58,23.61,20.44,J17WL,679.07,A,2024-11-19
2002-02-25,0.0,41.6,60.0,78.4,50.0,0.61,22.72,20.43,J17WL,678.64,A,2024-11-19
2002-02-26,0.0,36.3,57.2,78.0,41.6,2.07,20.75,15.07,J17WL,678.34,A,2024-11-19
2002-02-27,0.0,20.6,32.7,44.8,8.9,1.39,8.09,9.6,J17WL,678.25,A,2024-11-19
2002-02-28,0.0,20.6,36.4,52.2,11.2,1.34,11.4,20.17,J17WL,678.36,A,2024-11-19
2002-03-01,0.07,36.9,45.8,54.6,36.0,0.56,8.16,9.12,J17WL,678.5,A,2024-11-19
2002-03-02,0.0,44.6,55.1,65.6,54.3,0.0,6.67,4.57,J17WL,678.75,A,2024-11-19
2002-03-03,0.0,28.9,39.1,49.3,18.3,1.8,6.75,15.76,J17WL,678.76,A,2024-11-19
2002-03-04,0.0,21.0,35.7,50.3,7.3,1.25,10.27,21.06,J17WL,678.32,A,2024-11-19
2002-03-05,0.0,22.7,40.3,57.8,11.4,1.53,13.86,21.17,J17WL,678.25,A,2024-11-19
2002-03-06,0.0,28.6,46.0,63.3,41.9,0.45,11.86,14.98,J17WL,678.12,A,2024-11-19
2002-03-07,0.0,53.2,64.1,75.2,55.3,0.57,14.97,11.67,J17WL,678.01,A,2024-11-19
2002-03-08,0.0,61.1,67.9,74.6,59.2,0.76,12.9,7.0,J17WL,678.05,A,2024-11-19
2002-03-09,0.03,61.7,69.7,77.7,64.4,0.32,11.61,4.72,J17WL,678.08,A,2024-11-19
2002-03-10,0.0,43.1,54.9,66.4,20.1,1.78,16.97,20.69,J17WL,678.03,A,2024-11-19
2002-03-11,0.0,42.9,49.6,56.3,26.1,2.71,11.48,13.53,J17WL,677.83,A,2024-11-19
2002-03-12,0.03,47.0,55.8,64.8,45.8,0.44,10.83,5.03,J17WL,677.81,A,2024-11-19
2002-03-13,0.0,43.0,62.9,82.8,32.3,2.48,32.32,22.89,J17WL,677.38,A,2024-11-19
2002-03-14,0.0,44.5,65.2,86.0,47.5,0.79,32.69,22.08,J17WL,676.99,A,2024-11-19
2002-03-15,0.0,64.4,75.6,86.9,63.4,1.52,24.8,17.26,J17WL,676.53,A,2024-11-19
2002-03-16,0.0,56.4,70.8,85.3,51.9,1.83,24.78,18.02,J17WL,676.33,A,2024-11-19
2002-03-17,0.0,56.0,62.3,68.6,46.6,4.4,12.36,9.4,J17WL,676.42,A,2024-11-19
2002-03-18,0.02,61.0,68.8,76.5,63.5,0.03,9.56,8.49,J17WL,676.03,A,2024-11-19
2002-03-19,0.0,67.0,73.0,78.9,66.5,0.61,12.29,6.26,J17WL,676.01,A,2024-11-19
2002-03-20,0.98,57.7,67.2,76.6,62.9,0.17,9.06,6.19,J17WL,676.46,A,2024-11-19
2002-03-21,0.0,45.2,58.2,70.7,49.2,0.55,11.15,17.11,J17WL,676.56,A,2024-11-19
2002-03-22,0.0,38.2,56.7,75.3,36.2,1.29,22.84,24.49,J17WL,676.53,A,2024-11-19
2002-03-23,0.0,37.8,49.8,61.7,32.1,1.07,12.15,23.51,J17WL,677.0,A,2024-11-19
2002-03-24,0.0,40.6,57.4,74.1,51.5,0.64,15.71,17.08,J17WL,677.12,A,2024-11-19
2002-03-25,0.0,61.6,71.4,81.5,60.9,1.56,18.79,19.19,J17WL,676.77,A,2024-11-19
2002-03-26,0.0,43.0,57.4,71.7,47.7,1.36,6.92,5.68,J17WL,676.88,A,2024-11-19
2002-03-27,0.0,43.2,56.2,69.3,36.4,2.62,17.38,24.79,J17WL,676.74,A,2024-11-19
2002-03-28,0.0,46.9,59.0,71.2,47.7,1.28,15.38,18.01,J17WL,676.75,A,2024-11-19
2002-03-29,0.0,61.7,73.3,84.9,63.1,0.93,21.38,17.74,J17WL,676.46,A,2024-11-19
2002-03-30,0.13,67.2,73.3,79.4,67.3,0.56,10.84,9.98,J17WL,676.81,A,2024-11-19
2002-03-31,0.04,55.2,70.0,84.7,49.0,1.78,32.06,17.3,J17WL,676.91,A,2024-11-19
2002-04-01,0.0,50.6,63.8,77.0,48.0,0.7,21.9,24.25,J17WL,676.9,A,2024-11-19
2002-04-02,0.0,51.1,65.9,80.6,56.5,0.7,20.05,23.87,J17WL,676.57,A,2024-11-19
2002-04-03,0.0,57.4,71.3,85.1,55.3,3.0,23.87,18.12,J17WL,676.27,A,2024-11-19
2002-04-04,0.0,56.8,62.5,68.2,40.6,6.52,15.57,15.39,J17WL,676.41,A,2024-11-19
2002-04-05,0.0,56.6,60.5,64.2,39.8,6.58,12.38,9.88,J17WL,676.42,A,2024-11-19
2002-04-06,0.01,56.6,63.2,69.7,46.5,4.37,13.11,10.39,J17WL,676.62,A,2024-11-19
2002-04-07,0.37,57.7,61.9,66.1,58.8,0.11,4.15,2.11,J17WL,677.29,A,2024-11-19
2002-04-08,1.71,58.4,68.8,79.0,64.8,0.02,9.49,8.32,J17WL,677.66,A,2024-11-19
2002-04-09,0.0,57.1,71.5,85.9,56.0,0.46,29.46,23.54,J17WL,677.98,A,2024-11-19
2002-04-10,0.0,56.0,67.6,79.4,55.4,0.98,19.21,24.82,J17WL,678.21,A,2024-11-19
2002-04-11,0.0,56.6,67.0,77.4,59.4,0.23,15.54,18.76,J17WL,678.51,A,2024-11-19
2002-04-12,0.0,62.5,72.1,81.5,62.1,0.44,17.85,21.6,J17WL,678.45,A,2024-11-19
2002-04-13,0.0,66.2,75.5,84.8,65.2,0.96,18.33,21.42,J17WL,678.48,A,2024-11-19
2002-04-14,0.0,64.3,74.3,84.3,64.0,0.66,19.29,21.14,J17WL,678.46,A,2024-11-19
2002-04-15,0.0,63.9,73.1,82.2,64.3,1.14,18.52,19.51,J17WL,678.19,A,2024-11-19
2002-04-16,0.09,69.2,77.0,84.6,67.2,0.43,19.89,13.21,J17WL,677.82,A,2024-11-19
2002-04-17,0.27,67.1,77.6,88.0,69.9,0.01,20.6,17.05,J17WL,678.49,A,2024-11-19
2002-04-18,0.0,70.6,78.2,85.9,69.4,0.77,17.07,19.03,J17WL,678.51,A,2024-11-19
2002-04-19,0.0,69.9,77.8,85.8,68.9,0.46,17.36,17.5,J17WL,678.64,A,2024-11-19
2002-04-20,0.0,70.4,77.2,84.0,68.6,0.96,15.79,14.68,J17WL,678.56,A,2024-11-19
2002-04-21,0.0,70.4,78.3,86.3,68.5,1.03,19.1,18.91,J17WL,678.49,A,2024-11-19
2002-04-22,0.0,71.4,79.1,86.8,69.4,1.17,19.29,18.89,J17WL,677.98,A,2024-11-19
2002-04-23,0.0,68.5,77.3,86.0,68.2,0.67,19.22,19.61,J17WL,677.69,A,2024-11-19
2002-04-24,0.0,69.3,78.0,86.7,67.4,0.68,21.65,23.05,J17WL,677.37,A,2024-11-19
2002-04-25,0.0,71.0,79.8,88.6,70.0,1.66,19.62,21.74,J17WL,677.02,A,2024-11-19
2002-04-26,0.0,71.3,77.9,84.3,67.1,1.52,16.87,14.07,J17WL,677.08,A,2024-11-19
2002-04-27,0.0,71.3,79.1,86.7,68.4,2.18,19.95,20.59,J17WL,676.96,A,2024-11-19
2002-04-28,0.0,71.8,81.9,91.9,69.9,1.31,26.0,20.61,J17WL,676.64,A,2024-11-19
2002-04-29,0.0,71.0,81.1,91.1,71.2,0.52,22.69,21.34,J17WL,675.82,A,2024-11-19
2002-04-30,0.0,69.4,81.4,93.3,69.5,1.66,27.33,23.66,J17WL,675.3,A,2024-11-19
2002-05-01,0.0,70.3,81.0,92.5,69.1,1.15,28.6,25.33,J17WL,674.65,A,2024-11-19
2002-05-02,0.0,71.5,83.9,96.3,69.2,0.9,37.68,23.98,J17WL,673.81,A,2024-11-19
2002-05-03,0.0,72.3,81.5,90.6,68.0,2.71,22.96,18.67,J17WL,672.95,A,2024-11-19
2002-05-04,0.0,70.0,77.7,85.4,65.5,2.26,22.33,16.85,J17WL,672.56,A,2024-11-19
2002-05-05,0.0,72.5,79.7,87.5,71.6,0.81,16.27,16.48,J17WL,672.06,A,2024-11-19
2002-05-06,0.0,74.1,82.5,90.6,69.9,2.05,25.55,21.21,J17WL,671.01,A,2024-11-19
2002-05-07,0.0,74.7,81.0,90.3,69.4,2.71,25.48,21.77,J17WL,670.36,A,2024-11-19
2002-05-08,0.0,75.8,83.3,90.7,70.3,2.96,24.92,20.34,J17WL,669.74,A,2024-11-19
2002-05-09,0.0,75.3,83.0,91.0,69.9,2.3,25.08,21.74,J17WL,668.96,A,2024-11-19
2002-05-10,0.0,74.3,81.7,91.0,70.6,1.26,23.95,24.37,J17WL,668.09,A,2024-11-19
2002-05-11,0.0,75.9,83.3,90.7,68.4,3.22,28.79,22.97,J17WL,667.68,A,2024-11-19
2002-05-12,0.0,76.2,83.3,90.6,69.0,4.18,28.13,23.76,J17WL,666.9,A,2024-11-19
2002-05-13,0.0,62.7,76.8,90.8,66.5,3.85,25.75,19.92,J17WL,666.36,A,2024-11-19
2002-05-14,0.35,56.0,67.2,78.9,48.3,1.87,23.65,11.31,J17WL,666.74,A,2024-11-19
2002-05-15,0.0,58.1,68.2,78.7,52.7,1.68,20.06,25.23,J17WL,666.36,A,2024-11-19
2002-05-16,0.0,62.3,73.2,85.5,63.0,1.89,23.36,24.11,J17WL,665.76,A,2024-11-19
2002-05-17,0.49,67.0,79.3,91.7,69.2,0.84,26.9,20.0,J17WL,666.04,A,2024-11-19
2002-05-18,0.0,64.2,76.0,88.0,64.2,2.25,19.99,15.75,J17WL,667.21,A,2024-11-19
2002-05-19,0.0,55.5,68.6,81.7,45.5,5.35,26.41,27.32,J17WL,667.7,A,2024-11-19
2002-05-20,0.0,51.3,64.7,77.7,44.0,2.2,23.89,28.92,J17WL,667.49,A,2024-11-19
2002-05-21,0.0,57.0,68.1,80.3,51.6,1.63,22.43,25.82,J17WL,667.22,A,2024-11-19
2002-05-22,0.0,60.8,71.5,83.2,57.8,1.68,22.98,24.59,J17WL,666.8,A,2024-11-19
2002-05-23,0.0,66.6,76.3,86.7,63.9,2.7,24.91,21.4,J17WL,665.94,A,2024-11-19
2002-05-24,0.0,71.0,78.9,86.9,65.1,3.11,24.11,19.9,J17WL,665.02,A,2024-11-19
2002-05-25,0.0,71.7,76.6,82.1,67.2,2.21,14.24,10.54,J17WL,664.78,A,2024-11-19
2002-05-26,0.88,66.0,77.6,89.0,67.3,1.14,25.43,20.48,J17WL,665.58,A,2024-11-19
2002-05-27,0.0,68.3,78.2,89.3,67.1,1.68,24.27,24.15,J17WL,666.4,A,2024-11-19
2002-05-28,0.05,65.0,77.6,90.2,66.2,0.79,27.19,24.54,J17WL,666.34,A,2024-11-19
2002-05-29,0.0,68.5,76.6,85.3,67.2,1.43,18.43,18.85,J17WL,666.58,A,2024-11-19
2002-05-30,0.0,65.7,77.4,89.7,67.3,0.58,22.94,24.49,J17WL,666.14,A,2024-11-19
2002-05-31,0.0,67.7,79.9,92.3,63.9,2.39,32.59,22.54,J17WL,665.76,A,2024-11-19
2002-06-01,0.0,67.9,78.2,88.6,63.8,2.26,26.91,26.02,J17WL,665.08,A,2024-11-19
2002-06-02,0.0,67.7,78.4,89.1,65.4,1.35,26.36,26.45,J17WL,664.64,A,2024-11-19
2002-06-03,0.0,72.2,81.4,90.5,67.7,2.07,27.65,25.88,J17WL,663.88,A,2024-11-19
2002-06-04,0.0,74.2,83.7,93.3,69.9,2.14,31.98,22.19,J17WL,663.19,A,2024-11-19
2002-06-05,0.0,74.8,84.5,94.3,69.3,3.11,32.12,24.18,J17WL,661.96,A,2024-11-19
2002-06-06,0.0,75.0,83.9,92.8,66.5,5.84,31.74,25.85,J17WL,661.7,A,2024-11-19
2002-06-07,0.0,74.3,83.9,93.4,66.9,4.83,32.04,27.21,J17WL,660.67,A,2024-11-19
2002-06-08,0.03,75.5,84.4,93.3,69.7,2.01,29.99,23.15,J17WL,660.21,A,2024-11-19
2002-06-09,0.03,76.4,85.8,95.2,69.3,3.49,37.42,25.64,J17WL,660.01,A,2024-11-19
2002-06-10,0.04,78.0,86.3,94.6,71.0,4.32,30.27,23.41,J17WL,659.72,A,2024-11-19
2002-06-11,0.0,76.7,86.1,95.5,71.6,3.0,34.27,23.23,J17WL,659.0,A,2024-11-19
2002-06-12,0.0,75.9,85.4,94.9,70.4,2.47,32.67,23.93,J17WL,658.17,A,2024-11-19
2002-06-13,0.0,75.2,85.8,96.4,70.9,2.38,35.88,26.14,J17WL,657.16,A,2024-11-19
2002-06-14,0.0,75.4,85.4,95.4,69.8,2.46,34.18,26.83,J17WL,656.32,A,2024-11-19
2002-06-15,0.0,76.2,86.2,96.2,67.7,5.37,33.99,26.33,J17WL,656.0,A,2024-11-19
2002-06-16,0.09,69.8,81.9,94.0,67.5,2.76,30.16,25.36,J17WL,655.97,A,2024-11-19
2002-06-17,0.0,69.7,81.8,93.9,65.4,3.67,35.4,27.64,J17WL,655.58,A,2024-11-19
2002-06-18,0.0,70.8,81.5,92.3,62.8,4.87,32.17,28.82,J17WL,654.59,A,2024-11-19
2002-06-19,0.0,71.1,82.6,94.0,64.8,3.55,34.51,26.61,J17WL,653.5,A,2024-11-19
2002-06-20,0.02,73.8,85.4,97.1,69.8,2.13,40.5,26.34,J17WL,652.37,A,2024-11-19
2002-06-21,0.06,74.6,85.2,95.8,70.8,1.92,37.48,24.6,J17WL,651.9,A,2024-11-19
2002-06-22,0.0,73.4,83.7,94.0,68.7,1.91,34.97,26.47,J17WL,651.68,A,2024-11-19
2002-06-23,0.0,70.2,81.8,93.5,64.5,2.26,35.44,27.13,J17WL,651.96,A,2024-11-19
2002-06-24,0.0,69.9,82.0,94.0,60.2,4.75,39.83,28.81,J17WL,650.89,A,2024-11-19
2002-06-25,0.0,72.0,83.7,95.5,63.8,3.4,40.45,28.39,J17WL,650.28,A,2024-11-19
2002-06-26,0.0,73.6,85.2,96.8,67.6,2.88,41.08,27.96,J17WL,649.95,A,2024-11-19
2002-06-27,0.18,67.9,82.5,97.1,68.0,1.0,39.18,24.87,J17WL,651.0,A,2024-11-19
2002-06-28,0.0,72.0,81.8,91.6,70.0,3.0,27.38,23.46,J17WL,651.44,A,2024-11-19
2002-06-29,0.17,73.7,82.3,90.9,71.6,1.37,24.12,15.91,J17WL,653.14,A,2024-11-19
2002-06-30,0.91,72.4,78.2,83.9,72.7,0.1,13.22,13.98,J17WL,655.99,A,2024-11-19
2002-07-01,3.28,69.7,76.7,83.6,72.8,0.0,10.41,8.49,J17WL,661.46,A,2024-11-19
2002-07-02,6.99,70.1,73.0,75.9,72.7,0.0,2.9,4.62,J17WL,667.79,A,2024-11-19
2002-07-03,2.01,72.8,76.3,79.8,74.8,0.01,4.25,7.01,J17WL,672.92,A,2024-11-19
2002-07-04,0.61,72.1,79.4,86.7,72.5,0.59,19.05,14.7,J17WL,676.42,A,2024-11-19
2002-07-05,1.88,72.3,80.3,88.3,72.6,0.0,21.94,18.2,J17WL,680.13,A,2024-11-19
2002-07-06,0.35,71.9,79.2,86.5,73.7,0.0,16.3,20.38,J17WL,682.27,A,2024-11-19
2002-07-07,0.02,73.6,81.7,89.7,74.4,0.2,18.18,18.06,J17WL,683.39,A,2024-11-19
2002-07-08,0.0,73.9,82.6,91.2,71.8,1.8,25.66,23.66,J17WL,683.87,A,2024-11-19
2002-07-09,0.0,74.6,84.0,93.4,72.3,1.94,27.82,25.07,J17WL,685.01,A,2024-11-19
2002-07-10,0.48,74.8,82.8,90.8,72.9,1.29,23.14,20.68,J17WL,685.74,A,2024-11-19
2002-07-11,0.0,74.0,81.2,88.4,72.5,0.3,20.98,20.7,J17WL,686.29,A,2024-11-19
2002-07-12,0.0,74.0,82.7,91.5,70.6,2.1,27.78,24.89,J17WL,687.05,A,2024-11-19
2002-07-13,0.0,76.7,84.6,92.5,70.8,4.78,28.38,25.79,J17WL,687.41,A,2024-11-19
2002-07-14,0.09,73.6,80.7,87.8,71.8,1.59,16.84,21.29,J17WL,687.99,A,2024-11-19
2002-07-15,0.43,73.1,81.2,89.3,72.6,1.29,20.21,17.31,J17WL,688.23,A,2024-11-19
2002-07-16,0.41,71.8,76.2,80.6,72.3,0.17,11.16,12.94,J17WL,688.64,A,2024-11-19
2002-07-17,0.32,74.1,79.1,84.1,73.9,0.38,11.49,10.8,J17WL,689.19,A,2024-11-19
2002-07-18,0.66,74.6,79.7,84.7,75.2,0.06,10.43,13.89,J17WL,689.76,A,2024-11-19
2002-07-19,0.0,74.4,82.1,89.8,74.5,0.1,20.58,24.45,J17WL,689.95,A,2024-11-19
2002-07-20,0.0,74.9,82.3,89.7,73.2,1.05,21.29,23.59,J17WL,690.35,A,2024-11-19
2002-07-21,0.0,75.1,82.2,89.2,73.4,1.08,19.22,25.88,J17WL,690.43,A,2024-11-19
2002-07-22,0.0,76.0,83.3,90.5,73.3,2.06,23.63,24.95,J17WL,690.49,A,2024-11-19
2002-07-23,0.0,73.9,82.3,90.7,72.5,0.82,24.11,25.74,J17WL,690.22,A,2024-11-19
2002-07-24,0.0,74.0,82.6,91.3,72.6,1.21,24.8,24.09,J17WL,690.04,A,2024-11-19
2002-07-25,0.0,73.1,82.9,92.7,71.4,2.05,26.77,27.66,J17WL,689.77,A,2024-11-19
2002-07-26,0.0,73.9,83.1,92.3,72.3,1.13,25.44,27.26,J17WL,689.61,A,2024-11-19
2002-07-27,0.0,75.6,83.6,91.7,72.8,1.48,25.65,26.93,J17WL,689.47,A,2024-11-19
2002-07-28,0.0,76.7,84.3,91.9,73.8,2.21,24.07,23.35,J17WL,689.32,A,2024-11-19
2002-07-29,0.0,78.1,85.0,91.9,74.0,3.19,24.29,25.19,J17WL,688.78,A,2024-11-19
2002-07-30,0.0,77.1,84.2,91.3,74.5,1.46,23.03,23.22,J17WL,688.22,A,2024-11-19
2002-07-31,0.0,76.3,84.0,91.7,72.6,1.99,25.59,24.63,J17WL,687.89,A,2024-11-19
2002-08-01,0.0,74.9,83.4,91.8,72.4,1.69,25.0,24.02,J17WL,687.65,A,2024-11-19
2002-08-02,0.0,76.5,84.3,92.0,73.4,1.71,24.05,24.96,J17WL,687.07,A,2024-11-19
2002-08-03,0.0,74.5,83.6,92.8,72.1,1.71,27.4,25.39,J17WL,686.88,A,2024-11-19
2002-08-04,0.0,72.6,83.4,94.3,69.6,1.9,32.64,26.4,J17WL,686.74,A,2024-11-19
2002-08-05,0.0,72.0,82.1,92.3,68.6,2.29,28.98,26.45,J17WL,686.13,A,2024-11-19
2002-08-06,0.0,73.2,82.2,91.2,69.7,2.28,26.5,25.26,J17WL,685.74,A,2024-11-19
2002-08-07,0.0,74.5,83.9,93.2,69.3,3.1,30.83,25.87,J17WL,685.39,A,2024-11-19
2002-08-08,0.0,75.8,85.8,95.8,69.6,4.83,35.73,25.38,J17WL,685.0,A,2024-11-19
2002-08-09,0.02,77.2,85.6,93.9,73.1,3.83,26.93,18.91,J17WL,685.16,A,2024-11-19
2002-08-10,0.0,75.7,83.6,91.5,73.1,1.32,24.07,19.13,J17WL,685.3,A,2024-11-19
2002-08-11,0.11,71.8,81.9,92.1,72.8,0.99,24.51,19.23,J17WL,685.5,A,2024-11-19
2002-08-12,0.0,72.9,81.9,90.9,72.0,1.12,23.59,21.09,J17WL,685.24,A,2024-11-19
2002-08-13,0.0,75.1,84.0,93.0,73.2,1.46,26.52,22.71,J17WL,685.08,A,2024-11-19
2002-08-14,0.0,75.5,84.4,93.3,73.0,1.68,27.9,22.62,J17WL,684.6,A,2024-11-19
2002-08-15,0.01,75.2,83.8,92.3,73.2,1.44,27.6,20.98,J17WL,684.41,A,2024-11-19
2002-08-16,0.0,77.1,84.5,92.0,75.0,2.07,22.42,17.63,J17WL,684.07,A,2024-11-19
2002-08-17,0.0,79.3,86.1,92.9,73.3,3.82,27.47,23.79,J17WL,683.82,A,2024-11-19
2002-08-18,0.0,77.4,85.7,94.1,73.2,2.65,29.03,22.26,J17WL,683.61,A,2024-11-19
2002-08-19,0.0,75.7,85.1,94.5,73.1,1.76,30.64,22.84,J17WL,682.94,A,2024-11-19
2002-08-20,0.0,77.1,86.1,95.1,72.2,2.83,34.62,23.45,J17WL,682.58,A,2024-11-19
2002-08-21,0.0,77.2,86.3,95.4,72.6,2.96,33.65,22.52,J17WL,682.38,A,2024-11-19
2002-08-22,0.0,77.3,86.2,95.1,72.6,2.79,33.64,22.7,J17WL,682.0,A,2024-11-19
2002-08-23,0.0,77.0,86.0,95.1,72.1,3.29,33.8,23.88,J17WL,681.61,A,2024-11-19
2002-08-24,0.0,74.7,85.0,95.2,70.6,1.54,35.46,24.78,J17WL,681.6,A,2024-11-19
2002-08-25,0.0,75.3,85.3,95.2,70.8,1.94,34.44,24.04,J17WL,681.3,A,2024-11-19
2002-08-26,0.0,74.2,85.7,97.2,70.0,3.29,38.17,24.04,J17WL,680.77,A,2024-11-19
2002-08-27,0.0,74.0,86.6,99.2,67.5,4.21,44.44,26.03,J17WL,680.33,A,2024-11-19
2002-08-28,0.0,75.4,86.7,98.0,70.2,1.58,40.2,25.23,J17WL,679.92,A,2024-11-19
2002-08-29,0.0,75.3,85.2,95.1,71.0,1.26,32.75,23.64,J17WL,680.16,A,2024-11-19
2002-08-30,1.31,71.9,78.8,85.6,71.8,1.14,14.12,10.01,J17WL,680.88,A,2024-11-19
2002-08-31,0.0,71.5,81.9,92.2,65.7,2.93,34.02,22.34,J17WL,681.3,A,2024-11-19
2002-09-01,0.0,72.8,83.0,93.2,68.9,2.5,33.97,22.87,J17WL,681.62,A,2024-11-19
2002-09-02,0.0,73.3,83.9,94.6,70.7,1.49,34.68,22.82,J17WL,681.59,A,2024-11-19
2002-09-03,0.0,73.4,83.6,93.9,70.1,1.58,33.23,24.2,J17WL,681.25,A,2024-11-19
2002-09-04,0.0,74.8,84.8,94.9,70.0,2.14,35.72,23.44,J17WL,681.21,A,2024-11-19
2002-09-05,0.0,73.3,83.4,93.4,70.2,2.23,31.86,19.35,J17WL,681.12,A,2024-11-19
2002-09-06,0.0,70.9,82.0,93.0,67.1,2.81,32.34,21.57,J17WL,680.75,A,2024-11-19
2002-09-07,0.15,71.6,83.6,95.6,66.9,2.25,38.51,19.2,J17WL,681.65,A,2024-11-19
2002-09-08,3.74,71.4,75.4,79.5,72.6,0.09,7.5,7.31,J17WL,682.84,A,2024-11-19
2002-09-09,0.92,72.2,75.1,78.0,73.3,0.0,4.23,3.41,J17WL,684.26,A,2024-11-19
2002-09-10,1.77,71.5,75.1,78.8,73.3,0.0,3.39,5.29,J17WL,685.4,A,2024-11-19
2002-09-11,0.0,70.6,79.9,89.3,69.6,0.94,23.83,19.02,J17WL,685.98,A,2024-11-19
2002-09-12,0.0,70.2,81.0,91.8,66.6,2.4,30.96,22.71,J17WL,686.69,A,2024-11-19
2002-09-13,0.0,69.1,79.9,90.6,67.0,1.58,29.46,19.14,J17WL,687.09,A,2024-11-19
2002-09-14,0.0,67.1,78.8,90.5,66.0,0.92,28.25,23.03,J17WL,687.37,A,2024-11-19
2002-09-15,0.0,67.5,78.4,89.2,68.7,0.66,27.04,22.66,J17WL,687.67,A,2024-11-19
2002-09-16,0.39,68.0,72.7,77.3,69.2,0.0,10.0,7.34,J17WL,687.73,A,2024-11-19
2002-09-17,0.12,68.1,71.8,75.4,71.2,0.51,3.71,7.09,J17WL,688.12,A,2024-11-19
2002-09-18,0.03,72.3,78.8,85.3,73.9,0.11,13.78,10.01,J17WL,688.3,A,2024-11-19
2002-09-19,0.0,73.6,81.1,88.6,74.3,0.84,19.68,13.59,J17WL,688.39,A,2024-11-19
2002-09-20,2.37,59.7,70.9,82.2,66.6,0.41,11.96,6.7,J17WL,689.07,A,2024-11-19
2002-09-21,0.0,58.9,72.5,86.1,56.7,1.44,29.71,23.22,J17WL,689.34,A,2024-11-19
2002-09-22,0.0,61.0,74.0,87.0,59.5,1.07,28.35,22.79,J17WL,689.44,A,2024-11-19
2002-09-23,0.0,63.4,75.0,86.8,58.1,3.66,28.85,21.27,J17WL,689.1,A,2024-11-19
2002-09-24,0.0,62.5,73.6,84.7,56.2,5.9,24.07,18.52,J17WL,688.92,A,2024-11-19
2002-09-25,0.0,62.4,73.1,83.7,49.9,7.48,29.06,22.51,J17WL,688.85,A,2024-11-19
2002-09-26,0.0,64.4,75.7,87.0,61.7,2.46,24.26,21.49,J17WL,688.65,A,2024-11-19
2002-09-27,0.0,60.8,74.7,88.6,59.4,2.37,30.57,22.21,J17WL,688.23,A,2024-11-19
2002-09-28,0.0,61.4,76.0,90.8,59.9,1.77,33.66,22.59,J17WL,687.99,A,2024-11-19
2002-09-29,0.0,61.6,74.3,87.1,63.2,0.59,24.8,21.55,J17WL,687.78,A,2024-11-19
2002-09-30,0.0,63.9,74.7,85.6,66.6,0.84,21.6,18.71,J17WL,687.41,A,2024-11-19
2002-10-01,0.0,69.9,78.4,86.9,70.1,0.96,19.48,17.95,J17WL,687.08,A,2024-11-19
2002-10-02,0.0,74.5,82.0,89.5,73.0,1.26,20.52,17.43,J17WL,687.04,A,2024-11-19
2002-10-03,0.0,73.1,80.9,88.7,72.0,0.37,22.57,18.07,J17WL,686.72,A,2024-11-19
2002-10-04,0.0,72.6,80.6,88.5,71.1,0.4,21.13,18.03,J17WL,686.63,A,2024-11-19
2002-10-05,0.0,73.0,81.9,90.8,71.1,0.45,23.55,19.58,J17WL,686.48,A,2024-11-19
2002-10-06,0.0,72.3,79.9,87.4,68.3,1.02,21.09,16.28,J17WL,686.47,A,2024-11-19
2002-10-07,0.0,74.1,81.8,89.4,72.7,1.38,21.08,17.78,J17WL,686.08,A,2024-11-19
2002-10-08,0.28,71.9,78.7,85.6,71.5,0.2,16.46,13.82,J17WL,686.32,A,2024-11-19
2002-10-09,3.49,66.4,74.9,83.5,70.6,0.02,14.88,9.75,J17WL,687.27,A,2024-11-19
2002-10-10,0.07,66.3,73.6,81.0,68.0,0.11,12.6,10.75,J17WL,687.88,A,2024-11-19
2002-10-11,0.0,60.6,69.8,79.0,62.5,0.88,13.88,13.5,J17WL,688.5,A,2024-11-19
2002-10-12,0.0,60.6,70.5,80.4,64.9,0.08,13.82,14.42,J17WL,688.86,A,2024-11-19
2002-10-13,0.0,68.0,76.3,84.6,68.3,1.26,16.67,13.97,J17WL,689.06,A,2024-11-19
2002-10-14,0.02,56.8,62.3,67.8,53.1,1.01,9.01,6.4,J17WL,689.36,A,2024-11-19
2002-10-15,0.05,54.4,56.5,58.5,53.8,0.44,3.62,3.72,J17WL,689.36,A,2024-11-19
2002-10-16,0.0,47.6,60.2,72.8,49.8,0.46,15.53,16.95,J17WL,689.58,A,2024-11-19
2002-10-17,0.0,47.0,60.5,74.0,47.2,0.63,18.58,19.48,J17WL,689.35,A,2024-11-19
2002-10-18,0.0,51.3,64.9,78.5,58.9,0.64,19.04,18.03,J17WL,689.29,A,2024-11-19
2002-10-19,0.13,68.1,72.0,75.8,70.1,1.23,4.52,3.53,J17WL,689.53,A,2024-11-19
2002-10-20,0.13,62.3,67.7,73.1,64.1,0.18,5.53,4.91,J17WL,689.46,A,2024-11-19
2002-10-21,0.05,63.0,70.0,77.0,62.4,0.2,13.21,14.58,J17WL,689.29,A,2024-11-19
2002-10-22,0.12,63.3,65.6,67.8,64.8,0.16,1.7,2.26,J17WL,689.41,A,2024-11-19
2002-10-23,2.09,64.3,70.9,77.6,66.4,0.03,9.65,11.7,J17WL,690.08,A,2024-11-19
2002-10-24,0.33,64.0,70.8,77.5,65.6,0.08,10.87,11.91,J17WL,691.82,A,2024-11-19
2002-10-25,2.4,64.8,68.8,72.9,66.5,0.11,5.44,4.37,J17WL,693.24,A,2024-11-19
2002-10-26,0.01,57.4,60.8,64.2,59.1,0.14,3.01,3.44,J17WL,694.09,A,2024-11-19
2002-10-27,0.1,57.2,59.4,61.6,58.5,0.1,1.76,1.98,J17WL,694.94,A,2024-11-19
2002-10-28,0.05,61.3,67.4,73.5,65.6,0.0,6.82,5.28,J17WL,695.22,A,2024-11-19
2002-10-29,0.02,54.5,62.2,69.8,62.2,0.1,2.42,1.41,J17WL,695.76,A,2024-11-19
2002-10-30,0.0,54.6,66.8,79.1,56.1,0.2,21.3,16.07,J17WL,695.72,A,2024-11-19
2002-10-31,0.0,55.5,68.6,81.6,56.3,0.57,21.32,17.35,J17WL,695.86,A,2024-11-19
2002-11-01,0.0,55.6,59.8,63.9,51.6,1.97,7.04,11.85,J17WL,696.01,A,2024-11-19
2002-11-02,0.03,53.7,60.3,66.9,53.2,1.03,8.19,8.23,J17WL,696.07,A,2024-11-19
2002-11-03,0.63,52.5,55.3,58.3,54.2,0.1,2.33,0.56,J17WL,696.44,A,2024-11-19
2002-11-04,0.23,53.3,57.3,61.4,55.9,0.11,2.3,2.17,J17WL,696.34,A,2024-11-19
2002-11-05,1.39,48.2,50.9,53.6,49.6,0.01,1.47,1.15,J17WL,697.1,A,2024-11-19
2002-11-06,0.0,42.6,59.9,77.1,45.2,0.68,21.43,14.27,J17WL,697.34,A,2024-11-19
2002-11-07,0.0,40.4,56.6,72.8,38.8,0.69,21.6,17.09,J17WL,697.61,A,2024-11-19
2002-11-08,0.0,41.0,55.9,70.8,42.7,0.57,17.06,16.65,J17WL,697.68,A,2024-11-19
2002-11-09,0.0,45.6,60.3,74.9,55.4,0.0,15.59,15.3,J17WL,697.86,A,2024-11-19
2002-11-10,0.0,56.2,68.7,81.3,61.4,0.15,16.84,15.2,J17WL,697.91,A,2024-11-19
2002-11-11,0.0,53.8,69.2,84.6,60.5,0.0,18.45,11.02,J17WL,697.68,A,2024-11-19
2002-11-12,0.0,51.4,65.0,78.8,46.3,2.55,24.87,15.16,J17WL,697.42,A,2024-11-19
2002-11-13,0.0,41.1,55.7,70.3,40.2,0.66,17.88,15.89,J17WL,697.16,A,2024-11-19
2002-11-14,0.0,40.7,54.2,67.6,42.8,0.3,14.04,16.25,J17WL,697.22,A,2024-11-19
2002-11-15,0.0,45.2,60.5,75.7,52.1,0.45,15.23,15.6,J17WL,696.86,A,2024-11-19
2002-11-16,0.0,49.4,57.7,66.1,41.3,2.82,13.2,11.5,J17WL,696.8,A,2024-11-19
2002-11-17,0.0,37.5,51.3,65.2,38.0,0.47,13.86,14.82,J17WL,696.7,A,2024-11-19
2002-11-18,0.0,37.2,53.6,69.9,41.5,0.52,16.78,15.52,J17WL,696.37,A,2024-11-19
2002-11-19,0.0,45.9,60.2,74.4,46.6,1.36,16.51,13.82,J17WL,696.17,A,2024-11-19
2002-11-20,0.0,42.6,57.7,72.8,39.9,1.4,19.57,15.37,J17WL,695.94,A,2024-11-19
2002-11-21,0.0,43.0,58.9,75.2,38.8,1.64,21.99,14.42,J17WL,695.79,A,2024-11-19
2002-11-22,0.0,44.6,60.1,75.6,39.7,2.02,22.98,15.17,J17WL,695.51,A,2024-11-19
2002-11-23,0.0,40.8,56.8,72.7,38.8,0.99,19.67,15.33,J17WL,695.37,A,2024-11-19
2002-11-24,0.0,40.8,57.1,73.3,45.6,0.41,18.55,15.23,J17WL,695.26,A,2024-11-19
2002-11-25,0.0,47.8,61.3,74.6,54.9,0.11,13.9,10.67,J17WL,694.85,A,2024-11-19
2002-11-26,0.14,43.4,51.0,58.5,41.3,0.43,7.71,5.95,J17WL,694.76,A,2024-11-19
2002-11-27,0.03,42.4,44.1,45.9,32.7,1.33,5.24,2.47,J17WL,694.76,A,2024-11-19
2002-11-28,0.0,41.9,45.5,49.0,28.0,3.59,7.39,7.09,J17WL,694.61,A,2024-11-19
2002-11-29,0.0,39.6,50.0,60.4,33.3,0.75,12.71,12.31,J17WL,694.84,A,2024-11-19
2002-11-30,0.0,42.5,52.5,62.5,39.6,1.23,12.81,8.69,J17WL,694.84,A,2024-11-19
2002-12-01,0.0,44.5,55.8,67.1,39.3,1.54,12.71,11.56,J17WL,694.65,A,2024-11-19
2002-12-02,0.0,42.6,52.5,62.6,35.2,1.49,13.04,11.35,J17WL,694.7,A,2024-11-19
2002-12-03,0.03,52.7,63.0,73.4,59.8,0.01,9.68,7.78,J17WL,694.51,A,2024-11-19
2002-12-04,0.97,47.0,60.5,74.0,60.5,0.0,7.59,3.95,J17WL,694.62,A,2024-11-19
2002-12-05,0.17,40.2,45.0,50.0,37.1,0.82,3.78,4.1,J17WL,694.77,A,2024-11-19
2002-12-06,0.0,33.0,40.3,48.0,33.3,0.38,4.43,7.72,J17WL,694.47,A,2024-11-19
2002-12-07,0.0,32.3,44.1,56.0,34.7,0.49,8.13,13.79,J17WL,694.5,A,2024-11-19
2002-12-08,0.0,35.6,46.0,56.6,45.5,0.16,6.22,4.51,J17WL,694.66,A,2024-11-19
2002-12-09,1.29,47.4,54.0,60.5,54.0,0.0,1.64,0.92,J17WL,694.52,A,2024-11-19
2002-12-10,0.06,45.3,47.8,50.6,45.4,0.34,2.18,2.09,J17WL,694.89,A,2024-11-19
2002-12-11,0.0,35.2,44.5,54.0,40.9,0.24,4.87,3.4,J17WL,695.03,A,2024-11-19
2002-12-12,0.0,35.3,46.0,56.7,45.8,0.0,5.02,9.79,J17WL,695.22,A,2024-11-19
2002-12-13,0.31,39.8,53.7,67.8,46.6,0.05,10.63,7.75,J17WL,695.33,A,2024-11-19
2002-12-14,0.0,35.9,51.6,67.2,34.6,0.68,17.46,13.87,J17WL,695.46,A,2024-11-19
2002-12-15,0.0,35.6,51.6,67.5,41.2,0.42,14.53,13.94,J17WL,695.61,A,2024-11-19
2002-12-16,0.0,43.0,57.8,73.0,55.4,0.08,12.05,11.88,J17WL,695.48,A,2024-11-19
2002-12-17,0.0,56.1,64.9,73.6,58.8,0.17,10.66,6.48,J17WL,695.41,A,2024-11-19
2002-12-18,0.0,59.7,68.8,78.0,61.0,0.71,15.54,9.86,J17WL,695.36,A,2024-11-19
2002-12-19,0.0,55.8,65.7,75.6,51.9,1.56,14.2,9.66,J17WL,695.22,A,2024-11-19
2002-12-20,0.0,36.3,52.9,69.7,33.2,1.01,18.25,13.55,J17WL,695.08,A,2024-11-19
2002-12-21,0.0,36.6,51.8,67.1,32.2,0.98,18.06,13.91,J17WL,695.18,A,2024-11-19
2002-12-22,0.0,42.1,57.0,71.9,43.5,0.91,15.39,12.97,J17WL,695.01,A,2024-11-19
2002-12-23,0.21,44.7,56.3,68.1,47.4,0.38,11.2,5.58,J17WL,694.98,A,2024-11-19
2002-12-24,0.22,42.2,58.8,75.3,56.5,0.04,8.49,6.67,J17WL,694.91,A,2024-11-19
2002-12-25,0.0,31.6,40.7,49.7,32.0,0.38,5.97,12.37,J17WL,694.89,A,2024-11-19
2002-12-26,0.0,32.6,42.0,51.4,33.6,0.45,6.47,10.22,J17WL,695.05,A,2024-11-19
2002-12-27,0.0,38.5,45.6,52.5,40.4,0.16,5.04,4.49,J17WL,694.89,A,2024-11-19
2002-12-28,0.0,36.5,52.1,68.0,38.6,0.16,16.08,13.07,J17WL,694.79,A,2024-11-19
2002-12-29,0.13,36.7,53.4,70.2,44.4,0.09,16.14,13.94,J17WL,694.8,A,2024-11-19
2002-12-30,0.02,51.8,62.0,72.2,61.8,0.03,7.24,2.4,J17WL,694.86,A,2024-11-19
2002-12-31,0.23,50.2,62.7,75.4,50.7,1.29,11.27,6.97,J17WL,694.56,A,2024-11-19
2003-01-01,0.0,36.4,51.4,66.4,33.0,0.8,16.47,14.29,J17WL,694.75,A,2024-11-19
2003-01-02,0.0,35.3,54.3,73.2,33.9,0.87,20.07,13.97,J17WL,694.64,A,2024-11-19
2003-01-03,0.0,33.4,47.9,62.3,28.9,0.86,13.91,14.18,J17WL,694.41,A,2024-11-19
2003-01-04,0.0,33.5,50.6,67.7,33.5,0.83,16.63,14.45,J17WL,694.35,A,2024-11-19
2003-01-05,0.0,34.5,51.5,68.5,39.0,0.14,15.69,14.44,J17WL,694.43,A,2024-11-19
2003-01-06,0.0,39.7,55.5,71.3,49.9,0.0,13.09,12.12,J17WL,694.06,A,2024-11-19
2003-01-07,0.0,43.2,54.6,65.9,46.3,0.18,8.61,9.07,J17WL,693.85,A,2024-11-19
2003-01-08,0.0,40.4,50.9,61.4,37.5,0.98,10.98,11.88,J17WL,693.98,A,2024-11-19
2003-01-09,0.0,41.5,55.9,70.4,46.3,0.99,14.44,13.78,J17WL,694.01,A,2024-11-19
2003-01-10,0.0,46.5,62.1,77.6,43.7,1.83,17.65,11.76,J17WL,693.74,A,2024-11-19
2003-01-11,0.03,43.3,51.0,58.6,23.9,3.53,13.18,13.54,J17WL,693.87,A,2024-11-19
2003-01-12,0.62,39.9,43.1,46.2,36.4,0.45,5.33,2.7,J17WL,693.99,A,2024-11-19
2003-01-13,0.41,39.5,41.8,44.1,38.6,0.64,2.07,1.16,J17WL,693.92,A,2024-11-19
2003-01-14,0.0,43.6,45.4,47.1,40.2,1.29,2.54,3.26,J17WL,694.07,A,2024-11-19
2003-01-15,0.0,35.5,48.2,60.9,41.2,0.07,9.07,13.11,J17WL,693.93,A,2024-11-19
2003-01-16,0.0,37.2,46.9,56.6,45.1,0.01,5.26,4.76,J17WL,694.04,A,2024-11-19
2003-01-17,0.0,30.3,44.1,57.9,23.0,1.9,12.81,15.24,J17WL,693.85,A,2024-11-19
2003-01-18,0.0,25.8,37.1,48.3,22.1,0.49,8.0,14.52,J17WL,694.03,A,2024-11-19
2003-01-19,0.0,25.1,41.1,57.1,26.0,0.48,11.39,15.71,J17WL,693.98,A,2024-11-19
2003-01-20,0.0,29.2,47.3,65.5,44.3,0.07,12.95,15.26,J17WL,693.99,A,2024-11-19
2003-01-21,0.0,48.0,60.9,73.9,55.0,0.0,12.68,11.7,J17WL,693.75,A,2024-11-19
2003-01-22,0.0,45.8,63.0,80.2,51.2,0.28,18.74,12.98,J17WL,693.72,A,2024-11-19
2003-01-23,0.0,37.8,48.7,59.5,34.7,2.42,10.32,7.29,J17WL,693.62,A,2024-11-19
2003-01-24,0.0,27.6,37.6,47.7,18.1,2.14,7.45,15.44,J17WL,693.47,A,2024-11-19
2003-01-25,0.02,28.0,36.4,44.9,27.8,0.67,5.28,7.0,J17WL,693.68,A,2024-11-19
2003-01-26,0.11,37.5,41.2,45.0,40.2,0.09,1.13,1.02,J17WL,693.79,A,2024-11-19
2003-01-27,0.0,42.3,45.5,48.6,41.4,0.5,2.81,3.39,J17WL,693.69,A,2024-11-19
2003-01-28,0.0,43.5,48.3,53.1,45.4,0.25,3.31,3.63,J17WL,693.63,A,2024-11-19
2003-01-29,0.0,49.6,55.2,60.8,54.6,0.08,3.09,2.93,J17WL,693.49,A,2024-11-19
2003-01-30,0.0,43.3,55.2,67.0,47.1,0.08,11.88,7.88,J17WL,693.29,A,2024-11-19
2003-01-31,0.0,41.1,49.2,57.4,43.7,0.21,5.9,9.26,J17WL,693.5,A,2024-11-19
2003-02-01,0.0,41.5,53.9,66.2,46.3,0.13,8.75,10.03,J17WL,693.39,A,2024-11-19
2003-02-02,0.02,41.5,56.1,70.6,50.1,0.16,13.32,16.42,J17WL,693.34,A,2024-11-19
2003-02-03,0.0,59.3,66.6,73.8,60.7,0.56,10.27,5.79,J17WL,693.26,A,2024-11-19
2003-02-04,0.0,42.8,62.2,81.7,42.0,1.06,28.32,12.64,J17WL,692.99,A,2024-11-19
2003-02-05,0.0,42.3,51.4,60.5,31.2,3.59,13.04,14.04,J17WL,693.17,A,2024-11-19
2003-02-06,0.18,48.6,51.6,54.6,48.5,0.2,4.99,1.36,J17WL,693.25,A,2024-11-19
2003-02-07,0.0,40.6,52.9,65.2,41.7,0.37,11.35,6.36,J17WL,692.94,A,2024-11-19
2003-02-08,0.07,34.1,37.0,39.9,30.7,0.5,2.89,6.46,J17WL,693.23,A,2024-11-19
2003-02-09,0.13,34.0,38.4,42.7,36.8,0.08,1.97,1.14,J17WL,693.29,A,2024-11-19
2003-02-10,0.0,37.1,50.5,63.9,43.5,0.03,8.79,14.4,J17WL,693.15,A,2024-11-19
2003-02-11,0.0,38.0,51.8,65.5,37.2,0.59,14.78,17.78,J17WL,692.86,A,2024-11-19
2003-02-12,0.0,40.2,53.8,67.3,52.0,0.07,9.26,13.46,J17WL,692.57,A,2024-11-19
2003-02-13,0.02,61.4,65.4,69.4,63.6,0.63,3.0,2.2,J17WL,692.74,A,2024-11-19
2003-02-14,0.04,65.6,69.0,72.3,65.7,0.44,4.98,2.61,J17WL,692.88,A,2024-11-19
2003-02-15,0.18,59.3,67.4,75.6,64.6,0.53,8.55,6.54,J17WL,692.96,A,2024-11-19
2003-02-16,0.63,39.0,57.0,75.1,45.3,0.49,13.87,12.29,J17WL,692.69,A,2024-11-19
2003-02-17,0.0,34.1,45.9,57.7,32.9,0.32,9.62,17.19,J17WL,692.58,A,2024-11-19
2003-02-18,0.0,36.0,51.6,67.2,41.8,0.27,13.85,19.11,J17WL,692.46,A,2024-11-19
2003-02-19,0.0,50.5,61.5,72.5,57.1,0.25,11.51,9.06,J17WL,692.47,A,2024-11-19
2003-02-20,0.43,51.4,60.8,70.3,55.9,0.19,6.68,4.15,J17WL,692.61,A,2024-11-19
2003-02-21,0.91,50.3,53.3,56.3,52.0,0.09,1.86,1.56,J17WL,692.7,A,2024-11-19
2003-02-22,0.19,46.8,52.3,57.8,50.1,0.03,2.98,2.67,J17WL,693.08,A,2024-11-19
2003-02-23,0.0,45.1,58.7,72.2,41.8,0.5,19.56,19.69,J17WL,693.38,A,2024-11-19
2003-02-24,0.0,40.9,59.2,77.5,40.5,1.06,25.01,20.01,J17WL,693.25,A,2024-11-19
2003-02-25,0.23,28.0,34.0,40.0,29.3,0.3,2.87,2.75,J17WL,693.14,A,2024-11-19
2003-02-26,0.0,28.1,30.9,33.6,29.4,0.06,0.84,1.57,J17WL,693.13,A,2024-11-19
2003-02-27,0.0,33.8,37.1,40.4,35.1,0.18,1.39,2.62,J17WL,693.19,A,2024-11-19
2003-02-28,0.0,37.4,49.0,60.5,40.5,0.1,8.67,15.63,J17WL,693.3,A,2024-11-19
2003-03-01,0.02,42.3,48.6,54.9,47.9,0.05,3.33,4.83,J17WL,693.47,A,2024-11-19
2003-03-02,0.04,50.5,52.7,55.0,51.1,0.25,1.08,1.99,J17WL,693.33,A,2024-11-19
2003-03-03,0.15,48.0,51.6,55.2,49.8,0.06,2.31,1.9,J17WL,693.33,A,2024-11-19
2003-03-04,0.32,41.2,50.1,59.1,47.3,0.0,5.42,5.7,J17WL,693.48,A,2024-11-19
2003-03-05,0.02,49.0,57.1,65.1,53.4,0.16,7.27,11.12,J17WL,693.5,A,2024-11-19
2003-03-06,0.01,42.3,52.0,61.6,48.1,0.0,4.44,1.98,J17WL,693.43,A,2024-11-19
2003-03-07,0.0,40.6,56.7,72.9,40.5,0.64,20.04,20.59,J17WL,693.22,A,2024-11-19
2003-03-08,0.0,41.5,60.6,79.7,45.4,0.31,25.68,22.28,J17WL,693.3,A,2024-11-19
2003-03-09,0.0,53.5,63.0,72.4,56.3,0.17,10.63,10.44,J17WL,693.27,A,2024-11-19
2003-03-10,0.0,55.6,66.0,76.3,57.7,0.33,13.56,15.76,J17WL,693.06,A,2024-11-19
2003-03-11,0.0,55.0,65.2,75.4,54.5,0.63,14.8,15.43,J17WL,693.04,A,2024-11-19
2003-03-12,0.04,60.5,65.1,69.6,63.9,0.11,2.69,2.27,J17WL,692.96,A,2024-11-19
2003-03-13,0.02,67.1,72.3,77.4,67.4,0.18,8.72,4.67,J17WL,693.05,A,2024-11-19
2003-03-14,0.0,60.1,72.7,85.3,62.6,0.51,23.73,13.37,J17WL,692.83,A,2024-11-19
2003-03-15,0.0,58.7,69.6,80.4,58.4,0.34,20.57,20.52,J17WL,692.75,A,2024-11-19
2003-03-16,0.01,59.0,65.2,71.3,61.1,0.29,6.87,7.06,J17WL,692.91,A,2024-11-19
2003-03-17,0.0,58.7,68.5,78.3,60.7,0.29,15.02,18.98,J17WL,692.81,A,2024-11-19
2003-03-18,0.0,61.0,67.7,74.4,62.1,0.23,9.52,10.85,J17WL,692.69,A,2024-11-19
2003-03-19,0.05,47.9,61.8,75.7,41.5,1.78,23.88,17.01,J17WL,692.6,A,2024-11-19
2003-03-20,0.0,51.2,64.1,76.9,36.5,3.26,24.98,23.31,J17WL,692.33,A,2024-11-19
2003-03-21,0.0,42.8,55.2,67.5,44.7,0.58,12.1,13.58,J17WL,692.21,A,2024-11-19
2003-03-22,0.13,43.9,58.4,73.0,46.2,0.69,17.06,23.92,J17WL,692.16,A,2024-11-19
2003-03-23,0.13,46.4,56.7,67.0,49.9,0.25,9.93,13.27,J17WL,692.33,A,2024-11-19
2003-03-24,0.0,46.5,61.1,75.7,52.6,0.2,16.48,23.46,J17WL,692.16,A,2024-11-19
2003-03-25,0.0,52.0,63.3,74.5,60.5,0.2,11.28,13.57,J17WL,692.15,A,2024-11-19
2003-03-26,0.02,56.3,64.9,73.6,61.0,0.2,7.39,4.97,J17WL,692.14,A,2024-11-19
2003-03-27,0.0,44.6,61.4,78.2,42.0,0.65,26.61,24.21,J17WL,692.1,A,2024-11-19
2003-03-28,0.0,53.6,67.7,81.7,57.1,0.24,21.52,23.5,J17WL,691.8,A,2024-11-19
2003-03-29,0.0,47.4,56.1,64.8,37.6,4.26,12.16,18.67,J17WL,691.76,A,2024-11-19
2003-03-30,0.0,30.8,45.9,60.9,25.8,1.11,13.51,17.76,J17WL,691.8,A,2024-11-19
2003-03-31,0.0,32.4,50.8,69.2,26.9,1.42,19.2,25.5,J17WL,691.47,A,2024-11-19
2003-04-01,0.0,43.7,59.0,74.4,34.0,3.63,23.08,25.42,J17WL,691.22,A,2024-11-19
2003-04-02,0.0,48.8,62.8,76.8,50.5,0.26,20.91,25.21,J17WL,690.85,A,2024-11-19
2003-04-03,0.0,53.9,65.8,77.8,60.5,0.22,15.33,12.86,J17WL,690.77,A,2024-11-19
2003-04-04,0.0,66.0,73.3,80.6,64.1,1.33,16.19,16.23,J17WL,690.62,A,2024-11-19
2003-04-05,0.0,66.7,74.7,82.7,64.8,0.45,17.7,18.31,J17WL,690.41,A,2024-11-19
2003-04-06,0.01,67.9,75.1,82.3,66.8,0.36,16.84,16.81,J17WL,690.44,A,2024-11-19
2003-04-07,0.05,67.7,76.1,84.5,67.1,0.44,18.53,11.29,J17WL,689.91,A,2024-11-19
2003-04-08,0.0,56.5,69.4,82.3,57.9,0.48,16.7,14.87,J17WL,689.79,A,2024-11-19
2003-04-09,0.0,38.8,53.8,68.8,31.4,1.82,18.77,22.16,J17WL,689.71,A,2024-11-19
2003-04-10,0.0,38.9,56.4,74.0,28.8,1.77,25.55,26.31,J17WL,689.55,A,2024-11-19
2003-04-11,0.02,43.7,59.2,74.8,36.9,2.66,23.62,23.65,J17WL,689.39,A,2024-11-19
2003-04-12,0.0,53.7,66.1,78.6,52.5,0.33,19.76,23.16,J17WL,689.13,A,2024-11-19
2003-04-13,0.0,53.8,67.8,81.7,57.8,0.21,21.74,25.68,J17WL,688.85,A,2024-11-19
2003-04-14,0.0,62.8,72.5,82.2,58.8,1.25,21.71,21.09,J17WL,688.29,A,2024-11-19
2003-04-15,0.0,64.1,73.7,83.3,61.3,1.71,21.89,23.03,J17WL,688.13,A,2024-11-19
2003-04-16,0.03,66.6,74.6,82.7,63.6,0.62,19.63,13.93,J17WL,688.09,A,2024-11-19
2003-04-17,0.0,63.5,75.6,87.8,60.9,0.11,29.07,19.29,J17WL,687.85,A,2024-11-19
2003-04-18,0.0,66.3,76.5,86.6,62.5,1.19,27.88,15.77,J17WL,687.59,A,2024-11-19
2003-04-19,0.0,68.4,76.8,85.1,66.6,1.98,18.4,16.17,J17WL,687.44,A,2024-11-19
2003-04-20,0.0,69.6,72.4,75.1,69.7,0.3,4.43,4.04,J17WL,687.64,A,2024-11-19
2003-04-21,0.04,63.5,68.1,72.6,54.1,1.8,13.89,9.38,J17WL,687.77,A,2024-11-19
2003-04-22,0.0,65.4,72.9,80.5,56.5,2.09,22.33,22.5,J17WL,687.56,A,2024-11-19
2003-04-23,0.05,66.8,69.5,72.2,66.6,0.29,4.5,3.42,J17WL,687.56,A,2024-11-19
2003-04-24,0.03,70.1,74.4,78.6,70.2,0.47,8.52,7.96,J17WL,687.69,A,2024-11-19
2003-04-25,0.0,55.2,74.2,93.2,52.0,0.16,43.71,23.9,J17WL,687.27,A,2024-11-19
2003-04-26,0.0,54.3,71.3,88.3,48.6,2.24,35.71,27.65,J17WL,686.6,A,2024-11-19
2003-04-27,0.0,56.9,72.8,88.7,55.8,0.48,32.15,27.75,J17WL,686.0,A,2024-11-19
2003-04-28,0.0,64.5,75.7,86.9,61.6,0.53,27.04,22.58,J17WL,685.23,A,2024-11-19
2003-04-29,0.0,66.3,75.0,83.8,63.8,1.25,20.96,20.27,J17WL,684.56,A,2024-11-19
2003-04-30,0.0,68.6,73.3,77.9,69.2,1.05,7.15,6.45,J17WL,684.39,A,2024-11-19
2003-05-01,0.0,70.3,78.8,87.2,69.1,1.71,21.16,16.85,J17WL,683.84,A,2024-11-19
2003-05-02,0.0,73.2,77.9,82.5,71.2,1.33,10.4,10.18,J17WL,683.15,A,2024-11-19
2003-05-03,0.0,72.1,80.2,88.2,70.3,1.52,20.75,16.86,J17WL,682.87,A,2024-11-19
2003-05-04,0.0,73.0,78.0,83.0,71.6,1.65,12.45,7.79,J17WL,682.99,A,2024-11-19
2003-05-05,0.0,75.2,82.6,90.0,73.4,2.11,20.02,13.71,J17WL,682.5,A,2024-11-19
2003-05-06,0.0,75.6,83.8,92.0,73.7,1.13,24.15,19.77,J17WL,682.09,A,2024-11-19
2003-05-07,0.03,75.3,80.5,85.7,74.0,0.48,13.81,13.82,J17WL,682.02,A,2024-11-19
2003-05-08,0.01,75.3,83.4,91.4,73.3,0.69,22.32,15.21,J17WL,681.86,A,2024-11-19
2003-05-09,0.0,75.9,84.0,92.1,72.8,3.87,24.13,22.85,J17WL,681.64,A,2024-11-19
2003-05-10,0.0,75.7,82.7,89.7,72.2,3.61,19.96,20.65,J17WL,681.27,A,2024-11-19
2003-05-11,0.0,75.7,81.9,88.1,73.5,0.89,17.75,14.56,J17WL,681.1,A,2024-11-19
2003-05-12,0.0,71.1,77.7,84.3,58.4,1.96,23.3,16.65,J17WL,680.94,A,2024-11-19
2003-05-13,0.02,68.0,75.0,81.9,65.0,0.96,14.82,12.54,J17WL,680.55,A,2024-11-19
2003-05-14,0.0,71.8,81.5,91.1,69.4,1.56,26.71,21.79,J17WL,680.25,A,2024-11-19
2003-05-15,0.0,72.9,84.8,96.7,69.9,2.01,38.49,26.06,J17WL,679.71,A,2024-11-19
2003-05-16,0.0,73.0,84.1,95.1,71.7,1.57,31.95,21.69,J17WL,678.93,A,2024-11-19
2003-05-17,0.0,69.8,83.1,96.5,66.0,3.36,37.9,26.58,J17WL,678.28,A,2024-11-19
2003-05-18,0.0,67.6,81.6,95.7,58.3,3.51,43.01,28.72,J17WL,677.84,A,2024-11-19
2003-05-19,0.0,69.1,81.7,94.3,66.4,1.82,34.2,27.88,J17WL,676.98,A,2024-11-19
2003-05-20,0.0,72.4,84.5,96.5,69.6,1.26,37.66,26.39,J17WL,676.17,A,2024-11-19
2003-05-21,0.0,63.6,74.7,85.7,61.8,3.31,21.91,23.29,J17WL,675.7,A,2024-11-19
2003-05-22,0.0,65.0,73.9,82.9,61.1,2.72,18.68,17.0,J17WL,675.36,A,2024-11-19
2003-05-23,0.0,66.8,75.8,84.7,64.3,2.81,19.68,18.04,J17WL,675.11,A,2024-11-19
2003-05-24,0.0,68.8,79.4,90.0,66.6,2.06,26.82,23.3,J17WL,674.76,A,2024-11-19
2003-05-25,0.0,70.8,81.9,92.9,64.9,2.74,34.18,25.4,J17WL,674.42,A,2024-11-19
2003-05-26,0.0,68.7,79.8,90.8,65.7,2.21,31.35,22.1,J17WL,674.09,A,2024-11-19
2003-05-27,0.02,68.6,76.7,84.8,65.4,2.61,20.85,15.63,J17WL,674.15,A,2024-11-19
2003-05-28,0.0,67.5,75.7,83.8,64.0,3.29,18.73,16.41,J17WL,674.1,A,2024-11-19
2003-05-29,0.0,63.2,76.2,89.3,55.9,3.89,33.31,28.09,J17WL,673.65,A,2024-11-19
2003-05-30,0.0,65.9,81.0,96.1,60.0,4.93,43.03,26.73,J17WL,672.96,A,2024-11-19
2003-05-31,0.0,65.2,81.2,97.1,61.0,2.61,43.79,28.7,J17WL,672.53,A,2024-11-19
2003-06-01,0.0,69.7,83.1,96.5,64.9,1.5,40.27,28.01,J17WL,672.25,A,2024-11-19
2003-06-02,0.0,75.2,84.7,94.2,69.1,2.52,34.18,25.36,J17WL,671.57,A,2024-11-19
2003-06-03,0.13,71.5,83.0,94.4,70.0,1.58,30.34,20.41,J17WL,672.39,A,2024-11-19
2003-06-04,1.02,66.4,80.7,94.9,70.2,0.23,29.99,17.78,J17WL,673.76,A,2024-11-19
2003-06-05,0.0,69.0,79.4,89.9,70.1,0.61,24.65,24.3,J17WL,675.05,A,2024-11-19
2003-06-06,1.26,67.0,74.4,81.8,68.7,0.78,12.5,10.74,J17WL,676.11,A,2024-11-19
2003-06-07,0.01,64.9,76.2,87.4,62.7,1.82,25.63,23.62,J17WL,676.92,A,2024-11-19
2003-06-08,0.0,69.8,80.1,90.3,65.1,1.45,28.6,29.01,J17WL,677.33,A,2024-11-19
2003-06-09,0.0,68.7,78.6,88.5,65.2,2.29,28.28,25.85,J17WL,677.44,A,2024-11-19
2003-06-10,0.21,70.5,81.7,92.9,71.4,1.69,28.66,24.0,J17WL,677.74,A,2024-11-19
2003-06-11,0.32,69.0,78.3,87.7,70.8,1.35,21.87,18.56,J17WL,678.43,A,2024-11-19
2003-06-12,0.0,78.0,85.7,93.4,75.0,2.77,24.32,19.26,J17WL,678.97,A,2024-11-19
2003-06-13,0.0,79.2,86.4,93.7,74.4,3.5,26.68,20.73,J17WL,679.13,A,2024-11-19
2003-06-14,0.82,66.3,78.7,91.0,69.2,0.36,23.4,18.58,J17WL,680.01,A,2024-11-19
2003-06-15,0.37,65.6,77.8,90.0,69.1,0.9,25.11,27.1,J17WL,680.91,A,2024-11-19
2003-06-16,0.23,67.0,76.6,86.1,66.6,0.64,22.44,17.65,J17WL,681.34,A,2024-11-19
2003-06-17,0.0,69.6,79.6,89.6,65.9,1.51,28.83,27.36,J17WL,681.52,A,2024-11-19
2003-06-18,0.0,69.5,79.6,89.7,66.6,2.07,27.92,25.3,J17WL,681.7,A,2024-11-19
2003-06-19,0.0,72.7,82.2,91.6,67.1,3.06,31.07,25.55,J17WL,681.69,A,2024-11-19
2003-06-20,0.0,72.4,81.5,90.6,67.8,2.83,27.42,25.75,J17WL,681.53,A,2024-11-19
2003-06-21,0.0,73.8,83.2,92.5,68.4,1.86,32.37,27.69,J17WL,681.34,A,2024-11-19
2003-06-22,0.0,77.4,85.1,92.8,71.8,2.8,28.27,26.71,J17WL,681.13,A,2024-11-19
2003-06-23,0.0,78.3,86.0,93.6,72.6,2.96,27.99,25.19,J17WL,680.49,A,2024-11-19
2003-06-24,0.0,78.4,86.5,94.5,74.2,2.9,28.28,24.53,J17WL,679.8,A,2024-11-19
2003-06-25,0.0,77.5,86.7,96.0,73.8,2.85,31.57,22.89,J17WL,679.15,A,2024-11-19
2003-06-26,0.0,76.3,85.9,95.4,72.6,2.52,33.17,25.92,J17WL,678.38,A,2024-11-19
2003-06-27,0.0,75.7,85.0,94.4,70.7,4.31,31.74,23.86,J17WL,677.89,A,2024-11-19
2003-06-28,0.0,75.1,81.7,88.3,70.3,2.12,21.97,16.8,J17WL,677.48,A,2024-11-19
2003-06-29,0.0,73.8,82.9,92.1,70.7,1.84,27.58,23.47,J17WL,677.16,A,2024-11-19
2003-06-30,0.0,73.9,83.3,92.6,67.8,3.72,31.5,23.09,J17WL,676.65,A,2024-11-19
2003-07-01,0.0,73.9,84.4,94.9,67.1,4.24,37.82,26.85,J17WL,676.13,A,2024-11-19
2003-07-02,0.0,74.8,84.3,93.9,70.1,3.71,31.11,22.63,J17WL,676.06,A,2024-11-19
2003-07-03,0.02,74.2,83.3,92.3,71.7,1.93,26.64,20.3,J17WL,676.58,A,2024-11-19
2003-07-04,0.48,73.2,81.8,90.5,71.8,0.58,23.18,19.0,J17WL,677.84,A,2024-11-19
2003-07-05,1.53,72.5,77.5,82.5,71.9,0.47,9.43,13.01,J17WL,679.46,A,2024-11-19
2003-07-06,0.56,70.0,75.6,81.1,72.9,0.06,8.69,8.34,J17WL,680.33,A,2024-11-19
2003-07-07,0.03,74.1,80.9,87.8,73.3,0.74,18.86,17.73,J17WL,681.07,A,2024-11-19
2003-07-08,0.19,75.4,81.7,88.0,73.5,0.67,17.26,19.88,J17WL,681.99,A,2024-11-19
2003-07-09,1.08,74.0,79.0,84.0,74.0,0.28,8.27,9.64,J17WL,682.52,A,2024-11-19
2003-07-10,0.07,76.4,82.5,88.6,73.5,1.6,19.94,23.15,J17WL,683.07,A,2024-11-19
2003-07-11,0.0,75.4,83.5,91.5,73.7,1.49,24.37,24.27,J17WL,683.3,A,2024-11-19
2003-07-12,0.0,74.6,83.4,92.1,71.6,1.75,26.38,27.14,J17WL,683.36,A,2024-11-19
2003-07-13,0.0,72.7,82.6,92.5,70.3,2.21,29.34,28.08,J17WL,683.46,A,2024-11-19
2003-07-14,0.0,72.8,82.2,91.6,71.2,1.58,26.67,28.22,J17WL,683.19,A,2024-11-19
2003-07-15,0.0,73.7,83.3,93.0,69.4,3.82,30.27,28.4,J17WL,683.12,A,2024-11-19
2003-07-16,1.15,74.4,80.2,86.0,71.2,1.49,19.15,13.01,J17WL,683.51,A,2024-11-19
2003-07-17,1.1,73.2,77.8,82.4,74.2,0.34,7.8,10.07,J17WL,684.01,A,2024-11-19
2003-07-18,0.09,73.3,81.2,89.1,73.6,0.34,18.43,21.81,J17WL,684.35,A,2024-11-19
2003-07-19,0.0,73.2,81.6,90.1,71.4,1.3,24.46,26.41,J17WL,684.52,A,2024-11-19
2003-07-20,0.0,73.3,81.2,89.2,71.5,1.48,21.05,25.78,J17WL,684.53,A,2024-11-19
2003-07-21,0.0,73.9,82.0,90.1,71.7,1.56,22.63,24.78,J17WL,684.31,A,2024-11-19
2003-07-22,0.0,74.8,83.0,91.3,72.8,1.24,23.46,28.19,J17WL,683.97,A,2024-11-19
2003-07-23,0.0,75.8,83.7,91.6,74.0,1.35,22.94,25.74,J17WL,683.74,A,2024-11-19
2003-07-24,0.0,76.8,83.4,90.0,74.4,1.59,19.25,17.47,J17WL,683.57,A,2024-11-19
2003-07-25,0.0,74.6,83.0,91.5,73.4,1.01,22.68,26.32,J17WL,683.23,A,2024-11-19
2003-07-26,0.0,75.1,83.1,91.1,72.6,1.61,24.4,26.12,J17WL,683.06,A,2024-11-19
2003-07-27,0.0,76.0,83.7,91.4,71.9,1.55,26.16,24.41,J17WL,682.78,A,2024-11-19
2003-07-28,0.54,72.9,81.7,90.5,72.6,0.18,22.43,20.4,J17WL,682.96,A,2024-11-19
2003-07-29,0.02,73.3,80.7,88.2,72.2,0.39,18.31,17.83,J17WL,682.92,A,2024-11-19
2003-07-30,0.0,74.1,82.6,91.0,72.2,1.23,24.52,23.14,J17WL,682.63,A,2024-11-19
2003-07-31,0.0,75.2,84.2,93.2,71.7,1.56,29.85,26.55,J17WL,682.09,A,2024-11-19
2003-08-01,0.0,75.2,84.5,93.8,71.2,1.64,29.52,21.81,J17WL,681.6,A,2024-11-19
2003-08-02,0.0,75.9,84.8,93.7,71.6,1.74,31.49,25.77,J17WL,681.12,A,2024-11-19
2003-08-03,0.0,74.8,84.5,94.3,72.0,2.26,31.87,20.47,J17WL,680.92,A,2024-11-19
2003-08-04,0.0,74.9,83.9,92.9,72.0,1.63,26.36,18.01,J17WL,680.46,A,2024-11-19
2003-08-05,0.0,74.4,84.3,94.3,70.4,1.55,31.64,26.79,J17WL,680.18,A,2024-11-19
2003-08-06,0.0,74.3,84.4,94.4,70.5,1.66,32.15,26.24,J17WL,679.92,A,2024-11-19
2003-08-07,0.0,74.7,85.5,96.3,70.7,1.71,35.97,26.15,J17WL,679.44,A,2024-11-19
2003-08-08,0.0,77.8,89.2,100.6,68.9,4.68,44.54,27.03,J17WL,678.65,A,2024-11-19
2003-08-09,0.25,76.0,89.2,102.3,71.2,2.91,46.43,19.14,J17WL,678.88,A,2024-11-19
2003-08-10,0.04,76.1,87.8,99.4,70.7,2.72,41.61,22.56,J17WL,678.93,A,2024-11-19
2003-08-11,0.0,74.8,84.4,94.1,70.6,2.34,29.09,22.01,J17WL,678.78,A,2024-11-19
2003-08-12,0.59,69.3,81.2,93.2,70.3,0.71,26.39,15.72,J17WL,679.43,A,2024-11-19
2003-08-13,0.0,69.0,78.3,87.7,66.1,1.46,23.49,18.87,J17WL,679.66,A,2024-11-19
2003-08-14,0.64,69.8,78.4,86.9,64.7,2.69,24.01,22.62,J17WL,680.0,A,2024-11-19
2003-08-15,0.0,70.4,74.9,79.3,69.0,2.44,10.88,9.97,J17WL,680.26,A,2024-11-19
2003-08-16,0.21,72.1,82.1,92.0,68.0,2.0,30.36,23.14,J17WL,680.37,A,2024-11-19
2003-08-17,0.05,72.6,82.5,92.4,72.1,1.38,26.54,18.06,J17WL,680.48,A,2024-11-19
2003-08-18,0.0,73.6,83.6,93.6,70.4,1.6,29.77,24.58,J17WL,679.99,A,2024-11-19
2003-08-19,0.0,74.1,84.5,95.0,70.3,2.14,32.84,24.44,J17WL,679.5,A,2024-11-19
2003-08-20,0.0,75.2,84.8,94.3,70.7,2.05,32.41,24.98,J17WL,678.9,A,2024-11-19
2003-08-21,0.0,75.6,85.1,94.6,71.5,1.93,32.06,24.42,J17WL,678.42,A,2024-11-19
2003-08-22,0.0,71.1,82.4,93.6,69.7,1.9,29.54,21.83,J17WL,678.0,A,2024-11-19
2003-08-23,0.02,73.0,82.1,91.3,68.3,1.73,28.37,18.35,J17WL,678.03,A,2024-11-19
2003-08-24,0.06,72.1,80.4,88.8,70.9,1.24,22.25,15.87,J17WL,678.39,A,2024-11-19
2003-08-25,0.29,73.1,83.0,92.8,70.8,1.71,28.61,23.89,J17WL,678.47,A,2024-11-19
2003-08-26,0.0,74.5,84.6,94.8,70.2,2.31,32.3,22.99,J17WL,678.19,A,2024-11-19
2003-08-27,0.0,74.7,84.6,94.4,70.3,3.02,31.57,23.27,J17WL,677.86,A,2024-11-19
2003-08-28,0.0,75.0,85.1,95.2,70.7,1.78,32.84,23.87,J17WL,677.43,A,2024-11-19
2003-08-29,0.0,76.7,86.0,95.4,71.4,2.68,33.86,22.47,J17WL,677.15,A,2024-11-19
2003-08-30,0.0,77.7,86.5,95.2,71.4,2.84,33.4,22.86,J17WL,677.1,A,2024-11-19
2003-08-31,0.01,75.8,85.9,95.9,72.1,2.21,33.52,21.41,J17WL,677.45,A,2024-11-19
2003-09-01,0.67,73.8,82.1,90.5,72.3,1.4,24.02,13.67,J17WL,677.8,A,2024-11-19
2003-09-02,0.0,74.9,80.8,86.7,69.8,2.66,19.21,13.7,J17WL,677.99,A,2024-11-19
2003-09-03,0.0,73.4,80.3,87.3,70.4,2.44,20.59,12.68,J17WL,678.24,A,2024-11-19
2003-09-04,0.18,73.5,79.0,84.5,73.1,0.63,11.18,10.37,J17WL,678.74,A,2024-11-19
2003-09-05,0.21,72.2,80.8,89.3,70.8,1.32,23.8,14.37,J17WL,679.37,A,2024-11-19
2003-09-06,2.06,69.6,78.2,86.7,70.4,0.32,17.17,16.24,J17WL,680.01,A,2024-11-19
2003-09-07,0.0,66.3,77.7,89.2,65.3,1.32,27.33,23.63,J17WL,680.17,A,2024-11-19
2003-09-08,0.0,66.5,77.2,87.9,64.9,1.42,24.94,23.24,J17WL,680.14,A,2024-11-19
2003-09-09,0.0,69.5,78.6,87.7,66.4,2.4,24.68,20.21,J17WL,680.1,A,2024-11-19
2003-09-10,0.0,71.7,81.8,91.9,72.1,1.56,27.59,19.62,J17WL,679.78,A,2024-11-19
2003-09-11,0.0,76.1,84.6,93.0,73.5,1.51,27.78,18.26,J17WL,679.58,A,2024-11-19
2003-09-12,2.23,67.0,78.5,90.0,70.9,0.38,19.84,11.84,J17WL,680.88,A,2024-11-19
2003-09-13,0.0,64.1,74.1,84.1,63.3,1.21,21.79,21.36,J17WL,681.6,A,2024-11-19
2003-09-14,0.0,65.1,76.4,87.7,70.1,0.1,21.71,23.13,J17WL,681.91,A,2024-11-19
2003-09-15,0.12,66.7,74.6,82.4,66.6,0.62,12.84,12.34,J17WL,682.0,A,2024-11-19
2003-09-16,0.0,66.8,76.2,85.6,66.4,0.4,20.55,21.26,J17WL,682.12,A,2024-11-19
2003-09-17,0.0,69.8,78.7,87.6,70.4,0.33,20.83,17.27,J17WL,681.99,A,2024-11-19
2003-09-18,0.57,72.1,78.7,85.3,72.4,0.68,16.14,12.68,J17WL,682.32,A,2024-11-19
2003-09-19,0.57,66.5,72.7,78.8,68.1,0.45,10.77,8.3,J17WL,682.74,A,2024-11-19
2003-09-20,0.0,67.9,74.2,80.6,65.6,2.43,13.61,16.06,J17WL,683.16,A,2024-11-19
2003-09-21,1.08,67.7,70.4,73.2,68.3,0.49,5.3,3.39,J17WL,683.79,A,2024-11-19
2003-09-22,0.09,64.1,68.6,73.1,66.5,0.14,5.09,4.13,J17WL,684.15,A,2024-11-19
2003-09-23,0.0,64.3,74.4,84.4,65.3,0.75,19.85,20.18,J17WL,684.4,A,2024-11-19
2003-09-24,0.0,63.9,73.7,83.5,65.4,0.24,18.63,19.01,J17WL,684.53,A,2024-11-19
2003-09-25,0.0,66.3,74.7,83.2,68.7,0.07,14.32,15.08,J17WL,684.55,A,2024-11-19
2003-09-26,0.05,69.8,78.0,86.3,67.3,1.33,21.55,17.72,J17WL,684.53,A,2024-11-19
2003-09-27,0.08,68.5,75.1,81.7,65.5,1.11,18.0,12.56,J17WL,684.67,A,2024-11-19
2003-09-28,0.0,68.7,78.1,87.4,65.6,2.07,22.21,19.25,J17WL,684.48,A,2024-11-19
2003-09-29,0.0,59.0,71.9,84.7,51.4,4.1,29.74,20.68,J17WL,684.2,A,2024-11-19
2003-09-30,0.0,55.9,68.6,81.3,51.9,1.45,24.16,21.94,J17WL,683.94,A,2024-11-19
2003-10-01,0.0,54.6,67.9,81.2,50.8,1.67,24.48,21.74,J17WL,683.7,A,2024-11-19
2003-10-02,0.0,55.4,68.3,81.3,52.6,1.95,23.59,22.06,J17WL,683.55,A,2024-11-19
2003-10-03,0.0,55.5,67.2,79.0,55.4,1.34,18.24,21.54,J17WL,683.32,A,2024-11-19
2003-10-04,0.0,55.6,68.0,80.3,58.5,0.24,19.85,21.77,J17WL,683.3,A,2024-11-19
2003-10-05,0.0,65.9,73.6,81.4,66.8,0.82,13.57,8.17,J17WL,683.1,A,2024-11-19
2003-10-06,0.0,70.6,77.8,84.9,69.7,1.47,17.55,13.68,J17WL,682.82,A,2024-11-19
2003-10-07,0.36,68.8,76.7,84.6,68.1,0.91,19.12,15.02,J17WL,682.89,A,2024-11-19
2003-10-08,0.0,69.8,76.0,82.1,68.3,0.56,14.51,10.47,J17WL,682.74,A,2024-11-19
2003-10-09,0.49,72.9,77.6,82.4,72.1,0.42,12.57,6.06,J17WL,682.92,A,2024-11-19
2003-10-10,0.11,70.7,78.5,86.3,72.4,0.32,14.58,9.61,J17WL,683.16,A,2024-11-19
2003-10-11,0.0,70.5,74.1,77.7,67.9,1.59,8.67,4.55,J17WL,683.29,A,2024-11-19
2003-10-12,1.16,69.7,72.6,75.4,70.0,0.37,4.47,1.88,J17WL,683.79,A,2024-11-19
2003-10-13,0.04,68.8,72.8,76.7,68.4,0.44,8.2,6.7,J17WL,684.0,A,2024-11-19
2003-10-14,0.0,70.2,74.1,77.9,70.4,0.4,8.52,5.07,J17WL,684.15,A,2024-11-19
2003-10-15,0.0,51.2,65.0,78.7,49.2,1.83,23.81,17.91,J17WL,684.21,A,2024-11-19
2003-10-16,0.0,52.2,64.5,76.7,53.3,0.32,18.76,19.79,J17WL,684.26,A,2024-11-19
2003-10-17,0.0,58.2,70.1,82.0,67.9,0.03,14.68,13.03,J17WL,684.16,A,2024-11-19
2003-10-18,0.0,52.9,67.8,82.6,58.5,0.17,20.18,17.03,J17WL,684.1,A,2024-11-19
2003-10-19,0.0,52.4,66.1,79.9,52.2,1.18,22.71,19.72,J17WL,684.13,A,2024-11-19
2003-10-20,0.0,52.7,67.2,81.6,54.5,0.78,23.14,19.52,J17WL,683.8,A,2024-11-19
2003-10-21,0.0,53.8,68.2,82.6,55.0,0.88,24.18,19.26,J17WL,683.74,A,2024-11-19
2003-10-22,0.0,54.3,69.3,84.2,55.0,0.92,27.05,19.15,J17WL,683.47,A,2024-11-19
2003-10-23,0.0,54.5,71.3,88.1,54.3,1.66,32.02,19.1,J17WL,683.34,A,2024-11-19
2003-10-24,0.0,57.1,73.5,89.8,56.4,1.5,32.7,19.04,J17WL,683.14,A,2024-11-19
2003-10-25,0.0,56.0,69.5,83.1,59.4,0.09,24.28,17.23,J17WL,683.04,A,2024-11-19
2003-10-26,0.0,57.8,71.3,84.8,56.0,0.99,20.92,14.33,J17WL,682.98,A,2024-11-19
2003-10-27,0.32,49.5,53.6,57.8,44.7,1.37,7.46,4.11,J17WL,683.03,A,2024-11-19
2003-10-28,0.0,45.6,59.4,73.2,40.0,1.34,21.57,17.09,J17WL,683.08,A,2024-11-19
2003-10-29,0.0,45.2,62.2,79.2,45.2,1.21,25.14,18.14,J17WL,682.96,A,2024-11-19
2003-10-30,0.0,47.9,63.8,79.7,57.2,0.0,21.24,17.53,J17WL,682.83,A,2024-11-19
2003-10-31,0.0,67.0,75.1,83.1,69.7,1.04,15.44,9.17,J17WL,682.58,A,2024-11-19
2003-11-01,0.0,71.0,78.9,86.8,71.4,0.73,17.63,11.27,J17WL,682.55,A,2024-11-19
2003-11-02,0.04,70.0,76.1,82.1,68.5,0.7,14.85,11.4,J17WL,682.58,A,2024-11-19
2003-11-03,0.03,70.8,77.0,83.2,70.0,0.68,14.78,10.25,J17WL,682.45,A,2024-11-19
2003-11-04,0.0,68.4,75.4,82.3,69.2,0.53,13.31,8.66,J17WL,682.4,A,2024-11-19
2003-11-05,0.0,68.9,75.8,82.8,67.9,1.14,16.84,11.91,J17WL,682.19,A,2024-11-19
2003-11-06,0.0,67.7,75.0,82.3,66.7,1.64,16.08,10.66,J17WL,682.01,A,2024-11-19
2003-11-07,0.0,51.6,59.2,66.7,53.0,0.66,5.25,4.37,J17WL,681.91,A,2024-11-19
2003-11-08,0.0,50.2,51.7,53.2,48.2,0.56,2.3,1.76,J17WL,682.2,A,2024-11-19
2003-11-09,0.04,50.8,54.0,57.1,51.4,0.31,3.09,2.4,J17WL,682.38,A,2024-11-19
2003-11-10,0.02,54.7,57.0,59.2,54.9,0.35,2.27,2.23,J17WL,682.21,A,2024-11-19
2003-11-11,0.0,56.2,65.9,75.6,60.8,0.39,10.65,8.96,J17WL,682.23,A,2024-11-19
2003-11-12,0.0,60.9,69.8,78.7,67.6,0.0,10.97,7.99,J17WL,682.14,A,2024-11-19
2003-11-13,0.0,61.7,72.2,82.7,61.1,1.05,17.06,8.01,J17WL,681.93,A,2024-11-19
2003-11-14,0.0,58.7,63.6,68.6,37.2,9.97,15.3,8.12,J17WL,681.91,A,2024-11-19
2003-11-15,0.0,58.0,65.6,73.2,56.9,1.35,10.33,4.34,J17WL,682.02,A,2024-11-19
2003-11-16,0.04,67.2,71.5,75.7,67.8,0.41,6.3,4.64,J17WL,682.1,A,2024-11-19
2003-11-17,0.2,68.7,74.3,80.0,68.6,0.32,12.1,8.5,J17WL,681.91,A,2024-11-19
2003-11-18,0.29,55.5,67.6,79.7,63.2,0.03,11.57,6.45,J17WL,682.08,A,2024-11-19
2003-11-19,0.0,41.7,57.0,72.4,36.1,1.07,20.7,15.13,J17WL,681.88,A,2024-11-19
2003-11-20,0.0,39.2,57.8,76.4,34.4,1.21,25.99,15.44,J17WL,681.95,A,2024-11-19
2003-11-21,0.0,40.5,58.0,75.5,41.3,0.97,23.0,15.3,J17WL,681.84,A,2024-11-19
2003-11-22,0.0,46.6,62.0,77.5,56.7,0.37,16.97,15.11,J17WL,681.91,A,2024-11-19
2003-11-23,0.0,57.9,69.5,81.0,63.8,0.57,17.53,13.19,J17WL,681.75,A,2024-11-19
2003-11-24,0.0,32.5,53.1,73.8,30.9,2.12,14.14,10.31,J17WL,681.39,A,2024-11-19
2003-11-25,0.0,31.7,43.2,54.7,18.4,2.19,11.83,15.09,J17WL,681.44,A,2024-11-19
2003-11-26,0.0,36.3,51.0,65.7,41.1,0.75,14.27,12.7,J17WL,681.46,A,2024-11-19
2003-11-27,0.0,48.2,60.2,72.3,55.5,0.12,9.48,5.94,J17WL,681.42,A,2024-11-19
2003-11-28,0.0,37.4,56.9,76.4,30.1,0.68,26.03,14.63,J17WL,681.29,A,2024-11-19
2003-11-29,0.0,29.5,46.7,63.9,21.9,1.2,16.99,14.72,J17WL,681.21,A,2024-11-19
2003-11-30,0.0,29.9,47.1,64.4,27.5,0.83,16.74,14.0,J17WL,681.36,A,2024-11-19
2003-12-01,0.0,39.1,54.9,70.7,51.9,0.62,12.34,9.37,J17WL,681.0,A,2024-11-19
2003-12-02,0.0,57.4,63.9,70.4,57.6,0.79,8.39,4.42,J17WL,680.93,A,2024-11-19
2003-12-03,0.0,52.0,62.1,72.3,54.0,0.02,13.56,11.53,J17WL,680.99,A,2024-11-19
2003-12-04,0.0,45.9,60.1,74.3,49.0,0.15,15.91,8.76,J17WL,680.83,A,2024-11-19
2003-12-05,0.0,46.4,58.6,70.7,40.0,2.58,17.46,11.92,J17WL,680.48,A,2024-11-19
2003-12-06,0.0,30.2,44.6,58.9,22.4,1.74,13.43,12.27,J17WL,680.6,A,2024-11-19
2003-12-07,0.0,30.7,44.3,57.8,22.5,1.13,13.09,14.13,J17WL,680.85,A,2024-11-19
2003-12-08,0.0,32.6,49.1,65.5,38.9,0.54,13.98,14.12,J17WL,680.64,A,2024-11-19
2003-12-09,0.01,45.1,60.9,76.7,57.1,0.06,16.78,13.07,J17WL,680.41,A,2024-11-19
2003-12-10,0.0,37.6,55.1,72.6,29.7,0.96,23.59,12.69,J17WL,680.19,A,2024-11-19
2003-12-11,0.0,33.7,48.5,63.3,22.9,1.87,16.57,14.21,J17WL,680.25,A,2024-11-19
2003-12-12,0.0,37.1,50.5,63.9,40.0,1.67,13.64,10.05,J17WL,680.18,A,2024-11-19
2003-12-13,0.12,45.1,54.4,63.8,53.7,0.06,3.07,1.42,J17WL,680.37,A,2024-11-19
2003-12-14,0.0,31.5,47.4,63.2,32.7,0.55,14.1,13.72,J17WL,680.5,A,2024-11-19
2003-12-15,0.0,31.4,50.5,69.5,39.4,0.3,17.48,13.94,J17WL,680.39,A,2024-11-19
2003-12-16,0.0,41.5,58.4,75.3,41.4,0.56,19.48,11.28,J17WL,680.17,A,2024-11-19
2003-12-17,0.0,28.3,44.5,60.8,18.7,1.84,15.47,14.08,J17WL,679.94,A,2024-11-19
2003-12-18,0.0,28.2,46.7,65.3,17.8,1.97,18.24,14.06,J17WL,679.94,A,2024-11-19
2003-12-19,0.0,31.7,49.4,67.1,26.4,1.66,17.58,13.8,J17WL,679.81,A,2024-11-19
2003-12-20,0.0,30.2,47.6,65.0,22.5,1.59,17.45,13.87,J17WL,679.88,A,2024-11-19
2003-12-21,0.0,30.8,49.0,67.1,34.5,0.47,16.82,13.75,J17WL,679.95,A,2024-11-19
2003-12-22,0.0,45.2,59.8,74.4,54.8,0.72,16.89,11.05,J17WL,679.83,A,2024-11-19
2003-12-23,0.0,49.5,63.1,76.8,49.0,2.12,17.34,9.51,J17WL,679.48,A,2024-11-19
2003-12-24,0.0,32.6,48.3,64.1,26.8,1.76,16.12,13.93,J17WL,679.45,A,2024-11-19
2003-12-25,0.0,32.5,47.2,61.9,29.1,1.54,14.05,10.18,J17WL,679.6,A,2024-11-19
2003-12-26,0.0,43.6,52.8,62.0,48.5,0.17,7.78,4.53,J17WL,679.83,A,2024-11-19
2003-12-27,0.01,56.1,64.6,73.0,61.3,0.11,9.9,4.79,J17WL,679.86,A,2024-11-19
2003-12-28,0.0,60.9,67.5,74.1,63.4,0.73,8.92,4.84,J17WL,679.86,A,2024-11-19
2003-12-29,0.0,43.9,52.4,60.9,28.3,3.27,12.19,2.54,J17WL,679.61,A,2024-11-19
2003-12-30,0.0,27.9,44.3,60.8,14.4,1.72,16.34,14.0,J17WL,679.24,A,2024-11-19
2003-12-31,0.0,29.6,46.3,63.1,28.9,0.59,15.78,14.06,J17WL,679.16,A,2024-11-19
2004-01-01,0.06,43.0,55.4,67.7,55.4,0.12,8.57,5.31,J17WL,679.19,A,2024-11-19
2004-01-02,0.0,64.3,68.3,72.2,63.9,0.19,6.13,3.06,J17WL,679.44,A,2024-11-19
2004-01-03,0.0,64.6,71.6,78.7,63.7,0.98,15.45,8.24,J17WL,679.42,A,2024-11-19
2004-01-04,0.0,65.6,72.6,79.7,63.8,1.26,16.5,7.77,J17WL,679.27,A,2024-11-19
2004-01-05,0.0,43.7,60.2,76.7,46.3,1.49,12.93,5.62,J17WL,678.96,A,2024-11-19
2004-01-06,0.0,33.7,41.7,49.8,22.1,2.73,8.37,6.36,J17WL,678.86,A,2024-11-19
2004-01-07,0.0,31.4,35.4,39.4,19.6,2.2,4.6,3.4,J17WL,678.9,A,2024-11-19
2004-01-08,0.02,39.0,43.6,48.1,34.3,0.22,5.78,4.75,J17WL,679.08,A,2024-11-19
2004-01-09,0.0,44.7,57.2,69.6,47.2,0.08,10.36,7.97,J17WL,679.04,A,2024-11-19
2004-01-10,0.0,36.6,53.0,69.5,30.2,1.88,19.61,13.05,J17WL,678.98,A,2024-11-19
2004-01-11,0.0,33.0,48.6,64.3,28.7,1.4,14.85,14.59,J17WL,679.0,A,2024-11-19
2004-01-12,0.0,32.9,48.7,64.5,39.4,0.36,12.47,13.63,J17WL,678.84,A,2024-11-19
2004-01-13,0.0,46.2,55.8,65.5,49.7,0.66,8.96,6.97,J17WL,678.71,A,2024-11-19
2004-01-14,0.02,55.2,63.4,71.6,56.4,0.59,10.05,6.53,J17WL,678.77,A,2024-11-19
2004-01-15,0.41,58.5,60.8,63.2,60.0,0.25,1.3,1.61,J17WL,679.03,A,2024-11-19
2004-01-16,0.28,59.0,62.2,65.5,60.9,0.1,2.31,1.19,J17WL,679.5,A,2024-11-19
2004-01-17,1.03,60.3,64.3,68.2,62.7,0.15,2.82,1.51,J17WL,680.3,A,2024-11-19
2004-01-18,0.0,46.3,60.2,74.2,47.8,0.13,17.83,12.8,J17WL,680.55,A,2024-11-19
2004-01-19,0.0,36.2,45.2,54.2,33.8,2.03,6.66,7.34,J17WL,680.75,A,2024-11-19
2004-01-20,0.0,33.0,46.2,59.5,23.5,1.2,14.19,15.78,J17WL,680.63,A,2024-11-19
2004-01-21,0.0,33.4,45.5,57.7,35.9,0.73,10.16,13.71,J17WL,680.68,A,2024-11-19
2004-01-22,0.01,46.4,52.6,58.8,44.2,1.1,6.53,7.01,J17WL,680.63,A,2024-11-19
2004-01-23,0.05,50.5,54.3,58.1,46.3,0.73,7.59,3.27,J17WL,680.52,A,2024-11-19
2004-01-24,0.32,52.4,54.9,57.3,51.3,0.16,4.44,2.65,J17WL,680.8,A,2024-11-19
2004-01-25,0.15,47.4,56.8,66.2,54.7,0.07,5.91,5.52,J17WL,681.18,A,2024-11-19
2004-01-26,0.0,40.8,57.4,74.0,39.8,0.58,21.73,16.0,J17WL,680.94,A,2024-11-19
2004-01-27,0.0,33.0,51.3,69.6,25.0,1.63,19.33,15.32,J17WL,680.76,A,2024-11-19
2004-01-28,0.0,30.0,43.7,57.3,20.2,1.13,12.78,16.33,J17WL,680.63,A,2024-11-19
2004-01-29,0.03,30.7,45.4,60.1,35.7,0.59,11.54,13.49,J17WL,680.72,A,2024-11-19
2004-01-30,0.06,48.7,52.3,55.9,52.2,0.29,1.32,1.17,J17WL,680.76,A,2024-11-19
2004-01-31,0.0,37.2,46.9,56.6,42.7,0.11,5.46,10.46,J17WL,681.03,A,2024-11-19
2004-02-01,0.0,39.0,50.1,61.2,47.4,0.12,6.46,8.54,J17WL,681.24,A,2024-11-19
2004-02-02,0.0,42.8,52.4,62.1,50.9,0.09,3.06,3.65,J17WL,680.96,A,2024-11-19
2004-02-03,0.0,36.6,50.2,63.7,28.4,2.16,15.96,16.94,J17WL,680.79,A,2024-11-19
2004-02-04,0.08,38.1,47.9,57.7,32.2,0.75,11.99,11.65,J17WL,681.03,A,2024-11-19
2004-02-05,0.1,45.2,51.2,57.3,51.2,0.03,1.85,0.99,J17WL,681.06,A,2024-11-19
2004-02-06,0.0,44.6,56.5,68.5,41.6,0.21,17.31,17.0,J17WL,680.79,A,2024-11-19
2004-02-07,0.0,32.3,45.9,59.5,30.8,0.77,12.13,15.37,J17WL,680.81,A,2024-11-19
2004-02-08,0.0,30.0,46.3,62.6,30.1,0.61,14.4,17.48,J17WL,680.87,A,2024-11-19
2004-02-09,0.02,43.6,51.5,59.4,49.7,0.02,6.06,4.81,J17WL,680.81,A,2024-11-19
2004-02-10,0.1,51.4,57.7,64.0,57.7,0.0,2.32,2.36,J17WL,680.63,A,2024-11-19
2004-02-11,0.2,46.4,48.8,51.1,46.7,0.11,1.32,1.93,J17WL,681.01,A,2024-11-19
2004-02-12,0.27,42.4,46.6,50.9,44.7,0.18,2.06,2.62,J17WL,680.85,A,2024-11-19
2004-02-13,0.02,34.5,40.4,46.2,34.2,0.89,3.69,5.35,J17WL,680.76,A,2024-11-19
2004-02-14,0.21,31.7,35.9,40.1,32.4,0.0,2.02,3.29,J17WL,681.05,A,2024-11-19
2004-02-15,0.0,30.4,43.1,55.8,31.2,0.14,9.84,18.34,J17WL,681.07,A,2024-11-19
2004-02-16,0.0,30.5,45.3,60.1,34.6,0.32,11.01,18.51,J17WL,680.9,A,2024-11-19
2004-02-17,0.0,34.4,50.6,66.8,40.2,0.16,13.98,19.17,J17WL,680.76,A,2024-11-19
2004-02-18,0.0,38.6,56.6,74.7,33.1,0.67,25.87,19.01,J17WL,680.58,A,2024-11-19
2004-02-19,0.0,39.0,56.1,73.3,44.9,0.22,18.66,19.37,J17WL,680.6,A,2024-11-19
2004-02-20,0.0,50.7,63.8,76.9,53.7,0.14,18.66,12.5,J17WL,680.6,A,2024-11-19
2004-02-21,0.0,49.6,63.2,76.8,45.4,0.18,21.56,14.42,J17WL,680.48,A,2024-11-19
2004-02-22,0.0,50.5,60.8,71.2,41.1,1.99,17.95,18.16,J17WL,680.48,A,2024-11-19
2004-02-23,0.0,54.1,60.4,66.8,57.1,0.26,5.9,5.22,J17WL,680.53,A,2024-11-19
2004-02-24,0.64,56.5,65.8,75.0,58.3,0.0,14.44,9.25,J17WL,680.55,A,2024-11-19
2004-02-25,0.08,44.4,55.2,66.1,49.9,0.25,8.84,7.57,J17WL,681.01,A,2024-11-19
2004-02-26,0.0,34.0,41.8,49.6,34.3,0.84,5.32,6.82,J17WL,681.11,A,2024-11-19
2004-02-27,0.0,33.2,48.6,63.9,31.2,0.8,15.29,21.0,J17WL,681.23,A,2024-11-19
2004-02-28,0.0,34.2,49.6,65.0,41.6,0.2,13.06,18.47,J17WL,681.48,A,2024-11-19
2004-02-29,0.03,49.9,57.8,65.6,55.0,0.64,7.1,5.74,J17WL,681.57,A,2024-11-19
2004-03-01,0.11,50.9,60.6,70.2,50.8,0.67,13.02,9.58,J17WL,681.43,A,2024-11-19
2004-03-02,0.0,52.8,63.7,74.5,41.4,2.62,23.68,14.89,J17WL,681.21,A,2024-11-19
2004-03-03,0.04,57.7,63.7,69.8,62.9,0.01,3.2,1.81,J17WL,681.22,A,2024-11-19
2004-03-04,0.23,67.4,71.0,74.5,66.8,0.01,8.09,5.61,J17WL,681.14,A,2024-11-19
2004-03-05,0.39,53.6,63.2,72.8,60.0,0.1,4.53,4.39,J17WL,681.45,A,2024-11-19
2004-03-06,0.0,47.6,63.4,79.2,42.9,0.6,26.91,17.47,J17WL,681.4,A,2024-11-19
2004-03-07,0.0,46.0,61.5,77.1,40.1,1.57,24.66,20.8,J17WL,681.56,A,2024-11-19
2004-03-08,0.0,48.6,66.9,85.2,42.1,2.86,33.52,20.17,J17WL,681.24,A,2024-11-19
2004-03-09,0.0,47.5,60.9,74.2,36.3,2.25,21.81,21.04,J17WL,681.26,A,2024-11-19
2004-03-10,0.0,46.5,63.6,80.6,38.6,2.39,28.07,22.69,J17WL,681.04,A,2024-11-19
2004-03-11,0.0,46.3,61.5,76.7,46.8,1.1,20.87,22.11,J17WL,680.99,A,2024-11-19
2004-03-12,0.0,56.1,65.4,74.6,53.7,0.64,14.8,10.79,J17WL,680.79,A,2024-11-19
2004-03-13,0.69,55.4,58.3,61.3,54.8,0.0,4.04,5.58,J17WL,681.26,A,2024-11-19
2004-03-14,0.16,56.4,60.5,64.6,60.5,0.06,1.41,1.65,J17WL,681.58,A,2024-11-19
2004-03-15,0.68,58.2,66.2,74.1,62.0,0.01,7.41,8.37,J17WL,681.86,A,2024-11-19
2004-03-16,0.0,56.8,66.5,76.3,59.5,0.0,13.59,16.12,J17WL,682.01,A,2024-11-19
2004-03-17,0.0,56.6,66.1,75.6,58.8,0.14,12.81,12.44,J17WL,682.07,A,2024-11-19
2004-03-18,0.0,61.0,71.4,81.7,62.6,0.21,18.26,20.38,J17WL,682.15,A,2024-11-19
2004-03-19,0.0,65.3,69.9,74.5,66.7,0.25,6.05,5.36,J17WL,682.07,A,2024-11-19
2004-03-20,0.02,66.7,71.7,76.6,68.6,0.0,5.68,4.74,J17WL,682.21,A,2024-11-19
2004-03-21,0.0,64.4,70.9,77.3,66.9,0.48,8.11,8.76,J17WL,682.43,A,2024-11-19
2004-03-22,0.0,57.4,64.5,71.6,51.7,1.09,12.02,7.01,J17WL,682.36,A,2024-11-19
2004-03-23,0.0,51.3,61.8,72.2,49.1,0.81,14.14,9.85,J17WL,682.19,A,2024-11-19
2004-03-24,0.12,56.2,63.5,70.7,60.4,0.21,7.51,6.21,J17WL,682.16,A,2024-11-19
2004-03-25,0.0,60.9,66.7,72.5,63.7,0.06,7.24,6.3,J17WL,682.13,A,2024-11-19
2004-03-26,0.0,66.5,71.3,76.1,66.3,0.0,7.94,7.97,J17WL,682.16,A,2024-11-19
2004-03-27,0.0,66.8,71.9,77.1,65.8,0.81,9.44,8.6,J17WL,682.05,A,2024-11-19
2004-03-28,0.0,65.8,72.5,79.3,63.9,1.07,14.97,13.7,J17WL,682.13,A,2024-11-19
2004-03-29,0.02,60.0,68.4,76.8,63.3,0.74,10.13,8.18,J17WL,681.77,A,2024-11-19
2004-03-30,0.25,45.2,59.7,74.3,46.3,0.93,19.6,14.32,J17WL,681.86,A,2024-11-19
2004-03-31,0.0,44.7,63.2,81.8,44.0,0.8,28.14,24.91,J17WL,681.79,A,2024-11-19
2004-04-01,0.0,47.0,65.3,83.6,43.1,1.43,30.17,25.81,J17WL,681.64,A,2024-11-19
2004-04-02,0.0,50.4,66.0,81.6,58.0,0.96,20.04,24.08,J17WL,681.45,A,2024-11-19
2004-04-03,0.89,56.9,64.1,71.4,61.8,0.0,6.81,5.87,J17WL,681.98,A,2024-11-19
2004-04-04,0.0,56.7,68.0,79.4,60.6,0.06,15.74,17.78,J17WL,682.43,A,2024-11-19
2004-04-05,1.2,58.0,64.9,71.9,61.3,0.0,6.38,7.87,J17WL,682.96,A,2024-11-19
2004-04-06,0.12,60.1,67.2,74.3,62.4,0.14,9.02,12.62,J17WL,683.38,A,2024-11-19
2004-04-07,0.2,55.2,63.7,72.3,60.0,0.0,8.67,9.66,J17WL,683.74,A,2024-11-19
2004-04-08,0.0,56.5,70.4,84.2,57.6,0.27,24.1,24.7,J17WL,683.76,A,2024-11-19
2004-04-09,0.0,54.9,67.4,79.8,57.1,0.53,16.8,20.87,J17WL,684.15,A,2024-11-19
2004-04-10,0.0,56.1,68.8,81.5,63.1,0.02,17.58,23.22,J17WL,684.33,A,2024-11-19
2004-04-11,0.84,50.8,65.9,81.0,58.9,0.0,13.93,9.6,J17WL,684.78,A,2024-11-19
2004-04-12,0.37,48.2,50.5,52.9,46.1,0.51,3.04,5.81,J17WL,685.04,A,2024-11-19
2004-04-13,0.0,43.2,55.2,67.1,39.7,1.11,15.03,23.25,J17WL,685.02,A,2024-11-19
2004-04-14,0.0,40.4,55.2,69.9,39.4,0.56,17.63,25.96,J17WL,685.09,A,2024-11-19
2004-04-15,0.0,42.4,58.6,74.7,47.2,0.78,18.69,26.89,J17WL,685.17,A,2024-11-19
2004-04-16,0.0,51.1,64.5,77.9,58.9,0.01,14.46,18.78,J17WL,685.19,A,2024-11-19
2004-04-17,0.0,56.2,66.5,76.8,61.5,0.0,11.89,10.31,J17WL,685.05,A,2024-11-19
2004-04-18,0.0,62.6,71.9,81.2,63.6,0.41,17.06,12.65,J17WL,684.93,A,2024-11-19
2004-04-19,0.0,64.7,72.0,79.2,63.1,1.0,15.81,11.16,J17WL,684.73,A,2024-11-19
2004-04-20,0.0,64.9,72.5,80.2,62.6,1.37,16.51,14.4,J17WL,684.67,A,2024-11-19
2004-04-21,0.0,66.2,72.8,79.4,64.8,1.71,13.96,12.76,J17WL,684.4,A,2024-11-19
2004-04-22,0.0,68.5,74.6,80.6,67.5,1.1,12.74,9.89,J17WL,684.38,A,2024-11-19
2004-04-23,0.02,69.5,76.1,82.6,68.7,0.46,15.15,13.56,J17WL,684.27,A,2024-11-19
2004-04-24,1.35,63.6,70.6,77.6,69.0,0.03,6.59,5.68,J17WL,684.76,A,2024-11-19
2004-04-25,0.0,64.4,68.9,73.3,65.1,0.44,6.82,9.4,J17WL,685.53,A,2024-11-19
2004-04-26,0.05,65.0,67.7,70.5,65.6,0.18,3.26,3.9,J17WL,685.95,A,2024-11-19
2004-04-27,0.0,55.1,67.9,80.8,57.3,0.68,21.11,22.39,J17WL,686.19,A,2024-11-19
2004-04-28,0.0,55.7,68.5,81.3,52.2,1.71,24.64,25.79,J17WL,686.4,A,2024-11-19
2004-04-29,0.16,58.0,65.6,73.1,59.7,0.62,12.17,11.5,J17WL,686.67,A,2024-11-19
2004-04-30,0.0,64.8,72.8,80.7,68.4,0.75,12.63,11.45,J17WL,686.75,A,2024-11-19
2004-05-01,0.08,58.7,70.6,82.5,69.3,1.07,12.88,11.26,J17WL,686.96,A,2024-11-19
2004-05-02,0.72,49.7,57.9,66.2,49.7,0.84,8.88,11.71,J17WL,687.38,A,2024-11-19
2004-05-03,0.0,48.4,62.1,75.8,45.2,1.2,20.95,28.04,J17WL,687.57,A,2024-11-19
2004-05-04,0.0,50.0,65.1,80.3,48.4,1.6,24.01,28.48,J17WL,687.5,A,2024-11-19
2004-05-05,0.0,53.5,67.2,81.0,54.5,0.68,22.95,28.29,J17WL,687.51,A,2024-11-19
2004-05-06,0.0,60.0,70.5,81.1,62.2,0.71,17.43,18.65,J17WL,687.36,A,2024-11-19
2004-05-07,0.0,64.5,71.8,79.1,64.9,0.85,13.18,10.62,J17WL,687.34,A,2024-11-19
2004-05-08,0.51,65.5,71.5,77.6,66.7,0.09,10.12,9.82,J17WL,687.55,A,2024-11-19
2004-05-09,0.08,66.5,73.3,80.0,65.7,0.6,13.39,18.15,J17WL,688.02,A,2024-11-19
2004-05-10,0.03,67.2,75.5,83.8,67.6,0.5,17.28,19.04,J17WL,688.08,A,2024-11-19
2004-05-11,0.0,68.7,76.7,84.7,69.0,0.68,16.85,16.53,J17WL,687.89,A,2024-11-19
2004-05-12,0.22,70.6,75.3,80.1,70.5,0.87,9.8,7.18,J17WL,688.09,A,2024-11-19
2004-05-13,0.03,73.4,78.0,82.6,73.4,0.98,9.48,7.76,J17WL,688.18,A,2024-11-19
2004-05-14,0.45,64.3,73.9,83.5,68.2,0.9,9.34,9.08,J17WL,688.24,A,2024-11-19
2004-05-15,0.0,57.9,68.1,78.2,59.9,0.79,15.58,20.48,J17WL,688.57,A,2024-11-19
2004-05-16,0.0,59.9,70.5,81.1,62.4,0.11,16.65,24.28,J17WL,688.61,A,2024-11-19
2004-05-17,0.0,64.7,74.0,83.4,65.0,0.18,19.17,24.2,J17WL,688.32,A,2024-11-19
2004-05-18,0.0,69.3,77.9,86.5,69.5,1.64,18.45,18.7,J17WL,688.14,A,2024-11-19
2004-05-19,0.0,71.2,79.0,86.7,70.3,1.95,18.44,17.14,J17WL,687.68,A,2024-11-19
2004-05-20,0.0,71.2,79.0,86.8,69.0,1.53,18.59,20.67,J17WL,687.24,A,2024-11-19
2004-05-21,0.01,71.1,79.4,87.7,68.7,1.48,21.62,23.35,J17WL,686.57,A,2024-11-19
2004-05-22,0.0,71.2,79.0,86.8,67.8,2.42,21.96,23.56,J17WL,686.14,A,2024-11-19
2004-05-23,0.0,71.2,78.9,86.6,69.1,2.46,19.24,19.12,J17WL,685.69,A,2024-11-19
2004-05-24,0.0,72.4,79.9,87.4,69.6,2.56,19.76,18.81,J17WL,684.75,A,2024-11-19
2004-05-25,0.0,71.3,79.6,87.9,69.9,1.56,21.01,16.46,J17WL,684.34,A,2024-11-19
2004-05-26,0.0,72.4,80.4,88.4,69.9,2.41,21.58,21.85,J17WL,683.6,A,2024-11-19
2004-05-27,0.0,72.2,80.3,88.4,69.9,1.93,22.68,22.03,J17WL,682.91,A,2024-11-19
2004-05-28,0.09,70.2,79.9,89.6,70.0,1.61,22.25,23.12,J17WL,682.2,A,2024-11-19
2004-05-29,0.0,71.4,80.1,88.7,73.0,1.05,17.46,13.45,J17WL,681.75,A,2024-11-19
2004-05-30,0.0,73.4,82.0,90.6,73.6,2.75,23.28,20.47,J17WL,681.43,A,2024-11-19
2004-05-31,0.0,73.7,82.7,91.6,75.6,0.0,20.39,17.77,J17WL,681.12,A,2024-11-19
2004-06-01,0.0,76.8,89.2,101.6,72.0,1.41,54.26,27.64,J17WL,679.96,A,2024-11-19
2004-06-02,0.0,77.8,87.2,96.6,74.3,2.49,31.56,26.73,J17WL,679.17,A,2024-11-19
2004-06-03,0.27,66.6,80.0,93.5,72.9,1.08,26.11,23.4,J17WL,678.19,A,2024-11-19
2004-06-04,0.0,69.5,80.2,91.0,68.9,1.54,26.61,26.18,J17WL,678.18,A,2024-11-19
2004-06-05,0.0,67.9,79.9,91.9,70.5,1.68,26.37,23.03,J17WL,678.22,A,2024-11-19
2004-06-06,0.0,71.3,81.9,92.5,68.0,2.65,31.4,25.88,J17WL,678.08,A,2024-11-19
2004-06-07,0.0,73.5,82.6,91.8,70.9,2.39,28.28,22.24,J17WL,677.57,A,2024-11-19
2004-06-08,0.58,71.3,79.8,88.3,70.7,0.23,21.78,16.36,J17WL,678.75,A,2024-11-19
2004-06-09,2.43,73.0,76.1,78.9,73.4,0.33,5.02,4.84,J17WL,681.31,A,2024-11-19
2004-06-10,1.91,71.5,75.4,79.3,73.1,0.23,3.45,3.73,J17WL,682.94,A,2024-11-19
2004-06-11,0.0,75.6,82.3,89.0,72.8,1.73,21.27,21.59,J17WL,683.85,A,2024-11-19
2004-06-12,0.02,76.8,82.7,88.6,74.2,1.89,17.88,17.98,J17WL,684.61,A,2024-11-19
2004-06-13,0.15,67.0,78.2,89.4,71.4,1.12,21.53,24.8,J17WL,685.5,A,2024-11-19
2004-06-14,0.0,71.5,79.9,88.4,71.7,1.38,19.59,23.62,J17WL,685.78,A,2024-11-19
2004-06-15,0.0,73.3,81.5,89.7,71.7,1.57,21.79,22.44,J17WL,685.99,A,2024-11-19
2004-06-16,0.0,68.4,78.7,89.0,69.0,1.07,21.11,21.22,J17WL,685.8,A,2024-11-19
2004-06-17,0.0,73.6,82.1,90.6,72.9,1.65,22.74,21.8,J17WL,685.64,A,2024-11-19
2004-06-18,0.0,75.3,82.4,89.4,74.1,1.48,19.5,19.76,J17WL,685.5,A,2024-11-19
2004-06-19,0.0,71.5,81.5,91.4,70.6,1.09,27.39,24.12,J17WL,684.91,A,2024-11-19
2004-06-20,0.0,73.1,82.2,91.4,69.0,1.48,29.48,28.29,J17WL,684.57,A,2024-11-19
2004-06-21,0.0,74.9,83.2,91.6,72.1,1.77,24.72,24.96,J17WL,684.39,A,2024-11-19
2004-06-22,0.6,68.5,80.0,91.4,70.9,1.05,26.01,25.09,J17WL,684.22,A,2024-11-19
2004-06-23,0.13,69.2,76.8,84.4,70.3,0.75,15.93,11.04,J17WL,684.68,A,2024-11-19
2004-06-24,0.03,73.2,80.3,87.4,71.2,1.19,21.75,22.34,J17WL,685.11,A,2024-11-19
2004-06-25,0.75,73.5,80.9,88.3,71.4,1.66,20.94,18.88,J17WL,685.33,A,2024-11-19
2004-06-26,0.35,68.9,78.7,88.5,70.0,0.51,18.25,16.29,J17WL,685.92,A,2024-11-19
2004-06-27,0.1,70.6,77.4,84.3,70.5,0.92,15.53,18.07,J17WL,686.2,A,2024-11-19
2004-06-28,0.6,73.2,80.7,88.3,72.7,0.65,19.42,17.58,J17WL,686.61,A,2024-11-19
2004-06-29,0.17,77.3,82.1,86.9,74.0,1.94,15.29,17.15,J17WL,687.55,A,2024-11-19
2004-06-30,1.71,71.9,76.2,80.4,72.9,0.27,7.61,3.69,J17WL,689.06,A,2024-11-19
2004-07-01,0.52,71.8,77.9,84.0,73.3,0.14,10.93,14.15,J17WL,690.02,A,2024-11-19
2004-07-02,0.0,74.6,81.8,89.1,73.4,1.16,21.22,25.49,J17WL,690.68,A,2024-11-19
2004-07-03,0.0,75.2,82.6,90.1,73.6,1.2,20.59,27.0,J17WL,691.36,A,2024-11-19
2004-07-04,0.0,73.4,81.6,89.9,74.3,0.89,18.55,16.87,J17WL,691.83,A,2024-11-19
2004-07-05,0.0,74.1,82.6,91.1,71.8,1.35,24.86,27.31,J17WL,692.11,A,2024-11-19
2004-07-06,0.0,75.4,82.8,90.3,72.4,1.84,22.58,25.89,J17WL,691.95,A,2024-11-19
2004-07-07,0.0,76.0,83.7,91.3,73.8,2.04,24.28,24.24,J17WL,691.66,A,2024-11-19
2004-07-08,0.0,76.6,84.0,91.3,74.4,2.06,22.76,25.26,J17WL,691.38,A,2024-11-19
2004-07-09,0.0,76.0,83.6,91.1,73.7,2.43,23.84,25.41,J17WL,691.19,A,2024-11-19
2004-07-10,0.0,73.4,82.2,91.1,72.3,1.49,24.31,24.5,J17WL,690.78,A,2024-11-19
2004-07-11,0.07,70.6,79.6,88.5,71.4,0.19,18.46,17.66,J17WL,690.89,A,2024-11-19
2004-07-12,0.46,71.0,79.9,88.7,71.8,0.26,19.37,19.25,J17WL,690.87,A,2024-11-19
2004-07-13,0.0,72.0,80.8,89.6,71.5,0.63,24.68,22.35,J17WL,690.78,A,2024-11-19
2004-07-14,0.0,68.9,80.2,91.5,70.7,0.54,27.62,24.77,J17WL,690.24,A,2024-11-19
2004-07-15,0.0,67.5,80.3,93.0,66.0,1.07,34.46,27.1,J17WL,689.7,A,2024-11-19
2004-07-16,0.0,70.3,81.6,92.9,69.1,2.31,28.95,27.83,J17WL,689.51,A,2024-11-19
2004-07-17,0.0,73.8,82.8,91.8,70.4,2.64,27.13,26.41,J17WL,688.97,A,2024-11-19
2004-07-18,0.0,75.0,84.6,94.1,71.7,2.09,29.25,27.43,J17WL,688.75,A,2024-11-19
2004-07-19,0.0,72.7,82.2,91.7,68.1,4.62,28.31,21.93,J17WL,688.29,A,2024-11-19
2004-07-20,0.0,70.5,83.3,96.2,66.3,2.98,37.76,27.66,J17WL,687.66,A,2024-11-19
2004-07-21,0.0,71.3,81.8,92.4,69.2,1.48,28.52,27.13,J17WL,687.15,A,2024-11-19
2004-07-22,0.0,74.1,83.2,92.3,71.8,1.25,28.51,24.97,J17WL,686.76,A,2024-11-19
2004-07-23,0.07,75.5,84.4,93.3,72.0,2.29,29.71,24.04,J17WL,686.46,A,2024-11-19
2004-07-24,0.12,72.7,83.3,93.8,72.7,0.72,28.35,15.29,J17WL,686.9,A,2024-11-19
2004-07-25,0.0,71.7,82.1,92.5,70.9,1.24,26.84,18.17,J17WL,687.11,A,2024-11-19
2004-07-26,0.04,70.6,82.5,94.3,70.8,1.54,28.5,23.26,J17WL,686.99,A,2024-11-19
2004-07-27,0.0,70.2,78.9,87.5,67.6,2.72,20.08,22.1,J17WL,687.01,A,2024-11-19
2004-07-28,0.0,71.0,80.6,90.2,70.0,1.59,25.34,25.48,J17WL,686.86,A,2024-11-19
2004-07-29,0.0,76.7,84.5,92.3,72.7,3.15,26.79,21.11,J17WL,686.43,A,2024-11-19
2004-07-30,0.03,73.7,83.2,92.6,73.8,0.99,24.62,19.84,J17WL,686.29,A,2024-11-19
2004-07-31,0.0,76.2,83.9,91.5,73.4,2.79,25.95,16.63,J17WL,686.51,A,2024-11-19
2004-08-01,0.0,75.3,84.9,94.5,72.1,2.88,30.96,23.53,J17WL,686.35,A,2024-11-19
2004-08-02,0.0,75.6,86.1,96.7,71.8,3.24,34.44,26.97,J17WL,685.87,A,2024-11-19
2004-08-03,0.02,75.8,85.6,95.4,73.7,2.33,30.39,22.35,J17WL,685.77,A,2024-11-19
2004-08-04,0.0,75.7,86.3,96.9,71.9,2.61,35.75,26.78,J17WL,685.29,A,2024-11-19
2004-08-05,0.0,74.9,85.8,96.7,70.3,2.99,37.49,27.31,J17WL,684.97,A,2024-11-19
2004-08-06,0.0,77.1,87.9,98.7,70.2,4.62,41.81,26.56,J17WL,684.58,A,2024-11-19
2004-08-07,0.19,75.2,85.8,96.5,73.3,2.22,31.87,19.93,J17WL,685.06,A,2024-11-19
2004-08-08,0.03,75.7,81.5,87.3,72.3,2.73,16.1,13.49,J17WL,685.36,A,2024-11-19
2004-08-09,0.0,72.5,81.1,89.7,70.0,2.91,22.46,15.48,J17WL,685.53,A,2024-11-19
2004-08-10,0.0,73.9,82.9,92.0,69.1,3.87,27.89,21.57,J17WL,685.33,A,2024-11-19
2004-08-11,0.0,73.4,82.7,92.1,70.9,2.7,28.15,20.52,J17WL,685.3,A,2024-11-19
2004-08-12,0.04,69.0,82.6,96.1,68.2,2.8,36.77,24.19,J17WL,685.12,A,2024-11-19
2004-08-13,0.0,64.7,76.9,89.0,56.0,4.49,33.32,26.56,J17WL,684.86,A,2024-11-19
2004-08-14,0.0,66.6,76.3,85.9,59.7,3.3,25.71,22.7,J17WL,684.72,A,2024-11-19
2004-08-15,0.0,65.1,77.1,89.2,63.1,2.4,26.98,25.27,J17WL,684.58,A,2024-11-19
2004-08-16,0.0,63.9,76.3,88.7,59.0,2.53,29.65,24.73,J17WL,683.87,A,2024-11-19
2004-08-17,0.0,65.5,77.0,88.5,61.2,2.21,28.18,25.26,J17WL,683.82,A,2024-11-19
2004-08-18,0.0,69.0,79.6,90.2,63.7,1.71,31.61,23.92,J17WL,683.4,A,2024-11-19
2004-08-19,0.16,73.4,83.5,93.6,72.0,1.75,29.56,19.08,J17WL,683.53,A,2024-11-19
2004-08-20,0.0,76.4,85.7,95.0,72.2,2.72,31.82,22.13,J17WL,683.38,A,2024-11-19
2004-08-21,0.0,76.8,87.0,97.2,73.2,2.58,34.45,22.98,J17WL,683.11,A,2024-11-19
2004-08-22,0.0,74.2,80.3,86.5,70.9,2.71,17.13,14.83,J17WL,683.05,A,2024-11-19
2004-08-23,0.56,74.5,82.8,91.0,74.2,1.33,24.04,15.36,J17WL,683.75,A,2024-11-19
2004-08-24,0.0,74.9,81.9,88.9,74.2,2.12,18.93,18.31,J17WL,684.13,A,2024-11-19
2004-08-25,0.0,77.1,85.5,94.0,73.4,3.02,27.01,22.85,J17WL,684.49,A,2024-11-19
2004-08-26,0.0,77.4,85.9,94.5,72.8,3.21,32.11,23.56,J17WL,684.51,A,2024-11-19
2004-08-27,0.0,77.8,87.0,96.1,70.8,3.59,37.76,24.5,J17WL,684.58,A,2024-11-19
2004-08-28,0.0,77.3,86.5,95.7,71.6,4.21,34.84,21.66,J17WL,684.18,A,2024-11-19
2004-08-29,0.06,73.1,82.9,92.7,70.8,2.35,27.95,15.93,J17WL,684.25,A,2024-11-19
2004-08-30,0.0,70.6,80.6,90.6,70.4,1.32,24.44,17.07,J17WL,684.18,A,2024-11-19
2004-08-31,0.0,70.9,82.3,93.7,66.3,2.86,33.36,23.06,J17WL,683.91,A,2024-11-19
2004-09-01,0.0,71.6,81.6,91.6,64.2,5.43,31.07,23.03,J17WL,683.98,A,2024-11-19
2004-09-02,0.0,70.9,77.8,84.7,61.6,6.12,25.51,15.62,J17WL,684.32,A,2024-11-19
2004-09-03,0.0,66.2,74.0,81.7,64.6,1.3,18.05,15.34,J17WL,684.31,A,2024-11-19
2004-09-04,0.0,68.0,77.4,86.8,69.6,1.4,20.29,17.38,J17WL,684.52,A,2024-11-19
2004-09-05,0.2,74.3,80.1,85.9,73.1,0.54,16.44,12.49,J17WL,685.06,A,2024-11-19
2004-09-06,0.0,76.0,84.3,92.5,73.1,1.62,27.15,20.24,J17WL,685.22,A,2024-11-19
2004-09-07,0.78,72.6,79.6,86.6,68.5,1.83,14.52,10.19,J17WL,685.38,A,2024-11-19
2004-09-08,0.0,66.0,77.2,88.4,55.7,6.26,32.11,23.21,J17WL,685.45,A,2024-11-19
2004-09-09,0.0,66.7,77.2,87.6,56.0,6.7,30.0,19.75,J17WL,685.36,A,2024-11-19
2004-09-10,0.0,67.8,78.8,89.9,55.8,5.75,34.08,22.06,J17WL,685.17,A,2024-11-19
2004-09-11,0.0,71.3,81.2,91.1,65.7,3.67,30.29,21.15,J17WL,685.19,A,2024-11-19
2004-09-12,0.0,71.2,81.8,92.4,69.2,2.08,29.12,17.68,J17WL,684.99,A,2024-11-19
2004-09-13,0.0,70.4,82.2,94.0,64.9,2.03,36.47,22.5,J17WL,684.41,A,2024-11-19
2004-09-14,0.14,71.2,81.5,91.7,71.0,0.66,28.05,16.46,J17WL,684.73,A,2024-11-19
2004-09-15,0.16,75.2,82.3,89.3,74.0,1.18,21.0,15.09,J17WL,685.03,A,2024-11-19
2004-09-16,0.0,74.1,83.0,92.0,72.8,1.44,25.42,17.31,J17WL,685.23,A,2024-11-19
2004-09-17,0.0,74.0,84.5,95.0,70.4,2.74,32.36,21.65,J17WL,685.15,A,2024-11-19
2004-09-18,0.0,73.3,83.9,94.6,69.6,2.53,31.83,21.83,J17WL,684.98,A,2024-11-19
2004-09-19,0.0,73.0,82.9,92.8,71.4,1.14,29.48,18.76,J17WL,684.85,A,2024-11-19
2004-09-20,0.0,69.1,81.0,92.8,68.6,0.52,30.85,15.35,J17WL,684.46,A,2024-11-19
2004-09-21,0.0,68.4,79.6,90.8,66.0,2.02,28.83,20.73,J17WL,684.18,A,2024-11-19
2004-09-22,0.0,68.7,79.4,90.1,67.1,2.09,27.94,19.69,J17WL,684.23,A,2024-11-19
2004-09-23,0.1,71.4,80.1,88.8,69.5,1.65,23.66,13.03,J17WL,684.24,A,2024-11-19
2004-09-24,0.0,69.5,79.8,90.1,66.9,1.53,26.71,17.07,J17WL,684.5,A,2024-11-19
2004-09-25,0.0,67.0,79.6,92.2,64.9,2.23,33.88,20.13,J17WL,684.52,A,2024-11-19
2004-09-26,0.0,67.8,75.1,82.3,67.2,1.31,15.01,11.38,J17WL,684.96,A,2024-11-19
2004-09-27,0.0,67.4,77.4,87.3,62.7,2.13,26.78,18.0,J17WL,684.58,A,2024-11-19
2004-09-28,0.02,67.1,74.2,81.2,65.5,1.47,14.86,13.97,J17WL,684.24,A,2024-11-19
2004-09-29,0.0,64.0,76.1,88.2,58.9,3.51,31.3,15.65,J17WL,684.3,A,2024-11-19
2004-09-30,0.0,62.9,75.5,88.2,57.4,3.14,30.5,20.6,J17WL,684.1,A,2024-11-19
2004-10-01,0.0,63.1,76.0,88.9,64.6,1.36,27.17,18.69,J17WL,683.86,A,2024-11-19
2004-10-02,0.06,69.1,79.9,90.7,71.7,1.7,24.57,16.41,J17WL,684.85,A,2024-11-19
2004-10-03,2.88,68.6,73.9,79.3,68.0,0.45,8.96,5.41,J17WL,685.77,A,2024-11-19
2004-10-04,0.39,68.5,77.3,86.1,68.8,1.04,17.54,11.92,J17WL,686.31,A,2024-11-19
2004-10-05,0.0,67.0,77.5,88.0,66.7,0.98,24.74,17.58,J17WL,686.56,A,2024-11-19
2004-10-06,0.0,66.1,71.7,77.3,64.9,1.0,11.16,8.83,J17WL,686.94,A,2024-11-19
2004-10-07,0.0,67.7,77.0,86.4,69.2,1.12,19.39,16.93,J17WL,687.06,A,2024-11-19
2004-10-08,0.01,70.8,76.9,83.1,69.6,1.25,14.93,8.58,J17WL,687.3,A,2024-11-19
2004-10-09,0.0,65.5,73.1,80.7,65.6,1.22,14.43,8.44,J17WL,687.49,A,2024-11-19
2004-10-10,0.0,61.6,73.9,86.2,59.9,1.8,28.1,18.03,J17WL,687.49,A,2024-11-19
2004-10-11,0.0,58.5,71.4,84.3,57.7,1.65,24.24,17.71,J17WL,687.38,A,2024-11-19
2004-10-12,0.0,58.0,70.6,83.2,57.4,1.38,24.3,20.44,J17WL,687.12,A,2024-11-19
2004-10-13,0.0,61.1,71.5,81.8,59.5,2.25,21.34,16.72,J17WL,686.97,A,2024-11-19
2004-10-14,0.87,59.2,71.6,84.1,64.5,0.0,16.97,13.56,J17WL,687.02,A,2024-11-19
2004-10-15,0.0,48.3,60.5,72.6,44.8,1.35,19.97,17.46,J17WL,687.28,A,2024-11-19
2004-10-16,0.0,49.5,66.8,84.0,50.4,1.25,27.52,20.01,J17WL,687.52,A,2024-11-19
2004-10-17,0.0,53.2,69.5,85.9,63.7,1.06,22.66,19.52,J17WL,687.58,A,2024-11-19
2004-10-18,0.0,73.2,81.8,90.3,70.9,1.74,26.29,15.7,J17WL,687.25,A,2024-11-19
2004-10-19,0.0,72.4,80.9,89.5,72.1,0.37,22.06,13.72,J17WL,687.07,A,2024-11-19
2004-10-20,0.0,75.1,81.6,88.2,74.2,1.13,16.3,9.02,J17WL,686.94,A,2024-11-19
2004-10-21,0.0,75.9,82.1,88.4,73.2,2.29,17.66,12.17,J17WL,686.7,A,2024-11-19
2004-10-22,0.0,75.9,82.5,89.0,72.3,2.79,22.02,13.39,J17WL,686.04,A,2024-11-19
2004-10-23,0.96,71.6,80.5,89.3,71.5,0.71,23.26,11.82,J17WL,685.94,A,2024-11-19
2004-10-24,0.1,70.1,75.4,80.6,71.8,1.01,8.82,6.81,J17WL,686.87,A,2024-11-19
2004-10-25,2.03,69.3,77.3,85.3,70.8,0.35,14.62,7.07,J17WL,687.92,A,2024-11-19
2004-10-26,0.0,69.8,77.9,85.9,69.3,0.9,20.92,12.84,J17WL,688.68,A,2024-11-19
2004-10-27,0.0,70.2,78.6,86.9,70.8,1.33,21.54,12.44,J17WL,688.95,A,2024-11-19
2004-10-28,0.02,74.5,80.7,87.0,71.4,1.52,21.4,13.47,J17WL,689.29,A,2024-11-19
2004-10-29,0.0,73.5,80.2,86.9,70.5,2.4,20.71,13.32,J17WL,689.33,A,2024-11-19
2004-10-30,0.0,69.5,78.5,87.4,69.8,1.12,20.83,13.58,J17WL,689.44,A,2024-11-19
2004-10-31,0.0,71.4,78.8,86.2,67.9,1.36,23.66,14.87,J17WL,689.8,A,2024-11-19
2004-11-01,1.84,62.5,74.2,85.9,66.7,0.49,21.38,11.94,J17WL,690.19,A,2024-11-19
2004-11-02,0.03,57.5,65.1,72.6,60.5,0.37,6.53,7.71,J17WL,690.96,A,2024-11-19
2004-11-03,0.0,46.6,55.1,63.7,45.7,1.29,9.09,7.94,J17WL,691.75,A,2024-11-19
2004-11-04,0.0,41.0,52.0,62.9,41.3,0.71,10.89,15.58,J17WL,692.08,A,2024-11-19
2004-11-05,0.0,41.3,58.6,75.8,41.7,0.76,23.34,17.22,J17WL,692.17,A,2024-11-19
2004-11-06,0.0,43.8,59.2,74.5,44.1,1.02,19.37,17.06,J17WL,691.73,A,2024-11-19
2004-11-07,0.0,44.2,61.4,78.6,45.4,0.69,24.34,16.84,J17WL,691.81,A,2024-11-19
2004-11-08,0.0,46.3,62.9,79.6,52.4,0.44,20.98,16.01,J17WL,691.36,A,2024-11-19
2004-11-09,0.0,52.5,65.6,78.8,56.7,0.08,17.61,14.41,J17WL,691.15,A,2024-11-19
2004-11-10,0.0,55.6,65.9,76.2,58.5,0.07,13.8,11.45,J17WL,691.07,A,2024-11-19
2004-11-11,0.0,55.4,68.0,80.7,58.0,0.22,19.4,14.47,J17WL,690.79,A,2024-11-19
2004-11-12,0.0,44.6,56.8,69.1,45.2,1.5,13.22,14.55,J17WL,690.5,A,2024-11-19
2004-11-13,0.0,45.5,51.3,57.0,42.8,1.92,6.65,10.09,J17WL,690.5,A,2024-11-19
2004-11-14,0.63,50.6,51.9,53.3,48.1,0.74,3.04,3.17,J17WL,690.8,A,2024-11-19
2004-11-15,0.89,51.8,54.7,57.5,52.8,0.14,1.65,1.48,J17WL,691.03,A,2024-11-19
2004-11-16,0.04,58.0,63.5,69.0,63.3,0.08,2.58,1.23,J17WL,691.22,A,2024-11-19
2004-11-17,1.94,62.9,71.5,80.0,66.2,0.12,12.55,6.05,J17WL,693.1,A,2024-11-19
2004-11-18,0.29,55.3,64.4,73.4,60.6,0.03,9.15,6.95,J17WL,694.17,A,2024-11-19
2004-11-19,0.0,54.1,65.4,76.6,56.6,0.13,16.17,12.8,J17WL,695.21,A,2024-11-19
2004-11-20,0.02,55.1,64.4,73.8,60.0,0.69,11.7,8.9,J17WL,695.69,A,2024-11-19
2004-11-21,0.06,63.5,65.3,67.1,64.5,0.2,1.71,0.95,J17WL,696.29,A,2024-11-19
2004-11-22,2.11,65.9,67.8,69.7,65.5,0.27,2.65,1.46,J17WL,698.59,A,2024-11-19
2004-11-23,3.52,64.0,66.7,69.4,63.9,0.27,3.15,0.75,J17WL,700.2,A,2024-11-19
2004-11-24,0.01,48.8,63.4,77.9,57.3,0.19,11.65,5.94,J17WL,700.97,A,2024-11-19
2004-11-25,0.0,39.9,51.7,63.6,40.2,0.52,12.34,14.65,J17WL,701.42,A,2024-11-19
2004-11-26,0.0,40.3,53.6,66.8,44.0,0.45,12.84,14.59,J17WL,701.75,A,2024-11-19
2004-11-27,0.0,50.5,62.2,73.8,57.1,0.56,10.47,7.7,J17WL,701.98,A,2024-11-19
2004-11-28,0.0,44.6,58.0,71.3,39.4,1.69,19.25,14.72,J17WL,702.09,A,2024-11-19
2004-11-29,0.02,46.5,60.5,74.5,56.9,0.85,14.41,13.53,J17WL,701.87,A,2024-11-19
2004-11-30,0.19,42.7,61.4,80.0,55.9,0.74,12.82,6.8,J17WL,701.64,A,2024-11-19
2004-12-01,0.0,31.8,43.9,56.1,32.8,0.69,10.42,7.1,J17WL,701.65,A,2024-11-19
2004-12-02,0.0,32.3,45.1,57.9,33.6,0.78,11.13,11.75,J17WL,701.68,A,2024-11-19
2004-12-03,0.0,42.2,55.1,68.1,43.3,0.98,13.63,12.92,J17WL,701.54,A,2024-11-19
2004-12-04,0.0,47.8,51.9,56.0,42.9,2.22,6.57,4.03,J17WL,701.56,A,2024-11-19
2004-12-05,0.03,54.0,60.1,66.1,51.6,1.08,9.32,6.33,J17WL,701.57,A,2024-11-19
2004-12-06,0.02,56.6,60.8,64.9,60.6,0.17,2.33,1.8,J17WL,701.28,A,2024-11-19
2004-12-07,0.03,46.5,59.5,72.5,59.4,0.73,6.76,2.0,J17WL,701.09,A,2024-11-19
2004-12-08,0.0,44.9,59.2,73.6,40.9,0.83,20.96,14.07,J17WL,701.09,A,2024-11-19
2004-12-09,0.0,44.3,54.6,64.9,50.4,0.42,7.73,4.5,J17WL,701.02,A,2024-11-19
2004-12-10,0.0,44.1,62.1,80.0,43.8,0.46,26.64,13.24,J17WL,700.65,A,2024-11-19
2004-12-11,0.0,41.0,56.7,72.4,32.8,2.38,23.16,14.19,J17WL,700.63,A,2024-11-19
2004-12-12,0.0,41.3,58.2,75.1,38.1,1.59,22.84,14.14,J17WL,700.61,A,2024-11-19
2004-12-13,0.0,43.0,60.9,78.9,45.9,1.21,22.36,14.09,J17WL,700.03,A,2024-11-19
2004-12-14,0.0,38.1,49.3,60.5,23.7,3.66,14.66,13.22,J17WL,699.78,A,2024-11-19
2004-12-15,0.0,28.8,40.8,52.9,18.4,1.81,11.38,14.09,J17WL,699.45,A,2024-11-19
2004-12-16,0.0,27.8,42.1,56.4,34.0,1.19,10.3,13.65,J17WL,699.42,A,2024-11-19
2004-12-17,0.0,40.3,48.9,57.5,44.1,0.2,5.94,4.1,J17WL,699.29,A,2024-11-19
2004-12-18,0.0,36.2,49.1,61.9,36.3,0.59,12.09,12.71,J17WL,699.2,A,2024-11-19
2004-12-19,0.0,35.4,52.2,68.9,33.9,0.58,18.72,13.81,J17WL,698.83,A,2024-11-19
2004-12-20,0.0,38.2,52.5,66.8,31.0,1.59,17.5,13.53,J17WL,698.83,A,2024-11-19
2004-12-21,0.0,40.8,55.6,70.4,38.0,0.99,19.24,13.89,J17WL,698.7,A,2024-11-19
2004-12-22,0.0,42.8,59.4,76.1,44.3,0.67,19.2,13.56,J17WL,698.39,A,2024-11-19
2004-12-23,0.0,28.2,39.7,51.2,31.2,0.84,5.77,8.64,J17WL,698.15,A,2024-11-19
2004-12-24,0.0,27.8,36.3,44.8,15.7,1.48,7.3,13.21,J17WL,698.22,A,2024-11-19
2004-12-25,0.0,25.1,29.9,34.6,13.3,1.61,4.31,3.84,J17WL,698.06,A,2024-11-19
2004-12-26,0.0,24.6,38.6,52.6,21.8,0.69,9.68,13.9,J17WL,698.08,A,2024-11-19
2004-12-27,0.0,26.3,45.1,64.0,28.6,0.43,15.02,14.2,J17WL,697.9,A,2024-11-19
2004-12-28,0.0,31.3,47.6,63.9,45.2,0.05,9.14,9.46,J17WL,697.77,A,2024-11-19
2004-12-29,0.0,48.8,60.5,72.3,51.6,0.13,15.06,10.2,J17WL,697.57,A,2024-11-19
2004-12-30,0.0,53.2,63.6,73.9,57.8,0.02,13.69,7.54,J17WL,697.35,A,2024-11-19
2004-12-31,0.0,58.7,64.7,70.7,60.8,0.14,9.12,7.02,J17WL,697.28,A,2024-11-19
2005-01-01,0.0,60.0,69.5,78.9,60.5,0.13,19.48,10.4,J17WL,697.33,A,2024-11-19
2005-01-02,0.02,62.3,69.0,75.7,64.0,0.05,10.62,3.88,J17WL,697.29,A,2024-11-19
2005-01-03,0.24,67.1,70.3,73.5,68.5,0.09,4.67,2.26,J17WL,697.02,A,2024-11-19
2005-01-04,0.04,67.5,71.6,75.7,67.1,0.37,6.89,3.69,J17WL,697.03,A,2024-11-19
2005-01-05,0.0,67.7,73.2,78.6,65.1,1.26,13.44,6.72,J17WL,697.04,A,2024-11-19
2005-01-06,0.0,39.7,56.1,72.4,51.3,0.68,5.37,2.78,J17WL,696.99,A,2024-11-19
2005-01-07,0.03,37.0,40.0,43.0,31.7,0.24,4.02,4.34,J17WL,696.95,A,2024-11-19
2005-01-08,0.0,39.1,51.4,63.8,44.5,0.03,7.54,6.93,J17WL,696.89,A,2024-11-19
2005-01-09,0.0,40.3,52.6,64.8,45.4,0.03,11.57,13.08,J17WL,696.96,A,2024-11-19
2005-01-10,0.0,57.7,63.8,69.8,60.7,0.39,6.4,3.83,J17WL,696.68,A,2024-11-19
2005-01-11,0.0,61.3,67.9,74.5,61.3,0.17,12.03,9.38,J17WL,696.62,A,2024-11-19
2005-01-12,0.0,63.3,71.1,79.0,60.8,1.24,16.69,10.18,J17WL,696.55,A,2024-11-19
2005-01-13,0.09,48.3,61.1,74.0,52.7,2.63,13.6,6.47,J17WL,696.38,A,2024-11-19
2005-01-14,0.0,35.8,48.3,60.8,27.8,2.52,13.74,14.56,J17WL,696.17,A,2024-11-19
2005-01-15,0.0,35.3,47.0,58.6,25.0,2.44,13.41,14.2,J17WL,696.23,A,2024-11-19
2005-01-16,0.0,35.5,47.0,58.5,30.4,1.6,11.49,12.32,J17WL,696.16,A,2024-11-19
2005-01-17,0.0,30.5,42.6,54.7,27.7,1.11,9.4,15.25,J17WL,696.11,A,2024-11-19
2005-01-18,0.0,30.9,44.2,57.4,32.9,1.04,8.72,12.95,J17WL,695.71,A,2024-11-19
2005-01-19,0.0,44.6,49.6,54.6,32.9,3.81,8.69,5.67,J17WL,695.78,A,2024-11-19
2005-01-20,0.0,48.0,57.1,66.3,50.8,0.25,7.31,7.78,J17WL,695.8,A,2024-11-19
2005-01-21,0.0,46.5,59.8,73.2,51.1,0.03,14.78,13.2,J17WL,695.69,A,2024-11-19
2005-01-22,0.0,45.9,61.1,76.2,51.4,0.14,19.82,13.56,J17WL,695.61,A,2024-11-19
2005-01-23,0.0,33.5,52.1,70.6,31.7,0.61,16.6,12.48,J17WL,695.42,A,2024-11-19
2005-01-24,0.0,32.7,41.8,50.9,18.3,1.83,9.88,14.66,J17WL,695.28,A,2024-11-19
2005-01-25,0.0,34.7,48.6,62.6,29.8,1.56,14.51,15.47,J17WL,695.04,A,2024-11-19
2005-01-26,0.0,44.3,61.1,77.9,46.2,1.14,21.65,16.31,J17WL,694.71,A,2024-11-19
2005-01-27,0.43,45.8,62.4,79.0,46.8,0.38,23.84,12.48,J17WL,694.58,A,2024-11-19
2005-01-28,1.14,44.0,48.5,53.1,47.4,0.04,1.79,1.21,J17WL,695.01,A,2024-11-19
2005-01-29,0.0,43.4,50.7,58.0,45.7,0.03,5.28,7.33,J17WL,695.56,A,2024-11-19
2005-01-30,0.0,45.6,50.6,55.7,47.1,0.06,3.44,3.9,J17WL,695.61,A,2024-11-19
2005-01-31,0.1,43.7,46.3,48.8,44.7,0.04,1.32,1.05,J17WL,695.54,A,2024-11-19
2005-02-01,0.28,41.3,42.9,44.4,39.6,0.47,2.0,2.5,J17WL,695.62,A,2024-11-19
2005-02-02,0.19,39.9,42.2,44.4,39.6,0.26,1.52,1.96,J17WL,695.92,A,2024-11-19
2005-02-03,0.0,37.3,42.6,47.8,35.0,0.57,4.86,6.33,J17WL,695.92,A,2024-11-19
2005-02-04,0.0,38.2,46.2,54.1,36.8,0.54,6.96,10.18,J17WL,695.9,A,2024-11-19
2005-02-05,0.0,39.6,47.1,54.6,39.5,0.7,6.82,12.21,J17WL,696.17,A,2024-11-19
2005-02-06,0.23,45.8,52.0,58.1,47.9,0.22,6.53,7.28,J17WL,696.35,A,2024-11-19
2005-02-07,0.18,56.1,61.2,66.4,57.2,0.44,5.03,5.22,J17WL,696.76,A,2024-11-19
2005-02-08,0.06,54.6,59.2,63.9,52.9,0.35,6.32,5.29,J17WL,697.31,A,2024-11-19
2005-02-09,0.0,53.3,56.4,59.4,55.9,0.05,1.16,1.93,J17WL,697.65,A,2024-11-19
2005-02-10,0.0,43.1,50.3,57.5,41.7,0.15,4.83,6.26,J17WL,697.78,A,2024-11-19
2005-02-11,0.0,43.0,50.6,58.2,30.1,3.87,11.95,11.86,J17WL,698.0,A,2024-11-19
2005-02-12,0.0,49.1,52.7,56.4,37.1,2.98,8.99,7.91,J17WL,698.31,A,2024-11-19
2005-02-13,0.06,51.6,58.1,64.7,56.9,0.35,3.83,2.46,J17WL,698.66,A,2024-11-19
2005-02-14,0.0,47.7,63.6,79.5,50.1,0.27,23.91,16.37,J17WL,698.29,A,2024-11-19
2005-02-15,0.0,47.9,64.6,81.2,46.9,1.06,26.43,19.14,J17WL,698.31,A,2024-11-19
2005-02-16,0.0,51.1,66.6,82.1,57.8,0.03,20.7,15.69,J17WL,698.08,A,2024-11-19
2005-02-17,0.0,54.1,63.2,72.3,48.0,1.22,14.38,16.56,J17WL,698.05,A,2024-11-19
2005-02-18,0.0,50.5,54.9,59.3,39.2,3.62,8.42,6.65,J17WL,697.38,A,2024-11-19
2005-02-19,0.03,49.7,53.1,56.5,41.9,0.93,7.55,5.47,J17WL,697.3,A,2024-11-19
2005-02-20,0.08,53.8,60.1,66.4,60.1,0.14,1.82,2.26,J17WL,697.28,A,2024-11-19
2005-02-21,0.0,55.9,63.7,71.4,62.1,0.08,5.64,4.25,J17WL,697.05,A,2024-11-19
2005-02-22,0.0,60.4,68.3,76.1,63.7,0.08,8.72,10.22,J17WL,696.64,A,2024-11-19
2005-02-23,0.0,64.5,70.4,76.2,63.0,0.29,11.55,9.94,J17WL,696.59,A,2024-11-19
2005-02-24,0.73,58.4,68.1,77.7,62.1,0.9,12.39,5.74,J17WL,696.6,A,2024-11-19
2005-02-25,0.02,46.6,52.4,58.2,46.0,0.76,4.23,8.63,J17WL,696.84,A,2024-11-19
2005-02-26,0.17,46.5,51.0,55.4,43.0,0.83,5.86,5.91,J17WL,696.89,A,2024-11-19
2005-02-27,0.56,43.5,46.9,50.2,45.8,0.02,1.25,1.61,J17WL,697.11,A,2024-11-19
2005-02-28,0.0,44.4,57.1,69.8,47.6,0.07,12.95,18.44,J17WL,697.07,A,2024-11-19
2005-03-01,0.0,43.1,56.3,69.5,43.1,0.53,15.51,20.57,J17WL,697.11,A,2024-11-19
2005-03-02,0.02,44.3,59.0,73.7,48.9,0.62,17.74,18.75,J17WL,697.21,A,2024-11-19
2005-03-03,0.34,48.5,53.7,59.0,50.7,0.27,2.76,3.19,J17WL,697.38,A,2024-11-19
2005-03-04,0.0,49.7,58.6,67.5,50.4,0.29,9.32,15.86,J17WL,697.47,A,2024-11-19
2005-03-05,0.0,51.5,58.7,65.8,52.9,0.43,7.34,8.91,J17WL,697.35,A,2024-11-19
2005-03-06,0.84,55.9,62.2,68.5,57.1,0.31,6.69,5.87,J17WL,697.95,A,2024-11-19
2005-03-07,0.16,56.2,59.7,63.2,58.7,0.06,1.99,1.88,J17WL,698.1,A,2024-11-19
2005-03-08,0.33,50.7,65.9,81.0,51.2,0.44,25.11,14.7,J17WL,698.5,A,2024-11-19
2005-03-09,0.0,47.7,57.7,67.7,40.7,1.61,14.91,19.09,J17WL,698.55,A,2024-11-19
2005-03-10,0.0,42.9,59.0,75.1,39.6,1.28,22.29,21.32,J17WL,699.33,A,2024-11-19
2005-03-11,0.0,42.9,60.5,78.2,42.6,1.23,23.07,22.1,J17WL,699.22,A,2024-11-19
2005-03-12,0.0,47.2,62.0,76.8,34.2,2.9,25.48,22.25,J17WL,699.51,A,2024-11-19
2005-03-13,0.0,50.8,66.1,81.4,52.8,1.14,21.95,22.45,J17WL,699.58,A,2024-11-19
2005-03-14,0.0,46.6,68.0,89.4,43.9,1.21,37.82,23.0,J17WL,699.5,A,2024-11-19
2005-03-15,0.01,47.0,57.6,68.2,37.0,3.16,15.64,20.06,J17WL,699.38,A,2024-11-19
2005-03-16,0.26,44.6,51.0,57.4,44.6,0.4,5.7,3.62,J17WL,699.56,A,2024-11-19
2005-03-17,0.16,34.5,45.1,55.7,37.0,0.4,7.79,9.48,J17WL,699.61,A,2024-11-19
2005-03-18,0.0,35.0,50.2,65.3,36.5,0.48,14.49,23.1,J17WL,699.76,A,2024-11-19
2005-03-19,0.0,43.7,60.6,77.6,50.2,0.66,20.72,22.1,J17WL,699.73,A,2024-11-19
2005-03-20,0.16,52.2,64.3,76.3,55.1,0.64,13.09,12.96,J17WL,699.75,A,2024-11-19
2005-03-21,0.03,57.0,68.3,79.7,60.8,0.25,16.2,16.84,J17WL,699.44,A,2024-11-19
2005-03-22,0.0,50.0,66.0,82.0,53.0,0.3,23.04,16.8,J17WL,699.3,A,2024-11-19
2005-03-23,0.0,45.1,62.3,79.4,38.4,1.99,27.48,24.03,J17WL,699.09,A,2024-11-19
2005-03-24,0.0,46.4,61.7,77.0,48.2,0.38,20.64,24.28,J17WL,698.89,A,2024-11-19
2005-03-25,0.0,54.3,67.7,81.2,61.1,0.06,18.37,19.71,J17WL,698.72,A,2024-11-19
2005-03-26,0.02,62.9,72.7,82.5,62.5,0.46,18.98,19.41,J17WL,698.55,A,2024-11-19
2005-03-27,0.47,44.7,55.8,66.8,51.2,0.23,6.34,5.59,J17WL,698.67,A,2024-11-19
2005-03-28,0.0,39.2,53.2,67.3,38.2,0.58,14.98,22.32,J17WL,698.72,A,2024-11-19
2005-03-29,0.0,41.8,59.5,77.1,45.8,0.71,22.01,24.81,J17WL,698.65,A,2024-11-19
2005-03-30,0.0,60.1,69.1,78.1,62.4,0.4,12.95,13.53,J17WL,698.39,A,2024-11-19
2005-03-31,0.0,57.1,72.2,87.3,49.9,0.26,35.29,23.64,J17WL,698.1,A,2024-11-19
2005-04-01,0.0,52.4,69.0,85.6,49.8,2.5,23.88,23.67,J17WL,697.77,A,2024-11-19
2005-04-02,0.0,38.1,54.3,70.6,34.7,1.33,18.9,24.76,J17WL,697.64,A,2024-11-19
2005-04-03,0.0,38.3,56.5,74.7,34.0,1.28,23.11,25.39,J17WL,697.46,A,2024-11-19
2005-04-04,0.0,41.4,58.7,76.0,49.6,0.76,19.82,24.47,J17WL,697.11,A,2024-11-19
2005-04-05,0.0,55.5,66.6,77.7,60.1,0.0,14.87,17.04,J17WL,697.0,A,2024-11-19
2005-04-06,0.05,53.6,68.7,83.7,57.2,0.97,21.44,16.76,J17WL,696.74,A,2024-11-19
2005-04-07,0.0,54.4,67.9,81.4,45.4,4.14,26.57,25.89,J17WL,696.45,A,2024-11-19
2005-04-08,0.0,47.6,64.9,82.3,42.8,2.62,29.5,26.4,J17WL,695.99,A,2024-11-19
2005-04-09,0.0,50.7,65.7,80.8,51.7,0.52,23.63,23.42,J17WL,696.13,A,2024-11-19
2005-04-10,0.0,60.5,71.9,83.3,61.5,0.52,20.04,22.6,J17WL,695.93,A,2024-11-19
2005-04-11,0.0,60.0,71.3,82.7,63.5,0.72,17.51,16.84,J17WL,695.65,A,2024-11-19
2005-04-12,0.0,46.6,64.6,82.6,41.7,1.08,31.37,25.56,J17WL,695.18,A,2024-11-19
2005-04-13,0.0,48.4,65.7,82.9,43.7,2.09,29.77,25.86,J17WL,694.81,A,2024-11-19
2005-04-14,0.0,53.3,70.3,87.4,43.4,3.09,36.03,26.32,J17WL,694.48,A,2024-11-19
2005-04-15,0.0,55.4,68.7,82.1,49.5,2.96,26.43,26.82,J17WL,694.15,A,2024-11-19
2005-04-16,0.0,54.7,66.0,77.3,55.3,0.35,16.36,19.84,J17WL,694.15,A,2024-11-19
2005-04-17,0.0,56.3,67.6,78.9,57.5,0.33,18.7,20.88,J17WL,694.01,A,2024-11-19
2005-04-18,0.0,60.0,68.7,77.4,59.1,1.01,16.17,18.3,J17WL,693.88,A,2024-11-19
2005-04-19,0.02,64.8,68.1,71.3,62.7,1.4,6.8,6.63,J17WL,693.92,A,2024-11-19
2005-04-20,0.0,65.9,73.6,81.3,64.8,1.41,15.37,13.7,J17WL,693.92,A,2024-11-19
2005-04-21,0.0,66.9,73.9,80.9,66.2,1.37,13.57,11.08,J17WL,693.76,A,2024-11-19
2005-04-22,0.0,68.2,74.2,80.2,67.0,1.29,12.2,10.38,J17WL,693.53,A,2024-11-19
2005-04-23,0.0,61.7,75.2,88.7,57.1,1.87,27.4,16.34,J17WL,693.34,A,2024-11-19
2005-04-24,0.0,48.1,61.2,74.4,34.1,4.15,23.9,18.59,J17WL,693.14,A,2024-11-19
2005-04-25,0.0,50.7,62.0,73.2,41.4,1.68,21.07,22.66,J17WL,692.63,A,2024-11-19
2005-04-26,0.0,59.6,67.7,75.7,60.5,0.36,10.84,12.37,J17WL,692.34,A,2024-11-19
2005-04-27,0.0,50.2,65.7,81.2,41.7,2.69,28.66,27.07,J17WL,691.55,A,2024-11-19
2005-04-28,0.0,53.2,70.4,87.6,51.7,0.84,33.39,27.41,J17WL,690.94,A,2024-11-19
2005-04-29,0.0,65.0,77.3,89.6,65.6,1.19,26.32,23.0,J17WL,690.24,A,2024-11-19
2005-04-30,0.05,54.6,73.5,92.4,58.7,1.84,35.68,19.65,J17WL,689.62,A,2024-11-19
2005-05-01,0.02,47.5,60.8,74.1,46.5,1.66,16.47,19.73,J17WL,689.77,A,2024-11-19
2005-05-02,0.0,49.3,62.6,75.9,48.5,0.9,19.81,26.16,J17WL,689.54,A,2024-11-19
2005-05-03,0.0,54.9,65.6,76.3,51.5,1.63,18.01,22.08,J17WL,689.22,A,2024-11-19
2005-05-04,0.17,57.2,67.1,77.0,52.8,1.22,19.13,21.35,J17WL,689.25,A,2024-11-19
2005-05-05,0.0,56.2,66.0,75.8,55.3,0.83,15.98,19.3,J17WL,689.28,A,2024-11-19
2005-05-06,0.0,57.7,68.5,79.3,54.6,1.96,19.19,19.1,J17WL,688.85,A,2024-11-19
2005-05-07,0.0,60.1,70.8,81.4,58.9,1.63,20.56,20.6,J17WL,688.61,A,2024-11-19
2005-05-08,0.02,66.3,72.5,78.8,65.2,0.79,13.32,8.43,J17WL,688.92,A,2024-11-19
2005-05-09,1.0,60.8,67.4,74.1,63.1,0.08,6.15,7.17,J17WL,689.36,A,2024-11-19
2005-05-10,0.0,64.4,76.0,87.6,68.4,0.31,19.94,22.82,J17WL,689.82,A,2024-11-19
2005-05-11,0.0,70.3,77.5,84.7,68.8,1.99,16.16,11.08,J17WL,689.95,A,2024-11-19
2005-05-12,0.0,70.6,77.5,84.3,67.3,2.3,18.22,13.51,J17WL,689.98,A,2024-11-19
2005-05-13,0.0,69.8,76.0,82.2,69.0,1.73,11.76,11.41,J17WL,689.91,A,2024-11-19
2005-05-14,0.0,68.7,77.0,85.3,66.8,1.04,19.96,15.71,J17WL,689.96,A,2024-11-19
2005-05-15,0.0,65.9,75.9,86.0,64.4,1.22,22.08,21.55,J17WL,689.87,A,2024-11-19
2005-05-16,0.29,62.5,73.7,85.0,60.4,1.07,23.25,22.0,J17WL,689.93,A,2024-11-19
2005-05-17,0.0,57.7,68.6,79.5,59.2,0.37,15.5,18.11,J17WL,690.47,A,2024-11-19
2005-05-18,0.0,61.7,73.0,84.4,64.6,1.76,20.74,23.05,J17WL,690.36,A,2024-11-19
2005-05-19,0.0,70.9,78.5,86.1,67.5,2.1,20.82,18.14,J17WL,690.54,A,2024-11-19
2005-05-20,0.0,71.3,78.6,85.9,67.7,1.9,19.36,16.49,J17WL,690.32,A,2024-11-19
2005-05-21,0.0,66.3,78.1,89.9,66.9,1.2,25.68,24.92,J17WL,690.02,A,2024-11-19
2005-05-22,0.0,65.7,79.6,93.6,65.9,1.18,33.02,27.74,J17WL,689.71,A,2024-11-19
2005-05-23,0.0,68.7,81.3,93.9,64.3,1.74,36.02,28.17,J17WL,689.19,A,2024-11-19
2005-05-24,0.0,71.6,82.0,92.4,65.0,2.18,34.65,26.74,J17WL,688.69,A,2024-11-19
2005-05-25,0.0,71.6,82.2,92.8,66.6,1.37,33.94,27.53,J17WL,688.2,A,2024-11-19
2005-05-26,0.0,69.8,81.4,92.9,67.0,0.49,33.82,24.26,J17WL,687.71,A,2024-11-19
2005-05-27,0.0,69.2,77.3,85.5,68.4,1.49,17.22,12.82,J17WL,688.04,A,2024-11-19
2005-05-28,0.25,67.8,77.8,87.9,66.2,0.68,24.21,24.52,J17WL,688.17,A,2024-11-19
2005-05-29,1.17,65.8,77.0,88.3,66.7,0.34,24.57,24.08,J17WL,689.24,A,2024-11-19
2005-05-30,0.11,66.2,75.9,85.6,67.5,0.35,18.04,20.43,J17WL,689.8,A,2024-11-19
2005-05-31,0.0,68.1,77.9,87.6,66.5,1.11,24.21,25.39,J17WL,690.14,A,2024-11-19
2005-06-01,0.66,65.2,77.1,89.1,68.6,0.24,23.12,22.46,J17WL,690.5,A,2024-11-19
2005-06-02,0.0,67.0,78.8,90.5,66.6,0.74,28.47,27.92,J17WL,690.94,A,2024-11-19
2005-06-03,0.0,70.3,80.3,90.3,70.8,0.95,23.44,25.53,J17WL,690.99,A,2024-11-19
2005-06-04,0.0,75.6,81.3,87.0,73.8,2.16,14.98,12.83,J17WL,691.24,A,2024-11-19
2005-06-05,0.0,70.4,80.5,90.6,70.9,1.6,22.04,21.95,J17WL,691.4,A,2024-11-19
2005-06-06,0.03,72.7,81.5,90.4,71.7,0.66,22.42,25.05,J17WL,691.03,A,2024-11-19
2005-06-07,0.0,75.1,82.7,90.3,71.6,1.67,23.47,25.76,J17WL,690.85,A,2024-11-19
2005-06-08,0.0,76.8,84.1,91.3,74.2,1.96,21.83,22.96,J17WL,690.43,A,2024-11-19
2005-06-09,0.0,77.3,84.6,91.9,73.7,3.11,23.41,23.45,J17WL,690.02,A,2024-11-19
2005-06-10,0.0,75.3,82.7,90.2,72.8,2.38,20.28,20.99,J17WL,689.46,A,2024-11-19
2005-06-11,0.0,73.8,82.0,90.2,70.7,1.89,22.97,22.79,J17WL,689.22,A,2024-11-19
2005-06-12,0.0,74.1,82.8,91.5,70.4,2.0,26.88,25.6,J17WL,688.61,A,2024-11-19
2005-06-13,0.0,74.6,82.6,90.6,71.2,1.91,23.37,21.14,J17WL,687.81,A,2024-11-19
2005-06-14,0.0,75.4,81.9,88.4,73.8,1.44,15.69,11.8,J17WL,687.27,A,2024-11-19
2005-06-15,0.0,75.0,83.9,92.7,71.1,1.6,27.6,26.94,J17WL,686.62,A,2024-11-19
2005-06-16,0.0,72.7,82.8,92.8,70.5,1.31,28.01,26.78,J17WL,686.03,A,2024-11-19
2005-06-17,0.0,74.0,84.4,94.9,69.0,1.62,35.46,26.57,J17WL,685.31,A,2024-11-19
2005-06-18,0.0,75.2,85.3,95.3,70.3,2.06,34.02,28.01,J17WL,684.69,A,2024-11-19
2005-06-19,0.0,72.9,83.7,94.5,71.0,0.9,30.36,27.11,J17WL,684.15,A,2024-11-19
2005-06-20,0.0,74.0,83.6,93.2,70.4,1.95,28.54,23.98,J17WL,683.53,A,2024-11-19
2005-06-21,0.0,69.1,80.8,92.5,66.3,2.75,31.96,24.37,J17WL,682.75,A,2024-11-19
2005-06-22,0.0,68.0,80.1,92.2,62.5,3.34,33.87,27.66,J17WL,682.25,A,2024-11-19
2005-06-23,0.0,70.1,81.5,92.8,63.6,2.03,35.67,27.5,J17WL,681.62,A,2024-11-19
2005-06-24,0.0,67.8,80.6,93.3,64.6,1.7,34.36,26.45,J17WL,680.83,A,2024-11-19
2005-06-25,0.0,69.5,81.3,93.2,66.2,1.01,33.17,27.22,J17WL,680.62,A,2024-11-19
2005-06-26,0.0,71.4,82.5,93.7,67.7,0.99,34.05,26.18,J17WL,680.38,A,2024-11-19
2005-06-27,0.0,70.6,81.9,93.1,67.1,1.5,32.77,26.82,J17WL,680.0,A,2024-11-19
2005-06-28,0.0,70.9,82.4,93.9,66.9,1.84,34.3,26.3,J17WL,679.71,A,2024-11-19
2005-06-29,0.0,72.3,83.3,94.3,67.2,2.01,35.16,27.84,J17WL,679.31,A,2024-11-19
2005-06-30,0.0,75.0,85.1,95.2,69.5,2.09,34.48,27.39,J17WL,678.95,A,2024-11-19
2005-07-01,0.0,74.7,85.9,97.1,71.3,2.25,36.73,26.44,J17WL,678.54,A,2024-11-19
2005-07-02,0.0,74.8,86.8,98.7,70.8,0.83,41.52,28.28,J17WL,678.17,A,2024-11-19
2005-07-03,0.0,75.1,87.0,98.8,70.7,1.67,41.37,27.04,J17WL,678.05,A,2024-11-19
2005-07-04,0.0,75.3,87.5,99.7,71.9,2.25,41.65,28.52,J17WL,677.81,A,2024-11-19
2005-07-05,0.0,73.5,86.2,98.9,71.2,0.8,40.42,27.59,J17WL,677.47,A,2024-11-19
2005-07-06,0.0,74.0,85.6,97.1,67.8,2.29,38.92,26.15,J17WL,677.01,A,2024-11-19
2005-07-07,0.0,76.3,88.4,100.5,66.0,7.6,47.09,28.0,J17WL,676.7,A,2024-11-19
2005-07-08,0.0,74.9,88.5,102.0,66.7,4.66,50.78,27.72,J17WL,676.39,A,2024-11-19
2005-07-09,0.0,74.0,85.5,97.1,69.8,2.64,36.61,25.89,J17WL,676.17,A,2024-11-19
2005-07-10,0.0,72.1,84.1,96.2,68.6,1.57,36.72,24.84,J17WL,676.15,A,2024-11-19
2005-07-11,0.0,73.4,84.8,96.2,67.3,3.37,37.58,27.11,J17WL,675.94,A,2024-11-19
2005-07-12,0.0,76.0,87.5,99.1,69.2,2.36,42.08,28.11,J17WL,675.49,A,2024-11-19
2005-07-13,0.0,77.0,87.6,98.2,71.0,2.62,39.44,27.51,J17WL,675.36,A,2024-11-19
2005-07-14,0.01,78.5,88.6,98.7,71.6,3.75,40.73,25.56,J17WL,675.48,A,2024-11-19
2005-07-15,0.0,73.2,85.6,97.9,71.0,1.36,35.95,22.07,J17WL,675.93,A,2024-11-19
2005-07-16,0.3,73.4,82.8,92.2,72.5,0.89,24.96,19.28,J17WL,677.44,A,2024-11-19
2005-07-17,0.76,72.8,81.1,89.4,73.0,0.29,21.43,17.49,J17WL,678.55,A,2024-11-19
2005-07-18,0.58,72.6,80.9,89.2,74.9,0.09,18.86,13.4,J17WL,679.47,A,2024-11-19
2005-07-19,0.16,75.2,84.1,93.1,74.5,0.7,25.28,21.88,J17WL,680.1,A,2024-11-19
2005-07-20,0.0,76.1,85.0,93.9,72.8,1.09,29.17,25.73,J17WL,680.62,A,2024-11-19
2005-07-21,0.29,74.9,80.8,86.8,74.5,0.89,14.83,9.47,J17WL,681.24,A,2024-11-19
2005-07-22,0.01,74.7,83.0,91.4,74.9,0.19,22.44,18.89,J17WL,681.46,A,2024-11-19
2005-07-23,0.0,76.0,85.3,94.6,73.2,1.48,30.27,25.27,J17WL,681.63,A,2024-11-19
2005-07-24,0.0,74.2,84.1,94.0,73.0,0.89,28.61,24.55,J17WL,681.81,A,2024-11-19
2005-07-25,0.11,74.6,83.1,91.7,73.7,0.65,22.62,19.85,J17WL,681.75,A,2024-11-19
2005-07-26,0.0,74.3,83.6,93.0,71.2,0.79,29.36,19.73,J17WL,681.41,A,2024-11-19
2005-07-27,0.0,74.0,83.2,92.4,72.7,0.68,25.41,19.95,J17WL,681.27,A,2024-11-19
2005-07-28,0.44,74.1,84.8,95.5,72.4,1.42,33.27,22.26,J17WL,681.45,A,2024-11-19
2005-07-29,0.0,74.6,83.8,93.0,71.6,2.48,28.5,21.4,J17WL,681.64,A,2024-11-19
2005-07-30,0.0,73.4,84.5,95.5,70.9,2.14,34.38,24.23,J17WL,681.83,A,2024-11-19
2005-07-31,0.0,73.5,84.2,94.8,71.5,1.29,30.86,24.1,J17WL,681.89,A,2024-11-19
2005-08-01,0.0,69.6,82.7,95.8,63.1,2.67,40.5,27.18,J17WL,681.56,A,2024-11-19
2005-08-02,0.0,71.4,83.5,95.5,66.3,3.52,37.94,25.97,J17WL,681.04,A,2024-11-19
2005-08-03,0.0,74.0,84.8,95.5,69.8,2.69,33.54,22.92,J17WL,680.89,A,2024-11-19
2005-08-04,0.0,74.7,85.7,96.7,70.2,1.88,37.33,25.58,J17WL,680.35,A,2024-11-19
2005-08-05,0.0,74.7,85.4,96.2,70.6,2.74,36.56,24.23,J17WL,680.04,A,2024-11-19
2005-08-06,0.05,71.5,81.0,90.5,71.1,1.23,22.98,16.69,J17WL,680.17,A,2024-11-19
2005-08-07,0.0,73.3,83.8,94.4,69.9,2.47,31.73,24.57,J17WL,679.98,A,2024-11-19
2005-08-08,0.0,75.3,85.5,95.6,69.6,3.25,36.35,23.77,J17WL,679.46,A,2024-11-19
2005-08-09,0.03,74.8,85.9,97.1,70.4,1.99,38.68,25.54,J17WL,678.94,A,2024-11-19
2005-08-10,0.15,76.1,85.3,94.6,72.2,2.07,33.38,20.63,J17WL,680.03,A,2024-11-19
2005-08-11,1.32,71.2,76.8,82.3,72.4,0.27,10.09,9.12,J17WL,680.52,A,2024-11-19
2005-08-12,0.0,75.6,84.8,94.1,71.2,2.07,34.03,22.72,J17WL,680.8,A,2024-11-19
2005-08-13,0.0,77.0,86.1,95.2,70.9,2.66,35.78,23.95,J17WL,681.05,A,2024-11-19
2005-08-14,0.15,76.3,84.7,93.2,73.6,1.53,28.84,16.09,J17WL,681.59,A,2024-11-19
2005-08-15,0.0,78.8,87.3,95.8,73.6,2.85,33.33,23.55,J17WL,681.48,A,2024-11-19
2005-08-16,0.0,78.3,86.7,95.1,74.0,2.46,31.24,20.49,J17WL,681.25,A,2024-11-19
2005-08-17,0.0,78.2,87.1,95.9,72.6,1.81,33.76,22.4,J17WL,681.15,A,2024-11-19
2005-08-18,0.0,77.0,85.9,94.8,71.2,2.49,34.17,22.6,J17WL,680.9,A,2024-11-19
2005-08-19,0.0,77.3,87.0,96.6,71.7,2.77,37.16,24.22,J17WL,680.53,A,2024-11-19
2005-08-20,0.0,77.7,87.5,97.3,72.6,3.2,37.35,23.01,J17WL,680.51,A,2024-11-19
2005-08-21,0.0,75.4,86.3,97.2,71.2,1.13,38.01,23.38,J17WL,680.34,A,2024-11-19
2005-08-22,0.0,76.3,86.6,96.9,70.7,2.41,37.54,23.72,J17WL,679.86,A,2024-11-19
2005-08-23,0.0,75.8,87.2,98.7,69.3,3.07,41.9,25.28,J17WL,679.57,A,2024-11-19
2005-08-24,0.0,75.7,87.2,98.8,70.4,2.99,40.14,25.14,J17WL,679.22,A,2024-11-19
2005-08-25,0.0,76.4,86.9,97.4,71.0,2.39,37.81,23.31,J17WL,678.76,A,2024-11-19
2005-08-26,0.0,77.4,87.5,97.7,72.1,2.7,37.34,23.0,J17WL,678.27,A,2024-11-19
2005-08-27,0.0,77.1,88.1,99.1,70.7,4.34,40.19,24.03,J17WL,678.13,A,2024-11-19
2005-08-28,0.0,76.0,88.4,100.8,69.9,4.94,44.16,23.93,J17WL,678.0,A,2024-11-19
2005-08-29,0.0,76.1,85.4,94.7,67.8,6.13,35.45,22.44,J17WL,677.61,A,2024-11-19
2005-08-30,0.0,72.2,83.0,93.9,67.5,5.2,31.79,19.28,J17WL,677.67,A,2024-11-19
2005-08-31,0.0,73.1,84.5,95.9,65.6,3.2,39.09,21.03,J17WL,677.38,A,2024-11-19
2005-09-01,0.0,74.1,87.0,99.9,67.2,2.04,47.89,23.96,J17WL,677.19,A,2024-11-19
2005-09-02,0.0,73.4,86.1,98.8,67.8,2.13,47.05,23.77,J17WL,677.5,A,2024-11-19
2005-09-03,0.01,72.0,84.1,96.1,70.6,1.31,34.39,20.66,J17WL,678.21,A,2024-11-19
2005-09-04,0.19,72.5,82.8,93.2,71.5,0.95,26.76,18.81,J17WL,678.79,A,2024-11-19
2005-09-05,0.0,72.5,83.1,93.7,68.1,1.51,32.59,21.93,J17WL,678.81,A,2024-11-19
2005-09-06,0.0,71.3,83.5,95.6,65.3,2.3,38.32,23.65,J17WL,678.47,A,2024-11-19
2005-09-07,0.0,69.3,81.5,93.7,67.7,0.81,34.0,22.84,J17WL,678.76,A,2024-11-19
2005-09-08,0.0,68.7,80.6,92.5,59.0,1.57,36.76,23.37,J17WL,678.89,A,2024-11-19
2005-09-09,0.0,70.7,81.9,93.1,64.5,2.49,33.62,21.64,J17WL,678.83,A,2024-11-19
2005-09-10,0.0,71.4,82.6,93.7,66.9,1.49,36.31,20.11,J17WL,679.08,A,2024-11-19
2005-09-11,0.28,74.8,83.5,92.2,73.3,1.16,25.47,15.26,J17WL,680.04,A,2024-11-19
2005-09-12,1.71,72.1,75.4,78.7,73.7,0.0,2.25,2.7,J17WL,680.84,A,2024-11-19
2005-09-13,0.0,72.8,81.9,91.0,73.9,0.01,23.0,15.57,J17WL,681.24,A,2024-11-19
2005-09-14,0.0,74.5,84.2,93.9,72.3,0.59,30.49,21.34,J17WL,681.52,A,2024-11-19
2005-09-15,0.0,76.7,85.7,94.7,72.6,2.14,31.58,21.11,J17WL,681.54,A,2024-11-19
2005-09-16,0.0,78.2,87.0,95.7,73.8,2.06,32.24,20.42,J17WL,681.36,A,2024-11-19
2005-09-17,0.0,76.8,86.5,96.2,72.2,1.59,36.49,20.78,J17WL,680.64,A,2024-11-19
2005-09-18,0.0,75.4,86.3,97.2,71.7,0.91,37.79,21.16,J17WL,680.2,A,2024-11-19
2005-09-19,0.0,75.1,85.9,96.8,71.2,1.3,38.11,21.17,J17WL,679.6,A,2024-11-19
2005-09-20,0.0,72.5,83.8,95.1,70.0,0.61,34.37,20.1,J17WL,679.05,A,2024-11-19
2005-09-21,0.0,71.7,82.3,92.9,68.5,0.83,31.07,20.61,J17WL,678.77,A,2024-11-19
2005-09-22,0.0,71.2,84.2,97.1,65.3,3.18,41.38,22.61,J17WL,678.88,A,2024-11-19
2005-09-23,0.0,71.9,85.4,98.9,62.8,5.4,45.52,20.59,J17WL,678.72,A,2024-11-19
2005-09-24,0.0,74.0,86.3,98.7,62.4,9.32,47.05,20.24,J17WL,679.28,A,2024-11-19
2005-09-25,0.0,72.5,86.6,100.7,64.2,6.15,48.46,21.16,J17WL,678.81,A,2024-11-19
2005-09-26,0.0,72.3,88.6,104.8,65.7,1.27,59.92,22.49,J17WL,677.69,A,2024-11-19
2005-09-27,0.0,73.8,88.6,103.3,65.3,2.45,55.8,22.5,J17WL,676.9,A,2024-11-19
2005-09-28,0.0,74.0,87.9,101.9,66.8,6.13,48.53,21.02,J17WL,676.39,A,2024-11-19
2005-09-29,0.0,78.0,90.6,103.2,67.3,5.58,53.34,21.37,J17WL,675.97,A,2024-11-19
2005-09-30,0.0,68.3,76.6,84.9,62.7,3.7,22.14,12.8,J17WL,676.3,A,2024-11-19
2005-10-01,0.0,68.6,79.7,90.8,69.8,1.88,24.92,17.47,J17WL,676.25,A,2024-11-19
2005-10-02,0.0,71.4,82.8,94.1,68.9,0.52,33.88,18.16,J17WL,676.08,A,2024-11-19
2005-10-03,0.0,72.7,82.9,93.1,71.4,0.75,30.4,16.6,J17WL,675.84,A,2024-11-19
2005-10-04,0.01,74.7,84.2,93.7,71.7,1.23,31.55,14.87,J17WL,676.0,A,2024-11-19
2005-10-05,0.02,73.4,82.6,91.9,71.7,1.01,26.58,14.24,J17WL,676.08,A,2024-11-19
2005-10-06,0.0,70.4,81.1,91.9,69.6,0.61,28.44,16.16,J17WL,676.08,A,2024-11-19
2005-10-07,0.0,54.7,69.2,83.7,56.7,1.32,19.43,18.17,J17WL,676.53,A,2024-11-19
2005-10-08,0.05,51.7,55.4,59.1,50.7,0.42,4.09,3.03,J17WL,676.99,A,2024-11-19
2005-10-09,0.0,51.8,65.7,79.6,46.8,1.82,24.32,20.48,J17WL,677.26,A,2024-11-19
2005-10-10,0.23,52.5,68.3,84.1,59.2,0.57,25.75,20.83,J17WL,677.15,A,2024-11-19
2005-10-11,0.01,66.1,72.2,78.3,67.8,0.3,10.54,8.96,J17WL,677.86,A,2024-11-19
2005-10-12,1.05,64.4,70.5,76.6,65.8,0.28,9.56,7.17,J17WL,678.19,A,2024-11-19
2005-10-13,0.0,65.0,75.5,86.0,65.7,0.5,22.79,17.6,J17WL,678.64,A,2024-11-19
2005-10-14,0.0,68.4,74.5,80.6,62.1,0.93,17.31,11.89,J17WL,678.83,A,2024-11-19
2005-10-15,0.0,60.2,72.5,84.8,58.2,1.88,25.92,17.1,J17WL,679.06,A,2024-11-19
2005-10-16,0.0,60.6,72.7,84.9,55.8,2.14,27.25,18.02,J17WL,679.1,A,2024-11-19
2005-10-17,0.0,59.4,71.9,84.4,59.3,1.17,23.13,18.33,J17WL,678.81,A,2024-11-19
2005-10-18,0.0,59.3,72.4,85.5,57.8,0.78,26.07,19.36,J17WL,678.86,A,2024-11-19
2005-10-19,0.0,59.8,73.4,87.0,59.2,0.48,29.83,19.52,J17WL,678.9,A,2024-11-19
2005-10-20,0.0,61.3,75.1,88.9,62.7,0.23,31.52,19.28,J17WL,678.77,A,2024-11-19
2005-10-21,0.0,64.0,76.2,88.5,62.3,0.75,29.16,18.07,J17WL,678.3,A,2024-11-19
2005-10-22,0.0,57.0,71.6,86.2,51.0,3.35,31.03,18.76,J17WL,678.26,A,2024-11-19
2005-10-23,0.0,53.3,67.5,81.8,50.8,1.47,24.93,18.58,J17WL,678.63,A,2024-11-19
2005-10-24,0.07,45.1,63.9,82.7,43.0,0.9,25.52,16.11,J17WL,678.21,A,2024-11-19
2005-10-25,0.0,37.7,51.7,65.6,32.7,1.23,16.42,16.86,J17WL,678.43,A,2024-11-19
2005-10-26,0.0,37.8,55.5,73.2,33.0,1.41,22.73,18.54,J17WL,678.41,A,2024-11-19
2005-10-27,0.0,42.4,59.4,76.4,45.1,1.39,22.36,18.34,J17WL,678.31,A,2024-11-19
2005-10-28,0.08,48.6,61.3,73.9,53.2,0.0,13.56,7.93,J17WL,678.48,A,2024-11-19
2005-10-29,0.0,48.1,61.3,74.5,42.7,1.41,21.26,16.87,J17WL,678.8,A,2024-11-19
2005-10-30,0.0,49.8,62.0,74.3,51.5,0.46,16.85,13.67,J17WL,678.86,A,2024-11-19
2005-10-31,0.0,60.5,69.9,79.2,61.9,0.92,15.84,10.11,J17WL,678.68,A,2024-11-19
2005-11-01,0.04,44.0,62.4,80.9,53.8,1.05,14.67,8.23,J17WL,678.85,A,2024-11-19
2005-11-02,0.0,41.0,57.5,74.0,37.6,0.93,22.48,17.68,J17WL,678.91,A,2024-11-19
2005-11-03,0.0,41.3,59.8,78.4,35.1,0.55,28.91,17.06,J17WL,678.79,A,2024-11-19
2005-11-04,0.0,44.6,62.3,80.1,52.8,0.08,24.23,16.96,J17WL,678.68,A,2024-11-19
2005-11-05,0.0,54.0,68.1,82.2,59.0,0.0,23.28,13.63,J17WL,678.8,A,2024-11-19
2005-11-06,0.0,62.9,74.3,85.8,61.8,0.29,26.57,16.47,J17WL,678.67,A,2024-11-19
2005-11-07,0.0,68.1,77.1,86.1,66.8,0.45,23.25,14.39,J17WL,678.14,A,2024-11-19
2005-11-08,0.01,70.7,78.9,87.2,68.5,0.65,24.43,12.29,J17WL,678.0,A,2024-11-19
2005-11-09,0.0,71.0,78.9,86.9,68.9,1.04,22.63,10.89,J17WL,678.04,A,2024-11-19
2005-11-10,0.0,66.6,76.2,85.8,66.2,1.38,19.28,9.6,J17WL,677.95,A,2024-11-19
2005-11-11,0.0,64.0,70.9,77.9,55.1,3.53,18.07,6.16,J17WL,678.03,A,2024-11-19
2005-11-12,0.0,65.4,74.4,83.3,64.8,1.33,18.66,9.99,J17WL,678.11,A,2024-11-19
2005-11-13,0.0,69.8,76.5,83.2,67.7,0.97,16.82,7.07,J17WL,678.06,A,2024-11-19
2005-11-14,0.0,68.5,76.4,84.4,67.7,0.65,17.68,10.15,J17WL,677.88,A,2024-11-19
2005-11-15,0.0,68.0,75.6,83.3,66.5,0.72,17.8,11.38,J17WL,677.74,A,2024-11-19
2005-11-16,0.0,43.4,62.1,80.9,44.1,0.55,19.39,7.32,J17WL,677.77,A,2024-11-19
2005-11-17,0.0,33.3,46.9,60.6,16.5,2.53,15.6,15.88,J17WL,677.99,A,2024-11-19
2005-11-18,0.0,37.3,49.1,60.9,22.3,4.19,15.06,15.46,J17WL,678.0,A,2024-11-19
2005-11-19,0.0,46.8,53.4,60.0,28.3,5.19,12.44,5.6,J17WL,678.31,A,2024-11-19
2005-11-20,0.0,45.7,55.4,65.2,37.1,2.44,13.07,7.8,J17WL,678.23,A,2024-11-19
2005-11-21,0.0,37.3,52.6,67.8,30.9,2.11,18.42,14.84,J17WL,677.93,A,2024-11-19
2005-11-22,0.0,37.2,55.5,73.7,29.7,2.07,23.92,15.39,J17WL,677.87,A,2024-11-19
2005-11-23,0.0,38.4,59.4,80.3,33.6,1.78,29.46,15.26,J17WL,677.75,A,2024-11-19
2005-11-24,0.0,41.8,62.9,83.9,32.6,2.73,34.65,14.85,J17WL,677.71,A,2024-11-19
2005-11-25,0.0,47.7,64.9,82.1,45.7,0.02,27.69,12.59,J17WL,678.02,A,2024-11-19
2005-11-26,0.05,57.2,67.0,76.9,60.5,0.13,14.45,8.87,J17WL,678.17,A,2024-11-19
2005-11-27,0.1,57.3,65.3,73.3,59.1,0.03,11.62,9.16,J17WL,678.69,A,2024-11-19
2005-11-28,0.0,44.5,66.8,89.2,37.8,0.77,39.08,14.78,J17WL,678.37,A,2024-11-19
2005-11-29,0.0,30.8,48.9,67.0,18.9,1.73,19.98,14.55,J17WL,678.21,A,2024-11-19
2005-11-30,0.0,31.6,48.0,64.4,25.8,1.21,16.79,14.74,J17WL,678.45,A,2024-11-19
2005-12-01,0.0,37.3,55.4,73.4,49.5,0.29,15.41,12.75,J17WL,678.26,A,2024-11-19
2005-12-02,0.0,43.7,55.4,67.2,27.6,3.65,17.62,14.06,J17WL,678.29,A,2024-11-19
2005-12-03,0.0,44.2,59.2,74.2,50.8,1.1,14.73,11.18,J17WL,678.33,A,2024-11-19
2005-12-04,0.0,58.8,70.8,82.8,63.0,0.31,19.92,8.47,J17WL,678.71,A,2024-11-19
2005-12-05,0.0,41.9,52.9,63.9,35.8,1.83,10.96,3.81,J17WL,678.3,A,2024-11-19
2005-12-06,0.0,29.5,43.6,57.6,21.7,1.26,13.09,13.64,J17WL,678.27,A,2024-11-19
2005-12-07,0.0,30.5,44.9,59.3,34.5,1.17,12.27,11.79,J17WL,678.35,A,2024-11-19
2005-12-08,0.07,27.5,39.8,52.1,32.0,0.14,2.76,2.33,J17WL,678.56,A,2024-11-19
2005-12-09,0.0,28.4,33.7,39.0,13.9,1.82,5.3,6.04,J17WL,678.59,A,2024-11-19
2005-12-10,0.0,33.7,41.0,48.2,17.0,4.04,9.02,4.03,J17WL,678.77,A,2024-11-19
2005-12-11,0.0,39.1,54.5,69.9,36.7,2.23,13.66,9.05,J17WL,678.72,A,2024-11-19
2005-12-12,0.0,37.8,51.5,65.2,28.4,2.75,16.67,11.18,J17WL,678.52,A,2024-11-19
2005-12-13,0.0,40.7,55.2,69.8,35.5,1.17,18.02,12.42,J17WL,679.01,A,2024-11-19
2005-12-14,0.0,44.1,58.4,72.6,56.5,0.32,11.68,6.45,J17WL,679.29,A,2024-11-19
2005-12-15,0.03,38.9,53.1,67.3,42.5,0.78,9.93,3.06,J17WL,679.3,A,2024-11-19
2005-12-16,0.0,36.9,49.3,61.7,19.1,3.15,16.41,13.81,J17WL,679.19,A,2024-11-19
2005-12-17,0.1,38.8,44.0,49.2,26.6,1.5,8.7,3.16,J17WL,679.46,A,2024-11-19
2005-12-18,0.0,39.6,44.4,49.2,37.1,1.75,4.86,2.85,J17WL,679.63,A,2024-11-19
2005-12-19,0.0,42.2,49.8,57.4,38.8,1.54,7.8,8.58,J17WL,679.53,A,2024-11-19
2005-12-20,0.0,45.9,51.1,56.3,32.5,3.94,9.41,6.44,J17WL,679.43,A,2024-11-19
2005-12-21,0.0,38.8,47.3,55.9,36.1,1.59,7.37,3.66,J17WL,679.34,A,2024-11-19
2005-12-22,0.0,33.0,46.6,60.2,34.0,0.59,11.09,13.14,J17WL,679.24,A,2024-11-19
2005-12-23,0.0,33.2,49.1,65.1,35.9,0.74,13.45,13.85,J17WL,679.18,A,2024-11-19
2005-12-24,0.0,35.3,54.3,73.2,46.1,0.45,17.8,13.21,J17WL,679.19,A,2024-11-19
2005-12-25,0.0,39.3,56.2,73.2,24.5,3.83,24.8,13.76,J17WL,679.25,A,2024-11-19
2005-12-26,0.0,37.2,56.9,76.5,24.8,2.74,26.88,13.77,J17WL,679.28,A,2024-11-19
2005-12-27,0.0,36.2,58.1,79.9,41.2,0.94,26.45,13.83,J17WL,679.04,A,2024-11-19
2005-12-28,0.0,43.6,62.4,81.3,39.4,0.57,30.11,10.29,J17WL,678.8,A,2024-11-19
2005-12-29,0.0,41.6,59.8,78.0,31.0,2.98,27.37,13.23,J17WL,678.59,A,2024-11-19
2005-12-30,0.0,41.0,58.0,75.0,45.0,0.99,21.78,12.5,J17WL,678.34,A,2024-11-19
2005-12-31,0.0,38.8,57.5,76.2,37.9,1.12,24.41,9.81,J17WL,678.13,A,2024-11-19
2006-01-01,0.0,38.2,57.0,75.8,49.0,0.37,19.04,12.7,J17WL,678.15,A,2024-11-19
2006-01-02,0.0,44.0,64.0,83.9,48.3,0.17,27.2,11.68,J17WL,678.14,A,2024-11-19
2006-01-03,0.0,42.9,63.7,84.6,22.9,4.47,38.1,14.22,J17WL,677.76,A,2024-11-19
2006-01-04,0.0,42.5,64.0,85.4,36.8,2.11,34.08,14.28,J17WL,677.13,A,2024-11-19
2006-01-05,0.0,47.2,63.1,79.0,38.0,1.4,27.54,8.9,J17WL,677.09,A,2024-11-19
2006-01-06,0.0,38.6,54.2,69.8,23.6,4.0,20.86,12.81,J17WL,676.94,A,2024-11-19
2006-01-07,0.0,34.1,51.5,69.0,20.6,2.54,21.3,14.59,J17WL,677.17,A,2024-11-19
2006-01-08,0.0,34.0,56.0,78.0,24.6,2.55,28.76,14.68,J17WL,676.98,A,2024-11-19
2006-01-09,0.0,40.8,59.6,78.4,42.5,0.68,25.35,14.33,J17WL,676.45,A,2024-11-19
2006-01-10,0.0,44.4,61.5,78.6,45.1,0.49,20.31,11.83,J17WL,676.39,A,2024-11-19
2006-01-11,0.0,32.7,48.7,64.8,25.4,1.87,16.92,14.52,J17WL,676.3,A,2024-11-19
2006-01-12,0.0,32.8,53.0,73.2,40.0,1.09,20.81,14.67,J17WL,676.49,A,2024-11-19
2006-01-13,0.0,50.4,63.0,75.5,52.5,1.49,14.82,10.06,J17WL,676.27,A,2024-11-19
2006-01-14,0.0,32.5,50.8,69.1,19.4,3.05,21.46,14.82,J17WL,676.43,A,2024-11-19
2006-01-15,0.0,32.9,50.7,68.5,21.9,2.88,20.38,14.6,J17WL,676.6,A,2024-11-19
2006-01-16,0.0,51.8,62.9,74.1,50.4,2.55,17.11,12.33,J17WL,676.69,A,2024-11-19
2006-01-17,0.06,44.8,56.4,68.0,46.9,1.77,10.14,4.85,J17WL,676.39,A,2024-11-19
2006-01-18,0.0,31.9,47.2,62.6,21.3,1.87,16.53,15.5,J17WL,676.46,A,2024-11-19
2006-01-19,0.0,33.0,53.6,74.2,31.0,1.61,25.45,15.4,J17WL,676.47,A,2024-11-19
2006-01-20,0.0,50.4,62.5,74.6,50.3,1.06,18.05,14.26,J17WL,676.65,A,2024-11-19
2006-01-21,0.0,47.9,62.9,77.8,45.6,1.5,18.67,10.1,J17WL,676.35,A,2024-11-19
2006-01-22,0.1,47.3,54.3,61.4,33.5,0.95,14.12,7.13,J17WL,676.93,A,2024-11-19
2006-01-23,0.17,46.8,49.6,52.4,45.0,0.41,3.21,2.51,J17WL,676.94,A,2024-11-19
2006-01-24,0.0,37.5,51.5,65.4,37.6,0.96,13.58,13.39,J17WL,676.75,A,2024-11-19
2006-01-25,0.0,37.5,54.5,71.5,29.3,1.74,22.18,15.05,J17WL,676.84,A,2024-11-19
2006-01-26,0.0,41.1,55.7,70.3,31.1,3.04,20.29,12.93,J17WL,676.79,A,2024-11-19
2006-01-27,0.0,52.6,59.4,66.3,42.6,1.79,13.72,10.86,J17WL,676.56,A,2024-11-19
2006-01-28,0.08,54.5,63.8,73.1,56.6,1.34,13.82,7.69,J17WL,676.9,A,2024-11-19
2006-01-29,0.04,45.3,57.9,70.6,56.2,0.08,7.34,4.69,J17WL,677.12,A,2024-11-19
2006-01-30,0.0,41.7,61.3,80.9,36.3,1.48,30.08,16.56,J17WL,676.91,A,2024-11-19
2006-01-31,0.0,38.6,55.5,72.3,25.1,2.83,23.52,16.67,J17WL,676.94,A,2024-11-19
2006-02-01,0.0,38.3,56.7,75.0,43.0,1.09,21.95,16.55,J17WL,676.48,A,2024-11-19
2006-02-02,0.0,46.0,58.2,70.3,55.5,0.0,9.15,5.63,J17WL,676.63,A,2024-11-19
2006-02-03,0.0,44.2,63.9,83.5,35.2,0.86,34.82,16.69,J17WL,676.28,A,2024-11-19
2006-02-04,0.0,37.0,54.4,71.8,34.3,1.97,20.99,15.32,J17WL,676.34,A,2024-11-19
2006-02-05,0.0,35.9,55.6,75.2,26.3,1.73,26.18,16.0,J17WL,676.09,A,2024-11-19
2006-02-06,0.0,38.0,59.6,81.1,40.6,2.26,27.92,17.09,J17WL,675.68,A,2024-11-19
2006-02-07,0.0,32.9,50.7,68.5,23.4,2.39,20.42,16.52,J17WL,675.55,A,2024-11-19
2006-02-08,0.0,33.4,50.6,67.7,22.6,2.26,19.76,17.84,J17WL,675.35,A,2024-11-19
2006-02-09,0.0,36.7,54.1,71.6,27.1,2.06,22.57,17.72,J17WL,675.15,A,2024-11-19
2006-02-10,0.0,40.7,56.9,73.1,45.5,1.58,20.81,14.29,J17WL,674.91,A,2024-11-19
2006-02-11,0.06,40.4,53.7,67.1,41.1,0.62,7.0,3.34,J17WL,675.06,A,2024-11-19
2006-02-12,0.0,25.4,40.0,54.7,12.0,1.97,12.3,13.93,J17WL,675.02,A,2024-11-19
2006-02-13,0.0,25.1,46.4,67.6,12.3,1.89,21.23,18.93,J17WL,674.8,A,2024-11-19
2006-02-14,0.0,31.3,48.8,66.3,20.0,1.23,19.5,19.08,J17WL,674.71,A,2024-11-19
2006-02-15,0.0,35.2,55.9,76.6,43.1,0.98,24.52,18.49,J17WL,674.2,A,2024-11-19
2006-02-16,0.0,61.1,70.0,78.8,58.2,2.29,18.39,15.09,J17WL,673.68,A,2024-11-19
2006-02-17,0.07,48.0,65.5,83.1,57.6,1.35,21.05,12.6,J17WL,673.5,A,2024-11-19
2006-02-18,0.03,36.5,41.7,46.8,32.2,0.76,5.53,3.61,J17WL,673.72,A,2024-11-19
2006-02-19,0.02,28.9,33.5,38.0,29.4,0.34,2.25,3.59,J17WL,674.04,A,2024-11-19
2006-02-20,0.03,29.0,34.7,40.4,32.1,0.05,2.7,4.08,J17WL,674.13,A,2024-11-19
2006-02-21,0.04,36.7,41.8,46.9,41.6,0.02,1.33,1.36,J17WL,674.15,A,2024-11-19
2006-02-22,0.01,44.8,51.0,57.2,51.0,0.06,1.69,1.61,J17WL,674.3,A,2024-11-19
2006-02-23,0.02,49.8,61.0,72.2,57.2,0.06,8.63,3.92,J17WL,674.14,A,2024-11-19
2006-02-24,0.0,49.4,62.7,76.1,36.2,1.92,26.61,15.94,J17WL,674.01,A,2024-11-19
2006-02-25,0.05,53.4,59.7,66.1,47.9,0.71,10.2,6.61,J17WL,674.06,A,2024-11-19
2006-02-26,0.49,49.2,60.1,71.1,52.9,0.12,9.95,8.01,J17WL,674.24,A,2024-11-19
2006-02-27,0.0,41.8,56.0,70.1,41.0,0.58,17.88,20.61,J17WL,673.97,A,2024-11-19
2006-02-28,0.0,43.0,59.7,76.4,48.9,0.44,20.64,17.07,J17WL,673.74,A,2024-11-19
2006-03-01,0.0,52.2,67.6,83.1,54.9,0.71,25.1,18.34,J17WL,673.46,A,2024-11-19
2006-03-02,0.0,53.5,70.6,87.7,56.6,0.65,31.22,17.67,J17WL,672.99,A,2024-11-19
2006-03-03,0.0,55.3,70.9,86.4,56.6,0.74,30.47,18.18,J17WL,672.26,A,2024-11-19
2006-03-04,0.0,52.7,66.3,80.0,55.5,0.01,18.86,13.22,J17WL,672.13,A,2024-11-19
2006-03-05,0.0,52.6,64.4,76.2,56.7,1.26,16.22,10.55,J17WL,672.0,A,2024-11-19
2006-03-06,0.0,62.8,73.9,84.9,61.1,1.25,25.38,14.86,J17WL,671.22,A,2024-11-19
2006-03-07,0.0,65.9,74.5,83.1,61.5,2.1,20.66,14.05,J17WL,670.75,A,2024-11-19
2006-03-08,0.0,66.6,74.8,83.0,61.6,2.43,22.58,10.62,J17WL,670.77,A,2024-11-19
2006-03-09,0.0,65.8,77.6,89.3,60.7,3.81,33.53,16.33,J17WL,670.61,A,2024-11-19
2006-03-10,0.0,45.9,64.5,83.1,22.9,5.05,36.24,21.88,J17WL,669.9,A,2024-11-19
2006-03-11,0.0,51.0,71.6,92.1,48.7,1.51,46.03,20.6,J17WL,669.86,A,2024-11-19
2006-03-12,0.0,65.5,77.1,88.8,63.4,1.54,29.49,18.41,J17WL,669.25,A,2024-11-19
2006-03-13,0.0,63.1,75.5,87.8,64.9,2.75,24.39,12.89,J17WL,668.42,A,2024-11-19
2006-03-14,0.0,48.1,63.6,79.2,19.4,6.85,31.96,14.57,J17WL,667.9,A,2024-11-19
2006-03-15,0.0,49.5,62.7,76.0,23.7,7.09,28.0,22.29,J17WL,667.56,A,2024-11-19
2006-03-16,0.02,54.7,64.3,73.9,53.2,0.63,16.38,10.9,J17WL,667.77,A,2024-11-19
2006-03-17,0.0,64.9,73.0,81.0,61.9,0.62,16.82,10.24,J17WL,667.57,A,2024-11-19
2006-03-18,0.01,63.7,69.1,74.5,47.4,2.27,18.63,7.24,J17WL,667.82,A,2024-11-19
2006-03-19,0.0,65.9,73.4,80.9,63.4,0.67,18.82,9.87,J17WL,667.93,A,2024-11-19
2006-03-20,0.98,60.9,70.9,80.9,65.1,0.14,14.18,6.08,J17WL,669.02,A,2024-11-19
2006-03-21,0.0,45.2,62.2,79.2,36.8,2.26,28.19,22.1,J17WL,669.95,A,2024-11-19
2006-03-22,0.0,44.7,58.5,72.3,30.5,3.48,22.74,23.11,J17WL,670.47,A,2024-11-19
2006-03-23,0.09,43.8,51.0,58.1,37.8,1.34,8.66,11.78,J17WL,670.73,A,2024-11-19
2006-03-24,0.0,33.1,45.2,57.2,31.6,1.19,10.09,21.01,J17WL,670.88,A,2024-11-19
2006-03-25,0.0,32.9,48.7,64.6,27.5,1.29,16.61,24.46,J17WL,671.38,A,2024-11-19
2006-03-26,0.0,36.3,54.1,71.9,30.4,1.38,22.6,24.31,J17WL,671.36,A,2024-11-19
2006-03-27,0.0,43.5,59.1,74.8,51.0,1.25,17.44,14.22,J17WL,671.09,A,2024-11-19
2006-03-28,0.23,64.0,67.1,70.1,62.1,0.66,7.36,3.83,J17WL,671.81,A,2024-11-19
2006-03-29,0.11,59.4,66.7,74.0,58.6,0.76,10.77,7.43,J17WL,672.31,A,2024-11-19
2006-03-30,0.0,59.6,70.4,81.2,61.7,1.58,18.89,13.57,J17WL,672.62,A,2024-11-19
2006-03-31,0.0,65.8,74.1,82.4,63.9,1.19,19.26,12.98,J17WL,672.39,A,2024-11-19
2006-04-01,0.0,68.5,75.6,82.7,66.2,1.79,17.39,7.86,J17WL,672.22,A,2024-11-19
2006-04-02,0.0,70.2,79.5,88.9,65.4,2.25,28.31,19.59,J17WL,671.88,A,2024-11-19
2006-04-03,0.0,66.5,78.8,91.1,64.1,1.5,31.43,19.79,J17WL,671.14,A,2024-11-19
2006-04-04,0.0,68.0,79.5,91.0,61.4,2.5,29.48,16.64,J17WL,670.91,A,2024-11-19
2006-04-05,0.0,66.3,77.7,89.0,59.5,3.49,31.04,21.13,J17WL,670.47,A,2024-11-19
2006-04-06,0.0,65.8,77.4,89.0,61.4,2.09,31.32,21.75,J17WL,670.11,A,2024-11-19
2006-04-07,0.0,66.2,77.7,89.2,63.8,1.04,28.02,17.77,J17WL,669.72,A,2024-11-19
2006-04-08,0.0,56.4,76.6,96.7,34.1,2.73,55.84,24.66,J17WL,669.27,A,2024-11-19
2006-04-09,0.0,49.8,64.2,78.6,40.9,2.6,25.67,26.48,J17WL,668.87,A,2024-11-19
2006-04-10,0.0,50.6,67.1,83.6,47.0,1.08,30.71,26.51,J17WL,668.21,A,2024-11-19
2006-04-11,0.0,54.4,69.6,84.8,50.8,1.12,31.3,25.31,J17WL,667.7,A,2024-11-19
2006-04-12,0.0,59.0,71.5,84.1,57.7,1.86,25.57,18.63,J17WL,667.28,A,2024-11-19
2006-04-13,0.0,66.1,75.3,84.4,62.6,2.3,23.17,16.14,J17WL,666.76,A,2024-11-19
2006-04-14,0.0,58.4,72.7,87.0,57.2,1.21,29.63,19.65,J17WL,666.26,A,2024-11-19
2006-04-15,0.0,61.6,75.6,89.5,58.4,1.89,35.42,22.55,J17WL,665.67,A,2024-11-19
2006-04-16,0.0,67.3,79.8,92.3,61.0,3.53,37.7,23.04,J17WL,665.3,A,2024-11-19
2006-04-17,0.0,69.5,82.0,94.6,65.1,2.79,36.83,24.0,J17WL,664.71,A,2024-11-19
2006-04-18,0.0,68.4,83.6,98.8,64.9,1.06,47.54,24.58,J17WL,663.71,A,2024-11-19
2006-04-19,0.0,68.5,83.4,98.3,65.4,1.38,44.62,24.49,J17WL,663.19,A,2024-11-19
2006-04-20,0.05,69.2,82.6,96.0,65.7,1.74,40.57,23.83,J17WL,662.74,A,2024-11-19
2006-04-21,0.89,63.7,72.8,82.0,65.3,0.28,17.06,10.84,J17WL,664.12,A,2024-11-19
2006-04-22,0.0,64.1,75.1,86.2,61.2,1.0,28.06,21.56,J17WL,664.94,A,2024-11-19
2006-04-23,0.0,66.7,78.2,89.7,64.8,1.45,28.43,22.17,J17WL,664.95,A,2024-11-19
2006-04-24,0.0,70.5,79.1,87.8,66.6,2.45,25.04,17.3,J17WL,664.56,A,2024-11-19
2006-04-25,0.0,71.6,78.7,85.9,68.6,1.86,18.99,10.32,J17WL,664.46,A,2024-11-19
2006-04-26,0.0,62.0,73.4,84.8,59.5,1.87,17.12,12.05,J17WL,664.67,A,2024-11-19
2006-04-27,0.0,59.1,70.0,80.9,49.9,3.93,24.71,13.89,J17WL,664.37,A,2024-11-19
2006-04-28,0.0,59.9,68.4,77.0,61.2,2.35,13.72,12.93,J17WL,664.44,A,2024-11-19
2006-04-29,0.16,60.6,73.3,86.1,65.5,0.86,20.84,12.6,J17WL,665.25,A,2024-11-19
2006-04-30,0.0,53.3,68.5,83.7,49.2,1.98,29.76,25.17,J17WL,665.93,A,2024-11-19
2006-05-01,0.0,55.3,73.2,91.1,44.9,2.28,43.78,28.28,J17WL,665.39,A,2024-11-19
2006-05-02,0.14,65.0,78.9,92.7,65.1,2.73,34.6,23.85,J17WL,664.58,A,2024-11-19
2006-05-03,0.0,66.6,79.7,92.8,65.9,2.02,33.17,20.48,J17WL,664.7,A,2024-11-19
2006-05-04,0.0,69.9,80.2,90.5,65.9,2.76,29.34,18.95,J17WL,664.67,A,2024-11-19
2006-05-05,0.66,63.0,77.5,92.0,65.3,0.34,31.8,24.45,J17WL,666.81,A,2024-11-19
2006-05-06,0.08,64.5,77.2,90.0,65.5,1.72,25.93,25.72,J17WL,669.13,A,2024-11-19
2006-05-07,0.41,62.0,71.9,81.9,65.9,0.04,14.48,13.0,J17WL,670.12,A,2024-11-19
2006-05-08,0.0,69.4,77.0,84.5,67.3,3.18,16.87,21.89,J17WL,670.03,A,2024-11-19
2006-05-09,0.0,71.2,79.2,87.2,70.6,2.02,17.57,13.06,J17WL,670.38,A,2024-11-19
2006-05-10,0.0,74.8,84.7,94.7,72.7,1.82,29.23,23.78,J17WL,669.91,A,2024-11-19
2006-05-11,0.0,59.2,77.8,96.4,60.8,4.13,36.51,26.09,J17WL,669.35,A,2024-11-19
2006-05-12,0.0,54.8,69.5,84.1,40.7,4.12,32.99,28.46,J17WL,668.86,A,2024-11-19
2006-05-13,0.0,59.1,73.4,87.7,47.1,3.3,36.79,28.03,J17WL,668.25,A,2024-11-19
2006-05-14,0.0,65.2,80.0,94.7,64.9,2.71,38.1,26.73,J17WL,667.47,A,2024-11-19
2006-05-15,0.0,66.1,77.3,88.5,64.6,3.29,22.22,15.43,J17WL,667.38,A,2024-11-19
2006-05-16,0.0,55.9,69.7,83.5,46.4,4.05,29.86,26.63,J17WL,666.44,A,2024-11-19
2006-05-17,0.0,58.7,73.1,87.5,46.0,5.91,35.78,27.3,J17WL,665.06,A,2024-11-19
2006-05-18,0.0,59.5,75.5,91.5,46.4,5.1,42.9,28.62,J17WL,664.09,A,2024-11-19
2006-05-19,0.0,64.2,79.0,93.7,53.4,4.35,43.39,28.41,J17WL,663.47,A,2024-11-19
2006-05-20,0.0,65.1,81.2,97.3,56.5,2.74,49.0,28.26,J17WL,662.27,A,2024-11-19
2006-05-21,0.0,68.2,81.2,94.2,61.0,2.83,39.72,27.94,J17WL,661.68,A,2024-11-19
2006-05-22,0.0,67.3,80.0,92.6,61.1,1.8,40.67,26.52,J17WL,660.51,A,2024-11-19
2006-05-23,0.0,68.3,80.5,92.7,62.8,1.81,38.07,25.7,J17WL,659.53,A,2024-11-19
2006-05-24,0.0,71.1,82.2,93.3,64.5,3.02,35.03,24.62,J17WL,658.67,A,2024-11-19
2006-05-25,0.0,74.0,84.0,93.9,66.2,4.21,35.63,22.95,J17WL,657.89,A,2024-11-19
2006-05-26,0.0,74.2,84.7,95.1,66.2,4.16,38.0,23.3,J17WL,657.22,A,2024-11-19
2006-05-27,0.0,74.6,85.0,95.4,66.5,4.83,38.56,23.85,J17WL,656.64,A,2024-11-19
2006-05-28,0.58,65.9,80.9,95.9,66.3,0.29,39.74,23.45,J17WL,658.1,A,2024-11-19
2006-05-29,0.0,70.9,79.5,88.2,65.7,3.02,27.1,20.29,J17WL,658.9,A,2024-11-19
2006-05-30,0.05,66.6,80.6,94.6,66.5,1.59,34.11,21.01,J17WL,659.35,A,2024-11-19
2006-05-31,0.0,67.7,78.2,88.6,65.6,1.8,25.34,23.33,J17WL,659.56,A,2024-11-19
2006-06-01,0.05,68.8,76.2,83.6,65.6,1.9,17.95,18.66,J17WL,659.75,A,2024-11-19
2006-06-02,0.03,66.1,74.2,82.2,66.4,1.2,16.32,12.81,J17WL,660.12,A,2024-11-19
2006-06-03,0.0,67.7,79.0,90.3,64.8,2.16,31.91,25.31,J17WL,660.08,A,2024-11-19
2006-06-04,0.0,70.2,81.7,93.3,63.3,3.66,36.7,28.26,J17WL,659.44,A,2024-11-19
2006-06-05,0.0,69.5,81.7,93.9,64.4,2.64,36.73,27.96,J17WL,658.45,A,2024-11-19
2006-06-06,0.0,69.3,81.9,94.5,64.7,1.89,37.94,28.44,J17WL,657.36,A,2024-11-19
2006-06-07,0.0,70.4,83.2,96.0,65.2,1.88,41.97,26.63,J17WL,657.11,A,2024-11-19
2006-06-08,0.0,71.2,83.8,96.3,64.9,3.04,39.92,27.46,J17WL,656.28,A,2024-11-19
2006-06-09,0.0,69.9,83.2,96.5,64.0,4.34,40.78,27.67,J17WL,655.46,A,2024-11-19
2006-06-10,0.0,70.2,82.7,95.1,62.0,4.56,40.05,28.75,J17WL,655.12,A,2024-11-19
2006-06-11,0.0,74.0,84.5,95.0,62.9,4.22,41.08,28.49,J17WL,654.84,A,2024-11-19
2006-06-12,0.0,71.0,83.7,96.4,64.3,2.95,42.73,27.69,J17WL,653.99,A,2024-11-19
2006-06-13,0.0,69.1,82.8,96.4,61.2,5.2,43.12,27.94,J17WL,653.33,A,2024-11-19
2006-06-14,0.0,71.7,85.9,100.1,57.3,9.32,52.26,29.12,J17WL,652.27,A,2024-11-19
2006-06-15,0.0,75.1,86.4,97.8,64.5,3.56,43.19,28.31,J17WL,651.64,A,2024-11-19
2006-06-16,0.0,75.7,86.3,96.8,67.9,3.8,41.34,25.87,J17WL,651.46,A,2024-11-19
2006-06-17,0.34,78.7,87.9,97.1,70.2,3.97,41.44,24.63,J17WL,652.91,A,2024-11-19
2006-06-18,1.38,67.2,81.0,94.9,70.4,0.36,32.61,18.81,J17WL,655.3,A,2024-11-19
2006-06-19,0.0,69.0,81.3,93.6,69.1,1.91,32.19,24.42,J17WL,655.63,A,2024-11-19
2006-06-20,0.0,75.7,86.2,96.7,69.1,3.53,40.28,26.84,J17WL,655.89,A,2024-11-19
2006-06-21,0.0,75.5,82.6,89.6,70.6,3.33,23.25,22.08,J17WL,655.91,A,2024-11-19
2006-06-22,0.0,75.1,83.8,92.6,70.1,3.05,29.61,20.72,J17WL,655.01,A,2024-11-19
2006-06-23,0.0,74.9,84.3,93.7,70.9,2.83,31.0,24.3,J17WL,654.26,A,2024-11-19
2006-06-24,0.0,75.1,85.3,95.5,68.8,3.23,37.36,25.62,J17WL,653.64,A,2024-11-19
2006-06-25,0.0,74.1,82.7,91.2,68.1,4.55,29.13,19.36,J17WL,653.47,A,2024-11-19
2006-06-26,0.0,72.2,84.9,97.5,63.0,5.74,43.13,24.01,J17WL,653.05,A,2024-11-19
2006-06-27,0.0,67.2,80.9,94.6,56.1,7.96,40.29,26.61,J17WL,652.31,A,2024-11-19
2006-06-28,0.0,65.3,78.6,91.9,51.3,7.3,39.22,26.97,J17WL,651.68,A,2024-11-19
2006-06-29,0.0,68.8,81.3,93.8,55.7,3.84,43.22,27.9,J17WL,650.98,A,2024-11-19
2006-06-30,0.0,72.8,83.2,93.5,62.8,3.47,39.18,27.09,J17WL,650.4,A,2024-11-19
2006-07-01,0.0,71.2,83.2,95.2,66.0,2.35,39.95,23.72,J17WL,652.04,A,2024-11-19
2006-07-02,0.1,71.6,79.7,87.8,68.8,1.56,21.31,13.16,J17WL,653.59,A,2024-11-19
2006-07-03,0.28,71.5,77.8,84.2,70.9,0.68,15.69,12.54,J17WL,654.55,A,2024-11-19
2006-07-04,0.0,73.1,81.5,90.0,70.5,1.44,24.55,21.26,J17WL,654.88,A,2024-11-19
2006-07-05,0.24,70.0,82.5,95.0,70.5,0.8,33.57,19.81,J17WL,655.59,A,2024-11-19
2006-07-06,0.0,71.9,82.2,92.5,70.5,1.64,28.85,22.59,J17WL,655.9,A,2024-11-19
2006-07-07,0.19,73.9,83.3,92.7,70.9,2.02,29.5,19.71,J17WL,656.45,A,2024-11-19
2006-07-08,0.0,74.9,82.5,90.0,70.8,2.34,24.5,15.22,J17WL,656.85,A,2024-11-19
2006-07-09,0.0,76.1,84.8,93.4,71.5,3.01,30.14,23.4,J17WL,656.76,A,2024-11-19
2006-07-10,0.0,75.1,84.9,94.7,71.6,2.44,32.68,23.79,J17WL,655.92,A,2024-11-19
2006-07-11,0.0,76.8,85.9,95.1,70.6,3.62,35.62,26.44,J17WL,654.97,A,2024-11-19
2006-07-12,0.0,76.3,86.5,96.7,70.1,3.29,40.06,23.32,J17WL,653.76,A,2024-11-19
2006-07-13,0.0,76.6,86.9,97.2,69.6,3.97,40.22,27.17,J17WL,652.77,A,2024-11-19
2006-07-14,0.0,75.5,85.9,96.3,70.0,1.9,37.76,26.82,J17WL,652.15,A,2024-11-19
2006-07-15,0.0,74.2,84.5,94.8,69.7,1.88,34.86,23.31,J17WL,652.36,A,2024-11-19
2006-07-16,0.0,75.0,84.5,94.0,69.0,3.57,34.02,21.61,J17WL,652.28,A,2024-11-19
2006-07-17,0.0,75.2,86.4,97.7,68.0,4.61,40.73,27.94,J17WL,651.51,A,2024-11-19
2006-07-18,0.0,74.8,86.9,99.0,67.7,5.5,43.32,28.59,J17WL,650.15,A,2024-11-19
2006-07-19,0.0,73.8,87.1,100.4,66.7,2.43,48.36,27.22,J17WL,649.47,A,2024-11-19
2006-07-20,0.0,75.7,86.7,97.6,68.8,3.89,41.01,26.19,J17WL,649.79,A,2024-11-19
2006-07-21,0.1,75.7,84.3,92.9,69.7,2.98,30.57,18.07,J17WL,650.27,A,2024-11-19
2006-07-22,0.0,74.5,85.5,96.6,67.7,2.82,40.41,27.35,J17WL,650.95,A,2024-11-19
2006-07-23,0.04,73.2,86.7,100.2,68.1,3.91,47.99,22.51,J17WL,652.22,A,2024-11-19
2006-07-24,0.0,73.4,85.5,97.6,67.0,2.07,43.82,23.86,J17WL,651.64,A,2024-11-19
2006-07-25,0.0,74.6,85.4,96.3,68.9,3.09,40.28,26.61,J17WL,651.28,A,2024-11-19
2006-07-26,0.0,73.5,82.0,90.5,69.8,2.77,25.48,19.52,J17WL,651.2,A,2024-11-19
2006-07-27,0.0,74.2,85.2,96.1,70.1,3.47,36.71,21.62,J17WL,650.81,A,2024-11-19
2006-07-28,0.0,76.0,84.4,92.8,72.3,3.68,29.27,18.04,J17WL,650.46,A,2024-11-19
2006-07-29,0.0,77.6,87.2,96.8,70.4,4.14,37.78,22.99,J17WL,650.96,A,2024-11-19
2006-07-30,0.0,74.8,86.5,98.2,69.6,2.68,41.95,25.5,J17WL,651.52,A,2024-11-19
2006-07-31,0.0,75.4,86.7,97.9,69.7,2.47,41.88,25.69,J17WL,650.98,A,2024-11-19
2006-08-01,0.0,77.5,87.8,98.0,69.6,4.67,42.06,24.13,J17WL,649.88,A,2024-11-19
2006-08-02,0.0,75.9,86.9,97.9,69.7,2.54,41.48,24.65,J17WL,649.2,A,2024-11-19
2006-08-03,0.0,77.0,86.9,96.7,70.8,3.73,37.75,22.03,J17WL,649.07,A,2024-11-19
2006-08-04,0.0,76.9,87.3,97.7,69.8,3.85,41.21,23.81,J17WL,648.68,A,2024-11-19
2006-08-05,0.0,75.6,87.2,98.8,70.6,2.17,43.76,22.4,J17WL,649.7,A,2024-11-19
2006-08-06,0.0,75.8,86.9,97.9,68.6,2.9,42.83,25.23,J17WL,650.36,A,2024-11-19
2006-08-07,0.35,74.3,86.1,97.8,69.7,1.96,41.17,21.08,J17WL,650.93,A,2024-11-19
2006-08-08,0.0,74.8,84.5,94.2,70.6,2.06,32.8,18.5,J17WL,650.67,A,2024-11-19
2006-08-09,0.0,76.5,86.9,97.3,69.3,3.23,41.07,24.51,J17WL,649.99,A,2024-11-19
2006-08-10,0.0,76.5,87.5,98.4,69.0,3.83,42.73,26.06,J17WL,649.85,A,2024-11-19
2006-08-11,0.0,76.1,87.6,99.0,68.6,3.45,43.52,25.88,J17WL,648.99,A,2024-11-19
2006-08-12,0.0,74.8,87.5,100.2,69.0,3.22,46.27,26.11,J17WL,649.57,A,2024-11-19
2006-08-13,0.0,75.6,87.5,99.3,69.3,3.79,45.27,22.84,J17WL,649.96,A,2024-11-19
2006-08-14,0.0,78.3,88.4,98.5,71.0,5.32,41.2,20.95,J17WL,649.28,A,2024-11-19
2006-08-15,0.0,76.4,87.1,97.8,69.6,4.03,40.74,20.87,J17WL,648.51,A,2024-11-19
2006-08-16,0.0,76.2,87.3,98.4,69.9,2.83,41.01,24.21,J17WL,647.79,A,2024-11-19
2006-08-17,0.0,75.5,88.1,100.7,67.5,4.12,47.9,26.12,J17WL,647.76,A,2024-11-19
2006-08-18,0.0,76.0,88.5,101.0,66.3,4.44,48.55,25.57,J17WL,647.56,A,2024-11-19
2006-08-19,0.0,75.1,87.8,100.4,67.9,3.6,47.59,25.19,J17WL,648.41,A,2024-11-19
2006-08-20,0.0,75.3,86.1,96.8,68.7,3.69,38.27,22.85,J17WL,649.2,A,2024-11-19
2006-08-21,0.0,75.7,87.2,98.6,68.6,4.78,41.95,23.22,J17WL,648.16,A,2024-11-19
2006-08-22,0.0,76.6,87.8,99.1,68.9,4.42,43.68,24.87,J17WL,648.64,A,2024-11-19
2006-08-23,0.0,77.1,88.1,99.1,68.0,4.86,44.57,22.78,J17WL,648.57,A,2024-11-19
2006-08-24,0.0,76.8,88.3,99.7,68.9,5.45,45.3,23.67,J17WL,648.62,A,2024-11-19
2006-08-25,0.0,77.1,88.4,99.8,68.2,4.71,45.68,24.85,J17WL,648.5,A,2024-11-19
2006-08-26,0.0,78.7,89.4,100.1,69.7,5.42,46.15,24.87,J17WL,649.3,A,2024-11-19
2006-08-27,0.0,78.4,89.5,100.6,70.1,5.06,46.76,23.79,J17WL,649.76,A,2024-11-19
2006-08-28,0.0,78.5,89.2,100.0,70.5,5.09,45.71,22.33,J17WL,649.29,A,2024-11-19
2006-08-29,0.0,75.5,87.2,98.9,66.4,6.07,46.94,22.89,J17WL,648.78,A,2024-11-19
2006-08-30,0.02,75.1,85.8,96.5,67.2,4.67,41.35,19.37,J17WL,649.13,A,2024-11-19
2006-08-31,0.0,71.0,82.9,94.7,60.9,5.77,39.37,22.14,J17WL,648.98,A,2024-11-19
2006-09-01,0.0,71.7,85.1,98.5,62.0,5.89,46.66,23.6,J17WL,648.6,A,2024-11-19
2006-09-02,0.0,73.4,86.3,99.3,59.4,7.24,49.87,22.3,J17WL,649.37,A,2024-11-19
2006-09-03,0.0,74.3,85.8,97.2,61.7,9.02,43.94,24.24,J17WL,650.06,A,2024-11-19
2006-09-04,0.0,74.8,83.3,91.8,65.0,7.41,31.53,16.37,J17WL,649.89,A,2024-11-19
2006-09-05,0.74,70.9,82.2,93.5,64.6,3.23,34.38,14.55,J17WL,651.06,A,2024-11-19
2006-09-06,0.35,66.8,70.6,74.3,66.7,1.04,6.29,3.83,J17WL,652.56,A,2024-11-19
2006-09-07,0.0,61.4,75.0,88.6,53.3,3.1,35.28,23.93,J17WL,653.0,A,2024-11-19
2006-09-08,0.0,62.6,77.1,91.6,52.6,5.22,40.79,22.96,J17WL,653.21,A,2024-11-19
2006-09-09,0.36,70.1,78.1,86.2,66.3,2.19,23.56,10.85,J17WL,654.53,A,2024-11-19
2006-09-10,0.0,70.0,77.2,84.4,68.7,1.34,17.62,11.89,J17WL,655.23,A,2024-11-19
2006-09-11,0.06,71.1,82.1,93.0,70.2,1.19,30.64,19.81,J17WL,655.34,A,2024-11-19
2006-09-12,0.67,72.0,75.9,79.9,72.0,1.22,6.17,3.63,J17WL,656.82,A,2024-11-19
2006-09-13,0.12,70.7,78.3,85.8,70.0,1.46,16.52,12.96,J17WL,657.37,A,2024-11-19
2006-09-14,0.0,67.0,78.7,90.4,61.0,3.99,31.18,22.22,J17WL,657.61,A,2024-11-19
2006-09-15,0.0,68.0,80.0,92.0,66.7,2.75,30.54,22.37,J17WL,657.93,A,2024-11-19
2006-09-16,0.0,76.7,85.5,94.4,72.5,3.66,31.84,18.97,J17WL,658.28,A,2024-11-19
2006-09-17,0.0,78.1,86.2,94.2,73.7,3.67,29.64,16.87,J17WL,659.0,A,2024-11-19
2006-09-18,1.13,72.7,79.8,86.9,72.3,0.95,17.32,9.94,J17WL,660.13,A,2024-11-19
2006-09-19,0.0,61.9,75.1,88.3,61.1,1.67,28.25,15.63,J17WL,660.46,A,2024-11-19
2006-09-20,0.0,57.8,72.8,87.7,50.4,2.79,34.75,23.28,J17WL,660.64,A,2024-11-19
2006-09-21,0.0,59.1,73.7,88.3,54.9,2.72,34.52,23.39,J17WL,660.63,A,2024-11-19
2006-09-22,0.0,66.9,79.7,92.5,70.8,2.66,28.53,18.92,J17WL,660.43,A,2024-11-19
2006-09-23,0.0,78.1,86.3,94.6,74.4,4.43,28.59,18.37,J17WL,660.57,A,2024-11-19
2006-09-24,0.54,71.8,82.0,92.2,69.5,3.23,23.77,11.01,J17WL,661.2,A,2024-11-19
2006-09-25,0.0,60.6,70.4,80.2,50.1,5.05,24.36,8.24,J17WL,660.86,A,2024-11-19
2006-09-26,0.0,59.5,72.7,86.0,49.3,4.08,33.01,21.72,J17WL,660.57,A,2024-11-19
2006-09-27,0.0,60.2,73.7,87.3,54.2,3.42,31.37,21.68,J17WL,660.11,A,2024-11-19
2006-09-28,0.0,61.9,76.3,90.6,63.3,2.08,32.37,21.77,J17WL,659.91,A,2024-11-19
2006-09-29,0.02,66.6,77.2,87.8,54.4,3.37,30.16,18.02,J17WL,659.84,A,2024-11-19
2006-09-30,0.0,67.2,77.8,88.4,62.7,1.91,26.72,19.55,J17WL,659.99,A,2024-11-19
2006-10-01,0.0,70.0,80.8,91.5,68.6,1.1,30.8,17.0,J17WL,660.16,A,2024-11-19
2006-10-02,0.0,72.9,81.6,90.3,68.6,2.02,29.02,17.43,J17WL,659.51,A,2024-11-19
2006-10-03,0.0,69.1,79.9,90.6,67.2,1.08,30.53,18.11,J17WL,658.54,A,2024-11-19
2006-10-04,0.0,68.5,79.2,89.9,65.7,1.06,29.68,17.52,J17WL,658.58,A,2024-11-19
2006-10-05,0.0,67.0,78.2,89.3,63.8,1.33,29.41,17.15,J17WL,658.18,A,2024-11-19
2006-10-06,0.0,67.5,79.1,90.8,62.4,2.9,31.13,19.26,J17WL,657.92,A,2024-11-19
2006-10-07,0.0,67.8,80.4,92.9,61.4,2.41,37.05,20.18,J17WL,658.4,A,2024-11-19
2006-10-08,0.0,66.8,76.8,86.8,63.5,2.32,24.21,13.78,J17WL,658.65,A,2024-11-19
2006-10-09,0.0,63.1,75.1,87.1,54.8,2.73,29.77,19.31,J17WL,657.55,A,2024-11-19
2006-10-10,0.0,67.8,77.2,86.6,66.3,2.88,22.91,15.19,J17WL,657.21,A,2024-11-19
2006-10-11,1.12,62.6,70.5,78.4,65.7,0.1,8.72,4.5,J17WL,658.19,A,2024-11-19
2006-10-12,0.0,64.2,74.1,83.9,64.8,0.6,19.94,15.33,J17WL,658.61,A,2024-11-19
2006-10-13,0.03,59.2,74.6,90.0,63.3,0.78,25.58,13.71,J17WL,658.78,A,2024-11-19
2006-10-14,0.0,58.0,66.4,74.7,58.7,2.21,11.86,8.91,J17WL,659.33,A,2024-11-19
2006-10-15,0.23,65.7,71.5,77.3,66.4,1.16,8.15,4.16,J17WL,660.1,A,2024-11-19
2006-10-16,0.09,70.0,77.0,83.9,72.5,0.93,14.36,8.67,J17WL,659.83,A,2024-11-19
2006-10-17,0.13,62.0,73.6,85.2,66.3,1.25,20.14,11.77,J17WL,660.05,A,2024-11-19
2006-10-18,0.0,62.6,76.8,91.0,63.4,1.02,35.38,18.97,J17WL,659.71,A,2024-11-19
2006-10-19,1.59,59.3,74.5,89.7,67.3,1.19,19.16,13.36,J17WL,660.51,A,2024-11-19
2006-10-20,0.0,49.4,60.9,72.4,45.6,1.68,17.35,12.73,J17WL,661.08,A,2024-11-19
2006-10-21,0.0,49.0,61.9,74.7,47.5,1.91,19.55,17.64,J17WL,661.57,A,2024-11-19
2006-10-22,0.0,54.3,69.0,83.6,58.3,3.51,17.42,12.88,J17WL,661.24,A,2024-11-19
2006-10-23,0.0,49.5,59.6,69.7,36.9,4.5,18.33,16.18,J17WL,660.98,A,2024-11-19
2006-10-24,0.0,50.1,60.8,71.4,40.4,3.07,19.51,16.53,J17WL,660.67,A,2024-11-19
2006-10-25,0.01,58.5,66.0,73.5,59.1,2.68,12.03,5.2,J17WL,660.77,A,2024-11-19
2006-10-26,0.59,69.5,71.7,74.0,70.0,0.92,4.5,2.1,J17WL,661.62,A,2024-11-19
2006-10-27,0.0,61.8,73.7,85.5,61.9,1.24,19.28,11.09,J17WL,662.06,A,2024-11-19
2006-10-28,0.0,44.6,59.6,74.5,39.8,2.29,21.88,18.02,J17WL,662.3,A,2024-11-19
2006-10-29,0.0,44.1,60.4,76.7,40.7,1.57,23.57,18.15,J17WL,662.47,A,2024-11-19
2006-10-30,0.0,45.4,62.5,79.7,45.8,0.91,27.17,17.72,J17WL,661.83,A,2024-11-19
2006-10-31,0.0,54.2,67.3,80.5,59.3,0.2,20.05,14.86,J17WL,661.5,A,2024-11-19
2006-11-01,0.0,59.9,72.0,84.2,56.3,1.35,21.31,15.55,J17WL,661.64,A,2024-11-19
2006-11-02,0.0,53.0,61.1,69.2,43.7,5.18,12.45,5.37,J17WL,661.64,A,2024-11-19
2006-11-03,0.0,46.7,56.6,66.5,38.9,3.97,14.06,12.21,J17WL,662.06,A,2024-11-19
2006-11-04,0.0,46.9,56.8,66.6,41.9,2.68,14.17,14.78,J17WL,662.83,A,2024-11-19
2006-11-05,0.0,57.1,63.4,69.7,57.9,1.88,8.47,4.69,J17WL,663.36,A,2024-11-19
2006-11-06,0.52,64.1,71.6,79.1,62.9,1.31,15.53,7.2,J17WL,663.23,A,2024-11-19
2006-11-07,0.0,54.8,67.8,80.7,60.1,0.56,17.01,13.0,J17WL,663.83,A,2024-11-19
2006-11-08,0.0,51.6,64.8,78.0,52.5,0.17,20.4,15.51,J17WL,664.21,A,2024-11-19
2006-11-09,0.0,51.9,68.3,84.7,61.6,1.13,22.77,16.35,J17WL,664.33,A,2024-11-19
2006-11-10,0.0,71.4,78.6,85.9,68.5,1.94,20.11,12.94,J17WL,664.07,A,2024-11-19
2006-11-11,0.0,53.0,68.1,83.3,54.6,2.2,19.42,11.48,J17WL,664.28,A,2024-11-19
2006-11-12,0.0,43.2,55.9,68.6,34.0,2.45,17.63,16.15,J17WL,664.6,A,2024-11-19
2006-11-13,0.0,43.8,57.9,72.0,51.5,1.8,15.01,12.14,J17WL,664.1,A,2024-11-19
2006-11-14,0.0,64.3,71.1,78.0,61.5,1.0,15.74,11.09,J17WL,664.04,A,2024-11-19
2006-11-15,0.0,62.8,72.2,81.5,58.0,1.34,19.22,10.78,J17WL,663.99,A,2024-11-19
2006-11-16,0.0,38.6,53.4,68.2,19.8,4.18,20.71,15.6,J17WL,663.92,A,2024-11-19
2006-11-17,0.0,35.0,52.0,68.9,24.3,1.81,20.81,15.85,J17WL,663.82,A,2024-11-19
2006-11-18,0.0,36.3,55.3,74.3,32.6,1.52,23.71,15.71,J17WL,663.97,A,2024-11-19
2006-11-19,0.0,45.2,59.8,74.3,46.4,1.3,17.15,14.17,J17WL,664.04,A,2024-11-19
2006-11-20,0.0,42.8,57.5,72.2,38.6,1.31,19.2,14.9,J17WL,663.66,A,2024-11-19
2006-11-21,0.0,37.2,52.7,68.2,32.2,1.69,17.67,15.11,J17WL,663.42,A,2024-11-19
2006-11-22,0.0,36.5,52.4,68.2,34.4,1.12,17.02,15.35,J17WL,663.46,A,2024-11-19
2006-11-23,0.0,41.5,58.0,74.5,45.5,0.64,19.75,15.28,J17WL,663.4,A,2024-11-19
2006-11-24,0.0,46.2,62.6,78.9,50.4,0.39,23.89,15.1,J17WL,663.92,A,2024-11-19
2006-11-25,0.0,48.9,62.9,77.0,52.7,0.31,19.14,13.83,J17WL,664.21,A,2024-11-19
2006-11-26,0.0,51.5,64.8,78.0,55.3,0.63,19.23,11.69,J17WL,664.26,A,2024-11-19
2006-11-27,0.0,57.7,67.9,78.1,58.2,0.23,19.46,6.92,J17WL,663.88,A,2024-11-19
2006-11-28,0.0,65.4,72.2,79.0,62.1,1.38,18.12,8.68,J17WL,663.53,A,2024-11-19
2006-11-29,0.0,68.2,74.6,81.0,64.3,2.4,18.18,9.74,J17WL,663.52,A,2024-11-19
2006-11-30,0.18,38.9,58.7,78.5,58.6,1.0,13.3,6.69,J17WL,663.6,A,2024-11-19
2006-12-01,0.05,29.0,38.6,48.1,23.6,0.84,7.15,8.14,J17WL,663.91,A,2024-11-19
2006-12-02,0.0,29.0,43.0,56.9,24.3,1.25,11.95,13.6,J17WL,664.41,A,2024-11-19
2006-12-03,0.0,37.5,47.9,58.3,28.8,2.08,11.66,9.95,J17WL,664.68,A,2024-11-19
2006-12-04,0.0,30.2,40.5,50.9,22.9,2.03,8.39,5.6,J17WL,664.33,A,2024-11-19
2006-12-05,0.0,31.0,42.4,53.9,20.7,1.82,10.83,14.03,J17WL,664.35,A,2024-11-19
2006-12-06,0.0,33.6,47.2,60.7,34.3,1.82,12.79,12.27,J17WL,664.35,A,2024-11-19
2006-12-07,0.0,54.7,62.7,70.7,48.5,4.24,12.18,8.01,J17WL,664.2,A,2024-11-19
2006-12-08,0.0,36.7,47.3,58.0,27.5,3.72,10.75,5.85,J17WL,664.27,A,2024-11-19
2006-12-09,0.02,36.0,39.9,43.8,19.8,2.73,7.12,5.76,J17WL,664.79,A,2024-11-19
2006-12-10,0.02,39.4,46.1,52.8,30.7,1.52,8.98,7.31,J17WL,665.06,A,2024-11-19
2006-12-11,0.09,47.3,51.8,56.2,51.6,0.15,1.57,1.32,J17WL,664.98,A,2024-11-19
2006-12-12,0.0,47.2,56.4,65.5,53.8,0.13,4.93,3.51,J17WL,665.01,A,2024-11-19
2006-12-13,0.0,37.9,56.6,75.3,33.8,0.59,25.35,13.91,J17WL,664.5,A,2024-11-19
2006-12-14,0.0,38.5,57.1,75.7,36.0,1.86,24.08,13.91,J17WL,663.92,A,2024-11-19
2006-12-15,0.0,52.7,62.3,72.0,55.4,0.71,8.97,5.25,J17WL,663.8,A,2024-11-19
2006-12-16,0.0,54.4,65.4,76.4,57.8,0.18,15.6,9.67,J17WL,663.77,A,2024-11-19
2006-12-17,0.0,61.6,69.4,77.2,59.7,0.61,16.52,10.93,J17WL,663.87,A,2024-11-19
2006-12-18,0.0,65.2,71.8,78.5,61.3,1.28,16.8,7.32,J17WL,663.5,A,2024-11-19
2006-12-19,0.0,63.8,71.7,79.6,61.4,1.33,18.94,9.56,J17WL,663.2,A,2024-11-19
2006-12-20,0.11,64.1,65.7,67.2,63.8,0.8,2.58,1.31,J17WL,663.46,A,2024-11-19
2006-12-21,0.01,46.5,56.7,66.8,45.7,0.82,11.59,3.74,J17WL,663.35,A,2024-11-19
2006-12-22,0.09,37.9,51.6,65.4,40.1,1.09,13.31,6.93,J17WL,663.28,A,2024-11-19
2006-12-23,0.0,37.3,51.3,65.3,32.0,1.44,15.89,13.93,J17WL,663.28,A,2024-11-19
2006-12-24,1.33,44.3,47.8,51.3,40.6,0.57,7.14,2.89,J17WL,664.48,A,2024-11-19
2006-12-25,0.36,41.7,44.7,47.8,42.2,0.34,2.8,1.6,J17WL,665.2,A,2024-11-19
2006-12-26,0.0,30.3,43.2,56.0,26.4,1.08,11.44,11.82,J17WL,665.59,A,2024-11-19
2006-12-27,0.0,31.4,46.8,62.1,27.5,1.1,14.09,13.95,J17WL,665.44,A,2024-11-19
2006-12-28,0.0,33.6,50.7,67.8,41.8,0.4,15.95,14.05,J17WL,665.41,A,2024-11-19
2006-12-29,0.02,53.7,63.0,72.3,57.3,0.97,12.29,6.45,J17WL,665.39,A,2024-11-19
2006-12-30,0.91,50.0,62.8,75.7,54.0,0.62,11.88,5.75,J17WL,665.63,A,2024-11-19
2006-12-31,0.0,39.2,50.2,61.1,43.5,0.4,9.36,10.73,J17WL,666.04,A,2024-11-19
2007-01-01,0.0,35.6,50.3,65.0,31.4,0.87,15.45,14.05,J17WL,666.1,A,2024-11-19
2007-01-02,0.0,34.9,47.7,60.5,28.9,1.45,13.44,14.38,J17WL,666.0,A,2024-11-19
2007-01-03,0.0,35.4,44.7,53.9,33.8,1.29,8.15,8.66,J17WL,665.84,A,2024-11-19
2007-01-04,1.17,46.6,49.9,53.3,42.6,0.2,6.08,2.73,J17WL,666.96,A,2024-11-19
2007-01-05,0.0,47.2,55.3,63.5,48.0,0.22,8.81,12.31,J17WL,667.88,A,2024-11-19
2007-01-06,0.02,46.6,61.8,76.9,48.6,0.28,20.64,13.82,J17WL,668.43,A,2024-11-19
2007-01-07,0.03,42.0,47.3,52.6,42.9,0.89,3.04,2.37,J17WL,668.64,A,2024-11-19
2007-01-08,0.0,32.0,49.4,66.9,29.2,1.3,17.56,14.3,J17WL,667.93,A,2024-11-19
2007-01-09,0.0,31.8,47.5,63.2,28.2,1.24,14.95,14.37,J17WL,667.7,A,2024-11-19
2007-01-10,0.0,35.6,50.9,66.2,32.1,1.07,16.77,13.44,J17WL,667.51,A,2024-11-19
2007-01-11,0.0,35.5,51.6,67.7,45.4,0.81,13.54,13.5,J17WL,667.63,A,2024-11-19
2007-01-12,0.0,54.5,62.1,69.7,58.5,0.81,8.23,5.11,J17WL,667.51,A,2024-11-19
2007-01-13,0.39,65.5,68.9,72.3,64.0,1.39,7.55,3.71,J17WL,667.77,A,2024-11-19
2007-01-14,0.31,41.1,55.5,70.0,49.5,0.04,3.92,1.18,J17WL,668.26,A,2024-11-19
2007-01-15,0.72,35.6,42.3,48.9,41.4,0.09,1.24,0.82,J17WL,668.45,A,2024-11-19
2007-01-16,0.25,30.4,33.1,35.7,26.2,0.49,2.21,3.63,J17WL,668.84,A,2024-11-19
2007-01-17,0.46,29.8,30.7,31.7,25.8,0.43,1.69,2.18,J17WL,669.54,A,2024-11-19
2007-01-18,0.08,29.9,32.2,34.5,30.1,0.31,1.16,1.62,J17WL,669.89,A,2024-11-19
2007-01-19,0.0,34.9,41.8,48.6,37.3,0.45,4.03,5.96,J17WL,670.41,A,2024-11-19
2007-01-20,0.22,39.2,42.0,44.8,37.8,0.52,2.96,4.24,J17WL,671.07,A,2024-11-19
2007-01-21,0.08,34.2,39.9,45.5,39.2,0.03,1.22,1.42,J17WL,671.41,A,2024-11-19
2007-01-22,0.0,33.9,50.1,66.3,39.4,0.15,14.35,15.55,J17WL,671.16,A,2024-11-19
2007-01-23,0.0,40.8,44.9,48.9,31.2,2.69,5.91,6.95,J17WL,670.59,A,2024-11-19
2007-01-24,0.7,40.3,42.5,44.7,35.5,0.69,3.69,3.61,J17WL,670.49,A,2024-11-19
2007-01-25,0.54,37.0,41.5,46.0,38.5,0.48,2.07,2.27,J17WL,671.05,A,2024-11-19
2007-01-26,0.0,35.0,49.1,63.2,35.1,0.55,13.87,16.43,J17WL,671.61,A,2024-11-19
2007-01-27,0.0,35.3,48.9,62.6,43.4,0.33,11.36,10.44,J17WL,672.09,A,2024-11-19
2007-01-28,0.0,38.3,54.8,71.3,38.4,0.49,19.32,14.97,J17WL,671.88,A,2024-11-19
2007-01-29,0.0,34.6,45.1,55.6,26.2,1.3,10.79,16.55,J17WL,671.49,A,2024-11-19
2007-01-30,0.0,35.6,42.8,50.0,36.6,1.24,6.23,6.23,J17WL,671.57,A,2024-11-19
2007-01-31,0.0,41.5,51.0,60.4,37.3,1.35,8.86,10.21,J17WL,671.51,A,2024-11-19
2007-02-01,0.0,41.2,48.2,55.1,40.2,0.58,5.52,7.2,J17WL,671.3,A,2024-11-19
2007-02-02,0.0,43.7,54.6,65.6,43.6,0.73,11.9,8.06,J17WL,671.01,A,2024-11-19
2007-02-03,0.0,35.0,44.0,52.9,33.2,1.0,7.03,9.04,J17WL,670.92,A,2024-11-19
2007-02-04,0.0,34.3,42.7,51.1,29.0,0.96,7.54,8.18,J17WL,670.75,A,2024-11-19
2007-02-05,0.0,33.5,50.1,66.8,41.5,0.34,12.57,16.7,J17WL,670.1,A,2024-11-19
2007-02-06,0.0,37.0,52.7,68.4,42.1,0.28,14.65,16.24,J17WL,669.79,A,2024-11-19
2007-02-07,0.0,39.1,54.9,70.7,47.6,0.15,14.68,16.82,J17WL,670.01,A,2024-11-19
2007-02-08,0.0,54.7,64.6,74.4,57.4,0.26,13.68,12.69,J17WL,669.75,A,2024-11-19
2007-02-09,0.06,48.0,56.3,64.6,49.8,0.34,4.25,2.31,J17WL,669.79,A,2024-11-19
2007-02-10,0.0,41.4,46.0,50.6,40.8,0.44,3.38,2.34,J17WL,669.86,A,2024-11-19
2007-02-11,0.0,41.0,46.1,51.3,36.7,1.52,5.74,5.27,J17WL,669.91,A,2024-11-19
2007-02-12,0.05,44.9,49.3,53.6,45.3,0.26,3.66,3.42,J17WL,669.82,A,2024-11-19
2007-02-13,0.0,46.4,54.9,63.5,51.2,0.27,5.56,6.42,J17WL,669.44,A,2024-11-19
2007-02-14,0.0,34.7,48.2,61.7,32.8,1.45,11.6,17.99,J17WL,669.11,A,2024-11-19
2007-02-15,0.0,30.9,39.5,48.0,23.5,1.94,6.95,15.16,J17WL,668.88,A,2024-11-19
2007-02-16,0.0,24.9,36.9,48.9,21.0,1.29,7.56,18.06,J17WL,668.82,A,2024-11-19
2007-02-17,0.0,24.6,40.1,55.6,24.8,1.01,10.48,19.49,J17WL,668.96,A,2024-11-19
2007-02-18,0.0,32.4,49.9,67.5,24.4,1.56,19.05,19.13,J17WL,668.7,A,2024-11-19
2007-02-19,0.0,33.5,49.0,64.6,27.1,1.89,16.79,19.1,J17WL,668.12,A,2024-11-19
2007-02-20,0.0,42.7,59.1,75.5,48.2,1.06,19.83,18.7,J17WL,667.71,A,2024-11-19
2007-02-21,0.02,53.6,63.0,72.4,55.2,0.85,12.92,7.61,J17WL,667.06,A,2024-11-19
2007-02-22,0.0,47.7,65.6,83.4,35.5,1.55,33.43,19.81,J17WL,666.66,A,2024-11-19
2007-02-23,0.0,48.9,64.8,80.6,53.1,1.34,23.75,17.18,J17WL,666.3,A,2024-11-19
2007-02-24,0.0,62.7,68.0,73.4,62.0,1.3,9.61,5.13,J17WL,666.69,A,2024-11-19
2007-02-25,0.0,42.7,60.3,78.0,27.2,2.6,29.61,18.0,J17WL,666.18,A,2024-11-19
2007-02-26,0.0,42.9,57.2,71.5,27.6,3.72,21.78,20.7,J17WL,665.62,A,2024-11-19
2007-02-27,0.0,47.0,63.6,80.2,40.2,1.18,27.02,19.34,J17WL,665.31,A,2024-11-19
2007-02-28,0.0,60.3,70.7,81.0,59.9,0.35,20.76,11.49,J17WL,664.99,A,2024-11-19
2007-03-01,0.01,62.8,70.9,79.0,63.3,1.03,15.22,9.55,J17WL,664.99,A,2024-11-19
2007-03-02,0.0,38.2,56.2,74.2,19.3,2.71,26.06,20.32,J17WL,664.54,A,2024-11-19
2007-03-03,0.0,39.1,56.6,74.1,22.8,3.82,25.43,19.12,J17WL,664.38,A,2024-11-19
2007-03-04,0.0,33.4,48.0,62.7,17.4,3.21,16.17,19.12,J17WL,664.23,A,2024-11-19
2007-03-05,0.0,30.9,47.3,63.8,13.7,2.39,18.07,21.89,J17WL,663.51,A,2024-11-19
2007-03-06,0.0,31.5,50.9,70.2,19.3,2.23,22.08,21.77,J17WL,663.27,A,2024-11-19
2007-03-07,0.0,36.6,53.7,70.8,36.3,1.05,19.75,20.53,J17WL,662.87,A,2024-11-19
2007-03-08,0.0,43.7,59.9,76.1,48.7,0.63,18.97,21.12,J17WL,662.43,A,2024-11-19
2007-03-09,0.0,48.2,62.3,76.3,52.0,0.92,18.8,20.58,J17WL,661.97,A,2024-11-19
2007-03-10,0.0,58.2,68.0,77.9,57.8,0.44,16.26,12.04,J17WL,662.07,A,2024-11-19
2007-03-11,0.0,59.4,69.8,80.2,57.4,0.61,19.77,15.89,J17WL,661.92,A,2024-11-19
2007-03-12,2.11,58.4,63.4,68.4,62.2,0.15,3.05,1.93,J17WL,664.39,A,2024-11-19
2007-03-13,1.45,56.8,66.0,75.3,60.5,0.01,12.77,16.59,J17WL,667.31,A,2024-11-19
2007-03-14,0.77,56.1,62.4,68.6,60.3,0.04,3.37,3.17,J17WL,669.06,A,2024-11-19
2007-03-15,0.0,57.5,64.7,71.8,59.8,0.29,6.78,7.33,J17WL,670.03,A,2024-11-19
2007-03-16,0.0,57.9,68.6,79.3,59.2,0.81,17.26,22.55,J17WL,670.6,A,2024-11-19
2007-03-17,0.0,51.6,61.9,72.3,49.6,2.9,13.92,18.19,J17WL,671.17,A,2024-11-19
2007-03-18,0.0,53.6,63.9,74.2,54.5,0.94,14.09,18.05,J17WL,671.64,A,2024-11-19
2007-03-19,0.0,62.4,69.6,76.8,61.9,1.09,12.56,9.05,J17WL,671.58,A,2024-11-19
2007-03-20,0.03,65.8,71.7,77.5,62.1,1.31,13.74,10.06,J17WL,671.75,A,2024-11-19
2007-03-21,0.04,66.0,70.0,74.0,64.0,1.09,9.46,6.02,J17WL,671.97,A,2024-11-19
2007-03-22,0.0,67.3,72.6,77.9,63.9,1.73,12.74,11.35,J17WL,671.92,A,2024-11-19
2007-03-23,0.0,67.3,71.0,74.7,64.7,1.48,7.89,6.29,J17WL,671.86,A,2024-11-19
2007-03-24,0.0,66.3,70.5,74.8,64.1,1.75,7.81,6.62,J17WL,671.97,A,2024-11-19
2007-03-25,0.0,65.8,72.5,79.3,62.5,1.27,15.68,13.89,J17WL,671.97,A,2024-11-19
2007-03-26,0.13,66.1,70.3,74.5,64.8,0.99,7.97,8.68,J17WL,671.95,A,2024-11-19
2007-03-27,1.45,59.0,64.8,70.6,62.9,0.05,3.38,2.18,J17WL,672.81,A,2024-11-19
2007-03-28,0.0,63.3,71.2,79.1,65.7,0.28,11.52,7.28,J17WL,673.27,A,2024-11-19
2007-03-29,0.0,66.4,73.6,80.8,65.3,1.68,14.69,16.64,J17WL,673.43,A,2024-11-19
2007-03-30,0.01,68.9,71.6,74.4,67.4,1.11,6.48,5.17,J17WL,674.04,A,2024-11-19
2007-03-31,1.77,60.9,67.3,73.7,65.1,0.36,6.8,3.75,J17WL,675.17,A,2024-11-19
2007-04-01,0.0,50.6,64.2,77.9,50.3,0.82,22.78,23.57,J17WL,675.76,A,2024-11-19
2007-04-02,0.0,50.9,66.2,81.5,59.8,0.46,22.59,25.13,J17WL,675.92,A,2024-11-19
2007-04-03,0.0,66.8,75.2,83.5,66.5,0.78,16.71,16.97,J17WL,676.25,A,2024-11-19
2007-04-04,0.01,69.3,75.5,81.6,68.8,1.15,12.57,14.09,J17WL,676.27,A,2024-11-19
2007-04-05,0.0,54.9,63.1,71.2,50.1,1.49,12.51,15.07,J17WL,676.33,A,2024-11-19
2007-04-06,0.0,53.0,62.4,71.9,43.7,3.5,17.41,22.12,J17WL,676.27,A,2024-11-19
2007-04-07,0.1,43.0,56.9,70.7,41.7,1.89,15.37,21.76,J17WL,676.28,A,2024-11-19
2007-04-08,0.65,34.7,39.4,44.2,34.9,0.06,2.27,4.11,J17WL,676.8,A,2024-11-21
2007-04-09,0.0,36.5,44.0,51.6,38.1,0.6,4.96,8.33,J17WL,676.94,A,2024-11-19
2007-04-10,0.04,46.8,52.1,57.5,50.0,0.16,4.18,6.12,J17WL,677.28,A,2024-11-19
2007-04-11,0.0,54.8,64.1,73.3,57.4,0.12,10.22,14.03,J17WL,677.33,A,2024-11-19
2007-04-12,0.0,48.4,65.5,82.5,45.0,1.12,30.91,26.98,J17WL,677.34,A,2024-11-19
2007-04-13,0.01,51.4,65.9,80.4,59.8,0.81,19.99,25.13,J17WL,677.31,A,2024-11-19
2007-04-14,0.4,56.8,70.7,84.6,63.6,1.01,17.12,12.83,J17WL,677.55,A,2024-11-19
2007-04-15,0.0,39.4,52.4,65.3,39.9,0.75,12.74,22.25,J17WL,677.66,A,2024-11-19
2007-04-16,0.0,41.1,56.0,70.9,40.3,0.93,17.49,27.05,J17WL,677.29,A,2024-11-19
2007-04-17,0.0,45.6,58.6,71.7,52.5,1.27,12.9,21.49,J17WL,677.61,A,2024-11-19
2007-04-18,0.09,50.1,61.5,72.9,58.6,0.05,7.63,6.78,J17WL,677.8,A,2024-11-19
2007-04-19,0.0,52.2,66.7,81.1,53.4,0.75,23.01,26.79,J17WL,677.44,A,2024-11-19
2007-04-20,0.0,54.0,65.8,77.6,59.8,0.58,13.54,24.19,J17WL,677.3,A,2024-11-19
2007-04-21,0.0,63.5,71.1,78.7,61.1,0.9,14.5,22.67,J17WL,677.3,A,2024-11-19
2007-04-22,0.0,65.2,70.7,76.3,63.0,1.23,11.26,12.72,J17WL,677.33,A,2024-11-19
2007-04-23,0.1,66.6,68.8,71.1,66.9,0.22,3.01,2.87,J17WL,677.29,A,2024-11-19
2007-04-24,0.0,68.6,73.3,78.0,69.1,0.63,7.73,10.2,J17WL,676.94,A,2024-11-19
2007-04-25,1.42,62.6,68.7,74.9,68.1,0.26,4.91,4.67,J17WL,677.54,A,2024-11-19
2007-04-26,0.0,52.3,68.2,84.1,51.1,0.41,28.38,26.49,J17WL,677.91,A,2024-11-19
2007-04-27,0.0,54.8,67.5,80.2,55.5,0.98,20.88,27.36,J17WL,678.12,A,2024-11-19
2007-04-28,0.0,62.7,70.2,77.6,60.5,0.89,15.16,16.75,J17WL,678.23,A,2024-11-19
2007-04-29,0.0,65.7,72.9,80.1,67.4,0.39,12.4,12.9,J17WL,678.02,A,2024-11-19
2007-04-30,0.12,67.6,74.3,81.1,69.2,1.07,10.65,13.73,J17WL,678.24,A,2024-11-19
2007-05-01,1.61,62.4,67.2,71.9,66.0,0.13,4.3,5.82,J17WL,678.97,A,2024-11-19
2007-05-02,0.0,67.4,75.4,83.5,69.9,0.97,11.37,10.82,J17WL,679.51,A,2024-11-19
2007-05-03,0.05,65.7,71.7,77.8,68.7,0.43,5.66,7.8,J17WL,679.91,A,2024-11-19
2007-05-04,0.0,67.0,75.0,82.9,69.6,0.75,11.89,16.45,J17WL,680.02,A,2024-11-19
2007-05-05,0.0,71.9,78.1,84.2,72.2,0.54,12.44,11.93,J17WL,680.27,A,2024-11-19
2007-05-06,0.01,74.0,77.4,80.8,72.6,1.71,7.71,6.67,J17WL,680.45,A,2024-11-19
2007-05-07,0.02,73.1,77.4,81.6,72.5,1.62,7.99,5.03,J17WL,680.12,A,2024-11-19
2007-05-08,0.01,68.5,76.0,83.6,68.0,1.31,15.85,14.69,J17WL,679.95,A,2024-11-19
2007-05-09,0.0,68.9,76.3,83.7,66.6,1.46,17.87,24.17,J17WL,679.48,A,2024-11-19
2007-05-10,0.23,61.1,70.7,80.2,63.3,0.31,14.17,18.61,J17WL,679.52,A,2024-11-19
2007-05-11,0.3,61.3,71.7,82.0,62.5,0.96,18.56,21.38,J17WL,679.41,A,2024-11-19
2007-05-12,0.0,61.3,72.8,84.2,60.7,1.22,23.0,26.14,J17WL,679.44,A,2024-11-19
2007-05-13,0.0,61.7,73.4,85.0,61.3,1.49,23.6,25.18,J17WL,679.16,A,2024-11-19
2007-05-14,0.0,63.7,75.5,87.3,62.2,1.45,26.91,26.63,J17WL,678.72,A,2024-11-19
2007-05-15,0.0,64.7,75.7,86.6,61.1,2.13,26.24,27.64,J17WL,678.28,A,2024-11-19
2007-05-16,0.06,66.4,76.5,86.5,64.8,1.27,23.98,25.73,J17WL,677.97,A,2024-11-19
2007-05-17,0.0,62.6,72.7,82.8,59.2,2.58,19.8,22.43,J17WL,677.68,A,2024-11-19
2007-05-18,0.0,61.9,70.4,78.9,54.0,3.96,19.61,24.98,J17WL,677.27,A,2024-11-19
2007-05-19,0.0,62.8,71.0,79.2,55.4,2.93,20.54,24.04,J17WL,676.89,A,2024-11-19
2007-05-20,0.0,64.1,71.6,79.0,57.2,3.3,18.46,15.81,J17WL,676.71,A,2024-11-19
2007-05-21,0.07,64.9,70.5,76.1,60.7,2.74,14.23,12.02,J17WL,676.3,A,2024-11-19
2007-05-22,0.16,63.9,71.3,78.6,65.3,1.3,11.88,12.28,J17WL,676.33,A,2024-11-19
2007-05-23,0.0,67.1,76.2,85.3,67.7,1.38,20.27,18.9,J17WL,676.28,A,2024-11-19
2007-05-24,0.04,72.3,79.3,86.2,70.2,1.57,18.36,19.23,J17WL,675.89,A,2024-11-19
2007-05-25,0.68,66.0,75.2,84.5,68.6,0.46,15.74,11.83,J17WL,676.39,A,2024-11-19
2007-05-26,0.67,66.3,71.0,75.6,65.6,0.52,9.72,8.31,J17WL,677.15,A,2024-11-19
2007-05-27,0.4,64.8,72.8,80.7,67.3,0.48,13.91,15.52,J17WL,678.29,A,2024-11-19
2007-05-28,0.07,61.7,70.9,80.1,65.7,0.0,13.45,16.87,J17WL,679.02,A,2024-11-19
2007-05-29,0.0,68.3,76.1,83.8,67.4,0.51,17.55,23.66,J17WL,679.32,A,2024-11-19
2007-05-30,0.0,71.6,78.8,86.0,70.5,1.58,16.99,22.28,J17WL,679.54,A,2024-11-19
2007-05-31,0.0,72.1,80.2,88.2,70.6,1.39,20.77,24.71,J17WL,679.55,A,2024-11-19
2007-06-01,0.0,72.6,79.4,86.3,69.4,1.58,18.55,22.59,J17WL,679.5,A,2024-11-19
2007-06-02,0.0,69.0,78.3,87.6,68.9,0.66,20.81,24.91,J17WL,679.53,A,2024-11-19
2007-06-03,0.0,69.4,78.8,88.1,69.1,0.59,22.79,23.16,J17WL,679.48,A,2024-11-19
2007-06-04,0.28,65.7,77.6,89.6,67.3,0.88,22.77,26.14,J17WL,679.6,A,2024-11-19
2007-06-05,0.0,68.2,79.4,90.7,66.3,2.85,29.34,26.53,J17WL,679.69,A,2024-11-19
2007-06-06,0.0,67.3,76.9,86.6,66.9,0.94,22.6,19.11,J17WL,679.59,A,2024-11-19
2007-06-07,0.0,70.0,79.6,89.1,71.7,1.37,20.06,20.86,J17WL,679.38,A,2024-11-19
2007-06-08,0.0,74.6,82.3,90.1,74.7,2.02,19.03,19.19,J17WL,679.08,A,2024-11-19
2007-06-09,0.0,74.3,83.0,91.7,74.6,1.13,22.01,22.14,J17WL,678.7,A,2024-11-19
2007-06-10,0.0,75.3,82.8,90.4,72.9,1.7,22.26,21.84,J17WL,678.44,A,2024-11-19
2007-06-11,0.0,73.0,81.6,90.2,70.7,2.29,23.77,22.02,J17WL,677.9,A,2024-11-19
2007-06-12,0.0,73.2,81.5,89.9,69.4,1.99,24.87,27.58,J17WL,677.02,A,2024-11-19
2007-06-13,0.0,73.0,81.2,89.3,68.9,2.12,24.72,25.53,J17WL,675.77,A,2024-11-19
2007-06-14,0.0,72.2,81.9,91.5,68.3,2.42,29.14,27.51,J17WL,675.01,A,2024-11-19
2007-06-15,0.02,71.8,81.6,91.4,67.8,1.99,28.52,26.0,J17WL,674.16,A,2024-11-19
2007-06-16,0.89,64.5,78.0,91.5,69.7,0.01,27.5,23.82,J17WL,674.42,A,2024-11-19
2007-06-17,0.56,68.2,76.0,83.8,69.5,0.39,15.25,19.2,J17WL,675.67,A,2024-11-19
2007-06-18,0.0,71.6,79.7,87.8,71.3,1.57,20.13,21.98,J17WL,676.09,A,2024-11-19
2007-06-19,0.0,75.6,83.4,91.2,73.5,2.47,22.04,25.95,J17WL,676.35,A,2024-11-19
2007-06-20,0.03,78.1,85.2,92.3,74.4,3.12,24.19,23.4,J17WL,677.71,A,2024-11-19
2007-06-21,0.95,67.6,73.6,79.6,71.1,0.19,6.16,4.81,J17WL,678.55,A,2024-11-19
2007-06-22,0.27,70.0,78.2,86.5,71.6,0.84,17.14,17.28,J17WL,679.4,A,2024-11-19
2007-06-23,0.1,70.3,75.7,81.1,70.9,0.86,8.91,11.18,J17WL,680.06,A,2024-11-19
2007-06-24,0.02,70.1,76.8,83.5,68.1,1.45,15.61,16.32,J17WL,680.56,A,2024-11-19
2007-06-25,0.23,70.8,78.7,86.6,72.2,0.84,16.42,16.49,J17WL,680.75,A,2024-11-19
2007-06-26,0.09,75.9,82.1,88.2,74.2,1.82,18.27,19.7,J17WL,681.02,A,2024-11-19
2007-06-27,0.01,76.5,83.0,89.5,74.2,2.81,19.13,21.1,J17WL,681.0,A,2024-11-19
2007-06-28,0.35,74.6,81.6,88.7,71.4,2.37,21.64,19.12,J17WL,681.97,A,2024-11-19
2007-06-29,2.15,67.5,72.2,76.9,69.4,0.04,6.59,5.79,J17WL,683.72,A,2024-11-19
2007-06-30,0.0,73.0,80.5,87.9,71.5,1.01,20.89,23.46,J17WL,684.37,A,2024-11-19
2007-07-01,0.0,74.6,82.1,89.5,72.5,1.54,21.7,24.49,J17WL,685.13,A,2024-11-19
2007-07-02,0.03,74.7,81.6,88.4,72.8,1.54,18.66,18.73,J17WL,685.42,A,2024-11-19
2007-07-03,0.24,74.5,80.0,85.4,73.3,1.4,13.19,16.25,J17WL,685.99,A,2024-11-19
2007-07-04,0.81,71.9,79.1,86.3,72.2,1.13,14.96,14.6,J17WL,686.62,A,2024-11-19
2007-07-05,1.05,71.2,76.3,81.4,71.0,0.39,11.38,12.07,J17WL,687.0,A,2024-11-19
2007-07-06,0.65,72.6,79.6,86.5,71.9,1.32,17.96,18.61,J17WL,687.67,A,2024-11-19
2007-07-07,1.4,69.8,78.7,87.6,72.4,0.46,17.8,16.05,J17WL,688.5,A,2024-11-19
2007-07-08,0.11,70.4,77.3,84.3,73.0,0.44,11.45,16.18,J17WL,689.36,A,2024-11-19
2007-07-09,0.0,75.3,81.7,88.1,74.6,2.01,16.35,17.24,J17WL,689.53,A,2024-11-19
2007-07-10,0.0,76.8,83.0,89.3,74.3,2.73,18.78,24.02,J17WL,689.37,A,2024-11-19
2007-07-11,0.0,75.0,83.0,91.0,72.3,1.71,25.58,25.07,J17WL,689.59,A,2024-11-19
2007-07-12,0.0,76.0,83.3,90.6,73.0,2.31,23.1,22.96,J17WL,689.62,A,2024-11-19
2007-07-13,0.0,74.2,83.2,92.2,73.3,1.34,25.31,23.63,J17WL,689.49,A,2024-11-19
2007-07-14,0.0,74.0,82.6,91.2,71.3,1.49,26.54,24.73,J17WL,689.39,A,2024-11-19
2007-07-15,1.6,69.9,78.5,87.2,72.7,0.68,17.07,14.75,J17WL,689.92,A,2024-11-19
2007-07-16,0.08,70.4,80.2,89.9,71.4,0.32,22.03,23.47,J17WL,690.25,A,2024-11-19
2007-07-17,0.0,71.7,80.4,89.1,71.7,0.73,20.52,25.97,J17WL,690.31,A,2024-11-19
2007-07-18,1.2,70.2,77.6,85.1,71.3,0.35,13.12,14.2,J17WL,690.76,A,2024-11-19
2007-07-19,0.18,71.0,75.0,78.9,70.6,0.95,8.99,9.98,J17WL,691.15,A,2024-11-19
2007-07-20,0.16,73.1,78.5,83.8,72.3,1.43,12.95,13.03,J17WL,691.27,A,2024-11-19
2007-07-21,1.13,72.7,76.7,80.8,73.7,0.35,5.75,5.27,J17WL,692.58,A,2024-11-19
2007-07-22,0.14,74.3,79.4,84.5,74.5,0.81,11.3,11.92,J17WL,693.5,A,2024-11-19
2007-07-23,0.0,72.9,81.1,89.4,71.9,1.3,23.27,23.42,J17WL,694.13,A,2024-11-19
2007-07-24,0.19,70.1,80.1,90.0,71.2,0.68,21.65,18.77,J17WL,694.82,A,2024-11-19
2007-07-25,0.16,70.5,77.6,84.7,70.2,0.67,14.99,12.56,J17WL,696.43,A,2024-11-19
2007-07-26,1.77,68.7,72.6,76.6,69.7,0.38,6.24,9.77,J17WL,697.84,A,2024-11-19
2007-07-27,0.28,70.9,77.0,82.9,71.7,0.71,10.22,14.15,J17WL,698.51,A,2024-11-19
2007-07-28,0.0,72.4,80.0,87.6,72.2,0.54,18.34,19.56,J17WL,699.09,A,2024-11-19
2007-07-29,0.08,74.4,82.0,89.5,73.8,0.93,20.32,21.31,J17WL,699.42,A,2024-11-19
2007-07-30,0.1,75.6,80.5,85.5,74.2,1.57,13.56,12.01,J17WL,699.56,A,2024-11-19
2007-07-31,0.0,75.3,82.8,90.2,74.1,1.22,22.1,21.51,J17WL,699.44,A,2024-11-19
2007-08-01,0.0,75.1,82.7,90.2,73.0,1.62,22.79,24.47,J17WL,699.39,A,2024-11-19
2007-08-02,0.0,75.8,83.8,91.7,72.5,1.96,25.48,26.49,J17WL,698.99,A,2024-11-19
2007-08-03,0.0,74.6,82.8,91.1,72.0,2.89,25.08,21.9,J17WL,698.72,A,2024-11-19
2007-08-04,0.02,74.4,82.4,90.3,72.8,1.74,22.41,22.73,J17WL,698.94,A,2024-11-19
2007-08-05,0.0,74.8,82.5,90.3,72.8,1.51,22.45,22.66,J17WL,699.19,A,2024-11-19
2007-08-06,0.0,75.9,83.4,90.9,73.0,2.92,23.8,23.36,J17WL,698.64,A,2024-11-19
2007-08-07,0.0,76.9,84.3,91.6,72.5,3.03,24.96,25.27,J17WL,698.37,A,2024-11-19
2007-08-08,0.0,77.2,84.3,91.4,73.1,3.16,23.62,24.24,J17WL,697.93,A,2024-11-19
2007-08-09,0.0,74.8,83.4,91.9,72.0,2.34,25.8,25.21,J17WL,697.42,A,2024-11-19
2007-08-10,0.0,74.4,83.1,91.8,70.9,1.6,27.93,25.95,J17WL,697.16,A,2024-11-19
2007-08-11,0.0,75.1,83.7,92.3,71.5,3.16,27.6,25.41,J17WL,696.66,A,2024-11-19
2007-08-12,0.0,75.2,84.6,94.1,72.2,2.59,30.09,26.5,J17WL,696.4,A,2024-11-19
2007-08-13,0.0,75.4,85.7,96.1,71.5,3.01,33.84,23.96,J17WL,695.93,A,2024-11-19
2007-08-14,0.0,74.3,85.9,97.5,68.6,4.14,39.97,25.12,J17WL,695.33,A,2024-11-19
2007-08-15,0.0,74.6,85.2,95.7,68.6,4.94,35.79,21.92,J17WL,694.85,A,2024-11-19
2007-08-16,0.1,75.2,84.9,94.5,71.5,2.62,30.64,18.86,J17WL,696.02,A,2024-11-19
2007-08-17,6.34,73.9,76.4,78.9,74.6,0.21,3.76,2.07,J17WL,698.45,A,2024-11-19
2007-08-18,0.0,77.2,84.0,90.8,75.3,1.5,20.93,19.01,J17WL,699.1,A,2024-11-19
2007-08-19,0.0,77.5,84.6,91.6,73.6,2.92,23.5,20.24,J17WL,699.88,A,2024-11-19
2007-08-20,0.0,75.9,83.6,91.2,73.7,2.36,23.45,21.06,J17WL,699.77,A,2024-11-19
2007-08-21,0.0,73.2,81.8,90.4,72.2,1.18,22.42,23.24,J17WL,699.93,A,2024-11-19
2007-08-22,0.09,74.5,82.0,89.6,73.2,1.42,21.91,18.79,J17WL,699.99,A,2024-11-19
2007-08-23,0.0,76.5,82.7,88.9,75.0,1.43,18.07,16.7,J17WL,700.13,A,2024-11-19
2007-08-24,0.28,76.5,83.1,89.8,74.8,1.65,19.5,17.14,J17WL,700.14,A,2024-11-19
2007-08-25,0.0,74.5,82.7,90.9,72.6,1.62,23.21,22.52,J17WL,700.23,A,2024-11-19
2007-08-26,0.01,74.4,82.9,91.4,72.8,1.72,24.36,22.84,J17WL,700.14,A,2024-11-19
2007-08-27,0.0,74.0,81.8,89.5,72.4,1.82,20.84,22.03,J17WL,699.79,A,2024-11-19
2007-08-28,0.0,73.2,82.1,90.9,71.6,1.05,25.03,23.54,J17WL,699.82,A,2024-11-19
2007-08-29,0.07,73.6,81.3,89.1,71.1,1.45,22.76,21.74,J17WL,699.31,A,2024-11-19
2007-08-30,0.0,73.1,80.1,87.2,71.8,1.65,17.41,17.47,J17WL,699.33,A,2024-11-19
2007-08-31,0.07,72.6,80.0,87.4,71.7,1.56,17.5,18.62,J17WL,699.52,A,2024-11-19
2007-09-01,0.61,70.8,79.4,88.1,70.6,1.44,18.58,14.04,J17WL,700.15,A,2024-11-19
2007-09-02,0.03,71.1,78.6,86.1,69.6,1.55,17.69,16.25,J17WL,700.11,A,2024-11-19
2007-09-03,0.16,72.0,79.0,86.0,70.3,1.49,19.62,12.29,J17WL,700.23,A,2024-11-19
2007-09-04,0.15,71.8,76.1,80.3,71.2,0.69,10.18,10.37,J17WL,700.13,A,2024-11-19
2007-09-05,0.67,71.5,76.3,81.1,73.5,0.06,7.25,6.37,J17WL,700.25,A,2024-11-19
2007-09-06,0.0,73.9,80.6,87.3,73.2,1.06,17.18,16.87,J17WL,700.45,A,2024-11-19
2007-09-07,0.0,73.7,81.3,88.9,72.8,1.06,20.01,19.2,J17WL,700.72,A,2024-11-19
2007-09-08,0.0,75.6,82.9,90.2,73.4,1.89,22.17,21.87,J17WL,700.64,A,2024-11-19
2007-09-09,0.0,75.6,83.0,90.4,73.7,1.6,22.4,20.66,J17WL,700.6,A,2024-11-19
2007-09-10,0.0,73.4,82.4,91.3,72.8,1.35,24.2,21.45,J17WL,700.23,A,2024-11-19
2007-09-11,0.24,73.5,82.0,90.4,71.6,1.65,24.37,21.68,J17WL,700.08,A,2024-11-19
2007-09-12,0.42,68.6,74.4,80.1,68.4,1.57,8.91,7.16,J17WL,700.46,A,2024-11-19
2007-09-13,0.0,67.5,76.7,85.9,66.0,1.53,20.67,21.6,J17WL,700.37,A,2024-11-19
2007-09-14,0.0,68.4,78.6,88.7,68.1,1.55,24.86,21.93,J17WL,699.71,A,2024-11-19
2007-09-15,0.0,70.3,80.8,91.3,69.4,1.86,27.25,21.6,J17WL,699.74,A,2024-11-19
2007-09-16,0.0,69.2,79.5,89.7,69.7,1.12,24.39,20.36,J17WL,699.75,A,2024-11-19
2007-09-17,0.0,69.1,78.3,87.4,69.4,1.01,21.04,20.23,J17WL,699.45,A,2024-11-19
2007-09-18,0.01,70.8,79.0,87.2,70.9,1.42,18.77,17.12,J17WL,699.26,A,2024-11-19
2007-09-19,0.0,73.8,82.0,90.1,72.5,1.57,23.28,17.66,J17WL,698.49,A,2024-11-19
2007-09-20,0.0,73.0,81.6,90.2,70.9,1.47,26.66,18.81,J17WL,698.24,A,2024-11-19
2007-09-21,0.0,66.5,77.4,88.3,66.0,1.47,24.29,19.82,J17WL,697.78,A,2024-11-19
2007-09-22,0.0,66.7,77.8,88.8,65.6,1.62,26.76,21.36,J17WL,697.83,A,2024-11-19
2007-09-23,0.0,64.2,76.9,89.5,64.4,1.42,28.82,21.89,J17WL,697.44,A,2024-11-19
2007-09-24,0.0,64.7,75.7,86.7,63.0,1.92,26.22,22.08,J17WL,697.0,A,2024-11-19
2007-09-25,0.0,63.7,75.9,88.1,64.8,1.0,26.64,20.13,J17WL,696.59,A,2024-11-19
2007-09-26,0.0,64.3,76.5,88.6,68.2,0.88,25.62,21.5,J17WL,696.38,A,2024-11-19
2007-09-27,0.0,72.6,81.3,89.9,70.3,1.38,24.82,18.97,J17WL,696.27,A,2024-11-19
2007-09-28,0.0,71.7,82.1,92.5,69.8,1.54,30.47,19.51,J17WL,695.85,A,2024-11-19
2007-09-29,0.0,70.2,79.9,89.5,68.0,1.67,26.28,19.7,J17WL,695.83,A,2024-11-19
2007-09-30,0.0,69.5,77.8,86.0,70.7,0.42,16.18,13.61,J17WL,695.9,A,2024-11-19
2007-10-01,0.0,70.7,80.1,89.6,72.2,0.51,22.72,16.06,J17WL,695.6,A,2024-11-19
2007-10-02,0.01,72.4,80.1,87.9,72.0,1.03,19.22,13.02,J17WL,695.48,A,2024-11-19
2007-10-03,0.0,67.9,78.3,88.7,68.3,0.93,23.85,15.66,J17WL,695.25,A,2024-11-19
2007-10-04,0.0,62.4,75.5,88.5,63.6,0.89,24.74,19.92,J17WL,695.23,A,2024-11-19
2007-10-05,0.0,62.7,75.9,89.1,62.4,1.28,29.27,21.2,J17WL,694.97,A,2024-11-19
2007-10-06,0.0,66.5,77.6,88.8,66.8,2.76,24.25,19.22,J17WL,694.98,A,2024-11-19
2007-10-07,0.0,67.4,78.3,89.2,66.9,1.08,26.0,19.35,J17WL,694.76,A,2024-11-19
2007-10-08,0.0,67.8,77.7,87.5,69.7,0.97,22.53,16.4,J17WL,694.44,A,2024-11-19
2007-10-09,0.02,71.5,80.3,89.1,72.1,0.63,21.58,11.84,J17WL,694.35,A,2024-11-19
2007-10-10,0.0,70.8,78.6,86.3,69.1,2.7,17.29,15.55,J17WL,694.26,A,2024-11-19
2007-10-11,0.0,67.4,77.5,87.7,64.0,3.18,23.77,19.42,J17WL,694.15,A,2024-11-19
2007-10-12,0.0,62.7,75.3,87.8,62.6,1.62,25.36,17.22,J17WL,693.83,A,2024-11-19
2007-10-13,0.0,61.6,73.7,85.7,59.4,1.08,25.36,19.58,J17WL,693.91,A,2024-11-19
2007-10-14,0.0,62.1,74.2,86.2,63.4,0.89,24.29,16.85,J17WL,693.93,A,2024-11-19
2007-10-15,0.0,70.0,80.0,89.9,69.8,0.75,24.52,13.63,J17WL,693.65,A,2024-11-19
2007-10-16,0.1,67.8,78.4,88.9,66.8,1.48,25.62,15.36,J17WL,693.51,A,2024-11-19
2007-10-17,0.02,67.7,71.0,74.3,69.5,0.49,4.12,3.58,J17WL,693.71,A,2024-11-19
2007-10-18,0.0,72.0,81.6,91.1,68.6,1.27,31.33,16.85,J17WL,693.39,A,2024-11-19
2007-10-19,0.0,55.6,73.8,92.0,53.0,2.15,41.46,16.15,J17WL,693.17,A,2024-11-19
2007-10-20,0.0,54.3,70.8,87.3,44.8,1.62,36.86,19.53,J17WL,693.22,A,2024-11-19
2007-10-21,0.0,56.6,72.2,87.8,59.5,1.01,30.6,19.09,J17WL,693.27,A,2024-11-19
2007-10-22,0.24,54.0,70.4,86.7,64.2,0.75,26.13,17.42,J17WL,692.78,A,2024-11-19
2007-10-23,0.24,43.9,53.5,63.1,42.4,1.24,11.67,8.2,J17WL,693.18,A,2024-11-19
2007-10-24,0.0,44.5,59.2,73.9,33.8,2.57,23.95,18.6,J17WL,693.18,A,2024-11-19
2007-10-25,0.0,45.0,63.5,81.9,40.4,2.86,28.55,18.57,J17WL,693.03,A,2024-11-19
2007-10-26,0.0,41.3,57.1,72.9,34.4,1.58,22.65,18.75,J17WL,692.98,A,2024-11-19
2007-10-27,0.0,41.3,59.0,76.6,39.1,1.55,23.94,18.58,J17WL,692.99,A,2024-11-19
2007-10-28,0.0,47.6,61.7,75.7,41.3,2.49,23.24,18.42,J17WL,692.89,A,2024-11-19
2007-10-29,0.0,49.9,62.9,75.9,46.8,2.18,20.18,18.24,J17WL,692.62,A,2024-11-19
2007-10-30,0.0,46.0,61.0,75.9,46.4,1.21,19.73,18.08,J17WL,692.29,A,2024-11-19
2007-10-31,0.0,46.3,61.2,76.1,47.4,0.76,19.76,17.86,J17WL,692.35,A,2024-11-19
2007-11-01,0.0,48.0,64.1,80.3,52.9,0.48,20.98,16.99,J17WL,692.27,A,2024-11-19
2007-11-02,0.0,50.7,64.9,79.1,50.1,1.47,21.7,17.22,J17WL,692.21,A,2024-11-19
2007-11-03,0.0,51.5,65.9,80.3,56.3,0.83,19.73,16.69,J17WL,692.09,A,2024-11-19
2007-11-04,0.0,53.5,67.1,80.7,56.5,0.76,20.33,14.65,J17WL,692.17,A,2024-11-19
2007-11-05,0.0,53.9,67.7,81.6,57.8,0.41,20.89,15.93,J17WL,691.76,A,2024-11-19
2007-11-06,0.0,58.8,71.8,84.8,60.0,0.78,24.24,15.73,J17WL,691.92,A,2024-11-19
2007-11-07,0.0,58.0,60.9,63.9,34.9,6.86,13.06,4.63,J17WL,691.88,A,2024-11-19
2007-11-08,0.0,50.4,56.6,62.8,43.0,1.85,11.97,4.3,J17WL,692.08,A,2024-11-19
2007-11-09,0.0,59.2,68.9,78.5,59.6,0.48,15.67,9.95,J17WL,691.72,A,2024-11-19
2007-11-10,0.0,62.8,72.7,82.6,62.7,0.56,22.47,12.93,J17WL,691.87,A,2024-11-19
2007-11-11,0.0,64.1,73.4,82.7,64.0,1.0,19.68,11.51,J17WL,691.86,A,2024-11-19
2007-11-12,0.0,62.8,72.5,82.3,62.2,0.26,20.59,12.35,J17WL,691.52,A,2024-11-19
2007-11-13,0.0,64.2,72.6,81.0,64.8,0.71,14.93,9.32,J17WL,691.76,A,2024-11-19
2007-11-14,0.0,64.6,73.8,83.0,63.6,0.96,19.07,12.52,J17WL,691.58,A,2024-11-19
2007-11-15,0.0,54.7,70.1,85.6,46.4,1.92,26.52,14.3,J17WL,691.26,A,2024-11-19
2007-11-16,0.0,37.9,52.9,67.8,23.5,1.99,19.74,15.15,J17WL,691.2,A,2024-11-19
2007-11-17,0.0,39.4,55.4,71.3,39.0,1.88,20.61,15.37,J17WL,691.41,A,2024-11-19
2007-11-18,0.02,60.0,65.5,71.0,62.5,0.38,5.76,3.73,J17WL,691.64,A,2024-11-19
2007-11-19,0.0,58.9,66.2,73.5,63.1,0.0,6.75,5.25,J17WL,691.46,A,2024-11-19
2007-11-20,0.0,63.3,70.8,78.4,64.8,0.31,12.1,7.08,J17WL,691.29,A,2024-11-19
2007-11-21,0.0,67.8,75.0,82.2,66.1,1.35,16.96,9.49,J17WL,691.14,A,2024-11-19
2007-11-22,0.0,44.1,65.4,86.7,47.7,2.37,27.02,13.38,J17WL,690.9,A,2024-11-19
2007-11-23,0.0,42.0,45.9,49.7,28.4,3.12,7.19,5.54,J17WL,691.21,A,2024-11-19
2007-11-24,0.1,42.0,44.0,46.0,34.9,0.9,4.88,4.67,J17WL,691.54,A,2024-11-19
2007-11-25,0.16,40.4,42.6,44.8,40.5,0.37,1.46,1.33,J17WL,691.82,A,2024-11-19
2007-11-26,0.12,32.4,39.9,47.4,36.7,0.22,3.39,4.41,J17WL,691.66,A,2024-11-19
2007-11-27,0.0,33.6,50.0,66.4,35.9,0.44,16.33,14.65,J17WL,691.54,A,2024-11-19
2007-11-28,0.0,36.5,50.2,63.9,39.6,0.3,12.22,14.34,J17WL,691.47,A,2024-11-19
2007-11-29,0.0,38.3,53.6,68.9,47.6,0.27,11.03,11.02,J17WL,691.43,A,2024-11-19
2007-11-30,0.0,47.5,59.0,70.5,45.3,1.86,14.78,14.1,J17WL,691.24,A,2024-11-19
2007-12-01,0.02,56.5,63.6,70.8,61.6,0.84,6.77,2.77,J17WL,691.37,A,2024-11-19
2007-12-02,0.0,67.6,71.8,76.0,66.3,1.46,9.02,2.9,J17WL,691.4,A,2024-11-19
2007-12-03,0.0,44.7,64.2,83.7,47.4,2.03,28.58,8.1,J17WL,690.97,A,2024-11-19
2007-12-04,0.0,32.3,48.0,63.7,25.9,1.14,16.59,14.28,J17WL,691.03,A,2024-11-19
2007-12-05,0.0,33.0,51.6,70.3,31.6,1.14,19.72,14.23,J17WL,691.02,A,2024-11-19
2007-12-06,0.0,39.8,59.8,79.8,39.7,1.45,27.46,14.39,J17WL,690.78,A,2024-11-19
2007-12-07,0.0,51.3,63.6,75.8,56.7,1.18,14.43,9.53,J17WL,690.61,A,2024-11-19
2007-12-08,0.0,66.6,73.5,80.5,65.5,1.16,15.73,9.31,J17WL,690.82,A,2024-11-19
2007-12-09,0.0,68.9,74.9,81.0,67.2,1.35,16.06,7.43,J17WL,690.85,A,2024-11-19
2007-12-10,0.01,45.3,63.1,80.9,57.3,0.44,16.13,7.0,J17WL,690.7,A,2024-11-19
2007-12-11,0.0,44.9,57.5,70.1,54.1,0.08,2.81,1.42,J17WL,690.74,A,2024-11-19
2007-12-12,0.25,51.0,66.0,80.9,64.0,0.66,13.11,4.63,J17WL,690.64,A,2024-11-19
2007-12-13,0.01,44.9,47.2,49.5,43.4,0.72,1.98,1.38,J17WL,690.81,A,2024-11-19
2007-12-14,0.0,47.2,53.1,58.9,45.1,0.9,7.46,5.99,J17WL,690.84,A,2024-11-19
2007-12-15,0.18,51.6,56.4,61.2,55.9,0.07,1.37,0.93,J17WL,691.04,A,2024-11-19
2007-12-16,0.0,31.1,45.2,59.3,29.5,1.02,11.61,13.71,J17WL,691.03,A,2024-11-19
2007-12-17,0.0,27.6,41.1,54.4,22.4,0.74,11.13,13.94,J17WL,690.85,A,2024-11-19
2007-12-18,0.0,28.8,43.9,59.1,34.8,0.81,12.12,13.23,J17WL,690.75,A,2024-11-19
2007-12-19,0.0,47.4,60.9,74.3,49.1,0.44,16.86,12.9,J17WL,690.58,A,2024-11-19
2007-12-20,0.0,55.9,62.7,69.6,60.9,0.33,5.43,3.02,J17WL,690.6,A,2024-11-19
2007-12-21,0.0,39.6,58.8,78.1,34.0,0.57,28.56,13.88,J17WL,690.34,A,2024-11-19
2007-12-22,0.0,39.9,59.1,78.3,43.2,0.85,26.34,12.57,J17WL,690.59,A,2024-11-19
2007-12-23,0.0,28.8,49.7,70.6,24.9,0.76,21.18,13.74,J17WL,690.41,A,2024-11-19
2007-12-24,0.0,27.5,41.7,55.9,20.3,1.13,11.91,13.78,J17WL,690.38,A,2024-11-19
2007-12-25,0.0,28.6,45.4,62.2,24.4,1.1,15.03,14.0,J17WL,690.36,A,2024-11-19
2007-12-26,0.0,29.7,48.2,66.6,41.5,0.11,15.38,9.33,J17WL,690.49,A,2024-11-19
2007-12-27,0.0,32.6,46.9,61.3,31.7,0.8,12.77,14.03,J17WL,690.27,A,2024-11-19
2007-12-28,0.0,31.1,46.6,62.0,40.1,0.49,10.07,10.02,J17WL,690.17,A,2024-11-19
2007-12-29,0.0,32.3,48.2,64.2,20.7,1.65,18.17,12.9,J17WL,689.94,A,2024-11-19
2007-12-30,0.0,32.8,46.9,61.0,27.3,1.46,14.13,13.51,J17WL,689.75,A,2024-11-19
2007-12-31,0.0,34.5,52.9,71.2,28.7,1.35,21.81,14.22,J17WL,689.6,A,2024-11-19
2008-01-01,0.0,37.3,57.3,77.3,27.0,1.71,25.19,14.09,J17WL,689.19,A,2024-11-19
2008-01-02,0.0,26.8,41.7,56.6,11.9,2.35,13.68,13.54,J17WL,689.1,A,2024-11-19
2008-01-03,0.0,26.3,39.6,52.9,12.3,2.1,11.57,13.73,J17WL,688.98,A,2024-11-19
2008-01-04,0.0,28.7,42.0,55.3,24.6,0.47,11.29,13.34,J17WL,688.88,A,2024-11-19
2008-01-05,0.0,36.2,51.8,67.4,49.1,0.39,10.73,5.74,J17WL,688.99,A,2024-11-19
2008-01-06,0.0,50.6,64.2,77.7,54.4,0.0,18.94,12.1,J17WL,689.04,A,2024-11-19
2008-01-07,0.0,53.5,65.6,77.6,60.4,0.08,16.25,7.43,J17WL,688.66,A,2024-11-19
2008-01-08,0.0,66.8,72.2,77.7,64.4,2.48,13.49,5.5,J17WL,688.57,A,2024-11-19
2008-01-09,0.04,42.0,59.1,76.2,38.7,1.13,23.74,8.22,J17WL,688.5,A,2024-11-19
2008-01-10,0.0,41.5,55.2,69.0,35.4,1.89,18.57,14.15,J17WL,688.62,A,2024-11-19
2008-01-11,0.0,35.3,53.2,71.1,30.3,1.18,21.5,14.19,J17WL,688.54,A,2024-11-19
2008-01-12,0.0,35.9,52.7,69.5,30.0,1.47,20.03,14.63,J17WL,688.68,A,2024-11-19
2008-01-13,0.0,34.3,54.1,73.9,31.6,1.12,22.67,11.49,J17WL,688.65,A,2024-11-19
2008-01-14,0.0,33.2,49.0,64.7,25.6,1.8,16.98,14.89,J17WL,688.35,A,2024-11-19
2008-01-15,0.03,35.9,47.6,59.2,29.5,1.82,12.1,7.94,J17WL,688.37,A,2024-11-19
2008-01-16,0.12,45.4,48.0,50.5,42.2,0.53,4.11,3.22,J17WL,688.72,A,2024-11-19
2008-01-17,0.0,37.1,46.2,55.2,41.0,0.34,4.17,6.07,J17WL,688.51,A,2024-11-19
2008-01-18,0.02,36.1,39.7,43.2,21.9,1.86,5.9,4.22,J17WL,688.57,A,2024-11-19
2008-01-19,0.06,33.7,36.3,38.9,34.1,0.38,1.98,1.36,J17WL,688.75,A,2024-11-19
2008-01-20,0.0,24.9,39.1,53.4,22.9,1.0,10.04,15.71,J17WL,688.74,A,2024-11-19
2008-01-21,0.03,25.2,41.2,57.2,33.6,0.63,10.53,14.67,J17WL,688.76,A,2024-11-19
2008-01-22,0.08,47.2,53.9,60.5,53.9,0.11,1.44,1.15,J17WL,688.68,A,2024-11-19
2008-01-23,0.0,37.9,54.0,70.1,46.6,0.23,9.38,5.35,J17WL,688.64,A,2024-11-19
2008-01-24,0.03,38.2,40.9,43.7,39.8,0.23,1.08,2.1,J17WL,688.75,A,2024-11-19
2008-01-25,0.03,38.7,42.3,45.9,29.5,0.99,5.62,5.08,J17WL,688.67,A,2024-11-19
2008-01-26,0.06,38.7,42.7,46.7,40.9,0.02,1.64,1.33,J17WL,688.89,A,2024-11-19
2008-01-27,0.0,42.2,57.3,72.3,42.5,0.49,18.23,14.04,J17WL,688.79,A,2024-11-19
2008-01-28,0.0,43.7,57.2,70.6,45.8,0.77,16.22,13.44,J17WL,688.53,A,2024-11-19
2008-01-29,0.01,54.5,65.3,76.1,60.4,0.26,13.74,5.5,J17WL,688.51,A,2024-11-19
2008-01-30,0.0,34.5,56.2,77.8,30.7,1.05,27.02,12.58,J17WL,688.32,A,2024-11-19
2008-01-31,0.01,33.7,45.6,57.4,36.8,0.35,10.8,10.23,J17WL,688.2,A,2024-11-19
2008-02-01,0.0,28.2,46.1,63.9,21.3,0.75,18.72,16.81,J17WL,687.92,A,2024-11-19
2008-02-02,0.0,28.8,45.5,62.2,24.4,1.53,15.94,16.46,J17WL,688.14,A,2024-11-19
2008-02-03,0.0,39.3,57.2,75.0,53.2,0.79,17.1,16.29,J17WL,687.94,A,2024-11-19
2008-02-04,0.0,64.0,71.8,79.7,62.3,1.04,18.3,11.13,J17WL,687.66,A,2024-11-19
2008-02-05,0.0,67.6,75.3,83.0,63.7,2.43,21.45,9.03,J17WL,687.49,A,2024-11-19
2008-02-06,0.0,40.9,61.9,82.8,40.8,2.35,26.72,12.18,J17WL,687.26,A,2024-11-19
2008-02-07,0.0,36.0,50.6,65.3,23.2,2.14,17.82,17.76,J17WL,687.15,A,2024-11-19
2008-02-08,0.0,34.9,53.3,71.8,26.3,1.82,23.06,17.79,J17WL,686.94,A,2024-11-19
2008-02-09,0.0,37.2,59.1,81.0,36.2,2.19,28.01,17.72,J17WL,686.74,A,2024-11-19
2008-02-10,0.0,50.9,65.4,79.9,44.8,4.25,24.51,15.63,J17WL,686.37,A,2024-11-19
2008-02-11,0.0,60.1,67.2,74.4,55.8,1.07,14.2,8.68,J17WL,685.97,A,2024-11-19
2008-02-12,0.0,61.4,67.9,74.4,61.1,1.13,11.65,7.37,J17WL,685.89,A,2024-11-19
2008-02-13,0.0,35.4,51.9,68.3,35.3,1.44,17.12,10.32,J17WL,685.73,A,2024-11-19
2008-02-14,0.0,35.5,52.5,69.5,28.5,1.23,20.85,18.67,J17WL,685.34,A,2024-11-19
2008-02-15,0.0,43.9,59.9,75.9,54.0,0.71,18.08,14.09,J17WL,685.24,A,2024-11-19
2008-02-16,0.22,49.5,62.7,75.9,58.2,0.28,9.61,5.21,J17WL,685.57,A,2024-11-19
2008-02-17,0.02,43.8,52.6,61.4,43.1,0.18,9.54,3.93,J17WL,685.83,A,2024-11-19
2008-02-18,0.0,42.4,59.7,76.9,36.7,2.14,25.71,19.54,J17WL,685.64,A,2024-11-19
2008-02-19,0.0,38.7,52.3,65.8,33.0,1.77,15.65,18.74,J17WL,685.2,A,2024-11-19
2008-02-20,0.0,41.9,55.5,69.2,44.4,2.08,16.46,12.58,J17WL,685.08,A,2024-11-19
2008-02-21,0.0,59.9,68.0,76.0,62.1,1.09,11.46,7.21,J17WL,684.87,A,2024-11-19
2008-02-22,0.0,50.4,66.9,83.5,54.8,1.0,25.7,14.37,J17WL,684.55,A,2024-11-19
2008-02-23,0.0,42.3,60.1,77.9,39.3,1.51,25.99,19.12,J17WL,684.56,A,2024-11-19
2008-02-24,0.0,43.1,60.7,78.3,53.8,0.46,18.65,13.25,J17WL,684.39,A,2024-11-19
2008-02-25,0.0,50.8,67.9,85.0,38.3,1.33,36.23,20.52,J17WL,683.9,A,2024-11-19
2008-02-26,0.0,52.0,71.6,91.3,47.8,0.65,36.99,14.71,J17WL,683.42,A,2024-11-19
2008-02-27,0.0,30.6,48.8,67.1,22.8,2.17,18.58,20.62,J17WL,683.46,A,2024-11-19
2008-02-28,0.0,31.1,48.6,66.1,22.1,1.54,18.46,21.12,J17WL,683.47,A,2024-11-19
2008-02-29,0.0,37.8,57.4,77.0,47.5,1.24,22.5,19.89,J17WL,683.2,A,2024-11-19
2008-03-01,0.0,58.8,69.9,81.0,58.2,0.72,21.14,12.76,J17WL,683.24,A,2024-11-19
2008-03-02,0.0,61.4,70.2,79.1,59.7,0.31,18.04,12.27,J17WL,683.4,A,2024-11-19
2008-03-03,0.02,60.7,69.0,77.4,63.7,2.07,12.25,8.14,J17WL,683.16,A,2024-11-19
2008-03-04,0.03,34.4,51.9,69.3,32.8,1.46,9.69,15.36,J17WL,683.3,A,2024-11-19
2008-03-05,0.0,34.4,52.6,70.8,20.0,2.14,22.55,22.1,J17WL,683.23,A,2024-11-19
2008-03-06,0.01,35.2,57.1,79.1,41.8,0.35,27.46,22.1,J17WL,683.14,A,2024-11-19
2008-03-07,0.07,38.6,48.3,58.0,38.4,0.47,3.44,3.42,J17WL,683.41,A,2024-11-19
2008-03-08,0.0,32.7,47.4,62.0,20.4,1.91,16.51,20.08,J17WL,683.74,A,2024-11-19
2008-03-09,0.0,31.6,49.5,67.3,28.5,1.18,18.9,22.58,J17WL,683.79,A,2024-11-19
2008-03-10,0.24,43.7,56.2,68.6,53.3,0.41,10.12,7.49,J17WL,683.89,A,2024-11-19
2008-03-11,0.65,41.4,51.0,60.5,50.4,0.12,4.13,5.0,J17WL,684.29,A,2024-11-19
2008-03-12,0.0,40.9,56.2,71.5,40.8,0.28,19.68,21.17,J17WL,684.71,A,2024-11-19
2008-03-13,0.0,41.3,59.2,77.1,45.8,0.27,23.62,22.47,J17WL,684.95,A,2024-11-19
2008-03-14,0.0,56.8,69.5,82.3,59.7,0.67,22.06,14.3,J17WL,684.76,A,2024-11-19
2008-03-15,0.0,55.0,74.9,94.8,42.2,1.06,51.2,21.84,J17WL,684.5,A,2024-11-19
2008-03-16,0.0,54.8,71.6,88.4,39.9,5.02,40.48,23.68,J17WL,684.29,A,2024-11-19
2008-03-17,0.0,56.8,67.4,78.0,60.9,2.27,12.79,9.15,J17WL,684.31,A,2024-11-19
2008-03-18,0.05,67.0,74.7,82.5,66.4,1.49,15.7,10.16,J17WL,684.79,A,2024-11-19
2008-03-19,0.18,48.2,63.5,78.8,53.4,0.99,13.63,13.04,J17WL,684.88,A,2024-11-19
2008-03-20,0.0,38.4,55.0,71.7,31.6,1.43,22.15,24.08,J17WL,684.79,A,2024-11-19
2008-03-21,0.0,38.3,56.6,75.0,35.2,1.04,24.56,24.23,J17WL,684.67,A,2024-11-19
2008-03-22,0.0,47.7,63.9,80.0,45.3,0.98,26.76,22.36,J17WL,684.77,A,2024-11-19
2008-03-23,0.0,50.8,65.4,79.9,49.8,1.09,23.01,22.66,J17WL,684.57,A,2024-11-19
2008-03-24,0.0,50.2,60.7,71.2,35.7,5.55,19.79,17.94,J17WL,684.53,A,2024-11-19
2008-03-25,0.0,48.4,59.2,70.0,37.8,1.52,18.21,22.72,J17WL,684.15,A,2024-11-19
2008-03-26,0.0,48.9,63.5,78.1,55.4,1.02,19.3,20.33,J17WL,684.08,A,2024-11-19
2008-03-27,0.0,63.7,75.4,87.2,60.9,2.08,28.68,19.74,J17WL,683.89,A,2024-11-19
2008-03-28,0.0,64.4,74.7,85.0,61.4,2.28,23.77,14.28,J17WL,683.44,A,2024-11-19
2008-03-29,0.02,56.8,65.9,75.0,59.3,0.69,10.01,6.21,J17WL,683.58,A,2024-11-19
2008-03-30,0.05,57.6,68.0,78.3,64.3,0.61,10.87,8.71,J17WL,683.83,A,2024-11-19
2008-03-31,0.04,69.3,75.8,82.4,68.8,0.48,15.0,7.36,J17WL,683.92,A,2024-11-19
2008-04-01,0.0,69.8,74.3,78.8,69.3,0.69,9.46,7.25,J17WL,684.0,A,2024-11-19
2008-04-02,0.0,61.9,73.7,85.5,60.1,0.88,21.73,15.83,J17WL,683.89,A,2024-11-19
2008-04-03,0.0,61.9,70.0,78.1,64.1,2.18,11.57,8.23,J17WL,683.95,A,2024-11-19
2008-04-04,0.0,68.5,75.7,82.9,67.2,1.5,16.33,9.67,J17WL,683.98,A,2024-11-19
2008-04-05,0.0,45.5,60.3,75.2,49.9,1.22,18.74,17.37,J17WL,683.98,A,2024-11-19
2008-04-06,0.0,46.3,63.3,80.2,43.2,0.86,28.54,26.13,J17WL,683.85,A,2024-11-19
2008-04-07,0.0,58.5,71.2,83.9,59.0,0.9,23.75,22.58,J17WL,683.29,A,2024-11-19
2008-04-08,0.0,67.2,77.8,88.4,63.8,1.69,28.71,19.53,J17WL,682.58,A,2024-11-19
2008-04-09,0.0,70.7,79.6,88.4,65.7,3.13,26.73,20.27,J17WL,682.23,A,2024-11-19
2008-04-10,0.08,63.9,71.7,79.6,69.3,1.64,9.36,5.57,J17WL,682.2,A,2024-11-19
2008-04-11,0.01,61.9,75.1,88.2,48.7,2.72,34.78,22.76,J17WL,681.77,A,2024-11-19
2008-04-12,0.0,56.4,70.8,85.2,36.3,7.43,35.92,24.39,J17WL,681.14,A,2024-11-19
2008-04-13,0.0,42.7,59.2,75.6,33.3,2.76,23.71,25.42,J17WL,680.88,A,2024-11-19
2008-04-14,0.0,42.8,60.7,78.5,30.4,3.48,28.27,25.9,J17WL,680.13,A,2024-11-19
2008-04-15,0.0,42.9,59.4,75.9,32.4,2.48,24.81,27.29,J17WL,679.59,A,2024-11-19
2008-04-16,0.0,45.5,62.8,80.1,46.8,2.08,26.01,26.7,J17WL,678.99,A,2024-11-19
2008-04-17,0.0,57.4,68.2,79.0,57.8,2.07,17.38,14.46,J17WL,678.91,A,2024-11-19
2008-04-18,0.84,53.1,69.2,85.4,57.5,1.08,24.68,22.16,J17WL,679.18,A,2024-11-19
2008-04-19,0.0,46.2,61.7,77.2,39.3,1.65,25.66,25.55,J17WL,679.72,A,2024-11-19
2008-04-20,0.0,48.3,66.2,84.1,46.3,1.16,31.51,26.87,J17WL,680.05,A,2024-11-19
2008-04-21,0.0,60.8,71.8,82.8,65.2,1.33,16.79,12.1,J17WL,679.76,A,2024-11-19
2008-04-22,0.0,70.7,76.6,82.5,69.1,1.32,14.26,8.82,J17WL,679.66,A,2024-11-19
2008-04-23,0.0,71.1,79.7,88.4,68.3,2.07,23.33,21.43,J17WL,679.53,A,2024-11-19
2008-04-24,0.0,70.4,78.9,87.3,65.7,2.34,25.42,12.39,J17WL,679.4,A,2024-11-19
2008-04-25,0.0,70.9,78.0,85.2,67.3,3.07,19.41,16.47,J17WL,679.39,A,2024-11-19
2008-04-26,0.47,63.8,72.9,82.1,67.3,1.07,12.66,10.67,J17WL,679.59,A,2024-11-19
2008-04-27,0.02,63.3,73.3,83.3,62.3,1.5,19.63,24.51,J17WL,680.02,A,2024-11-19
2008-04-28,0.0,47.0,61.3,75.5,49.1,1.76,14.43,13.91,J17WL,679.94,A,2024-11-19
2008-04-29,0.0,44.5,61.2,78.0,36.9,2.04,27.29,27.38,J17WL,679.85,A,2024-11-19
2008-04-30,0.0,48.4,64.7,81.1,42.3,1.95,29.65,27.68,J17WL,679.38,A,2024-11-19
2008-05-01,0.0,56.6,70.9,85.2,61.7,2.48,23.89,25.93,J17WL,678.8,A,2024-11-19
2008-05-02,0.0,71.1,78.9,86.7,67.5,3.58,22.31,16.51,J17WL,678.3,A,2024-11-19
2008-05-03,0.0,67.4,79.1,90.8,57.8,5.4,37.44,23.85,J17WL,677.58,A,2024-11-19
2008-05-04,0.0,59.2,69.7,80.1,43.2,6.15,26.26,25.97,J17WL,677.1,A,2024-11-19
2008-05-05,0.02,60.4,70.5,80.5,59.9,1.36,19.37,16.84,J17WL,676.81,A,2024-11-19
2008-05-06,0.0,69.7,77.8,86.0,67.6,1.31,21.41,15.19,J17WL,676.61,A,2024-11-19
2008-05-07,0.0,68.2,77.7,87.2,66.9,2.09,24.66,15.3,J17WL,676.27,A,2024-11-19
2008-05-08,0.0,56.9,74.8,92.6,50.4,2.65,42.23,18.46,J17WL,675.51,A,2024-11-19
2008-05-09,0.0,61.7,77.8,94.0,57.9,1.62,42.67,27.54,J17WL,674.69,A,2024-11-19
2008-05-10,0.0,69.6,82.2,94.8,69.7,1.39,34.73,24.84,J17WL,674.16,A,2024-11-19
2008-05-11,0.0,72.5,84.4,96.4,69.0,2.27,34.67,20.97,J17WL,673.6,A,2024-11-19
2008-05-12,0.0,65.6,74.7,83.8,38.2,11.97,33.21,24.43,J17WL,673.09,A,2024-11-19
2008-05-13,0.0,66.1,72.3,78.6,61.8,2.32,15.42,10.33,J17WL,672.88,A,2024-11-19
2008-05-14,0.26,65.9,78.6,91.3,71.1,0.86,23.67,16.35,J17WL,672.99,A,2024-11-19
2008-05-15,0.21,66.0,78.1,90.3,68.4,1.3,21.59,19.17,J17WL,673.57,A,2024-11-19
2008-05-16,0.05,63.0,72.4,81.9,60.8,2.41,18.17,21.22,J17WL,673.87,A,2024-11-19
2008-05-17,0.0,62.9,72.3,81.7,52.4,3.78,25.95,24.82,J17WL,674.39,A,2024-11-19
2008-05-18,0.0,56.5,67.2,77.8,55.6,1.29,18.78,16.39,J17WL,674.55,A,2024-11-19
2008-05-19,0.0,58.6,75.4,92.1,51.9,2.91,41.57,27.82,J17WL,673.92,A,2024-11-19
2008-05-20,0.0,63.9,79.5,95.1,55.2,3.91,45.28,29.02,J17WL,673.02,A,2024-11-19
2008-05-21,0.0,69.3,83.6,97.9,64.4,1.87,46.65,28.04,J17WL,672.5,A,2024-11-19
2008-05-22,0.15,70.2,82.8,95.3,68.3,1.89,38.05,25.07,J17WL,672.11,A,2024-11-19
2008-05-23,0.0,75.9,84.7,93.5,71.9,3.67,29.58,20.35,J17WL,672.22,A,2024-11-19
2008-05-24,0.0,75.6,86.7,97.8,72.2,2.87,36.12,25.62,J17WL,672.45,A,2024-11-19
2008-05-25,0.0,76.9,86.7,96.6,72.1,3.96,34.58,24.79,J17WL,672.33,A,2024-11-19
2008-05-26,0.0,77.2,86.6,96.0,71.3,4.28,36.13,23.23,J17WL,672.27,A,2024-11-19
2008-05-27,0.0,77.1,85.5,94.0,71.5,4.48,30.14,19.99,J17WL,671.83,A,2024-11-19
2008-05-28,0.0,72.9,84.0,95.0,68.3,2.96,35.17,23.51,J17WL,671.16,A,2024-11-19
2008-05-29,0.0,72.1,82.8,93.6,65.9,2.4,35.34,25.68,J17WL,670.6,A,2024-11-19
2008-05-30,0.0,70.3,81.2,92.1,65.4,2.79,32.83,24.27,J17WL,669.82,A,2024-11-19
2008-05-31,0.0,71.0,82.1,93.2,64.8,2.65,37.11,25.66,J17WL,669.55,A,2024-11-19
2008-06-01,0.0,74.6,85.1,95.5,67.3,3.78,38.2,26.42,J17WL,669.07,A,2024-11-19
2008-06-02,0.0,74.6,85.9,97.2,66.2,4.43,42.4,27.5,J17WL,667.89,A,2024-11-19
2008-06-03,0.0,74.6,85.7,96.9,68.3,3.23,40.23,25.74,J17WL,667.1,A,2024-11-19
2008-06-04,0.0,74.5,86.1,97.7,67.1,3.99,43.05,26.74,J17WL,666.45,A,2024-11-19
2008-06-05,0.0,77.2,86.8,96.3,69.4,7.12,36.71,23.04,J17WL,665.62,A,2024-11-19
2008-06-06,0.0,78.4,85.3,92.3,71.2,7.12,25.71,12.15,J17WL,665.31,A,2024-11-19
2008-06-07,0.08,76.8,86.3,95.8,71.4,3.81,33.77,18.84,J17WL,665.03,A,2024-11-19
2008-06-08,0.03,76.3,86.2,96.1,71.1,3.61,34.9,21.61,J17WL,665.11,A,2024-11-19
2008-06-09,0.0,76.5,86.4,96.2,69.8,4.09,36.43,24.33,J17WL,664.42,A,2024-11-19
2008-06-10,0.0,76.3,86.5,96.7,68.5,4.58,39.24,25.41,J17WL,663.2,A,2024-11-19
2008-06-11,0.0,75.5,86.6,97.6,68.7,4.37,41.86,24.63,J17WL,662.63,A,2024-11-19
2008-06-12,0.0,75.4,85.9,96.4,68.0,4.09,39.3,26.17,J17WL,661.81,A,2024-11-19
2008-06-13,0.0,75.5,86.1,96.7,68.2,3.67,39.56,25.03,J17WL,661.13,A,2024-11-19
2008-06-14,0.0,76.4,86.8,97.2,69.2,4.52,39.24,24.0,J17WL,660.8,A,2024-11-19
2008-06-15,0.0,74.0,85.5,97.1,68.3,2.94,39.5,24.41,J17WL,660.47,A,2024-11-19
2008-06-16,0.0,74.2,86.0,97.7,67.3,2.68,41.55,27.52,J17WL,659.92,A,2024-11-19
2008-06-17,0.0,73.9,86.2,98.6,67.4,2.36,44.5,27.82,J17WL,659.13,A,2024-11-19
2008-06-18,0.0,73.9,86.0,98.1,66.6,3.92,42.79,25.84,J17WL,658.86,A,2024-11-19
2008-06-19,0.0,72.0,85.3,98.6,64.0,4.63,45.78,24.28,J17WL,657.96,A,2024-11-19
2008-06-20,0.0,74.6,87.7,100.8,64.2,4.59,51.81,28.14,J17WL,657.79,A,2024-11-19
2008-06-21,0.0,71.0,81.8,92.7,65.4,3.52,31.84,21.37,J17WL,658.12,A,2024-11-19
2008-06-22,0.0,71.7,84.1,96.5,64.4,5.89,40.09,25.07,J17WL,658.87,A,2024-11-19
2008-06-23,0.0,72.0,85.5,98.9,60.1,6.43,49.23,26.89,J17WL,658.52,A,2024-11-19
2008-06-24,0.0,73.1,85.1,97.0,62.9,2.82,45.77,21.59,J17WL,657.89,A,2024-11-19
2008-06-25,0.0,75.5,86.0,96.5,67.6,3.58,42.35,23.62,J17WL,657.62,A,2024-11-19
2008-06-26,0.0,74.8,85.9,96.9,66.7,2.94,42.17,27.0,J17WL,657.54,A,2024-11-19
2008-06-27,0.0,75.9,86.6,97.2,67.5,4.35,41.72,25.94,J17WL,657.32,A,2024-11-19
2008-06-28,0.0,75.3,86.9,98.6,67.3,3.95,44.32,26.8,J17WL,657.56,A,2024-11-19
2008-06-29,0.0,73.5,85.6,97.7,67.3,3.02,41.6,26.26,J17WL,657.77,A,2024-11-19
2008-06-30,0.0,75.9,86.3,96.7,67.8,4.75,40.76,22.73,J17WL,657.45,A,2024-11-19
2008-07-01,0.0,74.8,84.3,93.7,66.3,5.72,36.16,17.31,J17WL,658.39,A,2024-11-19
2008-07-02,0.2,67.8,80.1,92.4,66.5,1.68,33.06,14.57,J17WL,659.65,A,2024-11-19
2008-07-03,0.0,71.0,79.9,88.7,68.3,2.57,24.38,22.6,J17WL,661.12,A,2024-11-19
2008-07-04,0.1,69.3,78.4,87.6,69.4,0.8,22.31,16.64,J17WL,662.75,A,2024-11-19
2008-07-05,0.08,68.7,78.3,87.8,69.1,0.55,21.67,16.69,J17WL,663.74,A,2024-11-19
2008-07-06,0.0,68.5,80.2,91.9,67.7,1.42,30.11,19.23,J17WL,664.64,A,2024-11-19
2008-07-07,0.03,70.8,81.4,91.9,66.6,3.19,32.5,21.0,J17WL,665.67,A,2024-11-19
2008-07-08,0.78,71.0,81.2,91.4,70.7,0.75,25.94,10.32,J17WL,667.25,A,2024-11-19
2008-07-09,0.56,71.6,80.3,89.0,71.4,1.08,20.44,13.13,J17WL,668.2,A,2024-11-19
2008-07-10,0.0,73.9,83.6,93.2,70.9,1.64,31.13,23.61,J17WL,668.77,A,2024-11-19
2008-07-11,0.0,74.7,83.8,92.9,69.3,2.03,32.12,24.48,J17WL,668.96,A,2024-11-19
2008-07-12,0.0,71.9,83.1,94.3,69.1,2.03,33.2,25.54,J17WL,669.29,A,2024-11-19
2008-07-13,0.0,73.5,83.9,94.3,69.5,2.23,32.83,27.52,J17WL,669.54,A,2024-11-19
2008-07-14,0.0,73.7,85.0,96.3,68.6,2.09,37.47,24.55,J17WL,669.07,A,2024-11-19
2008-07-15,0.0,74.4,86.3,98.3,67.2,2.81,45.87,27.3,J17WL,668.66,A,2024-11-19
2008-07-16,0.0,74.5,86.4,98.4,67.7,2.74,43.52,26.82,J17WL,668.35,A,2024-11-19
2008-07-17,0.0,74.1,84.1,94.1,67.4,2.93,35.96,21.58,J17WL,667.86,A,2024-11-19
2008-07-18,0.0,73.6,84.7,95.9,66.7,3.08,39.35,26.33,J17WL,667.5,A,2024-11-19
2008-07-19,0.0,74.1,84.5,94.9,66.7,2.61,38.22,26.9,J17WL,667.0,A,2024-11-19
2008-07-20,0.0,72.6,84.2,95.7,66.0,2.12,40.25,25.24,J17WL,666.7,A,2024-11-19
2008-07-21,0.0,74.0,85.7,97.3,67.7,3.19,40.54,23.72,J17WL,666.25,A,2024-11-19
2008-07-22,0.0,72.1,85.4,98.8,61.4,4.98,49.62,26.33,J17WL,665.79,A,2024-11-19
2008-07-23,0.0,75.1,86.8,98.5,67.6,4.11,43.43,27.04,J17WL,666.48,A,2024-11-19
2008-07-24,0.23,73.6,82.9,92.2,71.1,1.12,27.74,15.86,J17WL,668.45,A,2024-11-19
2008-07-25,1.3,72.5,75.6,78.8,73.7,0.0,5.28,5.96,J17WL,669.56,A,2024-11-19
2008-07-26,0.0,74.8,83.6,92.4,71.8,1.49,28.66,22.71,J17WL,670.27,A,2024-11-19
2008-07-27,0.0,73.4,83.6,93.8,69.0,1.18,34.07,25.05,J17WL,670.92,A,2024-11-19
2008-07-28,0.0,73.5,84.1,94.8,68.3,1.84,35.82,27.81,J17WL,670.8,A,2024-11-19
2008-07-29,0.0,73.5,84.7,95.8,70.0,1.4,36.55,26.3,J17WL,670.21,A,2024-11-19
2008-07-30,0.0,73.6,84.1,94.5,70.1,1.45,33.84,25.14,J17WL,670.09,A,2024-11-19
2008-07-31,0.0,75.5,84.2,92.9,71.2,3.42,28.79,20.88,J17WL,669.61,A,2024-11-19
2008-08-01,0.0,77.3,86.4,95.6,71.4,4.03,33.98,24.6,J17WL,669.37,A,2024-11-19
2008-08-02,0.0,77.4,86.3,95.1,71.3,4.54,33.72,22.76,J17WL,669.0,A,2024-11-19
2008-08-03,0.0,75.3,85.9,96.4,69.8,2.46,37.73,22.6,J17WL,669.13,A,2024-11-19
2008-08-04,0.0,73.6,86.1,98.4,65.5,3.18,45.08,27.21,J17WL,668.36,A,2024-11-19
2008-08-05,0.0,74.6,86.5,98.3,65.7,6.59,42.69,26.68,J17WL,668.0,A,2024-11-19
2008-08-06,0.07,75.0,85.3,95.6,68.5,3.8,37.28,17.1,J17WL,668.29,A,2024-11-19
2008-08-07,0.0,75.6,85.0,94.3,70.3,3.55,33.13,21.86,J17WL,667.89,A,2024-11-19
2008-08-08,0.0,74.9,85.2,95.5,67.8,2.56,39.02,25.39,J17WL,667.39,A,2024-11-19
2008-08-09,0.0,74.1,85.5,97.0,67.2,2.98,41.37,25.47,J17WL,667.15,A,2024-11-19
2008-08-10,0.0,73.9,85.8,97.6,67.6,2.38,42.45,24.43,J17WL,666.87,A,2024-11-19
2008-08-11,0.0,75.3,87.1,98.9,69.7,2.72,42.13,25.48,J17WL,666.07,A,2024-11-19
2008-08-12,0.0,77.9,87.0,96.1,71.5,4.98,35.77,18.22,J17WL,666.72,A,2024-11-19
2008-08-13,0.47,72.2,78.8,85.3,71.2,1.76,19.11,9.21,J17WL,667.86,A,2024-11-19
2008-08-14,0.0,73.4,85.3,97.2,67.5,2.69,43.22,24.15,J17WL,668.18,A,2024-11-19
2008-08-15,0.0,75.4,86.5,97.5,69.4,2.72,42.94,23.54,J17WL,668.26,A,2024-11-19
2008-08-16,0.01,74.1,85.2,96.2,69.9,2.48,37.55,21.88,J17WL,668.86,A,2024-11-19
2008-08-17,0.01,74.0,84.4,94.8,69.8,3.22,34.36,20.25,J17WL,669.44,A,2024-11-19
2008-08-18,0.01,74.6,79.8,85.0,71.3,1.61,16.0,10.71,J17WL,670.51,A,2024-11-19
2008-08-19,1.89,72.2,75.7,79.3,72.3,0.66,7.1,6.36,J17WL,671.57,A,2024-11-19
2008-08-20,2.0,69.8,78.7,87.5,71.3,0.79,19.13,15.24,J17WL,672.55,A,2024-11-19
2008-08-21,0.0,70.5,79.6,88.7,70.4,0.78,23.06,20.74,J17WL,673.17,A,2024-11-19
2008-08-22,0.0,76.3,84.2,92.0,73.1,2.83,26.11,18.03,J17WL,673.41,A,2024-11-19
2008-08-23,0.7,72.6,80.5,88.4,72.2,1.15,18.42,15.4,J17WL,673.86,A,2024-11-19
2008-08-24,0.07,70.8,78.4,85.9,71.4,1.05,16.06,11.49,J17WL,674.34,A,2024-11-19
2008-08-25,0.62,72.3,81.0,89.6,70.8,2.0,22.58,14.14,J17WL,674.61,A,2024-11-19
2008-08-26,0.01,72.5,82.3,92.0,69.8,2.8,28.86,23.25,J17WL,675.09,A,2024-11-19
2008-08-27,0.0,73.8,82.6,91.3,71.0,2.84,27.01,22.43,J17WL,675.47,A,2024-11-19
2008-08-28,0.03,75.4,83.0,90.6,71.7,2.56,24.2,20.57,J17WL,675.69,A,2024-11-19
2008-08-29,0.29,75.1,83.2,91.3,72.8,1.28,24.58,19.17,J17WL,675.69,A,2024-11-19
2008-08-30,0.0,72.3,80.4,88.5,71.1,1.92,20.44,17.55,J17WL,675.91,A,2024-11-19
2008-08-31,0.0,71.1,81.1,91.0,69.6,1.74,26.65,20.01,J17WL,676.14,A,2024-11-19
2008-09-01,0.0,71.3,81.3,91.4,68.5,1.85,28.13,23.79,J17WL,675.85,A,2024-11-19
2008-09-02,0.0,71.6,83.2,94.8,66.4,4.06,36.31,22.92,J17WL,675.14,A,2024-11-19
2008-09-03,0.0,72.7,85.4,98.1,66.4,5.62,42.91,24.42,J17WL,674.78,A,2024-11-19
2008-09-04,0.0,71.5,82.4,93.4,64.9,6.92,33.16,23.98,J17WL,674.33,A,2024-11-19
2008-09-05,0.0,70.3,81.4,92.5,63.1,5.71,33.65,23.63,J17WL,673.96,A,2024-11-19
2008-09-06,0.0,67.9,79.8,91.7,64.4,3.0,31.72,23.88,J17WL,673.97,A,2024-11-19
2008-09-07,0.0,65.9,78.3,90.7,64.1,1.74,31.17,21.9,J17WL,673.27,A,2024-11-19
2008-09-08,0.22,66.6,78.4,90.2,66.6,1.43,30.95,23.1,J17WL,673.17,A,2024-11-19
2008-09-09,0.0,73.4,82.5,91.6,70.2,1.41,28.75,18.51,J17WL,673.47,A,2024-11-19
2008-09-10,0.19,74.3,82.1,90.0,71.4,1.49,25.93,16.62,J17WL,673.75,A,2024-11-19
2008-09-11,0.0,74.5,82.1,89.8,70.8,1.26,24.88,18.06,J17WL,673.86,A,2024-11-19
2008-09-12,0.0,74.9,83.9,92.8,70.4,2.15,30.48,19.33,J17WL,673.96,A,2024-11-19
2008-09-13,0.0,76.4,86.0,95.6,69.0,6.36,35.76,19.65,J17WL,674.11,A,2024-11-19
2008-09-14,0.05,76.5,87.7,99.0,69.7,4.3,42.24,19.14,J17WL,673.42,A,2024-11-19
2008-09-15,0.05,69.8,80.2,90.5,62.1,6.52,30.8,14.48,J17WL,672.76,A,2024-11-19
2008-09-16,0.0,58.9,68.3,77.8,46.9,5.18,23.02,15.72,J17WL,672.6,A,2024-11-19
2008-09-17,0.0,58.5,70.8,83.1,44.4,5.33,31.18,19.3,J17WL,672.46,A,2024-11-19
2008-09-18,0.0,58.7,70.6,82.6,51.2,4.92,27.25,18.89,J17WL,672.2,A,2024-11-19
2008-09-19,0.0,61.4,70.9,80.5,56.4,3.28,20.73,16.15,J17WL,672.21,A,2024-11-19
2008-09-20,0.0,60.3,73.2,86.2,56.1,2.77,28.01,21.5,J17WL,672.04,A,2024-11-19
2008-09-21,0.0,61.0,74.9,88.8,58.2,2.41,31.8,22.5,J17WL,671.62,A,2024-11-19
2008-09-22,0.0,64.7,77.1,89.5,61.8,1.71,31.36,20.94,J17WL,671.03,A,2024-11-19
2008-09-23,0.0,66.6,78.2,89.7,64.6,1.98,29.47,20.88,J17WL,670.42,A,2024-11-19
2008-09-24,0.0,70.3,79.9,89.5,67.4,2.47,26.96,17.44,J17WL,670.5,A,2024-11-19
2008-09-25,0.0,68.9,79.2,89.5,64.5,3.8,28.9,18.33,J17WL,670.52,A,2024-11-19
2008-09-26,0.0,59.4,73.3,87.3,54.1,3.08,32.12,20.19,J17WL,670.3,A,2024-11-19
2008-09-27,0.0,59.1,73.0,86.8,53.5,3.46,30.81,21.33,J17WL,670.28,A,2024-11-19
2008-09-28,0.0,59.4,73.9,88.5,51.8,4.34,33.41,20.41,J17WL,670.15,A,2024-11-19
2008-09-29,0.0,57.9,73.5,89.2,49.7,3.84,36.13,21.46,J17WL,669.37,A,2024-11-19
2008-09-30,0.0,56.9,73.3,89.8,48.3,4.03,38.77,22.01,J17WL,669.0,A,2024-11-19
2008-10-01,0.0,58.0,75.6,93.1,49.9,5.66,42.94,21.61,J17WL,668.84,A,2024-11-19
2008-10-02,0.0,60.8,75.4,90.0,48.7,6.41,36.26,21.24,J17WL,668.69,A,2024-11-19
2008-10-03,0.0,60.1,74.7,89.3,55.6,2.76,33.89,21.7,J17WL,668.32,A,2024-11-19
2008-10-04,0.0,61.2,75.7,90.3,60.1,1.04,32.89,21.04,J17WL,668.46,A,2024-11-19
2008-10-05,0.0,61.2,74.7,88.2,59.9,1.03,30.44,19.2,J17WL,668.43,A,2024-11-19
2008-10-06,0.0,67.6,78.3,88.9,64.3,3.68,28.77,17.24,J17WL,667.86,A,2024-11-19
2008-10-07,0.0,70.3,78.6,86.9,66.6,3.38,22.98,9.48,J17WL,667.86,A,2024-11-19
2008-10-08,0.0,51.6,69.3,86.9,45.4,3.89,36.03,19.76,J17WL,667.71,A,2024-11-19
2008-10-09,0.0,51.0,69.0,87.1,41.8,3.61,36.15,20.93,J17WL,667.61,A,2024-11-19
2008-10-10,0.0,52.6,70.0,87.4,47.0,2.56,35.99,20.52,J17WL,667.44,A,2024-11-19
2008-10-11,0.0,58.7,73.6,88.5,59.7,2.12,31.53,19.87,J17WL,667.56,A,2024-11-19
2008-10-12,0.0,69.6,79.4,89.2,65.2,3.76,28.01,12.72,J17WL,667.65,A,2024-11-19
2008-10-13,0.09,68.7,76.5,84.2,66.9,1.26,17.93,7.21,J17WL,667.47,A,2024-11-19
2008-10-14,0.04,69.3,78.0,86.8,69.4,0.97,18.51,8.85,J17WL,667.89,A,2024-11-19
2008-10-15,0.0,69.9,79.3,88.7,67.4,1.2,29.13,15.21,J17WL,668.28,A,2024-11-19
2008-10-16,0.25,64.3,73.5,82.8,65.1,1.36,14.14,9.11,J17WL,668.73,A,2024-11-19
2008-10-17,0.0,56.6,66.5,76.4,54.8,1.71,15.96,11.45,J17WL,668.9,A,2024-11-19
2008-10-18,0.0,54.4,67.6,80.9,52.2,1.57,24.91,19.33,J17WL,669.45,A,2024-11-19
2008-10-19,0.0,52.7,67.8,82.9,49.0,1.68,28.17,19.47,J17WL,669.1,A,2024-11-19
2008-10-20,0.0,52.7,67.7,82.8,51.8,1.58,26.56,19.28,J17WL,668.7,A,2024-11-19
2008-10-21,0.0,55.6,69.0,82.4,55.3,1.09,23.7,18.62,J17WL,668.66,A,2024-11-19
2008-10-22,0.0,56.3,69.1,81.8,60.6,0.71,20.49,15.15,J17WL,668.68,A,2024-11-19
2008-10-23,0.0,57.3,71.1,84.9,48.5,1.42,26.32,16.15,J17WL,668.61,A,2024-11-19
2008-10-24,0.0,41.3,55.5,69.7,31.1,2.42,20.23,13.85,J17WL,668.52,A,2024-11-19
2008-10-25,0.0,40.9,60.2,79.5,39.8,1.9,26.67,18.57,J17WL,668.72,A,2024-11-19
2008-10-26,0.0,49.9,66.6,83.2,53.9,1.16,27.6,18.26,J17WL,668.68,A,2024-11-19
2008-10-27,0.01,60.9,72.8,84.8,57.0,2.18,22.83,12.34,J17WL,668.13,A,2024-11-19
2008-10-28,0.0,37.9,54.0,70.1,22.3,3.01,22.61,17.71,J17WL,668.02,A,2024-11-19
2008-10-29,0.0,38.0,54.5,71.0,26.9,2.0,21.57,17.92,J17WL,668.16,A,2024-11-19
2008-10-30,0.0,38.4,58.0,77.5,44.8,0.8,23.92,17.34,J17WL,668.03,A,2024-11-19
2008-10-31,0.0,49.1,65.1,81.1,54.7,0.88,23.56,16.15,J17WL,667.8,A,2024-11-19
2008-11-01,0.0,54.3,67.7,81.1,55.5,0.96,21.74,12.81,J17WL,668.14,A,2024-11-19
2008-11-02,0.0,52.5,66.8,81.0,53.8,0.87,22.71,14.2,J17WL,668.22,A,2024-11-19
2008-11-03,0.0,52.3,66.6,81.0,54.4,0.59,23.76,15.43,J17WL,667.84,A,2024-11-19
2008-11-04,0.0,55.8,68.5,81.3,56.2,1.18,23.48,14.27,J17WL,667.77,A,2024-11-19
2008-11-05,0.0,63.8,74.0,84.1,61.4,1.89,24.61,11.38,J17WL,667.82,A,2024-11-19
2008-11-06,0.02,65.6,75.5,85.3,63.3,2.21,24.91,11.17,J17WL,667.69,A,2024-11-19
2008-11-07,0.0,48.2,64.1,80.0,35.1,3.67,30.0,11.24,J17WL,667.77,A,2024-11-19
2008-11-08,0.0,42.7,58.8,74.9,32.5,2.98,24.58,16.6,J17WL,667.94,A,2024-11-19
2008-11-09,0.0,42.8,60.6,78.4,36.8,2.04,26.86,16.67,J17WL,668.2,A,2024-11-19
2008-11-10,0.0,45.7,62.8,79.8,49.7,2.18,26.03,14.89,J17WL,667.95,A,2024-11-19
2008-11-11,0.0,67.4,74.2,81.0,66.0,1.77,16.49,7.96,J17WL,668.07,A,2024-11-19
2008-11-12,0.0,57.1,69.3,81.5,60.3,1.13,17.87,9.68,J17WL,667.7,A,2024-11-19
2008-11-13,0.01,56.5,70.0,83.5,51.6,1.42,31.5,14.25,J17WL,667.67,A,2024-11-19
2008-11-14,0.0,55.4,67.0,78.6,57.5,0.59,18.97,14.14,J17WL,667.61,A,2024-11-19
2008-11-15,0.0,51.3,66.0,80.8,46.5,0.97,22.01,10.77,J17WL,667.53,A,2024-11-19
2008-11-16,0.0,32.4,47.6,62.7,20.5,2.28,16.87,15.94,J17WL,667.9,A,2024-11-19
2008-11-17,0.0,32.4,49.6,66.8,22.1,2.28,18.92,15.7,J17WL,667.71,A,2024-11-19
2008-11-18,0.0,35.5,54.2,72.9,25.1,2.51,23.75,15.57,J17WL,667.61,A,2024-11-19
2008-11-19,0.0,39.2,57.6,75.9,31.8,1.98,25.79,15.61,J17WL,667.37,A,2024-11-19
2008-11-20,0.0,39.9,58.0,76.1,44.9,0.58,21.9,15.21,J17WL,667.53,A,2024-11-19
2008-11-21,0.0,46.5,62.6,78.7,41.2,0.93,21.36,13.97,J17WL,667.25,A,2024-11-19
2008-11-22,0.0,45.4,50.8,56.2,25.8,5.77,11.06,9.7,J17WL,667.85,A,2024-11-19
2008-11-23,0.0,51.2,56.0,60.7,45.4,1.22,7.99,3.77,J17WL,668.19,A,2024-11-19
2008-11-24,0.0,58.5,66.5,74.5,60.1,0.47,11.84,5.31,J17WL,668.0,A,2024-11-19
2008-11-25,0.0,38.0,56.6,75.2,39.1,0.72,19.86,11.26,J17WL,667.65,A,2024-11-19
2008-11-26,0.0,37.8,53.8,69.9,28.8,2.46,20.49,14.6,J17WL,667.65,A,2024-11-19
2008-11-27,0.0,46.0,60.3,74.5,53.2,0.44,13.29,7.96,J17WL,667.92,A,2024-11-19
2008-11-28,0.0,58.6,65.1,71.6,62.9,0.1,5.91,6.44,J17WL,668.11,A,2024-11-19
2008-11-29,0.0,51.5,63.7,75.9,57.2,0.76,10.5,5.42,J17WL,668.33,A,2024-11-19
2008-11-30,0.0,48.3,60.5,72.7,41.4,1.57,18.92,12.11,J17WL,668.59,A,2024-11-19
2008-12-01,0.0,50.4,58.7,67.0,29.2,6.72,17.71,11.16,J17WL,668.13,A,2024-11-19
2008-12-02,0.0,32.0,48.7,65.3,19.9,2.31,18.14,11.3,J17WL,667.94,A,2024-11-19
2008-12-03,0.0,32.8,54.0,75.1,38.5,1.06,23.99,14.33,J17WL,668.11,A,2024-11-19
2008-12-04,0.0,40.3,58.4,76.6,42.9,1.05,17.41,10.35,J17WL,668.02,A,2024-11-19
2008-12-05,0.0,37.1,48.4,59.6,19.8,3.95,13.52,13.95,J17WL,668.2,A,2024-11-19
2008-12-06,0.0,29.6,41.8,53.9,17.7,2.07,11.3,9.2,J17WL,668.73,A,2024-11-19
2008-12-07,0.0,30.6,50.0,69.3,25.9,1.88,19.58,14.12,J17WL,668.85,A,2024-11-19
2008-12-08,0.0,35.5,53.0,70.4,39.6,0.87,19.25,14.15,J17WL,668.66,A,2024-11-19
2008-12-09,0.0,54.7,65.5,76.4,61.4,1.13,12.93,5.82,J17WL,668.65,A,2024-11-19
2008-12-10,0.25,35.1,58.6,82.1,43.1,0.47,24.41,11.04,J17WL,668.65,A,2024-11-19
2008-12-11,0.0,29.4,41.1,52.8,19.0,1.9,10.86,12.24,J17WL,669.01,A,2024-11-19
2008-12-12,0.0,31.7,50.0,68.4,26.3,1.52,19.33,14.17,J17WL,668.99,A,2024-11-19
2008-12-13,0.0,33.6,49.7,65.9,30.7,0.52,17.56,13.94,J17WL,669.29,A,2024-11-19
2008-12-14,0.0,38.4,55.7,73.1,49.6,0.02,16.79,11.26,J17WL,669.69,A,2024-11-19
2008-12-15,0.02,43.9,61.9,79.9,57.9,0.21,20.52,9.95,J17WL,669.11,A,2024-11-19
2008-12-16,0.0,32.2,38.2,44.1,23.6,1.34,4.53,2.86,J17WL,669.36,A,2024-11-19
2008-12-17,0.02,32.3,37.1,41.9,33.7,0.26,2.63,2.92,J17WL,669.57,A,2024-11-19
2008-12-18,0.02,40.8,47.7,54.6,47.7,0.0,1.78,1.51,J17WL,669.82,A,2024-11-19
2008-12-19,0.01,54.8,61.1,67.4,61.1,0.12,1.73,2.74,J17WL,669.81,A,2024-11-19
2008-12-20,0.0,63.7,71.2,78.8,64.7,0.13,13.59,7.48,J17WL,670.17,A,2024-11-19
2008-12-21,0.0,44.0,59.6,75.1,52.4,0.16,11.33,5.44,J17WL,670.4,A,2024-11-19
2008-12-22,0.0,34.1,39.6,45.0,9.1,4.53,8.04,4.04,J17WL,670.41,A,2024-11-19
2008-12-23,0.03,33.2,36.0,38.7,16.8,0.3,5.66,4.75,J17WL,670.62,A,2024-11-19
2008-12-24,0.03,35.9,45.3,54.7,44.7,0.06,1.45,2.5,J17WL,670.32,A,2024-11-19
2008-12-25,0.0,49.5,62.2,74.8,38.0,0.57,23.13,13.18,J17WL,670.45,A,2024-11-19
2008-12-26,0.0,54.1,62.2,70.4,57.5,2.22,7.55,3.97,J17WL,670.53,A,2024-11-19
2008-12-27,0.0,69.3,75.7,82.2,66.5,1.86,17.09,8.09,J17WL,670.43,A,2024-11-19
2008-12-28,0.04,43.8,60.2,76.5,27.4,4.24,20.81,9.31,J17WL,670.21,A,2024-11-19
2008-12-29,0.0,32.6,44.8,56.9,26.7,1.5,11.49,5.87,J17WL,669.89,A,2024-11-19
2008-12-30,0.0,33.0,52.1,71.1,24.2,1.74,22.33,14.25,J17WL,669.62,A,2024-11-19
2008-12-31,0.0,35.9,54.1,72.3,34.8,2.18,22.44,13.24,J17WL,669.51,A,2024-11-19
2009-01-01,0.0,46.3,56.5,66.7,31.3,3.78,16.35,11.47,J17WL,669.72,A,2024-11-19
2009-01-02,0.0,44.4,56.4,68.3,46.0,0.68,10.13,7.97,J17WL,669.49,A,2024-11-19
2009-01-03,0.0,46.8,58.4,69.9,57.1,0.07,6.65,6.37,J17WL,669.92,A,2024-11-19
2009-01-04,0.0,52.9,67.8,82.6,56.8,0.12,22.66,11.76,J17WL,669.8,A,2024-11-19
2009-01-05,0.0,39.3,48.8,58.3,32.9,0.45,7.73,3.92,J17WL,669.54,A,2024-11-19
2009-01-06,0.18,37.2,40.4,43.6,34.8,0.56,2.81,2.8,J17WL,669.63,A,2024-11-19
2009-01-07,0.14,34.6,51.9,69.1,34.2,0.38,18.51,10.17,J17WL,669.83,A,2024-11-19
2009-01-08,0.0,34.5,53.2,71.9,27.3,1.96,22.7,14.46,J17WL,669.98,A,2024-11-19
2009-01-09,0.0,38.7,59.7,80.6,45.9,0.66,28.97,14.66,J17WL,669.74,A,2024-11-19
2009-01-10,0.06,57.5,69.0,80.5,61.1,0.68,18.56,8.07,J17WL,669.56,A,2024-11-19
2009-01-11,0.0,41.1,50.7,60.4,25.3,4.59,12.7,11.95,J17WL,670.02,A,2024-11-19
2009-01-12,0.0,29.3,45.9,62.5,18.9,1.68,16.67,14.33,J17WL,669.86,A,2024-11-19
2009-01-13,0.0,29.0,46.8,64.5,22.1,1.66,16.91,14.91,J17WL,669.66,A,2024-11-19
2009-01-14,0.0,27.4,42.8,58.2,13.4,1.91,14.2,15.27,J17WL,669.72,A,2024-11-19
2009-01-15,0.0,28.1,46.7,65.4,27.5,1.25,16.35,15.33,J17WL,669.53,A,2024-11-19
2009-01-16,0.0,39.7,52.3,64.9,34.6,1.23,12.41,13.7,J17WL,669.39,A,2024-11-19
2009-01-17,0.0,40.4,44.7,48.9,28.9,3.0,6.62,3.56,J17WL,669.8,A,2024-11-19
2009-01-18,0.0,45.5,55.3,65.1,48.4,0.42,8.01,6.07,J17WL,670.02,A,2024-11-19
2009-01-19,0.0,39.7,58.4,77.0,25.1,1.25,28.63,15.3,J17WL,669.71,A,2024-11-19
2009-01-20,0.0,41.5,58.6,75.7,23.2,4.06,25.97,15.43,J17WL,669.38,A,2024-11-19
2009-01-21,0.0,32.0,49.6,67.1,16.4,2.83,20.85,15.86,J17WL,669.25,A,2024-11-19
2009-01-22,0.0,31.5,52.8,74.1,20.2,2.37,25.04,16.11,J17WL,669.36,A,2024-11-19
2009-01-23,0.0,37.6,57.9,78.3,38.9,1.44,27.03,15.61,J17WL,669.19,A,2024-11-19
2009-01-24,0.0,45.6,62.3,78.9,49.6,1.57,19.39,12.96,J17WL,669.24,A,2024-11-19
2009-01-25,0.0,36.7,44.9,53.1,26.1,2.07,8.95,14.59,J17WL,669.44,A,2024-11-19
2009-01-26,0.0,36.4,47.5,58.6,39.5,0.59,9.73,6.77,J17WL,669.11,A,2024-11-19
2009-01-27,0.0,55.2,66.4,77.6,59.7,0.27,15.2,5.66,J17WL,668.95,A,2024-11-19
2009-01-28,0.03,34.3,52.1,69.8,42.2,0.32,6.29,2.19,J17WL,668.89,A,2024-11-19
2009-01-29,0.0,31.6,45.1,58.7,27.0,1.2,11.91,15.91,J17WL,668.97,A,2024-11-19
2009-01-30,0.0,31.9,47.8,63.6,28.0,1.45,15.53,16.7,J17WL,668.77,A,2024-11-19
2009-01-31,0.0,30.5,48.1,65.6,17.6,1.58,19.2,17.01,J17WL,669.03,A,2024-11-19
2009-02-01,0.0,30.4,49.2,68.0,28.2,1.57,20.38,15.94,J17WL,669.2,A,2024-11-19
2009-02-02,0.0,43.5,60.3,77.2,39.3,1.33,22.26,15.5,J17WL,668.63,A,2024-11-19
2009-02-03,0.0,30.6,48.6,66.6,13.7,2.99,20.41,16.68,J17WL,668.5,A,2024-11-19
2009-02-04,0.0,31.1,52.7,74.2,15.8,2.9,26.29,17.65,J17WL,668.15,A,2024-11-19
2009-02-05,0.0,45.1,58.2,71.4,33.2,0.94,21.09,17.19,J17WL,667.82,A,2024-11-19
2009-02-06,0.0,48.2,61.8,75.3,45.8,0.7,23.16,15.96,J17WL,667.21,A,2024-11-19
2009-02-07,0.0,49.4,63.7,78.0,54.8,0.54,20.15,12.31,J17WL,667.42,A,2024-11-19
2009-02-08,0.0,55.6,65.8,75.9,55.5,0.2,16.3,6.75,J17WL,667.51,A,2024-11-19
2009-02-09,0.15,59.8,67.5,75.3,56.4,0.68,18.48,7.6,J17WL,667.32,A,2024-11-19
2009-02-10,0.07,63.1,71.3,79.5,58.0,0.62,22.35,12.99,J17WL,667.26,A,2024-11-19
2009-02-11,0.37,47.6,64.3,81.0,49.0,1.11,18.54,8.57,J17WL,667.26,A,2024-11-19
2009-02-12,0.0,42.8,59.9,76.9,27.9,3.05,27.15,18.31,J17WL,666.78,A,2024-11-19
2009-02-13,0.0,42.7,60.4,78.2,44.5,1.66,26.76,17.43,J17WL,666.39,A,2024-11-19
2009-02-14,0.0,58.8,68.9,79.1,54.8,1.22,18.08,8.82,J17WL,666.56,A,2024-11-19
2009-02-15,0.0,54.0,56.8,59.5,35.2,6.21,11.11,5.2,J17WL,666.48,A,2024-11-19
2009-02-16,0.0,53.8,61.9,70.1,39.4,5.49,17.14,9.23,J17WL,665.8,A,2024-11-19
2009-02-17,0.03,52.9,56.7,60.5,47.3,0.49,7.99,4.8,J17WL,665.44,A,2024-11-19
2009-02-18,0.04,55.7,62.5,69.3,61.6,0.07,4.0,2.99,J17WL,665.74,A,2024-11-19
2009-02-19,0.0,49.3,66.8,84.2,36.9,0.79,35.91,16.21,J17WL,665.33,A,2024-11-19
2009-02-20,0.0,39.7,54.5,69.3,25.6,4.12,20.02,19.68,J17WL,665.01,A,2024-11-19
2009-02-21,0.0,38.3,55.5,72.8,36.8,2.12,22.38,19.77,J17WL,665.34,A,2024-11-19
2009-02-22,0.0,33.7,51.3,68.9,26.7,2.44,18.64,12.53,J17WL,665.24,A,2024-11-19
2009-02-23,0.0,32.5,48.5,64.5,11.4,2.75,18.48,20.34,J17WL,664.76,A,2024-11-19
2009-02-24,0.0,32.2,51.8,71.3,36.5,0.94,20.2,20.1,J17WL,664.61,A,2024-11-19
2009-02-25,0.0,41.5,62.9,84.2,49.9,0.39,30.67,20.09,J17WL,664.59,A,2024-11-19
2009-02-26,0.0,60.0,74.1,88.2,58.8,1.28,31.84,17.5,J17WL,664.04,A,2024-11-19
2009-02-27,0.0,66.8,76.8,86.9,61.5,2.32,27.83,15.57,J17WL,663.68,A,2024-11-19
2009-02-28,0.0,50.5,70.1,89.7,51.2,2.48,32.76,15.33,J17WL,663.66,A,2024-11-19
2009-03-01,0.0,36.6,50.9,65.3,16.6,4.95,18.49,20.54,J17WL,664.13,A,2024-11-19
2009-03-02,0.0,33.5,49.3,65.0,17.3,2.76,18.13,21.39,J17WL,663.7,A,2024-11-19
2009-03-03,0.0,35.3,53.1,70.9,25.4,2.08,22.22,20.32,J17WL,663.76,A,2024-11-19
2009-03-04,0.0,43.9,61.1,78.3,46.4,0.88,23.88,20.96,J17WL,663.26,A,2024-11-19
2009-03-05,0.0,47.9,65.8,83.7,53.5,0.49,28.03,19.8,J17WL,663.07,A,2024-11-19
2009-03-06,0.0,58.9,72.1,85.3,57.5,1.42,28.35,19.61,J17WL,662.71,A,2024-11-19
2009-03-07,0.0,64.7,75.1,85.4,58.2,2.94,28.42,17.2,J17WL,662.95,A,2024-11-19
2009-03-08,0.0,65.0,73.4,81.8,61.4,1.99,21.49,12.28,J17WL,662.96,A,2024-11-19
2009-03-09,0.0,68.3,75.1,81.8,62.9,2.73,18.41,11.39,J17WL,662.67,A,2024-11-19
2009-03-10,0.0,67.3,76.0,84.8,61.2,2.62,25.68,12.36,J17WL,662.57,A,2024-11-19
2009-03-11,0.01,64.9,72.4,79.9,62.3,2.9,17.27,10.84,J17WL,663.02,A,2024-11-19
2009-03-12,1.36,42.1,51.0,59.9,44.3,0.33,3.28,2.53,J17WL,665.26,A,2024-11-19
2009-03-13,0.32,41.5,44.8,48.1,41.1,0.27,2.73,3.4,J17WL,666.6,A,2024-11-19
2009-03-14,0.15,41.3,42.7,44.1,40.3,0.11,1.76,2.01,J17WL,667.28,A,2024-11-19
2009-03-15,0.04,43.4,48.2,53.1,41.7,0.67,5.2,8.03,J17WL,668.04,A,2024-11-19
2009-03-16,0.0,43.4,54.6,65.9,45.7,0.32,11.02,14.47,J17WL,667.83,A,2024-11-19
2009-03-17,0.0,44.3,64.3,84.3,44.1,0.63,34.04,23.18,J17WL,667.78,A,2024-11-19
2009-03-18,0.0,48.7,66.4,84.0,46.7,0.55,32.85,23.0,J17WL,667.57,A,2024-11-19
2009-03-19,0.0,53.7,67.9,81.9,52.5,0.85,24.47,21.38,J17WL,667.35,A,2024-11-19
2009-03-20,0.0,51.2,66.9,82.6,51.8,0.43,25.75,19.2,J17WL,666.87,A,2024-11-19
2009-03-21,0.0,51.0,66.6,82.3,49.0,0.75,27.15,23.18,J17WL,666.65,A,2024-11-19
2009-03-22,0.0,57.8,69.6,81.5,58.1,0.79,22.54,15.59,J17WL,666.52,A,2024-11-19
2009-03-23,0.0,64.1,74.4,84.7,57.6,2.37,28.5,18.46,J17WL,666.01,A,2024-11-19
2009-03-24,0.0,67.3,74.5,81.7,61.1,4.14,20.66,10.54,J17WL,665.91,A,2024-11-19
2009-03-25,0.03,63.7,72.3,80.9,64.4,0.67,15.21,7.99,J17WL,665.65,A,2024-11-19
2009-03-26,0.0,58.9,70.3,81.8,58.2,0.61,17.45,11.84,J17WL,665.43,A,2024-11-19
2009-03-27,0.2,57.5,67.1,76.7,59.0,0.1,16.16,9.4,J17WL,665.81,A,2024-11-19
2009-03-28,0.0,41.5,63.6,85.7,34.7,0.84,36.0,21.03,J17WL,666.15,A,2024-11-19
2009-03-29,0.0,38.1,55.9,73.6,22.3,2.49,25.92,24.87,J17WL,666.12,A,2024-11-19
2009-03-30,0.0,38.1,58.6,79.2,37.2,1.43,28.9,25.27,J17WL,665.55,A,2024-11-19
2009-03-31,0.04,54.0,69.7,85.5,56.8,1.35,28.68,17.94,J17WL,665.03,A,2024-11-19
2009-04-01,0.06,46.8,61.7,76.6,31.0,3.67,26.96,21.84,J17WL,664.88,A,2024-11-19
2009-04-02,0.0,49.8,63.6,77.3,53.0,1.37,19.38,20.7,J17WL,664.72,A,2024-11-19
2009-04-03,0.0,44.6,61.4,78.1,27.1,3.48,29.22,25.37,J17WL,664.41,A,2024-11-19
2009-04-04,0.0,46.5,64.3,82.1,41.8,1.62,31.49,25.3,J17WL,664.14,A,2024-11-19
2009-04-05,0.0,60.2,74.3,88.4,59.7,1.34,32.54,20.09,J17WL,663.19,A,2024-11-19
2009-04-06,0.0,50.2,62.7,75.2,25.6,6.88,25.97,24.41,J17WL,662.21,A,2024-11-19
2009-04-07,0.0,36.9,50.8,64.7,20.4,2.95,17.61,17.57,J17WL,661.97,A,2024-11-19
2009-04-08,0.0,38.6,57.7,76.8,24.0,3.17,28.13,26.02,J17WL,661.44,A,2024-11-19
2009-04-09,0.0,47.5,68.5,89.5,49.3,1.27,38.65,25.38,J17WL,660.82,A,2024-11-19
2009-04-10,0.0,55.8,76.6,97.3,43.7,1.72,53.91,22.52,J17WL,660.04,A,2024-11-19
2009-04-11,0.0,60.2,68.8,77.4,40.8,4.01,24.72,16.36,J17WL,660.77,A,2024-11-19
2009-04-12,0.21,58.3,62.1,65.8,53.0,0.55,9.88,5.62,J17WL,661.61,A,2024-11-19
2009-04-13,0.01,51.8,68.3,84.8,38.7,0.91,37.18,21.78,J17WL,661.78,A,2024-11-19
2009-04-14,0.0,45.7,62.6,79.5,40.3,2.17,26.66,26.88,J17WL,660.97,A,2024-11-19
2009-04-15,0.0,48.7,65.6,82.5,42.6,1.63,30.7,26.67,J17WL,660.39,A,2024-11-19
2009-04-16,0.0,57.0,70.8,84.7,53.5,2.15,30.43,24.14,J17WL,660.11,A,2024-11-19
2009-04-17,0.08,63.9,67.2,70.5,63.3,0.32,5.7,3.54,J17WL,661.27,A,2024-11-19
2009-04-18,1.12,62.6,66.9,71.2,64.6,0.01,4.63,3.31,J17WL,662.65,A,2024-11-19
2009-04-19,0.03,62.7,72.5,82.4,64.8,0.29,18.88,15.67,J17WL,663.24,A,2024-11-19
2009-04-20,0.0,53.0,67.0,81.0,45.3,2.37,26.7,26.86,J17WL,663.02,A,2024-11-19
2009-04-21,0.0,52.7,68.7,84.7,40.8,3.59,33.26,27.58,J17WL,662.55,A,2024-11-19
2009-04-22,0.0,56.1,73.9,91.7,45.2,5.81,42.58,27.58,J17WL,661.66,A,2024-11-19
2009-04-23,0.0,60.4,78.0,95.5,48.3,2.0,48.51,27.38,J17WL,660.86,A,2024-11-19
2009-04-24,0.0,66.3,76.0,85.7,61.8,2.35,25.41,21.32,J17WL,659.95,A,2024-11-19
2009-04-25,0.0,71.8,76.7,81.6,66.6,2.71,17.31,13.25,J17WL,659.76,A,2024-11-19
2009-04-26,0.03,71.4,79.7,87.9,68.4,1.57,23.97,16.2,J17WL,659.77,A,2024-11-19
2009-04-27,0.0,71.8,76.6,81.3,67.6,2.46,14.7,10.09,J17WL,659.35,A,2024-11-19
2009-04-28,0.46,62.4,69.1,75.9,63.4,0.23,8.33,5.01,J17WL,659.8,A,2024-11-19
2009-04-29,0.01,66.3,75.6,84.9,68.2,0.43,18.66,10.74,J17WL,660.24,A,2024-11-19
2009-04-30,0.0,71.5,78.2,84.8,67.4,1.97,18.21,11.66,J17WL,660.28,A,2024-11-19
2009-05-01,0.0,72.5,79.8,87.1,68.9,2.64,20.16,17.1,J17WL,660.15,A,2024-11-19
2009-05-02,0.0,72.6,82.3,92.1,68.7,2.81,30.41,18.54,J17WL,659.83,A,2024-11-19
2009-05-03,0.0,70.4,79.2,88.0,69.2,1.8,22.28,15.47,J17WL,659.67,A,2024-11-19
2009-05-04,0.0,65.0,77.7,90.4,62.8,2.4,28.39,21.3,J17WL,658.37,A,2024-11-19
2009-05-05,0.0,64.4,74.0,83.6,63.3,1.94,18.9,16.04,J17WL,657.56,A,2024-11-19
2009-05-06,0.0,73.0,82.3,91.6,69.6,1.66,28.3,17.93,J17WL,657.16,A,2024-11-19
2009-05-07,0.0,74.1,84.9,95.7,71.1,2.57,33.1,22.89,J17WL,655.91,A,2024-11-19
2009-05-08,0.0,73.5,84.3,95.2,71.1,1.73,32.16,15.99,J17WL,655.06,A,2024-11-19
2009-05-09,0.0,71.3,85.7,100.1,67.9,1.8,46.7,24.83,J17WL,654.6,A,2024-11-19
2009-05-10,0.0,72.0,83.0,94.0,67.9,1.72,32.99,22.9,J17WL,654.27,A,2024-11-19
2009-05-11,0.0,72.7,83.1,93.6,67.7,1.67,34.2,23.06,J17WL,653.55,A,2024-11-19
2009-05-12,0.0,73.7,84.1,94.5,69.4,1.73,34.02,22.43,J17WL,652.22,A,2024-11-19
2009-05-13,0.0,74.9,85.4,96.0,67.5,4.35,40.22,22.64,J17WL,651.48,A,2024-11-19
2009-05-14,0.0,75.0,85.9,96.9,66.8,4.47,40.59,25.41,J17WL,651.03,A,2024-11-19
2009-05-15,0.0,73.2,82.4,91.7,67.2,2.71,31.0,20.13,J17WL,650.4,A,2024-11-19
2009-05-16,0.16,73.3,83.0,92.8,68.3,2.34,31.25,19.48,J17WL,651.38,A,2024-11-19
2009-05-17,0.59,64.5,75.0,85.6,64.9,0.8,18.59,8.85,J17WL,652.97,A,2024-11-19
2009-05-18,0.0,58.9,68.3,77.6,57.8,2.84,15.54,20.59,J17WL,653.44,A,2024-11-19
2009-05-19,0.0,53.3,68.2,83.1,46.7,3.33,29.74,28.33,J17WL,653.88,A,2024-11-19
2009-05-20,0.0,57.3,70.2,83.0,49.8,1.99,28.86,28.38,J17WL,653.94,A,2024-11-19
2009-05-21,0.0,58.0,70.7,83.5,53.8,1.86,26.35,28.12,J17WL,653.99,A,2024-11-19
2009-05-22,0.0,64.4,75.3,86.2,58.1,3.81,29.06,26.84,J17WL,653.71,A,2024-11-19
2009-05-23,0.17,66.1,75.5,84.8,63.0,1.55,22.12,15.73,J17WL,654.5,A,2024-11-19
2009-05-24,0.19,64.1,74.4,84.6,64.3,0.57,21.37,16.23,J17WL,655.89,A,2024-11-19
2009-05-25,0.12,64.4,75.8,87.1,64.4,0.73,26.36,21.11,J17WL,656.44,A,2024-11-19
2009-05-26,0.27,67.6,80.3,93.0,66.1,1.4,33.84,26.71,J17WL,657.2,A,2024-11-19
2009-05-27,0.15,68.6,79.3,89.9,64.0,2.47,30.25,23.72,J17WL,657.59,A,2024-11-19
2009-05-28,0.0,68.8,78.1,87.5,66.3,2.26,22.71,25.52,J17WL,657.79,A,2024-11-19
2009-05-29,0.0,69.2,79.2,89.3,63.2,4.86,27.26,26.78,J17WL,657.51,A,2024-11-19
2009-05-30,0.0,67.9,79.3,90.8,61.8,3.22,32.22,23.2,J17WL,657.5,A,2024-11-19
2009-05-31,0.0,68.6,79.0,89.4,63.7,3.33,27.58,25.04,J17WL,657.4,A,2024-11-19
2009-06-01,0.0,67.9,78.5,89.0,63.9,2.5,26.59,25.29,J17WL,656.68,A,2024-11-19
2009-06-02,0.0,69.4,79.2,89.0,66.9,1.98,25.46,24.18,J17WL,655.81,A,2024-11-19
2009-06-03,0.09,67.4,80.1,92.9,66.8,1.34,31.37,22.28,J17WL,655.53,A,2024-11-19
2009-06-04,0.0,69.7,80.8,91.9,64.4,4.3,32.69,23.91,J17WL,655.86,A,2024-11-19
2009-06-05,0.0,63.0,76.9,90.8,54.9,5.88,36.04,28.15,J17WL,655.88,A,2024-11-19
2009-06-06,0.0,65.4,78.7,92.1,58.8,2.46,35.04,28.87,J17WL,655.81,A,2024-11-19
2009-06-07,0.0,66.5,80.1,93.8,63.6,2.02,35.13,28.51,J17WL,655.84,A,2024-11-19
2009-06-08,0.0,69.7,81.4,93.2,65.0,2.53,34.44,24.07,J17WL,655.17,A,2024-11-19
2009-06-09,0.0,72.1,82.5,92.9,66.9,2.04,32.44,23.7,J17WL,653.98,A,2024-11-19
2009-06-10,0.0,74.1,84.3,94.4,68.6,3.26,35.17,23.2,J17WL,652.2,A,2024-11-19
2009-06-11,0.0,77.3,87.2,97.1,71.2,4.31,38.17,20.46,J17WL,651.55,A,2024-11-19
2009-06-12,0.0,76.5,87.1,97.6,71.9,4.27,35.6,21.19,J17WL,651.14,A,2024-11-19
2009-06-13,0.0,75.1,87.0,98.9,71.7,2.42,39.25,22.41,J17WL,650.13,A,2024-11-19
2009-06-14,0.0,75.6,87.4,99.3,68.8,3.61,43.69,26.26,J17WL,649.94,A,2024-11-19
2009-06-15,0.0,76.2,87.7,99.2,67.7,4.85,45.91,26.89,J17WL,648.69,A,2024-11-19
2009-06-16,0.0,76.5,88.4,100.3,68.1,4.87,48.35,27.32,J17WL,647.19,A,2024-11-19
2009-06-17,0.0,77.3,88.2,99.2,68.3,4.98,45.07,26.09,J17WL,646.21,A,2024-11-19
2009-06-18,0.0,77.0,87.3,97.6,69.2,4.24,40.21,24.13,J17WL,645.78,A,2024-11-19
2009-06-19,0.18,77.5,87.1,96.7,71.4,3.58,35.77,18.63,J17WL,645.51,A,2024-11-19
2009-06-20,0.0,77.1,86.0,94.9,69.8,4.47,33.58,19.14,J17WL,645.49,A,2024-11-19
2009-06-21,0.0,77.2,87.8,98.4,69.0,4.93,41.68,24.65,J17WL,645.58,A,2024-11-19
2009-06-22,0.0,75.3,87.0,98.7,68.1,3.76,43.78,24.62,J17WL,645.08,A,2024-11-19
2009-06-23,0.0,73.6,86.4,99.2,67.4,2.92,45.47,25.98,J17WL,643.42,A,2024-11-19
2009-06-24,0.0,74.0,86.5,98.9,66.1,3.9,44.41,26.96,J17WL,642.73,A,2024-11-19
2009-06-25,0.0,77.3,89.4,101.5,64.1,8.94,51.76,28.52,J17WL,641.97,A,2024-11-19
2009-06-26,0.0,76.6,89.8,102.9,66.9,6.54,51.56,24.77,J17WL,641.4,A,2024-11-19
2009-06-27,0.0,76.6,89.6,102.6,67.6,4.81,52.27,28.34,J17WL,642.13,A,2024-11-19
2009-06-28,0.0,76.2,88.8,101.3,67.9,3.8,50.91,28.46,J17WL,642.73,A,2024-11-19
2009-06-29,0.0,75.4,88.2,100.9,63.9,4.75,50.25,26.89,J17WL,642.21,A,2024-11-19
2009-06-30,0.0,76.1,89.4,102.6,64.1,8.15,54.21,28.54,J17WL,640.89,A,2024-11-19
2009-07-01,0.04,75.2,86.0,96.8,67.6,6.53,38.23,23.68,J17WL,640.86,A,2024-11-19
2009-07-02,0.0,76.2,86.6,97.0,67.4,7.11,39.11,25.37,J17WL,640.32,A,2024-11-19
2009-07-03,0.0,76.8,88.7,100.7,67.9,3.68,48.81,27.61,J17WL,640.73,A,2024-11-19
2009-07-04,0.0,77.8,88.8,99.8,70.2,4.22,43.97,26.23,J17WL,641.67,A,2024-11-19
2009-07-05,0.0,75.7,89.3,103.0,68.0,3.76,53.62,26.64,J17WL,642.72,A,2024-11-19
2009-07-06,0.0,77.6,90.5,103.5,67.7,5.22,56.88,24.65,J17WL,642.07,A,2024-11-19
2009-07-07,0.14,75.4,85.8,96.1,72.3,1.42,33.7,16.67,J17WL,642.67,A,2024-11-19
2009-07-08,0.0,75.5,86.5,97.4,72.1,1.9,36.45,25.0,J17WL,643.31,A,2024-11-19
2009-07-09,0.0,75.8,89.2,102.7,70.7,2.08,50.81,27.62,J17WL,643.76,A,2024-11-19
2009-07-10,0.0,76.4,89.5,102.5,67.3,3.06,53.47,27.32,J17WL,643.64,A,2024-11-19
2009-07-11,0.0,76.5,88.5,100.5,68.4,3.88,47.62,27.28,J17WL,644.55,A,2024-11-19
2009-07-12,0.0,76.6,87.8,99.0,69.0,3.9,42.89,25.14,J17WL,645.38,A,2024-11-19
2009-07-13,0.0,76.0,87.7,99.5,66.6,3.99,46.94,27.36,J17WL,644.87,A,2024-11-19
2009-07-14,0.0,74.8,88.0,101.1,64.6,3.59,51.5,28.48,J17WL,643.81,A,2024-11-19
2009-07-15,0.0,75.8,88.7,101.7,67.0,3.22,52.04,27.68,J17WL,643.43,A,2024-11-19
2009-07-16,0.0,76.2,88.9,101.5,68.9,3.4,48.79,27.95,J17WL,642.88,A,2024-11-19
2009-07-17,0.0,76.1,88.9,101.7,64.9,4.57,53.16,27.76,J17WL,643.0,A,2024-11-19
2009-07-18,0.06,72.3,86.5,100.7,68.8,2.65,46.06,22.36,J17WL,644.28,A,2024-11-19
2009-07-19,0.01,73.8,86.5,99.2,69.3,2.87,43.26,21.21,J17WL,645.49,A,2024-11-19
2009-07-20,0.0,76.6,87.1,97.5,69.6,2.92,40.33,22.92,J17WL,645.23,A,2024-11-19
2009-07-21,0.0,77.1,88.3,99.6,69.1,4.01,46.07,18.99,J17WL,644.99,A,2024-11-19
2009-07-22,0.0,77.5,88.9,100.3,70.2,4.46,46.6,23.32,J17WL,644.3,A,2024-11-19
2009-07-23,0.0,77.9,89.4,100.8,65.9,7.18,51.68,25.49,J17WL,643.92,A,2024-11-19
2009-07-24,0.0,76.7,88.3,100.0,64.0,5.85,51.35,25.9,J17WL,643.36,A,2024-11-19
2009-07-25,0.0,73.6,86.3,99.0,64.9,2.88,49.63,24.25,J17WL,644.29,A,2024-11-19
2009-07-26,0.0,74.4,87.8,101.2,65.8,2.96,51.1,26.24,J17WL,644.95,A,2024-11-19
2009-07-27,0.0,76.6,89.3,102.0,68.1,4.09,50.96,24.98,J17WL,644.36,A,2024-11-19
2009-07-28,0.0,77.3,89.7,102.0,67.1,5.1,53.46,26.43,J17WL,643.35,A,2024-11-19
2009-07-29,0.0,78.0,89.8,101.6,69.6,5.73,50.34,27.04,J17WL,642.67,A,2024-11-19
2009-07-30,0.0,80.4,88.9,97.4,72.0,6.55,38.28,17.9,J17WL,643.0,A,2024-11-19
2009-07-31,0.1,74.2,84.6,94.9,71.2,2.53,30.13,13.8,J17WL,643.78,A,2024-11-19
2009-08-01,0.02,78.7,88.1,97.5,73.4,3.68,36.27,20.2,J17WL,644.9,A,2024-11-19
2009-08-02,0.0,78.6,89.6,100.6,67.4,5.3,51.12,23.18,J17WL,645.45,A,2024-11-19
2009-08-03,0.0,74.0,86.9,99.8,64.9,3.83,51.33,20.58,J17WL,644.76,A,2024-11-19
2009-08-04,0.0,75.3,88.0,100.7,67.7,3.78,47.07,24.5,J17WL,643.72,A,2024-11-19
2009-08-05,0.0,75.4,87.9,100.4,67.9,2.58,47.48,25.61,J17WL,643.39,A,2024-11-19
2009-08-06,0.0,75.7,88.5,101.2,66.1,3.23,51.29,26.21,J17WL,643.57,A,2024-11-19
2009-08-07,0.0,75.2,88.6,102.0,63.3,4.98,54.03,27.33,J17WL,643.19,A,2024-11-19
2009-08-08,0.0,76.9,88.6,100.3,67.2,4.31,48.22,26.88,J17WL,643.48,A,2024-11-19
2009-08-09,0.0,77.2,87.9,98.6,68.2,4.27,44.26,25.45,J17WL,644.41,A,2024-11-19
2009-08-10,0.0,77.8,89.2,100.5,69.5,3.98,47.44,23.71,J17WL,643.95,A,2024-11-19
2009-08-11,0.0,78.2,89.1,99.9,68.6,4.07,46.02,25.24,J17WL,642.65,A,2024-11-19
2009-08-12,0.0,77.0,89.0,101.1,67.5,4.66,48.85,25.77,J17WL,642.41,A,2024-11-19
2009-08-13,0.1,73.1,87.3,101.6,68.3,1.88,50.29,21.86,J17WL,643.69,A,2024-11-19
2009-08-14,0.0,73.8,86.2,98.6,68.4,3.17,42.95,25.88,J17WL,643.81,A,2024-11-19
2009-08-15,0.0,76.5,87.7,98.8,69.5,3.18,43.15,25.23,J17WL,644.43,A,2024-11-19
2009-08-16,0.0,76.9,88.3,99.8,69.6,2.78,46.16,24.29,J17WL,645.03,A,2024-11-19
2009-08-17,0.0,76.9,88.2,99.4,68.5,3.22,44.85,23.82,J17WL,644.43,A,2024-11-19
2009-08-18,0.0,77.3,88.2,99.2,68.1,4.13,45.22,24.48,J17WL,643.07,A,2024-11-19
2009-08-19,0.0,77.6,87.8,98.1,69.9,3.87,40.24,22.27,J17WL,643.15,A,2024-11-19
2009-08-20,0.0,77.8,87.5,97.2,70.3,4.35,38.52,22.33,J17WL,643.16,A,2024-11-19
2009-08-21,0.0,76.8,89.0,101.1,69.6,3.18,48.53,24.23,J17WL,642.83,A,2024-11-19
2009-08-22,0.07,74.9,87.0,99.2,69.2,2.26,43.1,22.72,J17WL,643.72,A,2024-11-19
2009-08-23,0.0,75.6,88.3,101.0,67.7,3.05,48.0,25.03,J17WL,645.02,A,2024-11-19
2009-08-24,0.0,75.3,88.9,102.6,62.1,5.78,55.42,25.25,J17WL,643.96,A,2024-11-19
2009-08-25,0.0,76.7,88.8,100.9,65.1,6.75,50.03,25.16,J17WL,643.19,A,2024-11-19
2009-08-26,0.0,76.5,88.0,99.5,65.1,6.01,45.75,24.76,J17WL,642.62,A,2024-11-19
2009-08-27,0.17,74.9,87.5,100.0,64.3,6.65,47.61,24.59,J17WL,642.57,A,2024-11-19
2009-08-28,0.38,73.8,86.7,99.7,65.9,2.33,47.56,25.45,J17WL,644.13,A,2024-11-19
2009-08-29,0.0,73.1,84.6,96.0,65.8,3.5,38.31,20.16,J17WL,645.02,A,2024-11-19
2009-08-30,0.0,73.0,85.4,97.7,57.0,7.29,50.12,22.01,J17WL,645.6,A,2024-11-19
2009-08-31,0.0,72.8,84.2,95.6,56.0,10.85,45.02,21.91,J17WL,644.13,A,2024-11-19
2009-09-01,0.0,72.2,81.2,90.2,61.5,6.69,31.97,18.91,J17WL,643.1,A,2024-11-19
2009-09-02,0.0,68.2,79.2,90.2,65.5,2.11,28.82,18.24,J17WL,642.69,A,2024-11-19
2009-09-03,0.0,69.4,82.1,94.9,64.0,3.02,38.39,23.16,J17WL,642.99,A,2024-11-19
2009-09-04,0.0,73.1,84.6,96.2,63.9,5.51,40.33,21.94,J17WL,643.09,A,2024-11-19
2009-09-05,0.07,72.0,82.0,92.0,67.0,2.15,31.81,19.64,J17WL,644.48,A,2024-11-19
2009-09-06,0.28,72.5,81.4,90.4,68.1,1.69,28.95,11.67,J17WL,645.9,A,2024-11-19
2009-09-07,0.0,70.5,81.8,93.0,66.4,2.8,34.26,20.55,J17WL,645.71,A,2024-11-19
2009-09-08,0.0,71.1,83.0,94.8,68.1,1.75,36.69,21.79,J17WL,644.83,A,2024-11-19
2009-09-09,0.26,73.3,83.1,92.8,71.2,1.71,29.77,16.53,J17WL,645.78,A,2024-11-19
2009-09-10,0.75,72.8,79.6,86.5,72.2,0.88,18.31,11.22,J17WL,648.77,A,2024-11-19
2009-09-11,0.62,71.0,74.3,77.6,71.9,0.29,5.27,4.44,J17WL,651.55,A,2024-11-19
2009-09-12,0.72,71.1,75.5,79.9,71.2,0.72,8.63,5.89,J17WL,653.33,A,2024-11-19
2009-09-13,0.35,68.9,76.2,83.5,69.5,0.6,15.75,10.81,J17WL,654.44,A,2024-11-19
2009-09-14,0.03,68.7,77.1,85.5,66.9,2.05,21.32,12.59,J17WL,653.85,A,2024-11-19
2009-09-15,0.0,66.6,74.2,81.7,64.5,1.83,17.91,12.62,J17WL,653.76,A,2024-11-19
2009-09-16,0.0,66.8,78.7,90.7,64.3,1.94,32.21,23.55,J17WL,653.34,A,2024-11-19
2009-09-17,0.0,70.1,80.4,90.7,64.1,4.63,31.03,20.99,J17WL,652.82,A,2024-11-19
2009-09-18,0.0,70.4,79.1,87.9,63.7,4.93,26.0,20.06,J17WL,652.66,A,2024-11-19
2009-09-19,0.03,70.8,79.2,87.5,64.8,4.18,25.69,16.81,J17WL,652.84,A,2024-11-19
2009-09-20,0.01,70.3,78.8,87.3,65.7,3.33,24.93,17.45,J17WL,652.87,A,2024-11-19
2009-09-21,0.0,71.3,80.5,89.7,69.2,2.72,25.19,18.01,J17WL,652.3,A,2024-11-19
2009-09-22,0.31,69.8,82.5,95.1,70.9,1.82,32.91,20.78,J17WL,652.24,A,2024-11-19
2009-09-23,1.0,64.1,66.7,69.4,60.5,0.93,6.16,3.66,J17WL,652.93,A,2024-11-19
2009-09-24,0.28,57.2,61.4,65.7,54.6,1.15,7.85,5.62,J17WL,653.42,A,2024-11-19
2009-09-25,0.14,57.9,61.5,65.2,57.1,1.27,6.06,5.66,J17WL,653.87,A,2024-11-19
2009-09-26,0.0,62.3,72.8,83.3,63.8,1.06,18.1,17.31,J17WL,653.59,A,2024-11-19
2009-09-27,0.0,66.8,77.9,89.0,68.4,1.03,23.1,20.39,J17WL,653.42,A,2024-11-19
2009-09-28,0.0,69.9,80.3,90.7,71.3,0.97,23.33,19.65,J17WL,652.58,A,2024-11-19
2009-09-29,0.1,67.6,79.0,90.4,68.0,0.95,22.75,17.02,J17WL,651.96,A,2024-11-19
2009-09-30,0.0,66.4,74.5,82.6,66.2,1.72,14.98,14.48,J17WL,651.67,A,2024-11-19
2009-10-01,0.0,72.9,80.4,88.0,72.3,1.67,18.75,14.48,J17WL,651.36,A,2024-11-19
2009-10-02,0.04,71.4,79.5,87.6,69.5,3.02,18.66,11.29,J17WL,651.44,A,2024-11-19
2009-10-03,0.0,69.8,76.1,82.4,48.9,11.17,26.95,15.28,J17WL,651.66,A,2024-11-19
2009-10-04,4.8,65.8,70.0,74.1,69.2,0.06,7.81,4.16,J17WL,656.24,A,2024-11-19
2009-10-05,0.07,71.3,78.2,85.1,74.7,0.16,10.78,8.7,J17WL,658.61,A,2024-11-19
2009-10-06,0.0,70.9,78.5,86.0,74.7,0.16,10.87,7.92,J17WL,659.53,A,2024-11-19
2009-10-07,0.0,77.2,83.5,89.7,74.9,1.31,19.1,13.49,J17WL,659.81,A,2024-11-19
2009-10-08,0.0,75.5,82.5,89.4,73.8,2.18,21.18,15.62,J17WL,659.73,A,2024-11-19
2009-10-09,0.81,64.5,77.4,90.2,74.2,0.9,20.16,13.64,J17WL,660.97,A,2024-11-19
2009-10-10,0.97,54.9,60.7,66.5,55.9,0.34,6.23,6.28,J17WL,661.99,A,2024-11-19
2009-10-11,0.0,54.0,58.7,63.4,53.1,0.69,5.75,9.43,J17WL,662.62,A,2024-11-19
2009-10-12,0.14,55.4,57.5,59.5,57.0,0.05,1.62,1.99,J17WL,662.76,A,2024-11-19
2009-10-13,0.04,58.7,64.9,71.2,64.9,0.08,4.33,3.97,J17WL,662.64,A,2024-11-19
2009-10-14,0.24,70.2,77.1,84.1,74.0,0.1,10.59,6.85,J17WL,662.9,A,2024-11-19
2009-10-15,0.0,73.1,80.8,88.5,74.7,0.75,15.72,15.07,J17WL,662.8,A,2024-11-19
2009-10-16,0.0,61.1,76.6,92.1,67.7,0.87,22.58,18.27,J17WL,662.45,A,2024-11-19
2009-10-17,0.0,52.9,64.4,75.8,52.7,1.49,18.6,16.77,J17WL,662.63,A,2024-11-19
2009-10-18,0.0,51.7,63.8,75.9,49.4,1.24,19.77,18.84,J17WL,662.55,A,2024-11-19
2009-10-19,0.0,51.7,63.5,75.2,52.9,0.86,15.89,19.43,J17WL,662.12,A,2024-11-19
2009-10-20,0.0,54.0,66.5,79.0,56.9,0.85,17.1,17.64,J17WL,661.57,A,2024-11-19
2009-10-21,0.0,58.2,70.2,82.3,62.7,1.58,20.7,15.46,J17WL,661.43,A,2024-11-19
2009-10-22,1.89,61.8,70.9,79.9,68.1,0.16,11.56,7.51,J17WL,664.0,A,2024-11-19
2009-10-23,0.0,48.8,61.7,74.6,51.2,0.63,18.11,16.96,J17WL,664.96,A,2024-11-19
2009-10-24,0.0,47.9,60.6,73.3,45.4,0.98,19.57,18.61,J17WL,665.8,A,2024-11-19
2009-10-25,0.0,48.2,62.1,76.0,51.8,0.95,19.15,17.68,J17WL,666.63,A,2024-11-19
2009-10-26,0.78,60.1,71.5,82.8,67.1,0.65,15.03,11.64,J17WL,667.26,A,2024-11-19
2009-10-27,1.37,46.5,52.9,59.4,50.7,0.37,4.12,2.9,J17WL,668.38,A,2024-11-19
2009-10-28,0.0,46.1,57.2,68.3,45.3,0.72,14.22,18.37,J17WL,668.96,A,2024-11-19
2009-10-29,0.0,50.5,65.1,79.6,65.1,0.75,11.62,6.91,J17WL,669.31,A,2024-11-19
2009-10-30,0.0,53.7,69.0,84.2,50.4,3.6,16.97,12.41,J17WL,669.52,A,2024-11-19
2009-10-31,0.0,41.8,56.7,71.6,36.3,1.86,20.64,16.17,J17WL,669.66,A,2024-11-19
2009-11-01,0.0,41.4,57.9,74.4,37.0,1.41,23.33,17.76,J17WL,669.85,A,2024-11-19
2009-11-02,0.0,44.1,58.7,73.3,42.2,1.1,19.53,17.61,J17WL,669.34,A,2024-11-19
2009-11-03,0.0,45.4,59.7,73.9,47.1,0.99,17.82,17.47,J17WL,669.04,A,2024-11-19
2009-11-04,0.0,47.6,61.4,75.2,48.8,0.86,18.26,17.32,J17WL,668.5,A,2024-11-19
2009-11-05,0.0,47.7,62.4,77.1,48.7,0.82,20.78,17.2,J17WL,668.11,A,2024-11-19
2009-11-06,0.0,48.2,62.5,76.7,50.5,0.68,18.92,16.98,J17WL,667.93,A,2024-11-19
2009-11-07,0.0,49.7,62.2,74.7,54.7,0.1,14.75,15.68,J17WL,668.16,A,2024-11-19
2009-11-08,0.0,54.7,66.0,77.2,59.6,0.01,15.25,12.05,J17WL,668.28,A,2024-11-19
2009-11-09,0.69,62.2,66.5,70.8,63.4,0.24,5.12,3.36,J17WL,668.37,A,2024-11-19
2009-11-10,0.0,59.0,67.2,75.4,60.6,0.73,12.08,10.79,J17WL,668.27,A,2024-11-19
2009-11-11,0.0,55.1,66.3,77.5,56.7,0.8,16.43,15.17,J17WL,667.99,A,2024-11-19
2009-11-12,0.0,52.2,65.1,78.1,55.2,0.65,17.66,14.82,J17WL,667.88,A,2024-11-19
2009-11-13,0.0,51.1,62.6,74.0,53.7,0.11,13.78,14.58,J17WL,667.97,A,2024-11-19
2009-11-14,0.0,54.2,65.3,76.4,56.8,0.09,14.91,12.03,J17WL,667.98,A,2024-11-19
2009-11-15,0.0,55.9,67.8,79.7,61.8,0.11,15.77,13.22,J17WL,667.87,A,2024-11-19
2009-11-16,0.34,55.1,66.7,78.2,62.7,0.06,11.66,7.36,J17WL,667.39,A,2024-11-19
2009-11-17,0.0,39.2,50.4,61.5,35.2,1.54,12.31,15.13,J17WL,667.36,A,2024-11-19
2009-11-18,0.0,36.6,52.0,67.4,31.9,1.08,18.16,15.79,J17WL,667.2,A,2024-11-19
2009-11-19,0.0,37.2,53.9,70.7,36.9,1.11,19.83,15.67,J17WL,666.94,A,2024-11-19
2009-11-20,0.91,46.1,60.0,73.8,60.0,0.26,10.14,7.9,J17WL,668.52,A,2024-11-19
2009-11-21,1.03,50.7,57.6,64.4,55.9,0.04,2.75,2.02,J17WL,669.86,A,2024-11-19
2009-11-22,0.0,46.6,55.8,65.0,51.4,0.21,7.77,8.34,J17WL,670.52,A,2024-11-19
2009-11-23,0.0,46.4,56.1,65.7,50.3,0.3,8.28,11.7,J17WL,670.79,A,2024-11-19
2009-11-24,0.01,47.9,61.4,74.9,58.5,0.25,11.95,12.16,J17WL,670.67,A,2024-11-19
2009-11-25,0.0,38.4,52.7,67.0,35.9,1.39,16.05,13.15,J17WL,670.43,A,2024-11-19
2009-11-26,0.0,37.9,52.4,66.9,33.1,1.29,17.49,14.82,J17WL,670.16,A,2024-11-19
2009-11-27,0.0,40.3,52.1,63.9,37.6,0.87,13.72,13.0,J17WL,670.47,A,2024-11-19
2009-11-28,0.0,41.9,53.8,65.7,42.5,0.94,13.81,10.76,J17WL,670.69,A,2024-11-19
2009-11-29,0.0,47.0,59.4,71.8,58.3,0.31,9.34,6.96,J17WL,670.93,A,2024-11-19
2009-11-30,0.03,47.5,59.6,71.8,57.1,0.57,5.97,4.12,J17WL,670.42,A,2024-11-19
2009-12-01,0.05,46.0,49.7,53.5,38.2,1.69,7.0,4.07,J17WL,670.38,A,2024-11-19
2009-12-02,0.69,39.7,43.5,47.4,41.7,0.29,2.74,1.08,J17WL,670.76,A,2024-11-19
2009-12-03,0.0,34.3,43.9,53.5,36.4,0.57,6.41,8.39,J17WL,670.87,A,2024-11-19
2009-12-04,0.0,34.6,40.4,46.2,27.7,1.03,5.34,6.51,J17WL,670.79,A,2024-11-19
2009-12-05,0.0,23.6,32.7,41.7,23.1,0.49,4.93,6.98,J17WL,671.23,A,2024-11-19
2009-12-06,0.0,24.0,36.0,48.0,28.9,0.42,6.28,14.17,J17WL,671.14,A,2024-11-19
2009-12-07,0.0,42.1,49.6,57.1,45.3,0.44,3.79,3.02,J17WL,670.81,A,2024-11-19
2009-12-08,0.05,45.8,50.7,55.5,48.6,0.04,2.31,1.68,J17WL,670.82,A,2024-11-19
2009-12-09,0.02,41.2,50.9,60.5,49.7,0.03,2.56,2.3,J17WL,670.71,A,2024-11-19
2009-12-10,0.0,34.5,40.6,46.8,24.7,1.76,6.76,11.88,J17WL,670.62,A,2024-11-19
2009-12-11,0.0,34.3,41.7,49.0,24.4,2.73,7.86,10.19,J17WL,670.46,A,2024-11-19
2009-12-12,0.11,42.7,44.4,46.1,40.5,0.28,4.19,1.4,J17WL,670.8,A,2024-11-19
2009-12-13,0.01,45.6,49.8,54.0,48.9,0.16,1.57,1.78,J17WL,670.82,A,2024-11-19
2009-12-14,0.02,47.6,59.1,70.5,51.6,0.06,13.2,12.05,J17WL,670.44,A,2024-11-19
2009-12-15,0.0,53.4,58.7,64.0,58.7,0.23,2.99,1.38,J17WL,670.06,A,2024-11-19
2009-12-16,0.0,41.8,47.8,53.8,34.5,3.11,6.37,4.75,J17WL,669.72,A,2024-11-19
2009-12-17,0.43,42.3,44.9,47.5,36.2,0.73,5.02,4.87,J17WL,669.89,A,2024-11-19
2009-12-18,0.04,43.0,46.9,50.8,45.2,0.13,1.73,1.19,J17WL,669.9,A,2024-11-19
2009-12-19,0.0,39.6,53.0,66.4,44.1,0.02,11.38,12.04,J17WL,670.21,A,2024-11-19
2009-12-20,0.0,34.6,49.0,63.4,34.5,0.86,14.27,10.58,J17WL,670.19,A,2024-11-19
2009-12-21,0.0,34.3,49.5,64.7,35.6,0.57,14.13,14.07,J17WL,670.1,A,2024-11-19
2009-12-22,0.0,36.1,52.4,68.8,49.0,0.34,12.37,12.17,J17WL,670.09,A,2024-11-19
2009-12-23,0.0,57.4,63.8,70.2,58.6,0.73,9.67,6.74,J17WL,670.13,A,2024-11-19
2009-12-24,0.4,45.0,58.5,72.1,55.5,0.25,9.39,6.05,J17WL,670.15,A,2024-11-19
2009-12-25,0.0,31.7,40.9,50.1,26.9,0.7,6.27,10.36,J17WL,670.21,A,2024-11-19
2009-12-26,0.0,30.7,40.1,49.5,18.8,1.17,8.94,13.69,J17WL,670.58,A,2024-11-19
2009-12-27,0.0,31.1,44.6,58.0,34.5,0.84,7.77,11.75,J17WL,670.39,A,2024-11-19
2009-12-28,0.0,33.2,46.5,59.7,26.9,1.53,13.66,13.96,J17WL,670.07,A,2024-11-19
2009-12-29,0.0,33.5,44.4,55.4,29.6,1.52,9.81,13.07,J17WL,669.94,A,2024-11-19
2009-12-30,0.4,38.8,41.2,43.5,38.4,0.28,3.49,1.62,J17WL,670.13,A,2024-11-19
2009-12-31,0.0,37.9,49.1,60.2,44.3,0.18,5.78,10.42,J17WL,670.22,A,2024-11-19
2010-01-01,0.0,36.4,55.6,74.7,39.0,0.49,21.09,13.36,J17WL,670.1,A,2024-11-19
2010-01-02,0.0,29.9,43.2,56.5,27.1,0.83,11.14,14.39,J17WL,670.34,A,2024-11-19
2010-01-03,0.0,30.2,43.0,55.8,34.7,0.61,9.38,12.21,J17WL,670.3,A,2024-11-19
2010-01-04,0.0,36.5,45.4,54.3,40.1,1.0,4.74,4.63,J17WL,669.89,A,2024-11-19
2010-01-05,0.0,28.9,39.6,50.3,27.6,0.71,7.41,13.45,J17WL,669.62,A,2024-11-19
2010-01-06,0.0,29.5,40.1,50.6,29.5,0.84,7.1,13.8,J17WL,669.58,A,2024-11-19
2010-01-07,0.0,42.4,48.0,53.7,46.7,0.45,2.62,1.76,J17WL,669.42,A,2024-11-19
2010-01-08,0.0,25.9,34.5,43.1,15.6,1.57,5.55,6.97,J17WL,668.85,A,2024-11-19
2010-01-09,0.0,16.4,25.1,33.8,7.0,0.82,4.7,9.65,J17WL,668.85,A,2024-11-19
2010-01-10,0.0,16.3,30.0,43.6,11.5,0.8,7.36,14.84,J17WL,668.25,A,2024-11-19
2010-01-11,0.0,21.6,35.2,48.7,16.3,0.93,8.87,14.78,J17WL,667.96,A,2024-11-19
2010-01-12,0.0,27.4,42.3,57.2,36.5,0.8,7.64,9.54,J17WL,667.77,A,2024-11-19
2010-01-13,0.0,45.9,54.8,63.7,44.7,1.03,10.35,11.02,J17WL,667.94,A,2024-11-19
2010-01-14,0.29,49.5,51.8,54.2,49.6,0.55,1.74,1.11,J17WL,668.3,A,2024-11-19
2010-01-15,2.22,51.8,56.3,60.8,55.1,0.08,1.89,1.3,J17WL,671.01,A,2024-11-19
2010-01-16,1.24,45.7,49.5,53.3,46.3,0.51,2.14,1.36,J17WL,672.64,A,2024-11-19
2010-01-17,0.0,39.1,50.2,61.4,41.7,0.48,8.73,12.91,J17WL,673.61,A,2024-11-19
2010-01-18,0.0,39.5,51.5,63.5,44.5,0.39,9.07,12.59,J17WL,674.11,A,2024-11-19
2010-01-19,0.0,51.8,61.3,70.7,56.2,0.36,9.73,8.38,J17WL,674.97,A,2024-11-19
2010-01-20,0.0,60.1,65.4,70.7,60.9,0.18,7.31,5.49,J17WL,675.71,A,2024-11-19
2010-01-21,0.0,48.0,59.9,71.8,57.3,0.12,8.25,6.41,J17WL,676.04,A,2024-11-19
2010-01-22,0.0,44.5,61.4,78.4,39.9,1.04,26.34,15.76,J17WL,676.08,A,2024-11-19
2010-01-23,0.0,49.8,62.1,74.5,58.2,0.19,11.7,11.89,J17WL,676.26,A,2024-11-19
2010-01-24,0.0,49.4,61.6,73.7,39.8,2.41,18.6,14.25,J17WL,676.0,A,2024-11-19
2010-01-25,0.0,34.8,50.8,66.9,25.8,1.55,18.26,16.16,J17WL,675.62,A,2024-11-19
2010-01-26,0.0,36.2,52.7,69.3,26.7,1.71,20.96,15.92,J17WL,675.3,A,2024-11-19
2010-01-27,0.0,40.7,55.7,70.7,41.2,2.14,18.1,15.05,J17WL,675.21,A,2024-11-19
2010-01-28,0.11,57.1,62.6,68.0,56.6,0.92,8.17,4.94,J17WL,675.06,A,2024-11-19
2010-01-29,0.92,45.0,57.1,69.1,57.1,0.1,5.28,2.2,J17WL,675.27,A,2024-11-19
2010-01-30,0.09,31.6,41.0,50.5,31.6,0.64,5.18,11.95,J17WL,675.73,A,2024-11-19
2010-01-31,0.0,30.6,41.4,52.2,29.7,0.41,7.07,16.77,J17WL,675.83,A,2024-11-19
2010-02-01,0.0,31.2,34.4,37.5,31.7,0.31,1.56,3.3,J17WL,675.62,A,2024-11-19
2010-02-02,0.03,36.6,41.9,47.1,41.9,0.04,1.1,1.55,J17WL,675.76,A,2024-11-19
2010-02-03,0.91,46.9,49.8,52.7,48.3,0.1,1.71,2.25,J17WL,676.24,A,2024-11-19
2010-02-04,1.2,48.2,49.7,51.3,48.9,0.09,0.9,0.78,J17WL,677.77,A,2024-11-19
2010-02-05,0.16,43.0,46.7,50.5,46.7,0.06,1.09,1.35,J17WL,678.65,A,2024-11-19
2010-02-06,0.0,39.8,54.8,69.8,46.4,0.06,14.74,12.94,J17WL,679.24,A,2024-11-19
2010-02-07,0.0,39.4,51.0,62.6,42.1,0.33,9.52,16.76,J17WL,679.78,A,2024-11-19
2010-02-08,0.03,44.9,52.6,60.2,49.0,0.14,2.71,3.47,J17WL,680.17,A,2024-11-19
2010-02-09,0.15,40.5,55.8,71.1,46.9,0.33,8.57,6.4,J17WL,680.16,A,2024-11-19
2010-02-10,0.0,36.6,43.7,50.8,27.4,2.21,7.87,15.76,J17WL,680.32,A,2024-11-19
2010-02-11,0.58,35.9,38.2,40.4,30.2,0.49,3.72,4.96,J17WL,680.58,A,2024-11-19
2010-02-12,0.52,36.2,39.8,43.3,38.3,0.09,1.35,1.3,J17WL,681.06,A,2024-11-19
2010-02-13,0.0,31.2,42.1,52.9,34.5,0.12,6.38,13.3,J17WL,681.26,A,2024-11-19
2010-02-14,0.0,31.2,44.8,58.5,39.8,0.09,7.5,16.61,J17WL,681.61,A,2024-11-19
2010-02-15,0.0,35.7,52.7,69.7,36.7,0.1,13.68,14.37,J17WL,681.52,A,2024-11-19
2010-02-16,0.0,29.5,42.7,55.9,20.0,1.36,12.44,18.73,J17WL,681.31,A,2024-11-19
2010-02-17,0.0,30.2,45.2,60.3,21.4,1.42,14.64,18.85,J17WL,681.27,A,2024-11-19
2010-02-18,0.0,30.8,46.2,61.5,25.7,1.16,14.41,19.02,J17WL,681.36,A,2024-11-19
2010-02-19,0.0,34.3,49.0,63.7,35.7,1.0,14.68,17.15,J17WL,681.65,A,2024-11-19
2010-02-20,0.0,50.6,54.9,59.2,52.7,0.32,3.44,2.77,J17WL,682.11,A,2024-11-19
2010-02-21,0.01,55.9,60.9,65.8,56.9,0.17,6.21,4.79,J17WL,682.46,A,2024-11-19
2010-02-22,0.0,43.3,60.7,78.1,43.2,0.29,26.55,16.23,J17WL,682.31,A,2024-11-19
2010-02-23,0.02,38.7,49.5,60.3,37.0,1.25,9.49,15.99,J17WL,682.25,A,2024-11-19
2010-02-24,0.22,30.7,35.3,39.9,31.0,0.4,2.49,2.93,J17WL,682.46,A,2024-11-19
2010-02-25,0.0,29.9,43.8,57.8,28.3,0.68,11.51,20.65,J17WL,682.53,A,2024-11-19
2010-02-26,0.0,31.2,48.1,65.0,38.6,0.59,13.98,20.5,J17WL,682.58,A,2024-11-19
2010-02-27,0.0,36.7,50.4,64.1,36.1,0.79,13.48,19.75,J17WL,682.49,A,2024-11-19
2010-02-28,0.0,36.0,51.8,67.5,33.4,0.9,17.96,20.98,J17WL,682.5,A,2024-11-19
2010-03-01,0.44,38.3,52.8,67.2,46.3,0.19,12.66,18.65,J17WL,682.49,A,2024-11-19
2010-03-02,0.0,38.6,49.9,61.3,40.7,0.19,7.59,11.87,J17WL,682.36,A,2024-11-19
2010-03-03,0.0,36.4,49.3,62.1,33.9,0.67,12.6,20.39,J17WL,681.67,A,2024-11-19
2010-03-04,0.0,36.4,52.5,68.7,39.1,0.47,16.11,21.32,J17WL,681.22,A,2024-11-19
2010-03-05,0.0,41.2,55.5,69.7,46.4,0.17,14.8,20.24,J17WL,680.89,A,2024-11-19
2010-03-06,0.0,51.6,56.8,62.0,50.3,0.73,7.03,6.27,J17WL,680.77,A,2024-11-19
2010-03-07,0.0,54.3,60.2,66.0,52.6,1.62,7.33,6.11,J17WL,680.75,A,2024-11-19
2010-03-08,0.16,56.5,60.2,64.0,59.0,0.08,2.45,2.04,J17WL,680.52,A,2024-11-19
2010-03-09,0.05,62.8,66.8,70.9,64.1,0.46,4.3,3.35,J17WL,680.62,A,2024-11-19
2010-03-10,0.0,53.8,66.6,79.4,51.6,0.23,24.83,19.44,J17WL,680.37,A,2024-11-19
2010-03-11,0.0,44.1,63.0,81.8,43.8,0.05,31.44,13.93,J17WL,680.13,A,2024-11-19
2010-03-12,0.0,44.3,61.1,77.9,32.4,3.0,26.91,20.86,J17WL,679.73,A,2024-11-19
2010-03-13,0.0,42.3,58.1,73.8,32.6,2.92,22.75,22.79,J17WL,679.81,A,2024-11-19
2010-03-14,0.0,41.2,59.3,77.4,33.4,2.23,26.5,22.78,J17WL,679.81,A,2024-11-19
2010-03-15,0.0,47.1,63.7,80.4,50.4,0.17,24.16,20.89,J17WL,679.25,A,2024-11-19
2010-03-16,0.6,52.5,62.0,71.4,53.3,0.16,12.97,14.04,J17WL,679.21,A,2024-11-19
2010-03-17,0.1,45.9,53.5,61.0,48.4,0.62,6.56,6.49,J17WL,679.29,A,2024-11-19
2010-03-18,0.0,44.9,58.9,73.0,41.6,0.92,20.46,22.61,J17WL,679.53,A,2024-11-19
2010-03-19,0.0,47.3,59.0,70.7,46.8,0.76,14.64,23.89,J17WL,679.38,A,2024-11-19
2010-03-20,0.49,53.6,63.9,74.2,54.6,0.84,15.92,16.87,J17WL,679.46,A,2024-11-19
2010-03-21,0.71,35.4,45.0,54.6,32.5,0.45,5.4,14.73,J17WL,679.66,A,2024-11-19
2010-03-22,0.0,34.7,49.7,64.7,26.6,1.67,16.69,24.5,J17WL,679.64,A,2024-11-19
2010-03-23,0.0,35.6,54.1,72.6,33.5,1.41,21.49,23.67,J17WL,679.81,A,2024-11-19
2010-03-24,0.0,44.9,60.3,75.6,55.3,0.47,15.53,19.95,J17WL,679.49,A,2024-11-19
2010-03-25,0.63,49.2,58.4,67.6,58.4,0.05,3.94,2.21,J17WL,679.6,A,2024-11-19
2010-03-26,0.0,43.4,57.3,71.3,40.7,1.44,17.48,24.61,J17WL,679.68,A,2024-11-19
2010-03-27,0.0,42.9,58.1,73.2,47.3,0.52,16.85,24.89,J17WL,679.99,A,2024-11-19
2010-03-28,0.0,50.2,66.7,83.1,40.5,0.81,32.6,22.39,J17WL,679.67,A,2024-11-19
2010-03-29,0.0,41.2,57.4,73.7,34.6,2.04,22.0,24.06,J17WL,679.09,A,2024-11-19
2010-03-30,0.0,41.7,58.7,75.8,38.8,1.87,22.6,25.5,J17WL,678.88,A,2024-11-19
2010-03-31,0.0,45.1,62.5,79.9,47.8,0.46,24.47,25.35,J17WL,678.67,A,2024-11-19
2010-04-01,0.0,59.3,71.2,83.0,59.7,1.38,21.06,23.91,J17WL,678.36,A,2024-11-19
2010-04-02,0.0,62.7,70.9,79.0,63.1,1.88,14.16,18.74,J17WL,678.16,A,2024-11-19
2010-04-03,0.0,51.7,66.9,82.0,58.7,1.49,19.65,13.31,J17WL,677.98,A,2024-11-19
2010-04-04,0.0,51.4,67.4,83.4,56.8,0.3,24.26,23.67,J17WL,677.64,A,2024-11-19
2010-04-05,0.0,67.9,74.6,81.2,67.7,0.42,12.8,10.62,J17WL,677.41,A,2024-11-19
2010-04-06,0.0,67.2,75.6,84.1,65.4,1.74,17.64,16.25,J17WL,677.26,A,2024-11-19
2010-04-07,0.0,67.6,74.6,81.5,64.7,2.0,15.55,16.23,J17WL,677.3,A,2024-11-19
2010-04-08,0.0,46.0,61.7,77.4,45.4,0.76,25.03,7.21,J17WL,676.99,A,2024-11-19
2010-04-09,0.0,42.0,57.4,72.9,34.5,1.73,21.96,26.7,J17WL,676.88,A,2024-11-19
2010-04-10,0.0,44.0,57.4,70.8,45.5,0.89,16.9,21.19,J17WL,676.73,A,2024-11-19
2010-04-11,0.0,58.4,68.1,77.8,59.8,0.31,14.35,14.31,J17WL,676.6,A,2024-11-19
2010-04-12,0.0,61.6,66.0,70.4,63.5,0.18,4.36,3.9,J17WL,676.45,A,2024-11-19
2010-04-13,0.0,59.5,67.7,75.8,57.8,0.74,14.0,15.33,J17WL,676.36,A,2024-11-19
2010-04-14,0.0,61.0,68.3,75.6,61.7,0.31,11.16,8.5,J17WL,676.43,A,2024-11-19
2010-04-15,0.07,65.0,69.3,73.6,64.5,0.66,8.12,7.31,J17WL,676.81,A,2024-11-19
2010-04-16,1.36,65.2,67.8,70.4,66.2,0.25,2.88,2.84,J17WL,677.59,A,2024-11-19
2010-04-17,0.27,64.8,70.0,75.2,65.5,0.39,9.04,9.22,J17WL,678.89,A,2024-11-19
2010-04-18,1.2,59.0,66.4,73.7,62.3,0.0,6.43,6.78,J17WL,680.05,A,2024-11-19
2010-04-19,0.0,56.1,65.6,75.1,55.8,1.39,14.32,18.89,J17WL,680.84,A,2024-11-19
2010-04-20,0.0,56.9,61.5,66.2,52.8,2.0,8.07,11.49,J17WL,681.66,A,2024-11-19
2010-04-21,0.0,56.5,65.9,75.3,56.0,1.49,13.8,22.63,J17WL,681.91,A,2024-11-19
2010-04-22,0.0,60.1,69.8,79.5,62.1,0.68,14.75,19.86,J17WL,682.22,A,2024-11-19
2010-04-23,0.0,67.0,69.6,72.2,67.2,0.92,4.34,5.56,J17WL,682.51,A,2024-11-19
2010-04-24,0.28,53.8,70.0,86.2,63.6,0.98,22.1,22.12,J17WL,682.73,A,2024-11-19
2010-04-25,0.0,53.9,68.0,82.1,46.6,1.07,27.72,28.0,J17WL,682.65,A,2024-11-19
2010-04-26,0.0,52.3,68.6,84.8,46.7,2.01,31.98,27.97,J17WL,682.4,A,2024-11-19
2010-04-27,0.0,56.3,72.1,87.9,53.4,3.14,30.85,26.31,J17WL,682.07,A,2024-11-19
2010-04-28,0.0,50.0,62.7,75.3,43.9,1.91,21.6,24.34,J17WL,681.85,A,2024-11-19
2010-04-29,0.0,53.6,67.0,80.4,55.4,1.32,21.21,26.33,J17WL,681.44,A,2024-11-19
2010-04-30,0.0,65.5,75.1,84.6,65.9,2.04,18.43,20.47,J17WL,681.15,A,2024-11-19
2010-05-01,0.0,66.4,76.5,86.6,67.6,1.53,20.37,18.03,J17WL,680.8,A,2024-11-19
2010-05-02,0.0,62.9,73.0,83.1,53.6,6.11,22.26,20.41,J17WL,680.71,A,2024-11-19
2010-05-03,0.0,52.2,68.3,84.4,43.1,2.51,33.84,25.86,J17WL,680.14,A,2024-11-19
2010-05-04,0.0,50.4,68.4,86.4,45.8,2.92,33.22,27.17,J17WL,679.49,A,2024-11-19
2010-05-05,0.0,55.2,71.9,88.6,48.8,3.7,36.04,28.53,J17WL,679.13,A,2024-11-19
2010-05-06,0.0,61.6,76.8,92.0,56.1,1.1,38.34,27.87,J17WL,678.33,A,2024-11-19
2010-05-07,0.0,66.4,78.3,90.2,66.0,1.03,27.93,26.52,J17WL,677.35,A,2024-11-19
2010-05-08,0.0,70.5,81.4,92.3,66.5,2.88,26.42,24.12,J17WL,676.54,A,2024-11-19
2010-05-09,0.0,68.9,72.1,75.4,54.6,5.55,15.92,12.29,J17WL,676.39,A,2024-11-19
2010-05-10,0.0,68.8,75.7,82.6,68.1,3.08,13.04,7.92,J17WL,675.97,A,2024-11-19
2010-05-11,0.0,72.1,78.7,85.3,70.5,2.07,14.53,11.45,J17WL,675.28,A,2024-11-19
2010-05-12,0.0,70.7,79.4,88.2,70.7,1.76,20.36,15.98,J17WL,674.77,A,2024-11-19
2010-05-13,0.0,71.3,80.7,90.0,70.0,1.64,24.67,19.91,J17WL,674.32,A,2024-11-19
2010-05-14,0.02,73.3,79.5,85.7,70.0,1.25,18.87,19.22,J17WL,675.8,A,2024-11-19
2010-05-15,3.94,63.2,68.4,73.7,64.7,0.26,5.11,6.25,J17WL,678.38,A,2024-11-19
2010-05-16,0.0,65.3,73.6,81.8,66.1,0.63,15.21,23.46,J17WL,679.48,A,2024-11-19
2010-05-17,0.0,67.6,75.0,82.3,67.7,1.16,15.18,13.54,J17WL,680.04,A,2024-11-19
2010-05-18,0.2,66.1,77.2,88.4,68.1,0.29,20.05,22.47,J17WL,681.14,A,2024-11-19
2010-05-19,0.0,66.4,75.6,84.8,67.1,0.94,17.94,24.85,J17WL,681.73,A,2024-11-19
2010-05-20,0.0,68.5,77.2,86.0,70.9,0.81,17.63,17.11,J17WL,682.16,A,2024-11-19
2010-05-21,0.0,72.9,78.0,83.1,72.5,1.46,11.21,9.01,J17WL,682.5,A,2024-11-19
2010-05-22,0.0,73.5,81.2,89.0,71.2,1.25,22.49,21.46,J17WL,682.49,A,2024-11-19
2010-05-23,0.0,75.2,81.2,87.2,72.0,2.62,17.56,17.69,J17WL,682.65,A,2024-11-19
2010-05-24,0.0,74.9,81.7,88.5,72.5,2.58,19.47,17.88,J17WL,682.32,A,2024-11-19
2010-05-25,0.0,72.7,78.9,85.1,71.2,1.14,13.99,13.79,J17WL,682.28,A,2024-11-19
2010-05-26,0.34,69.5,76.4,83.3,70.1,0.39,12.57,11.45,J17WL,682.35,A,2024-11-19
2010-05-27,0.0,69.1,78.2,87.3,67.6,1.01,23.41,24.74,J17WL,682.23,A,2024-11-19
2010-05-28,0.0,67.5,78.4,89.2,64.3,1.53,29.23,27.15,J17WL,681.8,A,2024-11-19
2010-05-29,0.0,69.0,80.3,91.6,65.9,2.91,30.13,28.35,J17WL,681.57,A,2024-11-19
2010-05-30,0.0,70.7,81.5,92.3,65.7,4.49,31.31,27.06,J17WL,681.16,A,2024-11-19
2010-05-31,0.0,68.4,79.3,90.1,67.1,1.11,26.93,25.25,J17WL,680.64,A,2024-11-19
2010-06-01,0.0,69.0,79.9,90.8,68.0,1.01,27.95,26.64,J17WL,679.72,A,2024-11-19
2010-06-02,0.0,72.6,81.5,90.5,68.8,1.8,27.89,26.07,J17WL,679.07,A,2024-11-19
2010-06-03,0.4,66.2,79.3,92.4,69.3,0.48,25.53,21.65,J17WL,679.21,A,2024-11-19
2010-06-04,0.0,65.7,71.7,77.6,66.3,1.1,10.74,12.9,J17WL,679.43,A,2024-11-19
2010-06-05,0.0,68.4,79.4,90.4,67.4,1.0,26.66,28.56,J17WL,679.34,A,2024-11-19
2010-06-06,0.0,73.1,82.0,90.9,74.8,0.55,20.25,22.24,J17WL,679.16,A,2024-11-19
2010-06-07,0.0,76.4,84.2,92.0,75.2,1.41,22.11,17.01,J17WL,678.74,A,2024-11-19
2010-06-08,0.0,72.6,82.5,92.4,74.2,0.49,24.49,24.0,J17WL,678.32,A,2024-11-19
2010-06-09,2.82,71.9,77.7,83.5,72.8,0.28,12.14,12.33,J17WL,678.68,A,2024-11-19
2010-06-10,0.04,76.9,83.0,89.1,76.2,0.8,16.68,15.85,J17WL,678.99,A,2024-11-19
2010-06-11,0.0,78.1,84.9,91.6,74.7,2.61,21.93,23.45,J17WL,678.82,A,2024-11-19
2010-06-12,0.0,78.9,84.6,90.2,75.0,3.6,19.31,19.8,J17WL,678.71,A,2024-11-19
2010-06-13,0.0,78.8,85.1,91.4,75.2,3.36,21.53,22.5,J17WL,678.5,A,2024-11-19
2010-06-14,0.0,78.0,85.1,92.1,74.0,3.51,23.3,22.95,J17WL,677.98,A,2024-11-19
2010-06-15,0.0,76.2,84.3,92.3,73.3,2.45,24.58,25.48,J17WL,677.3,A,2024-11-19
2010-06-16,0.0,76.0,84.1,92.2,72.1,2.12,26.73,25.69,J17WL,676.66,A,2024-11-19
2010-06-17,0.0,72.6,82.2,91.8,71.5,1.59,25.52,24.7,J17WL,676.16,A,2024-11-19
2010-06-18,0.19,74.4,83.1,91.9,73.4,1.84,24.98,22.84,J17WL,675.71,A,2024-11-19
2010-06-19,0.0,77.3,85.1,92.9,73.3,3.46,25.61,25.45,J17WL,675.42,A,2024-11-19
2010-06-20,0.0,74.8,83.9,92.9,73.2,1.44,26.05,23.83,J17WL,675.2,A,2024-11-19
2010-06-21,0.0,74.6,83.8,93.0,70.4,1.87,28.97,26.39,J17WL,674.74,A,2024-11-19
2010-06-22,0.0,74.4,84.0,93.6,72.1,1.64,28.57,25.31,J17WL,673.76,A,2024-11-19
2010-06-23,0.0,75.1,84.5,93.8,72.1,1.81,29.46,25.91,J17WL,673.16,A,2024-11-19
2010-06-24,0.0,75.5,84.6,93.7,72.3,1.55,29.49,24.75,J17WL,672.65,A,2024-11-19
2010-06-25,0.0,76.4,84.9,93.4,72.9,2.31,28.23,23.65,J17WL,672.09,A,2024-11-19
2010-06-26,0.0,76.1,85.2,94.3,71.8,2.08,31.5,26.64,J17WL,671.81,A,2024-11-19
2010-06-27,0.0,75.5,85.1,94.6,72.2,2.03,30.13,24.21,J17WL,671.57,A,2024-11-19
2010-06-28,0.0,76.6,86.0,95.5,71.6,2.84,33.97,26.34,J17WL,670.94,A,2024-11-19
2010-06-29,0.1,75.5,85.8,96.1,73.2,1.2,33.63,24.27,J17WL,672.22,A,2024-11-19
2010-06-30,0.05,75.8,83.9,91.9,73.1,3.27,23.64,20.42,J17WL,673.1,A,2024-11-19
2010-07-01,0.29,75.1,80.8,86.4,73.4,1.52,15.02,11.1,J17WL,674.03,A,2024-11-19
2010-07-02,0.67,75.3,78.2,81.1,75.2,0.6,6.32,4.62,J17WL,675.2,A,2024-11-19
2010-07-03,0.26,76.0,82.1,88.2,76.3,0.77,15.11,7.66,J17WL,676.16,A,2024-11-19
2010-07-04,0.0,78.4,83.8,89.1,75.3,2.45,18.07,17.3,J17WL,676.77,A,2024-11-19
2010-07-05,0.07,75.4,82.6,89.8,73.5,1.7,19.78,20.23,J17WL,677.03,A,2024-11-19
2010-07-06,0.0,74.1,82.3,90.5,72.9,1.31,21.88,22.01,J17WL,677.12,A,2024-11-19
2010-07-07,0.0,75.2,83.7,92.3,71.7,2.3,26.71,26.57,J17WL,676.77,A,2024-11-19
2010-07-08,0.0,77.2,85.3,93.4,73.5,2.83,26.66,25.88,J17WL,676.7,A,2024-11-19
2010-07-09,0.31,74.7,77.5,80.3,74.8,0.6,6.42,8.37,J17WL,677.03,A,2024-11-19
2010-07-10,0.15,75.7,81.9,88.0,75.0,0.55,16.7,18.52,J17WL,677.39,A,2024-11-19
2010-07-11,0.0,76.0,83.8,91.6,74.1,2.04,22.75,23.31,J17WL,677.58,A,2024-11-19
2010-07-12,0.0,76.4,83.8,91.2,73.8,2.24,22.8,26.06,J17WL,677.2,A,2024-11-19
2010-07-13,0.0,76.8,84.6,92.3,74.1,2.47,23.2,25.21,J17WL,676.78,A,2024-11-19
2010-07-14,0.0,78.2,85.4,92.6,75.0,3.05,23.35,21.87,J17WL,676.45,A,2024-11-19
2010-07-15,0.0,78.5,86.2,93.8,74.6,3.29,26.12,25.58,J17WL,675.76,A,2024-11-19
2010-07-16,0.0,76.1,84.8,93.6,73.1,2.14,27.27,25.71,J17WL,675.38,A,2024-11-19
2010-07-17,0.0,75.6,84.8,94.0,71.9,1.9,31.21,26.47,J17WL,674.9,A,2024-11-19
2010-07-18,0.0,76.2,85.9,95.5,71.3,2.79,34.5,26.41,J17WL,674.78,A,2024-11-19
2010-07-19,0.0,76.5,85.6,94.6,72.7,2.59,29.52,26.33,J17WL,673.92,A,2024-11-19
2010-07-20,0.0,76.7,85.5,94.2,73.7,2.6,28.65,25.13,J17WL,673.35,A,2024-11-19
2010-07-21,0.0,75.7,83.6,91.5,73.2,1.45,23.47,23.86,J17WL,672.73,A,2024-11-19
2010-07-22,0.0,77.2,85.6,93.9,74.4,1.95,28.69,22.02,J17WL,672.9,A,2024-11-19
2010-07-23,0.05,77.2,83.4,89.7,75.1,1.65,18.19,15.97,J17WL,673.16,A,2024-11-19
2010-07-24,0.0,74.8,83.8,92.9,75.0,0.88,23.54,22.05,J17WL,673.03,A,2024-11-19
2010-07-25,0.0,73.1,83.4,93.7,71.2,1.1,31.05,25.12,J17WL,672.98,A,2024-11-19
2010-07-26,0.0,74.8,84.2,93.5,70.5,2.67,29.92,26.01,J17WL,672.39,A,2024-11-19
2010-07-27,0.45,73.2,83.2,93.2,72.5,0.56,27.1,20.72,J17WL,672.95,A,2024-11-19
2010-07-28,0.0,75.4,82.5,89.6,74.1,1.16,18.92,16.86,J17WL,673.47,A,2024-11-19
2010-07-29,0.27,75.0,81.1,87.3,74.1,1.14,14.93,12.46,J17WL,673.85,A,2024-11-19
2010-07-30,0.0,75.1,83.4,91.6,73.2,0.48,25.16,23.93,J17WL,673.89,A,2024-11-19
2010-07-31,0.0,74.2,84.3,94.4,71.4,1.02,32.71,25.25,J17WL,674.1,A,2024-11-19
2010-08-01,0.0,74.1,85.2,96.2,69.6,1.28,37.4,27.69,J17WL,673.89,A,2024-11-19
2010-08-02,0.0,71.2,84.6,98.0,65.3,1.3,44.46,27.67,J17WL,672.99,A,2024-11-19
2010-08-03,0.0,73.9,85.2,96.4,67.2,2.92,38.03,27.96,J17WL,672.5,A,2024-11-19
2010-08-04,0.0,77.8,86.3,94.9,73.5,3.22,29.29,24.51,J17WL,671.85,A,2024-11-19
2010-08-05,0.0,75.4,85.5,95.5,71.9,2.55,31.34,24.57,J17WL,671.21,A,2024-11-19
2010-08-06,0.0,76.1,86.2,96.3,71.3,3.16,34.3,26.39,J17WL,670.8,A,2024-11-19
2010-08-07,0.0,76.8,86.9,97.0,71.3,3.17,35.58,26.42,J17WL,670.53,A,2024-11-19
2010-08-08,0.0,76.2,86.6,96.9,71.7,2.69,35.11,26.36,J17WL,670.28,A,2024-11-19
2010-08-09,0.0,76.8,86.6,96.5,72.9,2.28,34.09,24.62,J17WL,669.84,A,2024-11-19
2010-08-10,0.0,78.0,87.2,96.3,72.2,3.73,35.8,26.46,J17WL,669.04,A,2024-11-19
2010-08-11,0.0,78.0,87.9,97.8,73.4,3.11,35.41,24.84,J17WL,668.64,A,2024-11-19
2010-08-12,0.0,77.9,88.1,98.3,71.7,4.82,38.39,24.87,J17WL,668.33,A,2024-11-19
2010-08-13,0.0,77.7,86.5,95.3,71.7,3.9,32.51,23.65,J17WL,667.8,A,2024-11-19
2010-08-14,0.0,78.6,88.2,97.8,71.8,4.19,38.78,25.62,J17WL,668.16,A,2024-11-19
2010-08-15,0.0,79.4,89.1,98.7,73.8,3.99,37.72,23.17,J17WL,668.24,A,2024-11-19
2010-08-16,0.0,77.4,88.3,99.2,70.8,4.85,42.49,25.75,J17WL,667.56,A,2024-11-19
2010-08-17,0.0,77.1,88.7,100.3,70.7,4.35,44.07,25.86,J17WL,667.38,A,2024-11-19
2010-08-18,0.0,78.1,88.5,99.0,72.0,4.58,39.52,24.08,J17WL,667.11,A,2024-11-19
2010-08-19,0.0,78.5,88.8,99.0,72.0,4.41,40.02,24.68,J17WL,667.15,A,2024-11-19
2010-08-20,0.0,78.0,88.1,98.3,72.1,3.62,39.29,24.82,J17WL,667.32,A,2024-11-19
2010-08-21,0.0,77.6,88.2,98.7,71.0,3.64,42.25,24.71,J17WL,667.55,A,2024-11-19
2010-08-22,0.0,78.8,88.7,98.5,71.9,4.26,40.62,23.34,J17WL,668.02,A,2024-11-19
2010-08-23,0.0,76.8,87.8,98.9,69.1,4.77,43.24,24.43,J17WL,667.47,A,2024-11-19
2010-08-24,0.0,76.6,89.2,101.8,66.0,6.35,50.3,25.9,J17WL,667.88,A,2024-11-19
2010-08-25,0.11,77.2,89.9,102.5,68.4,5.59,51.39,20.58,J17WL,668.27,A,2024-11-19
2010-08-26,0.0,79.3,86.8,94.2,67.8,9.7,35.05,22.14,J17WL,668.15,A,2024-11-19
2010-08-27,0.0,74.3,82.4,90.6,64.8,8.65,29.34,17.74,J17WL,668.23,A,2024-11-19
2010-08-28,0.0,66.7,81.2,95.7,58.0,5.77,42.76,24.47,J17WL,668.23,A,2024-11-19
2010-08-29,0.0,68.5,82.1,95.7,61.7,4.99,40.69,24.91,J17WL,668.27,A,2024-11-19
2010-08-30,0.0,74.1,83.3,92.4,73.2,4.44,26.22,17.47,J17WL,668.03,A,2024-11-19
2010-08-31,0.0,78.7,88.2,97.7,73.1,3.28,35.94,20.53,J17WL,668.15,A,2024-11-19
2010-09-01,0.0,78.1,87.9,97.8,72.7,2.58,38.03,22.0,J17WL,667.75,A,2024-11-19
2010-09-02,0.02,76.7,87.1,97.6,72.6,2.27,37.04,19.56,J17WL,667.74,A,2024-11-19
2010-09-03,0.85,70.2,83.7,97.1,71.1,0.18,37.39,20.93,J17WL,669.74,A,2024-11-19
2010-09-04,0.06,71.1,77.8,84.5,68.1,1.12,15.06,14.32,J17WL,670.62,A,2024-11-19
2010-09-05,0.0,71.2,80.7,90.1,66.2,1.72,26.95,19.41,J17WL,671.34,A,2024-11-19
2010-09-06,0.0,71.6,81.4,91.2,68.5,1.38,30.01,21.03,J17WL,671.65,A,2024-11-19
2010-09-07,0.91,73.9,81.9,90.0,73.2,0.69,20.47,13.83,J17WL,673.87,A,2024-11-19
2010-09-08,5.12,73.6,76.3,79.0,74.4,0.49,6.74,2.46,J17WL,676.73,A,2024-11-19
2010-09-09,0.0,77.3,84.0,90.6,75.7,1.52,19.6,14.52,J17WL,678.84,A,2024-11-19
2010-09-10,0.0,77.0,84.1,91.3,73.9,2.49,23.25,19.02,J17WL,679.35,A,2024-11-19
2010-09-11,0.0,77.2,83.9,90.6,73.4,2.07,21.41,18.02,J17WL,679.74,A,2024-11-19
2010-09-12,0.0,76.7,84.3,91.8,73.6,1.97,23.95,20.83,J17WL,680.33,A,2024-11-19
2010-09-13,0.0,75.0,83.4,91.8,73.2,1.25,24.33,21.71,J17WL,680.2,A,2024-11-19
2010-09-14,0.0,75.4,83.4,91.3,72.6,1.44,24.22,21.34,J17WL,680.26,A,2024-11-19
2010-09-15,0.0,75.9,83.8,91.7,74.0,1.16,23.79,19.28,J17WL,680.23,A,2024-11-19
2010-09-16,0.0,73.0,82.7,92.3,73.4,0.54,25.0,19.06,J17WL,680.22,A,2024-11-19
2010-09-17,0.0,71.2,81.1,90.9,67.2,0.66,28.74,21.75,J17WL,680.24,A,2024-11-19
2010-09-18,0.98,72.1,81.7,91.4,72.7,0.53,22.85,13.84,J17WL,680.79,A,2024-11-19
2010-09-19,0.3,72.5,77.6,82.8,72.5,0.47,10.74,9.04,J17WL,681.12,A,2024-11-19
2010-09-20,0.32,68.5,75.3,82.2,69.0,0.62,10.99,6.89,J17WL,681.3,A,2024-11-19
2010-09-21,0.0,71.1,76.7,82.3,71.2,0.52,10.74,9.52,J17WL,681.28,A,2024-11-19
2010-09-22,0.05,72.5,78.9,85.2,72.3,0.6,13.85,11.11,J17WL,681.34,A,2024-11-19
2010-09-23,0.0,72.9,79.0,85.0,73.2,0.36,13.51,12.9,J17WL,681.24,A,2024-11-19
2010-09-24,0.11,73.9,81.0,88.0,73.2,0.43,17.83,14.9,J17WL,681.12,A,2024-11-19
2010-09-25,0.19,72.4,80.5,88.6,73.3,0.25,18.08,17.08,J17WL,681.25,A,2024-11-19
2010-09-26,0.09,71.8,80.4,88.9,71.6,0.45,20.05,18.2,J17WL,681.25,A,2024-11-19
2010-09-27,0.0,58.1,71.4,84.7,62.7,1.83,20.56,16.36,J17WL,680.86,A,2024-11-19
2010-09-28,0.0,53.6,66.5,79.5,51.7,1.31,22.87,22.18,J17WL,680.86,A,2024-11-19
2010-09-29,0.0,54.4,69.9,85.4,55.3,1.43,28.08,22.24,J17WL,680.44,A,2024-11-19
2010-09-30,0.0,59.3,74.2,89.1,56.9,1.9,32.14,22.25,J17WL,680.24,A,2024-11-19
2010-10-01,0.0,59.7,73.5,87.2,56.7,2.95,29.51,22.02,J17WL,679.73,A,2024-11-19
2010-10-02,0.0,63.5,75.4,87.4,55.3,5.48,30.26,21.94,J17WL,679.66,A,2024-11-19
2010-10-03,0.0,59.9,72.3,84.7,49.0,5.49,29.87,21.47,J17WL,679.46,A,2024-11-19
2010-10-04,0.0,55.7,67.9,80.1,49.0,5.41,21.63,21.56,J17WL,678.86,A,2024-11-19
2010-10-05,0.0,51.7,64.6,77.4,44.0,2.6,23.0,21.26,J17WL,678.75,A,2024-11-19
2010-10-06,0.0,51.7,64.9,78.1,48.5,1.46,21.55,21.46,J17WL,678.53,A,2024-11-19
2010-10-07,0.0,49.2,64.6,80.1,45.8,1.27,25.65,21.38,J17WL,678.22,A,2024-11-19
2010-10-08,0.0,50.0,65.8,81.6,46.8,1.53,27.18,21.27,J17WL,677.9,A,2024-11-19
2010-10-09,0.0,51.3,66.5,81.7,50.3,1.2,26.09,21.12,J17WL,677.75,A,2024-11-19
2010-10-10,0.0,54.1,68.5,82.9,57.6,0.38,23.86,20.87,J17WL,677.78,A,2024-11-19
2010-10-11,0.0,62.8,73.9,85.0,62.9,0.42,24.48,16.07,J17WL,677.51,A,2024-11-19
2010-10-12,0.02,63.6,74.0,84.4,64.2,0.39,19.9,14.11,J17WL,677.33,A,2024-11-19
2010-10-13,0.0,57.1,72.3,87.4,60.5,0.39,23.56,17.94,J17WL,677.09,A,2024-11-19
2010-10-14,0.0,56.1,69.9,83.6,50.9,4.23,25.91,19.09,J17WL,676.86,A,2024-11-19
2010-10-15,0.0,47.2,63.7,80.1,39.4,2.62,28.78,20.27,J17WL,676.88,A,2024-11-19
2010-10-16,0.0,47.1,65.0,83.0,43.2,2.23,29.92,19.77,J17WL,676.73,A,2024-11-19
2010-10-17,0.0,50.9,66.2,81.5,51.2,0.92,25.29,19.56,J17WL,676.9,A,2024-11-19
2010-10-18,0.0,56.9,70.5,84.0,60.4,0.35,23.29,18.31,J17WL,676.59,A,2024-11-19
2010-10-19,0.0,60.0,72.1,84.2,60.2,0.32,24.99,18.68,J17WL,676.4,A,2024-11-19
2010-10-20,0.0,62.6,73.3,83.9,63.5,0.88,19.98,11.74,J17WL,676.21,A,2024-11-19
2010-10-21,0.0,62.0,73.6,85.2,62.9,0.47,22.79,18.08,J17WL,676.09,A,2024-11-19
2010-10-22,0.03,62.6,73.7,84.7,65.7,0.23,20.77,13.94,J17WL,675.9,A,2024-11-19
2010-10-23,0.05,66.3,75.3,84.2,66.2,0.41,20.22,11.97,J17WL,676.16,A,2024-11-19
2010-10-24,0.0,67.3,75.7,84.1,65.1,1.36,20.39,13.55,J17WL,676.38,A,2024-11-19
2010-10-25,0.0,66.7,76.4,86.1,66.0,1.12,21.3,13.63,J17WL,675.99,A,2024-11-19
2010-10-26,0.0,66.3,78.4,90.6,65.7,0.58,30.76,13.1,J17WL,675.79,A,2024-11-19
2010-10-27,0.0,59.0,71.9,84.8,52.2,1.05,30.09,17.5,J17WL,675.44,A,2024-11-19
2010-10-28,0.0,65.7,76.0,86.4,58.1,2.18,21.7,10.21,J17WL,675.21,A,2024-11-19
2010-10-29,0.0,46.0,61.7,77.5,25.8,5.16,28.13,16.56,J17WL,675.33,A,2024-11-19
2010-10-30,0.0,39.0,56.3,73.7,31.2,1.84,23.28,18.18,J17WL,675.37,A,2024-11-19
2010-10-31,0.0,40.2,59.3,78.4,39.6,1.18,26.33,17.92,J17WL,675.51,A,2024-11-19
2010-11-01,0.0,48.8,67.1,85.4,58.3,0.48,27.83,17.73,J17WL,675.44,A,2024-11-19
2010-11-02,0.1,54.1,69.7,85.3,61.6,0.61,19.03,12.64,J17WL,675.2,A,2024-11-19
2010-11-03,0.0,54.4,63.8,73.3,48.3,3.2,17.0,15.58,J17WL,675.51,A,2024-11-19
2010-11-04,0.02,56.3,61.5,66.7,40.3,4.4,14.41,7.32,J17WL,675.59,A,2024-11-19
2010-11-05,0.0,38.4,54.4,70.3,27.3,2.94,21.33,17.25,J17WL,675.42,A,2024-11-19
2010-11-06,0.0,37.4,53.4,69.4,29.3,1.63,19.83,17.16,J17WL,675.52,A,2024-11-19
2010-11-07,0.0,37.2,53.4,69.7,33.0,1.12,18.63,16.99,J17WL,675.73,A,2024-11-19
2010-11-08,0.0,39.1,56.4,73.8,46.4,0.32,17.94,16.78,J17WL,675.39,A,2024-11-19
2010-11-09,0.0,45.2,60.5,75.8,51.2,0.17,18.54,16.33,J17WL,675.29,A,2024-11-19
2010-11-10,0.0,50.1,64.2,78.3,56.0,0.0,19.23,14.93,J17WL,674.95,A,2024-11-19
2010-11-11,0.0,53.0,67.3,81.7,59.7,0.0,21.11,14.64,J17WL,674.83,A,2024-11-19
2010-11-12,0.05,64.0,72.3,80.7,63.6,0.16,18.79,10.25,J17WL,674.66,A,2024-11-19
2010-11-13,0.0,50.1,65.8,81.5,55.7,1.3,18.42,10.98,J17WL,675.06,A,2024-11-19
2010-11-14,0.0,49.6,57.8,65.9,38.0,4.01,15.36,14.05,J17WL,675.21,A,2024-11-19
2010-11-15,0.0,51.0,55.8,60.6,42.4,2.5,9.75,5.72,J17WL,675.04,A,2024-11-19
2010-11-16,0.0,50.0,61.4,72.7,46.6,0.85,16.34,9.66,J17WL,674.85,A,2024-11-19
2010-11-17,0.0,42.1,57.1,72.1,37.4,1.15,20.75,15.85,J17WL,674.74,A,2024-11-19
2010-11-18,0.0,42.8,61.2,79.6,40.4,1.2,25.84,15.3,J17WL,674.5,A,2024-11-19
2010-11-19,0.0,35.7,51.3,67.0,35.2,0.78,15.96,15.67,J17WL,674.27,A,2024-11-19
2010-11-20,0.0,35.3,53.0,70.7,41.5,0.27,18.34,15.46,J17WL,674.52,A,2024-11-19
2010-11-21,0.0,46.1,61.5,76.8,61.1,0.2,13.84,9.42,J17WL,674.71,A,2024-11-19
2010-11-22,0.0,69.2,75.5,81.8,65.0,2.24,17.68,7.1,J17WL,674.44,A,2024-11-19
2010-11-23,0.0,69.7,76.4,83.1,66.8,1.55,18.16,10.35,J17WL,674.1,A,2024-11-19
2010-11-24,0.0,70.3,75.7,81.2,67.6,1.07,15.22,5.44,J17WL,674.24,A,2024-11-19
2010-11-25,0.0,70.1,77.4,84.7,67.1,1.85,20.42,9.65,J17WL,674.12,A,2024-11-19
2010-11-26,0.0,42.1,62.1,82.0,42.4,2.33,18.13,8.8,J17WL,674.19,A,2024-11-19
2010-11-27,0.0,28.9,44.2,59.6,18.5,1.34,14.76,12.81,J17WL,674.32,A,2024-11-19
2010-11-28,0.0,28.6,45.1,61.6,24.4,1.08,15.6,14.73,J17WL,674.61,A,2024-11-19
2010-11-29,0.0,41.0,56.4,71.9,53.6,1.05,14.85,11.38,J17WL,674.39,A,2024-11-19
2010-11-30,0.0,52.0,66.3,80.6,41.4,1.54,22.36,12.52,J17WL,673.9,A,2024-11-19
2010-12-01,0.0,29.1,45.2,61.4,18.7,1.52,15.51,14.68,J17WL,674.04,A,2024-11-19
2010-12-02,0.0,30.0,47.8,65.6,23.5,1.4,17.97,14.58,J17WL,674.03,A,2024-11-19
2010-12-03,0.0,36.4,54.0,71.6,42.1,0.66,16.98,14.37,J17WL,673.88,A,2024-11-19
2010-12-04,0.0,43.2,59.9,76.6,51.8,0.07,18.8,13.69,J17WL,673.91,A,2024-11-19
2010-12-05,0.0,46.9,62.4,78.0,43.4,0.59,20.71,11.47,J17WL,673.93,A,2024-11-19
2010-12-06,0.0,37.0,47.3,57.5,26.5,3.06,10.99,7.83,J17WL,673.47,A,2024-11-19
2010-12-07,0.0,35.3,46.6,58.0,23.7,2.25,12.65,13.97,J17WL,673.49,A,2024-11-19
2010-12-08,0.0,40.8,51.0,61.2,37.7,1.49,9.57,4.18,J17WL,673.24,A,2024-11-19
2010-12-09,0.0,30.0,44.8,59.5,30.5,0.66,11.72,13.77,J17WL,672.93,A,2024-11-19
2010-12-10,0.0,31.0,48.8,66.5,36.9,0.32,15.09,13.58,J17WL,672.56,A,2024-11-19
2010-12-11,0.0,37.0,55.7,74.3,44.9,0.31,19.23,13.2,J17WL,672.62,A,2024-11-19
2010-12-12,0.0,43.7,59.1,74.4,27.9,0.61,22.56,11.4,J17WL,672.5,A,2024-11-19
2010-12-13,0.0,29.0,44.1,59.1,14.4,2.15,14.68,13.77,J17WL,671.98,A,2024-11-19
2010-12-14,0.0,29.9,45.5,61.1,19.7,1.57,15.44,14.11,J17WL,672.1,A,2024-11-19
2010-12-15,0.0,37.1,54.9,72.8,43.9,0.27,18.88,13.97,J17WL,671.68,A,2024-11-19
2010-12-16,0.0,47.2,62.2,77.1,51.2,0.03,19.46,12.17,J17WL,671.44,A,2024-11-19
2010-12-17,0.0,42.8,53.3,63.8,35.9,0.46,13.77,12.69,J17WL,671.05,A,2024-11-19
2010-12-18,0.0,35.8,46.1,56.5,32.1,2.07,8.25,8.17,J17WL,671.09,A,2024-11-19
2010-12-19,0.0,33.3,46.2,59.0,25.5,1.54,12.88,13.65,J17WL,671.08,A,2024-11-19
2010-12-20,0.0,33.9,51.0,68.1,41.4,0.28,15.16,11.62,J17WL,670.85,A,2024-11-19
2010-12-21,0.0,55.6,66.1,76.6,57.8,0.16,16.21,10.56,J17WL,670.38,A,2024-11-19
2010-12-22,0.0,56.2,66.6,77.0,59.8,0.18,12.99,7.69,J17WL,670.13,A,2024-11-19
2010-12-23,0.02,55.7,61.1,66.6,52.3,0.32,7.22,2.42,J17WL,670.01,A,2024-11-19
2010-12-24,0.0,55.7,63.0,70.2,54.4,0.72,9.63,5.04,J17WL,670.02,A,2024-11-19
2010-12-25,0.65,41.2,55.7,70.3,48.9,0.24,7.5,3.15,J17WL,670.79,A,2024-11-19
2010-12-26,0.0,27.9,40.0,52.1,27.4,0.7,8.22,14.12,J17WL,671.18,A,2024-11-19
2010-12-27,0.0,26.3,39.8,53.4,24.7,0.49,9.77,14.17,J17WL,671.25,A,2024-11-19
2010-12-28,0.0,28.2,45.0,61.7,40.9,0.72,10.71,11.82,J17WL,671.21,A,2024-11-19
2010-12-29,0.29,51.6,56.9,62.2,56.9,0.06,1.94,1.1,J17WL,671.55,A,2024-11-19
2010-12-30,0.0,49.3,60.9,72.5,55.9,0.03,11.57,6.18,J17WL,671.84,A,2024-11-19
2010-12-31,0.0,56.8,66.9,77.0,58.8,0.19,17.43,8.81,J17WL,671.45,A,2024-11-19
2011-01-01,0.0,49.7,58.8,68.0,31.8,0.79,16.52,12.15,J17WL,671.45,A,2024-11-19
2011-01-02,0.0,34.8,48.5,62.3,22.8,3.06,14.81,13.66,J17WL,671.58,A,2024-11-19
2011-01-03,0.0,34.6,47.0,59.3,22.8,1.9,13.53,13.52,J17WL,671.31,A,2024-11-19
2011-01-04,0.03,44.9,51.6,58.4,45.1,1.32,6.28,3.98,J17WL,671.26,A,2024-11-19
2011-01-05,0.05,55.4,58.1,60.8,57.1,0.2,1.62,1.19,J17WL,671.38,A,2024-11-19
2011-01-06,0.0,35.6,53.7,71.8,33.1,0.26,22.14,12.4,J17WL,671.19,A,2024-11-19
2011-01-07,0.0,34.5,51.2,67.9,29.2,1.19,18.48,13.21,J17WL,671.1,A,2024-11-19
2011-01-08,0.0,36.4,55.0,73.6,36.7,1.37,19.62,12.76,J17WL,671.35,A,2024-11-19
2011-01-09,1.53,45.3,55.0,64.6,33.9,0.42,15.43,9.22,J17WL,672.13,A,2024-11-19
2011-01-10,0.0,41.7,48.1,54.4,41.9,0.57,4.24,6.91,J17WL,672.56,A,2024-11-19
2011-01-11,0.02,38.0,41.5,45.0,38.8,0.12,2.31,1.45,J17WL,673.17,A,2024-11-19
2011-01-12,0.0,34.1,39.9,45.8,19.0,2.08,7.16,10.44,J17WL,672.92,A,2024-11-19
2011-01-13,0.0,33.7,36.9,40.1,15.8,3.56,5.72,4.5,J17WL,673.15,A,2024-11-19
2011-01-14,0.0,35.4,38.7,41.9,19.3,3.14,5.93,4.53,J17WL,673.07,A,2024-11-19
2011-01-15,0.48,37.5,44.1,50.6,42.9,0.08,3.89,1.11,J17WL,673.46,A,2024-11-19
2011-01-16,0.34,49.1,51.5,53.9,50.4,0.13,1.14,1.0,J17WL,674.13,A,2024-11-19
2011-01-17,0.0,38.2,46.8,55.5,46.8,0.02,2.5,2.18,J17WL,674.31,A,2024-11-19
2011-01-18,0.0,39.7,48.7,57.6,47.9,0.0,3.9,7.03,J17WL,674.55,A,2024-11-19
2011-01-19,0.0,42.2,56.4,70.6,46.4,0.16,15.5,14.95,J17WL,674.45,A,2024-11-19
2011-01-20,0.0,40.9,53.9,66.9,48.8,0.21,11.43,14.76,J17WL,674.55,A,2024-11-19
2011-01-21,0.0,28.6,45.2,61.8,31.2,0.37,6.27,11.48,J17WL,674.29,A,2024-11-19
2011-01-22,0.0,27.4,40.5,53.5,21.9,0.82,10.41,15.73,J17WL,674.51,A,2024-11-19
2011-01-23,0.0,28.2,45.9,63.6,29.1,0.56,15.6,16.16,J17WL,674.48,A,2024-11-19
2011-01-24,0.0,40.0,48.6,57.2,40.5,0.75,6.43,4.02,J17WL,674.33,A,2024-11-19
2011-01-25,0.0,42.1,53.2,64.3,30.9,3.32,14.92,14.61,J17WL,673.94,A,2024-11-19
2011-01-26,0.0,30.2,45.5,60.8,28.8,0.76,13.07,15.47,J17WL,673.7,A,2024-11-19
2011-01-27,0.0,30.5,46.6,62.7,28.7,0.72,14.91,16.33,J17WL,673.37,A,2024-11-19
2011-01-28,0.0,37.3,53.1,68.7,33.8,1.35,17.9,16.32,J17WL,673.16,A,2024-11-19
2011-01-29,0.0,39.6,56.5,73.4,39.9,1.34,20.81,16.32,J17WL,673.27,A,2024-11-19
2011-01-30,0.0,53.9,64.3,74.6,57.6,1.03,13.23,10.81,J17WL,673.44,A,2024-11-19
2011-01-31,0.0,53.8,66.7,79.7,51.9,0.52,23.48,13.68,J17WL,672.68,A,2024-11-19
2011-02-01,0.2,42.1,60.0,77.9,56.4,0.31,17.24,10.89,J17WL,672.53,A,2024-11-19
2011-02-02,0.0,20.4,30.8,41.2,17.0,1.05,4.67,15.04,J17WL,672.31,A,2024-11-19
2011-02-03,0.0,20.8,24.5,28.2,8.9,1.67,3.01,5.28,J17WL,672.29,A,2024-11-19
2011-02-04,0.07,21.3,24.6,27.8,13.8,0.43,2.72,5.25,J17WL,671.99,A,2024-11-19
2011-02-05,0.0,21.8,33.1,44.5,15.6,0.89,7.35,17.3,J17WL,671.12,A,2024-11-19
2011-02-06,0.0,26.4,45.0,63.7,18.3,1.44,16.68,17.85,J17WL,671.76,A,2024-11-19
2011-02-07,0.0,32.6,54.1,75.5,31.7,1.2,25.87,17.61,J17WL,671.83,A,2024-11-19
2011-02-08,0.0,32.6,46.1,59.6,22.4,1.5,14.3,18.1,J17WL,671.83,A,2024-11-19
2011-02-09,0.05,32.3,49.9,67.5,42.8,0.29,13.85,15.63,J17WL,671.99,A,2024-11-19
2011-02-10,0.0,22.0,29.8,37.7,17.7,0.61,3.57,7.77,J17WL,671.85,A,2024-11-19
2011-02-11,0.0,20.8,33.8,46.8,14.7,0.93,8.28,18.35,J17WL,671.74,A,2024-11-19
2011-02-12,0.0,23.1,40.0,56.9,19.2,0.96,12.67,18.57,J17WL,671.81,A,2024-11-19
2011-02-13,0.0,27.6,46.4,65.2,22.1,0.97,17.67,18.7,J17WL,671.78,A,2024-11-19
2011-02-14,0.0,32.7,52.8,72.9,40.6,0.14,20.36,19.05,J17WL,671.74,A,2024-11-19
2011-02-15,0.0,43.6,60.5,77.4,53.8,0.11,18.63,15.27,J17WL,671.6,A,2024-11-19
2011-02-16,0.02,57.7,68.1,78.5,58.1,0.3,17.99,9.08,J17WL,671.27,A,2024-11-19
2011-02-17,0.03,59.3,66.8,74.3,60.1,0.34,12.02,6.76,J17WL,671.51,A,2024-11-19
2011-02-18,0.0,64.6,71.3,77.9,61.7,1.02,15.29,7.46,J17WL,671.19,A,2024-11-19
2011-02-19,0.0,61.3,70.5,79.6,59.8,0.79,17.04,7.51,J17WL,671.41,A,2024-11-19
2011-02-20,0.08,61.3,69.6,77.9,61.3,0.62,14.44,4.75,J17WL,671.69,A,2024-11-19
2011-02-21,0.0,63.2,72.6,82.1,60.8,1.95,20.11,11.64,J17WL,671.33,A,2024-11-19
2011-02-22,0.0,56.9,67.9,78.8,55.8,1.28,15.25,8.44,J17WL,671.11,A,2024-11-19
2011-02-23,0.0,56.2,61.7,67.3,51.3,0.48,9.82,5.27,J17WL,670.87,A,2024-11-19
2011-02-24,0.0,64.8,71.4,78.1,63.7,0.35,13.22,6.3,J17WL,670.84,A,2024-11-19
2011-02-25,0.08,44.3,64.9,85.5,43.3,1.3,35.55,9.1,J17WL,670.74,A,2024-11-19
2011-02-26,0.0,47.8,62.2,76.5,39.7,1.95,23.53,20.89,J17WL,670.58,A,2024-11-19
2011-02-27,0.0,60.2,69.8,79.4,64.2,0.8,13.61,7.43,J17WL,670.63,A,2024-11-19
2011-02-28,0.02,60.7,74.9,89.1,58.2,0.73,28.41,9.97,J17WL,670.23,A,2024-11-19
2011-03-01,0.0,45.7,60.2,74.6,30.6,3.96,24.14,21.36,J17WL,670.04,A,2024-11-19
2011-03-02,0.0,42.0,58.0,73.9,33.1,2.02,22.61,21.34,J17WL,669.57,A,2024-11-19
2011-03-03,0.0,43.1,60.2,77.4,40.8,1.2,24.23,21.52,J17WL,669.34,A,2024-11-19
2011-03-04,0.0,53.0,65.1,77.2,53.0,0.78,18.73,17.27,J17WL,669.19,A,2024-11-19
2011-03-05,0.0,58.1,67.8,77.4,58.1,1.35,15.84,12.62,J17WL,669.24,A,2024-11-19
2011-03-06,0.0,34.4,51.5,68.6,31.8,1.92,17.77,18.23,J17WL,669.36,A,2024-11-19
2011-03-07,0.0,36.4,51.8,67.3,29.8,0.61,18.98,21.65,J17WL,669.15,A,2024-11-19
2011-03-08,0.0,45.0,61.4,77.7,55.4,0.33,18.47,18.69,J17WL,668.97,A,2024-11-19
2011-03-09,0.0,57.3,70.6,84.0,58.5,1.31,23.42,14.61,J17WL,668.62,A,2024-11-19
2011-03-10,0.0,40.8,58.0,75.2,33.0,3.15,23.56,21.73,J17WL,668.0,A,2024-11-19
2011-03-11,0.0,39.2,56.8,74.4,24.3,3.0,25.08,22.92,J17WL,667.78,A,2024-11-19
2011-03-12,0.0,40.1,59.1,78.2,43.6,1.15,25.11,22.62,J17WL,667.97,A,2024-11-19
2011-03-13,0.0,58.3,70.5,82.7,56.3,1.26,24.16,19.88,J17WL,667.66,A,2024-11-19
2011-03-14,0.0,62.6,69.7,76.8,61.6,0.71,14.0,6.92,J17WL,667.11,A,2024-11-19
2011-03-15,0.0,49.4,62.3,75.1,46.7,0.61,18.75,16.99,J17WL,666.78,A,2024-11-19
2011-03-16,0.0,51.6,63.9,76.3,52.6,0.58,17.32,18.34,J17WL,666.18,A,2024-11-19
2011-03-17,0.0,62.4,72.5,82.7,61.2,0.49,20.81,16.34,J17WL,665.72,A,2024-11-19
2011-03-18,0.0,66.6,75.3,84.0,61.7,2.11,22.25,15.85,J17WL,665.13,A,2024-11-19
2011-03-19,0.0,65.3,75.9,86.5,62.2,1.79,25.43,15.29,J17WL,664.76,A,2024-11-19
2011-03-20,0.0,64.6,73.5,82.4,61.8,1.11,19.85,11.06,J17WL,664.55,A,2024-11-19
2011-03-21,0.0,64.5,72.4,80.3,62.2,1.08,17.22,10.51,J17WL,663.96,A,2024-11-19
2011-03-22,0.0,64.4,73.2,81.9,60.7,1.88,19.69,14.31,J17WL,663.4,A,2024-11-19
2011-03-23,0.0,65.0,74.6,84.3,61.2,1.4,23.06,18.17,J17WL,662.71,A,2024-11-19
2011-03-24,0.0,63.1,74.9,86.8,60.4,0.65,26.55,20.74,J17WL,662.37,A,2024-11-19
2011-03-25,0.0,63.6,73.9,84.2,60.8,0.84,23.1,14.49,J17WL,662.06,A,2024-11-19
2011-03-26,0.0,66.5,76.1,85.7,63.7,1.75,23.38,17.13,J17WL,662.78,A,2024-11-19
2011-03-27,0.0,65.7,76.2,86.7,66.2,0.93,20.02,13.77,J17WL,662.68,A,2024-11-19
2011-03-28,0.0,53.5,65.9,78.4,55.1,1.58,15.04,13.13,J17WL,662.18,A,2024-11-19
2011-03-29,0.0,53.4,60.7,68.1,55.8,1.03,7.5,7.29,J17WL,662.4,A,2024-11-19
2011-03-30,0.0,51.9,62.4,72.9,57.8,0.32,5.94,4.31,J17WL,663.13,A,2024-11-19
2011-03-31,0.0,48.2,59.6,70.9,43.9,2.69,14.87,15.14,J17WL,663.23,A,2024-11-19
2011-04-01,0.0,51.0,66.2,81.4,54.4,0.26,21.81,18.15,J17WL,663.11,A,2024-11-19
2011-04-02,0.0,62.5,77.9,93.2,60.8,0.39,38.53,21.62,J17WL,663.03,A,2024-11-19
2011-04-03,0.0,67.2,77.1,87.0,66.2,1.43,20.83,13.93,J17WL,663.12,A,2024-11-19
2011-04-04,0.0,69.8,77.0,84.2,68.4,2.39,16.17,12.15,J17WL,662.66,A,2024-11-19
2011-04-05,0.0,40.3,59.5,78.7,35.9,1.88,24.7,23.42,J17WL,662.45,A,2024-11-19
2011-04-06,0.0,42.8,59.8,76.8,32.0,2.21,26.51,26.28,J17WL,662.21,A,2024-11-19
2011-04-07,0.0,48.7,67.4,86.1,56.9,1.4,27.68,26.11,J17WL,661.88,A,2024-11-19
2011-04-08,0.0,67.0,76.7,86.4,66.3,2.35,21.69,18.42,J17WL,661.44,A,2024-11-19
2011-04-09,0.0,67.1,80.8,94.4,66.9,1.15,35.07,22.54,J17WL,661.15,A,2024-11-19
2011-04-10,0.0,68.5,80.6,92.7,67.2,0.83,31.43,22.76,J17WL,661.03,A,2024-11-19
2011-04-11,0.0,65.4,79.1,92.9,65.9,2.29,30.88,23.06,J17WL,660.24,A,2024-11-19
2011-04-12,0.0,49.3,66.8,84.3,35.7,3.69,34.08,26.32,J17WL,659.7,A,2024-11-19
2011-04-13,0.0,50.8,67.6,84.4,40.5,2.63,33.54,26.1,J17WL,659.42,A,2024-11-19
2011-04-14,0.0,53.4,68.9,84.4,59.9,2.26,24.97,23.19,J17WL,659.48,A,2024-11-19
2011-04-15,0.0,66.2,77.1,88.0,66.8,1.07,23.85,14.65,J17WL,659.32,A,2024-11-19
2011-04-16,0.0,51.8,68.0,84.1,25.7,8.48,35.49,26.7,J17WL,659.19,A,2024-11-19
2011-04-17,0.0,49.1,64.7,80.3,29.7,3.13,30.84,26.83,J17WL,659.32,A,2024-11-19
2011-04-18,0.0,51.1,67.6,84.1,60.4,2.58,22.67,20.93,J17WL,658.84,A,2024-11-19
2011-04-19,0.0,71.1,82.1,93.0,67.9,3.05,29.98,22.21,J17WL,658.02,A,2024-11-19
2011-04-20,0.0,72.5,82.9,93.3,69.3,2.14,30.26,17.57,J17WL,657.31,A,2024-11-19
2011-04-21,0.0,74.4,81.1,87.7,69.7,2.48,20.62,11.72,J17WL,657.23,A,2024-11-19
2011-04-22,0.0,73.3,82.0,90.7,67.5,2.93,28.55,18.54,J17WL,656.98,A,2024-11-19
2011-04-23,0.0,73.2,82.4,91.6,66.7,3.5,31.2,22.97,J17WL,657.05,A,2024-11-19
2011-04-24,0.0,73.4,82.1,90.7,66.5,3.61,28.47,22.18,J17WL,657.1,A,2024-11-19
2011-04-25,0.0,73.9,81.3,88.6,66.9,4.7,27.26,16.01,J17WL,657.06,A,2024-11-19
2011-04-26,0.0,70.1,82.1,94.0,67.8,0.47,36.35,16.14,J17WL,656.17,A,2024-11-19
2011-04-27,0.0,71.5,84.1,96.6,69.1,0.6,36.74,22.93,J17WL,655.64,A,2024-11-19
2011-04-28,0.0,58.0,74.2,90.5,31.1,5.87,45.67,27.87,J17WL,654.88,A,2024-11-19
2011-04-29,0.0,54.6,69.2,83.8,43.2,3.25,31.39,27.97,J17WL,654.31,A,2024-11-19
2011-04-30,0.0,57.0,73.4,89.9,57.1,3.31,36.1,27.67,J17WL,654.86,A,2024-11-19
2011-05-01,0.0,75.1,83.7,92.4,68.9,4.17,30.88,16.55,J17WL,655.33,A,2024-11-19
2011-05-02,0.0,52.8,72.4,91.9,55.6,2.58,30.04,19.36,J17WL,654.94,A,2024-11-19
2011-05-03,0.0,46.2,52.9,59.5,44.9,1.4,6.25,7.12,J17WL,654.8,A,2024-11-19
2011-05-04,0.0,48.5,62.4,76.4,34.4,3.76,25.14,27.83,J17WL,654.21,A,2024-11-19
2011-05-05,0.0,51.9,65.6,79.4,39.1,2.61,28.46,25.81,J17WL,653.33,A,2024-11-19
2011-05-06,0.0,56.5,70.6,84.8,53.2,1.8,28.8,26.81,J17WL,653.18,A,2024-11-19
2011-05-07,0.0,66.1,77.2,88.3,59.3,2.03,30.84,22.19,J17WL,653.04,A,2024-11-19
2011-05-08,0.0,70.8,81.2,91.6,65.9,4.14,30.62,22.23,J17WL,653.18,A,2024-11-19
2011-05-09,0.0,73.1,85.0,96.9,68.5,2.67,38.8,23.26,J17WL,652.51,A,2024-11-19
2011-05-10,0.0,73.6,84.4,95.2,66.8,3.59,36.19,24.17,J17WL,651.6,A,2024-11-19
2011-05-11,0.0,74.5,82.7,90.9,68.1,3.66,29.03,14.72,J17WL,651.3,A,2024-11-19
2011-05-12,0.0,76.1,82.9,89.8,69.4,2.53,26.37,17.42,J17WL,652.79,A,2024-11-19
2011-05-13,1.24,62.0,70.6,79.2,64.0,0.48,13.35,9.66,J17WL,654.31,A,2024-11-19
2011-05-14,0.0,58.1,74.7,91.2,55.4,1.38,36.87,26.84,J17WL,655.24,A,2024-11-19
2011-05-15,0.0,57.4,70.7,83.9,42.1,5.93,33.78,27.81,J17WL,656.13,A,2024-11-19
2011-05-16,0.0,59.2,69.7,80.2,44.9,6.08,26.79,24.59,J17WL,655.96,A,2024-11-19
2011-05-17,0.0,59.5,73.0,86.5,49.3,4.36,31.93,25.37,J17WL,655.39,A,2024-11-19
2011-05-18,0.0,62.9,75.9,88.9,58.6,4.81,31.45,26.47,J17WL,654.81,A,2024-11-19
2011-05-19,0.0,72.2,80.2,88.1,68.4,3.38,22.98,16.37,J17WL,654.53,A,2024-11-19
2011-05-20,0.0,75.1,78.6,82.1,72.6,1.58,10.56,7.61,J17WL,654.62,A,2024-11-19
2011-05-21,0.0,75.6,83.2,90.9,71.8,2.08,22.89,14.14,J17WL,654.67,A,2024-11-19
2011-05-22,0.0,75.1,83.1,91.1,72.6,1.46,23.91,15.32,J17WL,654.71,A,2024-11-19
2011-05-23,0.0,74.7,84.3,94.0,70.1,3.23,31.57,23.05,J17WL,653.82,A,2024-11-19
2011-05-24,0.0,75.4,83.4,91.5,70.1,3.88,26.45,20.1,J17WL,652.82,A,2024-11-19
2011-05-25,0.0,77.1,86.9,96.7,70.7,3.97,36.08,24.56,J17WL,651.88,A,2024-11-19
2011-05-26,0.0,73.3,86.6,99.9,64.8,5.57,46.48,25.47,J17WL,651.28,A,2024-11-19
2011-05-27,0.0,72.9,84.0,95.1,60.7,2.2,40.34,27.87,J17WL,650.21,A,2024-11-19
2011-05-28,0.0,74.0,87.0,100.0,67.5,2.49,47.94,27.81,J17WL,650.46,A,2024-11-19
2011-05-29,0.0,75.1,87.4,99.6,70.3,3.71,42.26,25.15,J17WL,650.42,A,2024-11-19
2011-05-30,0.0,76.5,86.5,96.5,68.8,5.27,37.34,26.2,J17WL,649.6,A,2024-11-19
2011-05-31,0.0,78.5,87.7,97.0,69.2,5.27,40.78,24.61,J17WL,647.89,A,2024-11-19
2011-06-01,0.0,73.0,84.9,96.9,68.8,2.44,38.14,24.08,J17WL,647.0,A,2024-11-19
2011-06-02,0.0,66.4,81.0,95.5,63.2,1.18,41.35,23.45,J17WL,646.63,A,2024-11-19
2011-06-03,0.0,67.7,82.1,96.6,58.7,1.98,44.95,27.75,J17WL,646.38,A,2024-11-19
2011-06-04,0.0,71.4,83.7,96.0,63.4,2.57,41.03,28.17,J17WL,646.25,A,2024-11-19
2011-06-05,0.0,70.8,83.3,95.7,64.5,2.25,39.88,24.71,J17WL,646.66,A,2024-11-19
2011-06-06,0.0,71.6,84.7,97.9,59.8,4.17,45.76,28.12,J17WL,645.71,A,2024-11-19
2011-06-07,0.0,72.0,86.2,100.4,59.6,7.49,52.34,27.79,J17WL,644.33,A,2024-11-19
2011-06-08,0.0,74.3,86.1,97.9,63.4,4.58,44.91,28.13,J17WL,643.53,A,2024-11-19
2011-06-09,0.0,73.0,84.8,96.6,65.3,3.43,41.43,26.8,J17WL,642.97,A,2024-11-19
2011-06-10,0.0,73.0,84.8,96.6,65.0,3.25,41.7,26.92,J17WL,642.6,A,2024-11-19
2011-06-11,0.0,73.8,85.5,97.1,66.1,3.26,41.51,26.03,J17WL,643.39,A,2024-11-19
2011-06-12,0.0,74.3,85.6,96.9,66.4,2.9,40.55,25.89,J17WL,643.77,A,2024-11-19
2011-06-13,0.0,74.5,86.4,98.3,65.8,3.06,45.15,26.45,J17WL,642.7,A,2024-11-19
2011-06-14,0.0,76.2,87.1,98.0,66.3,4.19,44.15,27.03,J17WL,641.88,A,2024-11-19
2011-06-15,0.0,75.8,87.8,99.9,65.7,4.65,49.32,27.62,J17WL,640.84,A,2024-11-19
2011-06-16,0.0,77.1,88.8,100.4,68.3,5.24,47.69,26.22,J17WL,640.46,A,2024-11-19
2011-06-17,0.0,77.7,89.6,101.5,70.0,4.38,49.08,24.75,J17WL,640.29,A,2024-11-19
2011-06-18,0.0,75.6,89.6,103.7,69.1,2.44,55.39,27.34,J17WL,640.96,A,2024-11-19
2011-06-19,0.0,77.5,90.5,103.6,68.9,4.41,54.72,27.52,J17WL,641.15,A,2024-11-19
2011-06-20,0.0,78.1,90.3,102.4,68.8,6.37,51.26,26.57,J17WL,640.03,A,2024-11-19
2011-06-21,0.0,78.5,88.8,99.1,69.9,5.71,42.5,22.13,J17WL,639.84,A,2024-11-19
2011-06-22,1.79,68.9,83.9,98.8,70.2,0.35,40.14,21.11,J17WL,643.02,A,2024-11-19
2011-06-23,0.07,69.9,79.3,88.7,69.5,0.69,24.33,18.78,J17WL,644.61,A,2024-11-19
2011-06-24,0.0,72.0,82.0,92.1,69.4,1.54,29.13,22.89,J17WL,645.28,A,2024-11-19
2011-06-25,0.0,74.4,84.1,93.7,71.3,2.02,28.75,22.33,J17WL,645.6,A,2024-11-19
2011-06-26,0.0,76.8,85.9,95.0,72.0,2.97,30.71,22.35,J17WL,646.57,A,2024-11-19
2011-06-27,0.0,77.6,87.5,97.3,71.1,3.95,36.54,25.38,J17WL,646.17,A,2024-11-19
2011-06-28,0.0,77.3,87.4,97.5,71.0,3.47,37.73,25.9,J17WL,645.14,A,2024-11-19
2011-06-29,0.0,74.6,85.1,95.6,70.4,2.84,33.33,23.96,J17WL,644.69,A,2024-11-19
2011-06-30,0.0,72.6,83.9,95.2,68.1,2.82,34.36,24.64,J17WL,644.71,A,2024-11-19
2011-07-01,0.0,75.8,86.4,96.9,69.7,2.35,38.69,26.39,J17WL,644.54,A,2024-11-19
2011-07-02,0.0,76.6,86.0,95.4,71.0,3.05,33.9,20.42,J17WL,645.21,A,2024-11-19
2011-07-03,0.0,75.6,86.2,96.7,68.7,3.48,38.37,27.01,J17WL,645.59,A,2024-11-19
2011-07-04,0.0,74.5,86.2,97.9,66.6,3.9,42.78,28.12,J17WL,644.85,A,2024-11-19
2011-07-05,0.0,73.4,85.2,97.0,65.5,3.45,42.26,27.94,J17WL,643.97,A,2024-11-19
2011-07-06,0.0,75.2,86.1,97.1,65.0,4.53,42.79,27.74,J17WL,643.65,A,2024-11-19
2011-07-07,0.0,75.5,86.8,98.0,66.0,5.16,41.97,28.55,J17WL,643.56,A,2024-11-19
2011-07-08,0.0,74.8,86.1,97.3,65.9,5.41,41.62,27.74,J17WL,643.31,A,2024-11-19
2011-07-09,0.0,74.8,86.8,98.8,64.8,4.17,46.0,28.46,J17WL,643.92,A,2024-11-19
2011-07-10,0.0,76.5,87.4,98.3,68.7,3.82,42.11,25.86,J17WL,644.44,A,2024-11-19
2011-07-11,0.01,77.0,87.2,97.4,71.4,2.97,37.46,20.96,J17WL,644.37,A,2024-11-19
2011-07-12,0.0,76.7,87.9,99.0,70.9,2.93,41.17,23.27,J17WL,643.66,A,2024-11-19
2011-07-13,0.0,75.0,87.2,99.4,69.9,2.05,42.99,24.04,J17WL,643.25,A,2024-11-19
2011-07-14,0.0,75.5,87.3,99.2,68.6,2.74,43.31,27.22,J17WL,642.97,A,2024-11-19
2011-07-15,0.0,77.1,88.8,100.6,68.7,4.32,46.6,26.45,J17WL,642.59,A,2024-11-19
2011-07-16,0.0,78.3,89.8,101.3,67.9,5.74,50.38,25.83,J17WL,643.14,A,2024-11-19
2011-07-17,0.0,75.7,86.1,96.4,67.7,4.24,38.66,22.13,J17WL,643.88,A,2024-11-19
2011-07-18,0.0,75.3,86.7,98.1,66.6,4.02,42.57,24.67,J17WL,643.31,A,2024-11-19
2011-07-19,0.0,77.7,89.1,100.5,66.1,7.72,48.24,28.36,J17WL,643.12,A,2024-11-19
2011-07-20,0.58,75.1,87.4,99.6,71.7,1.1,41.68,18.24,J17WL,644.09,A,2024-11-19
2011-07-21,0.0,75.7,87.4,99.0,71.2,1.82,41.68,25.01,J17WL,644.1,A,2024-11-19
2011-07-22,0.0,76.8,87.7,98.6,71.0,2.92,41.08,24.24,J17WL,643.59,A,2024-11-19
2011-07-23,0.0,78.6,89.1,99.6,71.9,3.97,41.55,20.18,J17WL,644.38,A,2024-11-19
2011-07-24,0.0,78.1,89.6,101.0,70.1,3.81,47.03,24.73,J17WL,644.39,A,2024-11-19
2011-07-25,0.0,74.6,87.8,101.1,68.1,3.08,48.38,26.14,J17WL,643.54,A,2024-11-19
2011-07-26,0.0,76.5,88.8,101.0,66.6,4.47,50.51,27.79,J17WL,643.24,A,2024-11-19
2011-07-27,0.0,76.1,88.6,101.0,66.7,4.91,49.35,27.49,J17WL,643.02,A,2024-11-19
2011-07-28,0.0,77.1,89.2,101.3,68.1,4.98,50.77,27.46,J17WL,643.02,A,2024-11-19
2011-07-29,0.0,77.7,89.3,100.8,67.6,4.54,49.08,26.99,J17WL,643.17,A,2024-11-19
2011-07-30,0.0,77.5,88.5,99.4,71.1,3.34,41.93,23.52,J17WL,644.26,A,2024-11-19
2011-07-31,0.03,76.0,86.9,97.8,70.0,2.11,40.25,17.81,J17WL,645.11,A,2024-11-19
2011-08-01,0.0,76.8,88.0,99.1,67.6,3.9,44.6,25.32,J17WL,644.41,A,2024-11-19
2011-08-02,0.0,77.9,90.0,102.1,64.2,7.47,52.5,28.03,J17WL,643.09,A,2024-11-19
2011-08-03,0.0,77.5,90.0,102.5,66.5,6.72,51.85,27.41,J17WL,642.4,A,2024-11-19
2011-08-04,0.0,77.1,89.8,102.5,67.1,6.6,51.67,27.86,J17WL,642.15,A,2024-11-19
2011-08-05,0.0,77.6,90.2,102.7,67.4,4.53,52.95,27.72,J17WL,642.03,A,2024-11-19
2011-08-06,0.0,76.8,89.8,102.7,69.0,3.64,51.95,27.0,J17WL,642.6,A,2024-11-19
2011-08-07,0.0,77.8,89.4,100.9,68.4,4.32,48.27,25.99,J17WL,643.41,A,2024-11-19
2011-08-08,0.0,79.3,90.2,101.1,69.2,5.99,47.45,25.4,J17WL,642.99,A,2024-11-19
2011-08-09,0.0,78.2,90.3,102.4,69.0,4.73,52.61,26.82,J17WL,641.97,A,2024-11-19
2011-08-10,0.0,78.8,90.3,101.8,69.3,5.8,49.64,24.52,J17WL,641.46,A,2024-11-19
2011-08-11,0.0,80.8,90.6,100.5,72.9,6.25,41.49,18.3,J17WL,641.9,A,2024-11-19
2011-08-12,0.0,81.1,91.8,102.6,71.1,7.78,49.33,22.99,J17WL,642.02,A,2024-11-19
2011-08-13,0.0,78.7,89.8,100.8,70.4,5.01,45.92,22.34,J17WL,642.64,A,2024-11-19
2011-08-14,0.0,77.6,88.3,99.0,69.7,3.9,44.03,21.3,J17WL,643.44,A,2024-11-19
2011-08-15,0.0,77.3,88.6,100.0,67.2,4.57,46.61,24.9,J17WL,642.73,A,2024-11-19
2011-08-16,0.0,76.7,88.8,100.9,66.8,4.97,49.56,26.19,J17WL,642.02,A,2024-11-19
2011-08-17,0.0,77.0,88.9,100.7,68.3,3.99,47.38,25.36,J17WL,641.53,A,2024-11-19
2011-08-18,0.0,75.2,87.9,100.6,65.6,3.97,48.63,25.04,J17WL,641.49,A,2024-11-19
2011-08-19,0.0,76.5,89.1,101.8,64.2,5.03,53.44,26.27,J17WL,641.31,A,2024-11-19
2011-08-20,0.0,77.6,89.9,102.3,65.6,6.72,51.24,26.13,J17WL,642.19,A,2024-11-19
2011-08-21,0.0,77.0,89.1,101.2,67.8,4.49,47.78,25.46,J17WL,642.8,A,2024-11-19
2011-08-22,0.0,77.1,88.2,99.3,68.1,4.74,44.56,23.81,J17WL,642.18,A,2024-11-19
2011-08-23,0.0,77.8,88.9,100.0,68.6,5.73,45.64,23.98,J17WL,641.08,A,2024-11-19
2011-08-24,0.0,78.2,89.6,100.9,67.4,5.54,48.16,25.1,J17WL,640.97,A,2024-11-19
2011-08-25,0.0,78.5,89.8,101.1,67.7,7.03,48.32,25.33,J17WL,641.12,A,2024-11-19
2011-08-26,0.11,72.9,82.8,92.7,69.7,2.76,30.0,16.87,J17WL,641.89,A,2024-11-19
2011-08-27,0.0,74.6,86.9,99.2,66.8,3.44,44.75,23.97,J17WL,642.44,A,2024-11-19
2011-08-28,0.0,80.1,92.8,105.5,60.0,11.95,62.45,24.78,J17WL,643.1,A,2024-11-19
2011-08-29,0.0,79.6,94.6,109.6,57.6,15.79,73.84,24.24,J17WL,642.11,A,2024-11-19
2011-08-30,0.0,74.3,90.5,106.7,56.1,10.3,67.92,25.24,J17WL,641.48,A,2024-11-19
2011-08-31,0.0,75.5,88.6,101.7,64.1,5.34,52.61,25.21,J17WL,641.08,A,2024-11-19
2011-09-01,0.0,74.7,87.2,99.7,65.1,3.93,48.19,23.79,J17WL,641.04,A,2024-11-19
2011-09-02,0.0,75.6,87.0,98.5,67.2,4.62,43.11,22.98,J17WL,641.07,A,2024-11-19
2011-09-03,0.0,78.1,89.6,101.0,68.0,6.58,46.98,21.88,J17WL,642.11,A,2024-11-19
2011-09-04,0.0,73.3,87.8,102.3,58.7,6.83,56.02,22.98,J17WL,642.8,A,2024-11-19
2011-09-05,0.0,75.9,88.3,100.8,56.0,15.53,55.42,24.54,J17WL,642.6,A,2024-11-19
2011-09-06,0.0,60.2,75.7,91.2,34.7,11.47,44.44,25.07,J17WL,641.29,A,2024-11-19
2011-09-07,0.0,59.1,76.0,92.9,35.1,9.38,47.28,24.92,J17WL,640.96,A,2024-11-19
2011-09-08,0.0,60.1,77.9,95.7,39.7,9.6,51.06,24.98,J17WL,641.16,A,2024-11-19
2011-09-09,0.0,61.9,78.4,95.0,35.3,11.17,50.47,24.43,J17WL,640.95,A,2024-11-19
2011-09-10,0.0,63.5,79.8,96.1,42.0,9.96,50.32,24.43,J17WL,641.82,A,2024-11-19
2011-09-11,0.0,66.0,81.7,97.5,48.2,8.37,50.8,23.7,J17WL,642.2,A,2024-11-19
2011-09-12,0.0,67.2,83.2,99.2,50.9,8.95,52.2,23.01,J17WL,641.57,A,2024-11-19
2011-09-13,0.0,70.2,85.1,100.1,56.7,4.93,53.58,23.91,J17WL,640.34,A,2024-11-19
2011-09-14,0.0,72.4,86.5,100.5,59.9,2.71,53.76,23.27,J17WL,640.59,A,2024-11-19
2011-09-15,0.0,71.2,85.0,98.9,63.1,3.32,48.74,23.12,J17WL,640.47,A,2024-11-19
2011-09-16,0.04,72.5,83.8,95.2,63.1,4.52,40.02,21.57,J17WL,642.31,A,2024-11-19
2011-09-17,0.83,73.4,80.9,88.4,69.4,1.49,23.07,13.04,J17WL,643.65,A,2024-11-19
2011-09-18,0.36,71.9,79.9,87.8,71.5,0.5,19.2,9.13,J17WL,644.8,A,2024-11-19
2011-09-19,0.26,67.6,80.4,93.3,68.0,0.84,30.02,17.83,J17WL,645.72,A,2024-11-19
2011-09-20,0.0,66.8,80.3,93.9,56.4,3.34,41.89,22.04,J17WL,645.95,A,2024-11-19
2011-09-21,0.0,66.9,80.4,94.0,61.5,2.03,38.75,22.17,J17WL,645.99,A,2024-11-19
2011-09-22,0.0,68.9,81.6,94.4,63.1,2.39,37.95,20.88,J17WL,645.68,A,2024-11-19
2011-09-23,0.0,68.9,81.6,94.4,60.4,5.51,38.48,20.46,J17WL,645.69,A,2024-11-19
2011-09-24,0.0,64.7,77.9,91.2,55.8,6.01,34.81,22.42,J17WL,645.63,A,2024-11-19
2011-09-25,0.0,65.5,80.6,95.7,59.0,4.96,42.32,21.8,J17WL,646.09,A,2024-11-19
2011-09-26,0.0,69.5,85.7,101.9,59.4,4.47,55.22,22.55,J17WL,645.05,A,2024-11-19
2011-09-27,0.0,70.4,85.3,100.0,67.0,2.91,46.47,21.29,J17WL,644.15,A,2024-11-19
2011-09-28,0.0,68.5,83.3,98.0,60.9,2.91,44.4,21.09,J17WL,644.11,A,2024-11-19
2011-09-29,0.0,69.2,83.1,97.0,62.4,5.78,42.29,21.49,J17WL,643.65,A,2024-11-19
2011-09-30,0.1,70.8,83.5,96.2,64.1,5.29,36.19,13.54,J17WL,644.15,A,2024-11-19
2011-10-01,0.0,65.9,78.1,90.3,46.4,10.39,37.24,20.8,J17WL,644.91,A,2024-11-19
2011-10-02,0.0,57.9,72.8,87.6,45.1,3.79,35.71,21.74,J17WL,645.54,A,2024-11-19
2011-10-03,0.0,57.4,72.1,86.8,46.5,3.37,33.87,21.94,J17WL,644.95,A,2024-11-19
2011-10-04,0.0,56.2,70.9,85.6,48.6,3.12,32.13,21.72,J17WL,644.22,A,2024-11-19
2011-10-05,0.0,56.0,70.6,85.3,55.4,2.34,27.82,21.06,J17WL,643.99,A,2024-11-19
2011-10-06,0.0,66.7,77.1,87.4,62.4,2.66,27.07,16.88,J17WL,643.99,A,2024-11-19
2011-10-07,0.0,68.8,79.8,90.8,66.7,2.24,29.27,16.75,J17WL,644.34,A,2024-11-19
2011-10-08,0.4,73.6,83.0,92.3,68.9,1.77,30.77,11.33,J17WL,645.34,A,2024-11-19
2011-10-09,2.0,64.1,74.3,84.4,68.4,0.43,17.01,7.8,J17WL,649.67,A,2024-11-19
2011-10-10,0.46,64.0,68.1,72.2,63.3,0.45,7.1,5.03,J17WL,650.53,A,2024-11-19
2011-10-11,0.01,63.4,71.0,78.6,62.5,1.35,14.03,8.89,J17WL,651.46,A,2024-11-19
2011-10-12,0.0,64.0,74.3,84.7,64.1,1.32,20.91,17.54,J17WL,651.78,A,2024-11-19
2011-10-13,0.0,67.6,78.5,89.3,66.8,1.38,25.63,16.44,J17WL,652.0,A,2024-11-19
2011-10-14,0.0,56.3,72.2,88.2,46.7,3.6,37.38,20.11,J17WL,651.85,A,2024-11-19
2011-10-15,0.0,57.7,71.6,85.6,48.4,2.14,32.06,20.25,J17WL,652.3,A,2024-11-19
2011-10-16,0.0,58.3,71.9,85.5,58.1,0.85,27.18,20.06,J17WL,652.7,A,2024-11-19
2011-10-17,0.0,61.2,73.2,85.2,61.7,0.71,23.47,19.72,J17WL,652.12,A,2024-11-19
2011-10-18,0.0,64.4,76.7,89.1,59.1,1.32,27.95,16.92,J17WL,651.42,A,2024-11-19
2011-10-19,0.0,49.9,61.6,73.4,35.8,5.19,20.39,19.7,J17WL,651.06,A,2024-11-19
2011-10-20,0.0,48.5,62.3,76.1,32.0,4.65,25.69,19.61,J17WL,651.01,A,2024-11-19
2011-10-21,0.0,47.6,63.8,79.9,42.1,2.47,27.18,19.44,J17WL,651.05,A,2024-11-19
2011-10-22,0.0,55.6,70.5,85.4,59.9,1.08,24.79,18.81,J17WL,651.33,A,2024-11-19
2011-10-23,0.0,60.4,72.7,85.1,60.6,0.85,23.97,16.41,J17WL,651.71,A,2024-11-19
2011-10-24,0.0,60.3,73.3,86.3,60.6,1.33,24.6,18.47,J17WL,650.95,A,2024-11-19
2011-10-25,0.0,61.9,73.9,85.8,60.7,0.83,25.01,17.27,J17WL,650.23,A,2024-11-19
2011-10-26,0.0,61.4,73.4,85.4,60.0,0.63,26.52,17.39,J17WL,650.19,A,2024-11-19
2011-10-27,0.0,61.4,73.6,85.9,59.8,0.67,26.47,17.38,J17WL,650.12,A,2024-11-19
2011-10-28,0.0,51.8,68.4,84.9,50.8,1.19,26.12,14.13,J17WL,649.22,A,2024-11-19
2011-10-29,0.0,41.5,53.3,65.2,38.4,1.77,13.0,15.31,J17WL,649.7,A,2024-11-19
2011-10-30,0.0,39.9,53.5,67.1,35.3,1.41,16.26,17.98,J17WL,650.0,A,2024-11-19
2011-10-31,0.0,42.4,58.4,74.5,45.1,1.31,18.71,17.39,J17WL,649.26,A,2024-11-19
2011-11-01,0.0,49.4,63.8,78.1,49.8,1.35,20.19,17.17,J17WL,648.76,A,2024-11-19
2011-11-02,0.0,50.8,65.5,80.2,55.0,0.85,21.54,16.19,J17WL,648.2,A,2024-11-19
2011-11-03,0.0,49.3,67.0,84.6,48.6,1.03,24.27,16.72,J17WL,647.63,A,2024-11-19
2011-11-04,0.0,35.2,50.1,64.9,21.7,2.89,17.68,16.81,J17WL,647.38,A,2024-11-19
2011-11-05,0.0,34.9,50.7,66.5,25.4,2.37,17.95,17.33,J17WL,648.36,A,2024-11-19
2011-11-06,0.0,42.2,58.5,74.7,56.6,2.34,15.7,12.36,J17WL,648.37,A,2024-11-19
2011-11-07,0.0,69.5,74.5,79.6,67.1,2.13,11.52,5.1,J17WL,647.8,A,2024-11-19
2011-11-08,0.0,70.5,75.0,79.5,65.8,2.88,14.22,5.21,J17WL,647.11,A,2024-11-19
2011-11-09,0.08,47.6,62.9,78.3,47.5,1.22,22.29,5.01,J17WL,647.19,A,2024-11-19
2011-11-10,0.0,42.2,53.0,63.8,33.3,2.92,13.55,12.03,J17WL,646.79,A,2024-11-19
2011-11-11,0.0,34.9,50.2,65.6,26.6,1.55,17.82,16.58,J17WL,646.87,A,2024-11-19
2011-11-12,0.0,33.3,51.0,68.7,29.6,1.41,19.74,16.11,J17WL,647.38,A,2024-11-19
2011-11-13,0.0,45.7,62.6,79.5,55.7,0.01,19.92,13.68,J17WL,647.73,A,2024-11-19
2011-11-14,0.0,60.4,72.8,85.1,63.1,0.31,23.36,13.58,J17WL,647.18,A,2024-11-19
2011-11-15,0.0,69.6,75.3,81.1,66.4,1.42,16.05,5.31,J17WL,647.33,A,2024-11-19
2011-11-16,0.83,54.5,65.8,77.1,60.8,0.33,13.55,7.47,J17WL,647.71,A,2024-11-19
2011-11-17,0.0,50.0,66.8,83.6,43.3,2.54,31.8,15.88,J17WL,647.72,A,2024-11-19
2011-11-18,0.0,42.7,53.0,63.3,37.8,1.15,12.26,14.53,J17WL,648.13,A,2024-11-19
2011-11-19,0.0,48.5,59.8,71.1,54.7,1.77,11.14,5.31,J17WL,648.57,A,2024-11-19
2011-11-20,0.0,66.2,74.8,83.3,66.5,1.3,19.25,7.77,J17WL,648.79,A,2024-11-19
2011-11-21,0.07,70.9,77.7,84.4,68.0,1.84,18.74,7.56,J17WL,648.43,A,2024-11-19
2011-11-22,0.04,64.4,72.6,80.7,69.4,0.47,10.27,4.46,J17WL,648.24,A,2024-11-19
2011-11-23,0.0,49.5,64.5,79.4,48.1,1.33,25.7,12.73,J17WL,648.02,A,2024-11-19
2011-11-24,0.0,46.8,60.2,73.6,48.2,0.66,16.84,14.97,J17WL,648.25,A,2024-11-19
2011-11-25,0.0,47.5,60.8,74.2,51.5,0.39,17.21,14.75,J17WL,648.46,A,2024-11-19
2011-11-26,0.79,57.8,68.3,78.8,58.1,0.15,19.35,11.97,J17WL,649.27,A,2024-11-19
2011-11-27,0.22,46.1,57.1,68.1,41.7,0.52,13.02,7.06,J17WL,650.66,A,2024-11-19
2011-11-28,0.0,30.7,43.9,57.0,17.9,1.5,13.54,14.96,J17WL,650.41,A,2024-11-19
2011-11-29,0.0,31.9,50.4,68.8,27.2,1.45,19.5,14.87,J17WL,650.24,A,2024-11-19
2011-11-30,0.0,38.9,54.4,69.9,30.8,1.91,19.67,14.59,J17WL,649.86,A,2024-11-19
2011-12-01,0.0,38.9,51.6,64.3,34.6,0.99,13.94,14.68,J17WL,649.73,A,2024-11-19
2011-12-02,0.0,43.6,60.8,78.1,54.0,0.48,21.42,11.93,J17WL,649.81,A,2024-11-19
2011-12-03,0.19,62.4,63.7,65.0,60.8,0.23,2.43,1.13,J17WL,650.63,A,2024-11-19
2011-12-04,0.09,61.1,66.9,72.6,63.8,0.21,6.11,2.67,J17WL,650.97,A,2024-11-19
2011-12-05,0.56,44.2,52.3,60.5,47.5,0.0,1.97,1.48,J17WL,651.04,A,2024-11-19
2011-12-06,0.0,36.6,42.2,47.9,35.7,1.16,3.49,4.59,J17WL,650.98,A,2024-11-19
2011-12-07,0.0,27.4,35.9,44.5,25.6,0.81,5.05,11.22,J17WL,650.82,A,2024-11-19
2011-12-08,0.0,26.9,40.7,54.5,27.3,0.45,10.09,14.05,J17WL,650.66,A,2024-11-19
2011-12-09,0.0,32.0,46.1,60.3,35.5,0.37,11.35,12.06,J17WL,650.43,A,2024-11-19
2011-12-10,0.0,43.2,55.1,67.0,47.4,0.32,9.9,10.82,J17WL,650.68,A,2024-11-19
2011-12-11,0.6,45.8,48.7,51.6,42.6,0.49,4.7,2.55,J17WL,651.54,A,2024-11-19
2011-12-12,0.02,45.8,48.3,50.8,37.8,1.83,5.28,4.12,J17WL,651.67,A,2024-11-19
2011-12-13,0.07,46.3,54.2,62.0,53.3,0.08,3.08,1.37,J17WL,651.56,A,2024-11-19
2011-12-14,0.1,60.4,66.2,71.9,65.4,0.1,4.91,2.92,J17WL,651.54,A,2024-11-19
2011-12-15,0.07,67.3,71.2,75.1,66.4,0.95,7.45,2.52,J17WL,651.7,A,2024-11-19
2011-12-16,0.11,50.8,60.4,70.0,54.5,0.55,3.46,2.22,J17WL,651.95,A,2024-11-19
2011-12-17,0.0,49.0,52.9,56.8,42.8,1.81,5.87,4.28,J17WL,652.16,A,2024-11-19
2011-12-18,0.0,48.9,53.6,58.2,36.3,4.65,10.39,4.45,J17WL,652.49,A,2024-11-19
2011-12-19,0.25,52.8,58.2,63.6,48.4,0.35,9.26,3.35,J17WL,652.36,A,2024-11-19
2011-12-20,0.01,48.3,60.7,73.2,55.9,0.25,10.94,3.69,J17WL,652.46,A,2024-11-19
2011-12-21,0.0,42.7,51.8,60.8,34.7,2.05,11.87,12.13,J17WL,652.76,A,2024-11-19
2011-12-22,0.74,44.8,49.1,53.4,39.7,0.13,6.98,4.89,J17WL,653.21,A,2024-11-19
2011-12-23,0.0,41.0,55.2,69.4,40.6,0.11,16.42,12.82,J17WL,653.65,A,2024-11-19
2011-12-24,0.0,40.9,43.5,46.1,37.0,1.48,3.6,4.26,J17WL,654.54,A,2024-11-19
2011-12-25,0.11,43.2,44.1,44.9,41.6,0.26,1.49,0.8,J17WL,654.85,A,2024-11-19
2011-12-26,0.04,43.0,46.4,49.9,38.3,1.06,3.89,3.03,J17WL,654.44,A,2024-11-19
2011-12-27,0.0,33.5,46.1,58.6,33.7,0.67,10.81,13.28,J17WL,654.61,A,2024-11-19
2011-12-28,0.0,33.8,50.0,66.3,32.2,0.71,16.89,14.18,J17WL,654.25,A,2024-11-19
2011-12-29,0.0,35.3,52.3,69.4,36.7,0.86,16.7,12.53,J17WL,654.22,A,2024-11-19
2011-12-30,0.0,35.6,53.2,70.8,34.9,0.95,19.14,14.06,J17WL,653.93,A,2024-11-19
2011-12-31,0.0,39.9,57.5,75.1,38.7,1.41,22.08,14.19,J17WL,654.04,A,2024-11-19
2012-01-01,0.0,41.7,59.4,77.2,41.4,1.81,22.44,13.98,J17WL,653.82,A,2024-11-19
2012-01-02,0.0,40.8,52.1,63.3,28.1,3.73,14.83,14.15,J17WL,653.41,A,2024-11-19
2012-01-03,0.0,31.0,46.5,62.0,24.9,1.23,15.27,14.44,J17WL,652.93,A,2024-11-19
2012-01-04,0.0,31.1,46.5,61.8,28.8,0.77,14.66,14.5,J17WL,653.12,A,2024-11-19
2012-01-05,0.0,37.8,54.4,71.0,40.0,0.64,16.21,13.7,J17WL,652.99,A,2024-11-19
2012-01-06,0.0,48.4,58.1,67.9,46.8,0.74,11.89,9.43,J17WL,652.63,A,2024-11-19
2012-01-07,0.0,46.7,60.2,73.6,51.4,0.03,15.11,13.55,J17WL,653.1,A,2024-11-19
2012-01-08,0.0,47.3,59.5,71.6,45.2,0.22,15.82,13.73,J17WL,653.19,A,2024-11-19
2012-01-09,0.0,52.6,59.3,66.0,54.6,0.88,5.77,4.1,J17WL,652.9,A,2024-11-19
2012-01-10,0.05,40.0,47.5,55.0,43.7,0.28,3.17,2.35,J17WL,652.84,A,2024-11-19
2012-01-11,0.0,37.7,50.9,64.1,34.1,1.14,14.6,13.53,J17WL,652.68,A,2024-11-19
2012-01-12,0.0,39.3,57.3,75.4,33.6,2.16,23.92,14.77,J17WL,652.44,A,2024-11-19
2012-01-13,0.0,31.4,40.1,48.8,15.8,2.09,9.54,11.62,J17WL,652.12,A,2024-11-19
2012-01-14,0.0,29.1,43.5,57.9,18.5,1.61,13.43,14.27,J17WL,652.2,A,2024-11-19
2012-01-15,0.0,29.4,46.7,64.1,26.6,1.09,15.72,15.23,J17WL,652.53,A,2024-11-19
2012-01-16,0.0,34.6,49.3,64.1,49.3,0.52,8.79,6.09,J17WL,652.54,A,2024-11-19
2012-01-17,0.0,56.7,67.0,77.2,61.0,0.03,13.93,6.49,J17WL,652.07,A,2024-11-19
2012-01-18,0.0,39.5,58.1,76.7,40.6,0.3,20.8,12.88,J17WL,651.88,A,2024-11-19
2012-01-19,0.0,38.6,51.9,65.2,34.8,2.38,13.84,15.47,J17WL,651.99,A,2024-11-19
2012-01-20,0.0,50.2,63.6,76.9,50.9,0.19,18.72,13.66,J17WL,651.97,A,2024-11-19
2012-01-21,0.01,51.2,62.3,73.3,58.7,0.05,8.19,5.01,J17WL,652.52,A,2024-11-19
2012-01-22,0.0,49.6,58.0,66.4,43.2,2.07,13.39,14.44,J17WL,652.88,A,2024-11-19
2012-01-23,0.0,48.1,61.5,74.9,50.5,0.14,12.6,4.52,J17WL,652.32,A,2024-11-19
2012-01-24,0.0,48.9,59.3,69.7,39.0,4.07,17.2,14.01,J17WL,652.46,A,2024-11-19
2012-01-25,4.2,56.9,63.5,70.0,60.2,0.15,6.42,1.31,J17WL,655.71,A,2024-11-19
2012-01-26,0.0,44.4,54.4,64.4,47.9,0.68,6.64,7.68,J17WL,656.79,A,2024-11-19
2012-01-27,0.0,39.7,55.3,70.9,39.4,0.66,18.65,16.23,J17WL,657.18,A,2024-11-19
2012-01-28,0.0,40.2,57.4,74.6,41.2,0.89,21.39,16.56,J17WL,657.44,A,2024-11-19
2012-01-29,0.0,38.0,49.9,61.9,26.7,2.71,14.62,16.37,J17WL,657.55,A,2024-11-19
2012-01-30,0.0,37.8,50.3,62.7,34.0,0.85,12.97,16.37,J17WL,657.15,A,2024-11-19
2012-01-31,0.5,45.8,53.9,61.9,53.9,0.22,4.19,3.83,J17WL,657.53,A,2024-11-19
2012-02-01,0.0,56.8,63.4,69.9,60.3,0.07,6.8,5.14,J17WL,657.72,A,2024-11-19
2012-02-02,0.03,57.1,66.8,76.5,61.8,0.08,10.76,8.82,J17WL,657.94,A,2024-11-19
2012-02-03,0.07,62.5,68.5,74.6,65.0,0.31,7.26,6.27,J17WL,658.15,A,2024-11-19
2012-02-04,3.55,53.4,64.4,75.3,64.2,0.19,8.39,6.14,J17WL,659.8,A,2024-11-19
2012-02-05,0.2,43.6,52.4,61.2,40.2,1.76,9.47,5.88,J17WL,661.29,A,2024-11-19
2012-02-06,0.07,43.0,46.2,49.3,37.7,1.64,3.92,4.69,J17WL,661.12,A,2024-11-19
2012-02-07,0.04,41.3,45.6,49.8,38.7,0.84,4.51,4.48,J17WL,661.38,A,2024-11-19
2012-02-08,0.0,41.1,51.2,61.4,43.1,0.5,8.32,8.96,J17WL,661.09,A,2024-11-19
2012-02-09,0.0,40.6,49.2,57.8,39.7,0.9,7.56,13.71,J17WL,660.95,A,2024-11-19
2012-02-10,0.23,40.5,48.7,56.8,43.7,0.13,6.65,12.12,J17WL,661.1,A,2024-11-19
2012-02-11,0.13,40.0,51.1,62.3,41.5,0.32,11.04,8.17,J17WL,661.24,A,2024-11-19
2012-02-12,0.0,32.2,42.7,53.2,24.0,1.24,9.22,17.41,J17WL,661.13,A,2024-11-19
2012-02-13,0.64,32.3,37.9,43.5,29.6,0.07,4.71,6.85,J17WL,661.04,A,2024-11-19
2012-02-14,0.03,40.3,52.5,64.6,46.8,0.04,7.51,8.8,J17WL,661.08,A,2024-11-19
2012-02-15,0.0,41.0,55.1,69.2,55.1,0.05,8.27,15.52,J17WL,661.14,A,2024-11-19
2012-02-16,0.0,53.3,66.2,79.0,52.6,0.16,21.25,13.38,J17WL,661.11,A,2024-11-19
2012-02-17,0.08,50.8,57.8,64.8,44.6,0.29,12.19,9.93,J17WL,661.06,A,2024-11-19
2012-02-18,1.52,51.5,54.3,57.1,54.3,0.02,0.81,1.3,J17WL,662.85,A,2024-11-19
2012-02-19,0.25,44.4,52.1,59.8,48.7,0.27,5.46,6.57,J17WL,664.0,A,2024-11-19
2012-02-20,0.0,44.8,53.0,61.2,45.6,0.3,7.7,17.28,J17WL,664.56,A,2024-11-19
2012-02-21,0.02,48.6,58.7,68.8,54.3,0.08,8.37,9.66,J17WL,664.78,A,2024-11-19
2012-02-22,0.0,57.1,65.6,74.0,59.5,0.29,12.5,14.26,J17WL,664.89,A,2024-11-19
2012-02-23,0.0,54.4,67.7,81.0,55.8,0.09,20.91,14.38,J17WL,664.94,A,2024-11-19
2012-02-24,0.0,52.2,68.8,85.4,50.5,1.91,28.69,15.57,J17WL,664.78,A,2024-11-19
2012-02-25,0.0,43.5,52.5,61.5,25.5,3.57,14.69,16.95,J17WL,664.73,A,2024-11-19
2012-02-26,0.0,37.1,46.4,55.7,31.7,1.12,9.3,14.43,J17WL,664.47,A,2024-11-19
2012-02-27,0.0,37.0,49.8,62.7,49.4,0.43,7.19,12.29,J17WL,663.85,A,2024-11-19
2012-02-28,0.26,60.1,62.3,64.4,61.6,0.06,1.22,1.19,J17WL,664.06,A,2024-11-19
2012-02-29,0.0,62.7,70.3,77.9,65.8,0.03,10.52,9.99,J17WL,663.95,A,2024-11-19
2012-03-01,0.0,59.4,68.9,78.4,59.6,0.34,15.31,12.7,J17WL,663.69,A,2024-11-19
2012-03-02,0.0,61.2,67.8,74.4,65.7,0.19,5.8,4.93,J17WL,663.55,A,2024-11-19
2012-03-03,0.02,51.4,67.5,83.6,52.4,0.42,25.09,15.9,J17WL,663.63,A,2024-11-19
2012-03-04,0.0,37.9,51.9,66.0,29.2,1.66,16.67,20.93,J17WL,663.48,A,2024-11-19
2012-03-05,0.0,38.4,55.4,72.4,32.6,1.45,21.59,22.46,J17WL,662.63,A,2024-11-19
2012-03-06,0.0,41.1,58.3,75.6,45.6,0.51,21.39,21.72,J17WL,662.45,A,2024-11-19
2012-03-07,0.0,51.2,63.1,75.1,56.3,0.4,15.41,15.66,J17WL,661.97,A,2024-11-19
2012-03-08,0.0,65.8,69.9,73.9,64.4,1.53,8.67,5.31,J17WL,661.91,A,2024-11-19
2012-03-09,0.0,44.6,62.3,79.9,55.3,0.79,11.38,6.94,J17WL,661.7,A,2024-11-19
2012-03-10,0.44,42.9,44.3,45.7,42.0,0.14,1.7,2.46,J17WL,662.27,A,2024-11-19
2012-03-11,0.82,44.4,48.7,53.0,48.7,0.06,1.3,2.86,J17WL,662.91,A,2024-11-19
2012-03-12,0.02,49.0,61.1,73.2,51.4,0.13,14.92,19.33,J17WL,663.0,A,2024-11-19
2012-03-13,0.0,54.6,66.5,78.4,62.2,0.13,12.22,20.42,J17WL,663.09,A,2024-11-19
2012-03-14,0.0,65.0,72.8,80.6,65.6,0.54,13.77,10.89,J17WL,662.95,A,2024-11-19
2012-03-15,0.0,66.6,73.1,79.6,65.8,1.03,12.13,8.72,J17WL,663.04,A,2024-11-19
2012-03-16,0.0,67.2,74.1,81.0,66.1,0.94,14.29,13.51,J17WL,662.85,A,2024-11-19
2012-03-17,0.0,66.3,72.9,79.6,65.9,0.62,13.04,9.97,J17WL,663.01,A,2024-11-19
2012-03-18,0.0,65.9,72.1,78.3,65.1,0.71,11.97,10.78,J17WL,663.16,A,2024-11-19
2012-03-19,0.05,67.6,72.5,77.4,66.9,0.91,9.01,7.97,J17WL,662.94,A,2024-11-19
2012-03-20,1.7,54.3,67.1,79.9,63.7,0.11,11.97,8.48,J17WL,664.51,A,2024-11-19
2012-03-21,0.0,49.6,58.6,67.7,46.8,1.32,13.4,17.36,J17WL,665.08,A,2024-11-19
2012-03-22,0.0,48.4,60.6,72.9,39.5,2.28,19.69,20.59,J17WL,665.8,A,2024-11-19
2012-03-23,0.0,50.0,65.6,81.2,47.7,1.8,25.43,22.7,J17WL,666.15,A,2024-11-19
2012-03-24,0.0,49.9,65.9,81.8,54.6,0.16,23.51,23.41,J17WL,666.57,A,2024-11-19
2012-03-25,0.02,57.6,68.8,80.0,62.1,0.12,15.15,16.01,J17WL,666.51,A,2024-11-19
2012-03-26,0.0,59.4,70.7,81.9,60.7,0.16,19.61,20.78,J17WL,666.21,A,2024-11-19
2012-03-27,0.0,61.4,71.2,80.9,59.3,0.72,18.69,22.74,J17WL,665.84,A,2024-11-19
2012-03-28,0.01,63.2,71.4,79.6,64.9,0.66,12.24,10.2,J17WL,665.85,A,2024-11-19
2012-03-29,0.23,64.5,70.6,76.8,64.4,0.31,10.66,11.39,J17WL,666.01,A,2024-11-19
2012-03-30,0.01,64.3,72.6,80.9,66.5,0.12,13.74,14.88,J17WL,666.26,A,2024-11-19
2012-03-31,0.0,61.8,73.0,84.2,65.0,0.0,19.3,20.83,J17WL,666.13,A,2024-11-19
2012-04-01,0.0,65.3,77.3,89.2,66.0,0.14,27.4,23.43,J17WL,666.07,A,2024-11-19
2012-04-02,0.05,61.0,73.4,85.9,66.1,0.32,19.17,23.29,J17WL,665.62,A,2024-11-19
2012-04-03,0.0,60.2,72.7,85.2,66.9,0.67,19.35,21.45,J17WL,665.09,A,2024-11-19
2012-04-04,0.0,53.8,69.3,84.9,59.2,2.01,21.83,16.12,J17WL,664.88,A,2024-11-19
2012-04-05,0.0,54.3,70.1,86.0,50.4,0.45,32.82,23.45,J17WL,664.31,A,2024-11-19
2012-04-06,0.0,63.8,77.3,90.8,60.9,0.86,34.94,24.43,J17WL,663.64,A,2024-11-19
2012-04-07,0.0,64.6,73.6,82.7,63.7,0.7,17.04,21.16,J17WL,662.98,A,2024-11-19
2012-04-08,0.0,61.6,72.6,83.7,63.1,0.46,20.19,20.72,J17WL,662.31,A,2024-11-19
2012-04-09,0.0,59.9,71.2,82.4,59.6,0.62,21.11,22.08,J17WL,661.87,A,2024-11-19
2012-04-10,0.0,60.0,70.5,81.1,59.5,1.04,19.0,18.64,J17WL,661.21,A,2024-11-19
2012-04-11,0.0,59.9,71.0,82.1,59.6,0.81,19.42,22.4,J17WL,660.63,A,2024-11-19
2012-04-12,0.0,62.2,73.4,84.5,63.9,0.88,21.86,21.34,J17WL,660.19,A,2024-11-19
2012-04-13,0.18,68.8,75.8,82.8,66.1,0.77,15.53,12.94,J17WL,660.27,A,2024-11-19
2012-04-14,0.03,69.4,75.4,81.3,68.3,1.26,12.49,7.91,J17WL,660.18,A,2024-11-19
2012-04-15,0.0,72.8,77.1,81.3,69.1,2.61,12.5,7.59,J17WL,660.25,A,2024-11-19
2012-04-16,0.0,58.0,69.7,81.5,54.4,2.69,23.3,16.97,J17WL,659.52,A,2024-11-19
2012-04-17,0.0,58.1,66.6,75.2,50.6,1.55,19.41,11.7,J17WL,658.2,A,2024-11-19
2012-04-18,0.0,58.3,71.3,84.3,49.8,0.82,30.76,26.97,J17WL,657.14,A,2024-11-19
2012-04-19,0.0,55.4,69.5,83.6,55.1,0.44,25.95,25.42,J17WL,656.09,A,2024-11-19
2012-04-20,0.0,57.1,71.5,86.0,57.9,0.84,26.82,26.01,J17WL,655.16,A,2024-11-19
2012-04-21,0.03,51.0,64.4,77.9,53.1,1.23,19.24,12.15,J17WL,655.16,A,2024-11-19
2012-04-22,0.0,50.5,66.4,82.3,42.9,2.51,29.18,28.19,J17WL,654.76,A,2024-11-19
2012-04-23,0.0,53.2,70.8,88.3,46.7,3.09,34.61,27.62,J17WL,653.36,A,2024-11-19
2012-04-24,0.0,54.8,67.6,80.4,45.5,2.06,24.9,26.59,J17WL,652.56,A,2024-11-19
2012-04-25,0.0,56.7,72.1,87.5,58.9,1.63,28.81,26.98,J17WL,651.37,A,2024-11-19
2012-04-26,0.0,64.7,79.3,93.8,63.8,1.67,37.07,25.35,J17WL,650.52,A,2024-11-19
2012-04-27,0.0,63.7,79.0,94.2,63.6,1.17,37.64,21.89,J17WL,649.9,A,2024-11-19
2012-04-28,0.0,64.7,78.4,92.2,63.2,0.9,35.94,22.69,J17WL,649.85,A,2024-11-19
2012-04-29,0.0,67.9,78.5,89.1,65.8,1.32,27.59,21.12,J17WL,650.2,A,2024-11-19
2012-04-30,0.0,72.2,78.7,85.3,66.7,1.95,21.88,12.52,J17WL,649.11,A,2024-11-19
2012-05-01,0.02,71.3,79.9,88.5,67.7,1.96,25.77,11.12,J17WL,648.32,A,2024-11-19
2012-05-02,0.02,71.2,80.4,89.6,67.0,1.78,28.39,17.09,J17WL,647.52,A,2024-11-19
2012-05-03,0.0,71.4,80.4,89.3,67.3,1.77,26.39,17.52,J17WL,647.2,A,2024-11-19
2012-05-04,0.0,72.2,82.2,92.2,68.2,1.93,29.24,22.41,J17WL,646.57,A,2024-11-19
2012-05-05,0.0,72.8,83.8,94.9,68.0,1.97,36.93,21.91,J17WL,646.85,A,2024-11-19
2012-05-06,1.44,65.9,79.7,93.6,70.2,0.43,28.21,21.86,J17WL,648.51,A,2024-11-19
2012-05-07,0.0,67.1,79.3,91.5,68.8,0.33,26.71,23.39,J17WL,649.4,A,2024-11-19
2012-05-08,0.37,66.0,78.4,90.8,67.3,0.54,24.1,23.74,J17WL,651.07,A,2024-11-19
2012-05-09,0.74,62.8,66.2,69.7,64.0,0.33,3.97,4.11,J17WL,652.24,A,2024-11-19
2012-05-10,0.01,64.7,72.7,80.6,62.8,1.73,17.09,23.61,J17WL,653.71,A,2024-11-19
2012-05-11,1.9,62.4,68.9,75.5,65.2,0.1,8.3,6.76,J17WL,655.63,A,2024-11-19
2012-05-12,0.31,62.7,72.2,81.6,63.9,0.39,16.98,22.37,J17WL,656.35,A,2024-11-19
2012-05-13,0.0,62.0,71.6,81.1,59.4,1.6,20.37,24.19,J17WL,657.0,A,2024-11-19
2012-05-14,0.0,62.7,72.8,83.0,58.9,1.92,22.87,24.63,J17WL,657.14,A,2024-11-19
2012-05-15,1.07,63.5,73.5,83.4,61.1,0.39,22.98,20.25,J17WL,659.87,A,2024-11-19
2012-05-16,0.8,58.3,66.4,74.4,61.3,0.15,10.34,12.19,J17WL,661.61,A,2024-11-19
2012-05-17,0.0,59.4,71.8,84.2,58.7,0.88,25.0,26.44,J17WL,661.86,A,2024-11-19
2012-05-18,0.0,61.4,73.6,85.8,59.2,1.07,26.68,27.74,J17WL,661.94,A,2024-11-19
2012-05-19,0.0,63.5,74.7,86.0,63.8,0.82,24.3,26.82,J17WL,662.43,A,2024-11-19
2012-05-20,0.0,68.7,78.0,87.4,65.4,0.95,25.22,26.05,J17WL,662.72,A,2024-11-19
2012-05-21,0.0,65.2,75.9,86.5,63.6,0.83,24.69,22.74,J17WL,662.08,A,2024-11-19
2012-05-22,0.0,65.5,76.4,87.2,62.8,1.44,24.97,25.65,J17WL,661.32,A,2024-11-19
2012-05-23,0.0,67.4,78.2,88.9,61.2,2.07,30.42,27.29,J17WL,660.56,A,2024-11-19
2012-05-24,0.0,72.0,81.5,90.9,69.2,2.81,25.53,24.41,J17WL,659.63,A,2024-11-19
2012-05-25,0.0,72.9,82.6,92.2,70.4,2.3,26.42,24.53,J17WL,658.91,A,2024-11-19
2012-05-26,0.0,74.4,83.7,93.0,70.6,2.62,28.19,24.47,J17WL,657.85,A,2024-11-19
2012-05-27,0.0,73.1,82.2,91.4,68.6,2.42,28.11,23.81,J17WL,657.63,A,2024-11-19
2012-05-28,0.0,72.7,81.5,90.2,67.6,2.3,27.23,23.92,J17WL,656.66,A,2024-11-19
2012-05-29,0.0,73.4,82.5,91.6,68.7,2.32,27.87,26.18,J17WL,655.0,A,2024-11-19
2012-05-30,0.0,73.9,83.5,93.1,69.6,1.88,29.35,26.67,J17WL,654.03,A,2024-11-19
2012-05-31,0.0,73.8,83.4,93.0,70.1,2.39,29.19,20.87,J17WL,653.26,A,2024-11-19
2012-06-01,0.06,70.4,78.7,87.1,65.4,3.33,25.66,15.76,J17WL,652.85,A,2024-11-19
2012-06-02,0.0,71.0,80.6,90.1,65.6,1.33,27.81,26.36,J17WL,652.94,A,2024-11-19
2012-06-03,0.0,73.3,82.4,91.4,69.2,1.98,27.77,24.68,J17WL,652.54,A,2024-11-19
2012-06-04,0.0,73.5,81.1,88.7,70.4,1.72,20.99,20.21,J17WL,651.86,A,2024-11-19
2012-06-05,0.0,72.9,82.8,92.7,70.5,1.14,28.78,19.23,J17WL,650.77,A,2024-11-19
2012-06-06,0.0,71.6,82.4,93.2,68.1,1.55,32.24,24.21,J17WL,650.38,A,2024-11-19
2012-06-07,0.0,72.8,83.6,94.5,66.9,1.99,35.71,24.98,J17WL,649.59,A,2024-11-19
2012-06-08,0.0,71.4,79.6,87.8,66.6,2.51,24.39,16.36,J17WL,649.73,A,2024-11-19
2012-06-09,0.0,66.4,76.5,86.6,67.1,1.73,20.08,18.22,J17WL,649.91,A,2024-11-19
2012-06-10,0.0,69.3,80.8,92.4,67.3,2.14,30.33,26.57,J17WL,650.01,A,2024-11-19
2012-06-11,0.0,76.1,87.7,99.4,71.7,3.71,40.7,26.18,J17WL,649.14,A,2024-11-19
2012-06-12,0.0,77.6,88.5,99.4,71.6,2.78,42.99,25.78,J17WL,647.52,A,2024-11-19
2012-06-13,0.0,73.3,84.8,96.3,70.1,1.83,35.17,22.72,J17WL,647.21,A,2024-11-19
2012-06-14,0.0,75.2,85.8,96.4,69.7,3.16,38.41,24.8,J17WL,646.0,A,2024-11-19
2012-06-15,0.0,75.4,85.6,95.8,70.2,3.24,35.97,19.42,J17WL,645.42,A,2024-11-19
2012-06-16,0.0,74.7,85.4,96.1,68.9,2.47,37.7,22.42,J17WL,645.58,A,2024-11-19
2012-06-17,0.0,71.8,83.7,95.6,68.9,1.57,36.81,23.99,J17WL,645.96,A,2024-11-19
2012-06-18,0.02,71.0,82.4,93.7,66.8,1.54,33.77,25.37,J17WL,645.45,A,2024-11-19
2012-06-19,0.0,74.5,83.5,92.5,68.5,3.14,31.49,22.45,J17WL,645.18,A,2024-11-19
2012-06-20,0.0,75.5,84.4,93.4,71.0,2.67,30.71,21.63,J17WL,644.57,A,2024-11-19
2012-06-21,0.05,73.3,81.5,89.7,71.3,1.34,23.6,19.9,J17WL,644.64,A,2024-11-19
2012-06-22,0.0,70.2,81.4,92.7,68.3,1.77,31.88,22.36,J17WL,644.59,A,2024-11-19
2012-06-23,0.0,71.4,83.0,94.5,63.0,3.76,37.83,26.88,J17WL,644.83,A,2024-11-19
2012-06-24,0.0,72.3,84.1,95.9,64.1,3.75,41.07,25.64,J17WL,644.91,A,2024-11-19
2012-06-25,0.0,74.5,86.3,98.1,65.7,6.43,42.39,27.38,J17WL,643.96,A,2024-11-19
2012-06-26,0.0,73.7,87.7,101.7,63.0,8.3,50.69,27.75,J17WL,642.75,A,2024-11-19
2012-06-27,0.0,76.5,90.5,104.6,64.1,9.39,56.88,25.86,J17WL,641.88,A,2024-11-19
2012-06-28,0.0,75.4,88.4,101.4,65.4,4.25,48.33,26.11,J17WL,641.22,A,2024-11-19
2012-06-29,0.0,73.8,85.9,98.0,67.0,1.77,43.58,27.05,J17WL,641.51,A,2024-11-19
2012-06-30,0.0,74.9,84.2,93.4,71.3,1.77,28.65,21.86,J17WL,642.19,A,2024-11-19
2012-07-01,0.0,72.0,81.6,91.3,70.5,1.25,25.55,16.88,J17WL,643.57,A,2024-11-19
2012-07-02,0.5,73.0,82.0,91.0,72.1,0.4,27.23,17.6,J17WL,644.14,A,2024-11-19
2012-07-03,0.0,74.8,84.6,94.5,69.9,1.8,35.19,23.96,J17WL,644.49,A,2024-11-19
2012-07-04,0.0,76.7,85.9,95.2,70.1,2.91,35.5,23.94,J17WL,644.39,A,2024-11-19
2012-07-05,0.0,77.0,86.7,96.4,69.9,3.6,37.91,26.17,J17WL,644.27,A,2024-11-19
2012-07-06,0.0,75.9,86.3,96.6,69.7,2.47,39.18,24.83,J17WL,643.94,A,2024-11-19
2012-07-07,0.0,75.9,86.3,96.7,67.8,2.76,40.78,26.98,J17WL,644.3,A,2024-11-19
2012-07-08,0.0,76.1,86.4,96.7,67.2,3.72,40.74,27.78,J17WL,644.65,A,2024-11-19
2012-07-09,0.16,74.6,85.5,96.3,69.3,1.73,39.36,22.34,J17WL,644.7,A,2024-11-19
2012-07-10,0.55,73.6,84.1,94.6,70.8,0.69,33.05,19.77,J17WL,644.69,A,2024-11-19
2012-07-11,0.23,74.0,81.3,88.5,72.9,1.13,19.6,17.29,J17WL,646.8,A,2024-11-19
2012-07-12,1.91,71.8,77.2,82.5,73.5,0.03,8.81,8.47,J17WL,647.42,A,2024-11-19
2012-07-13,0.0,74.4,83.5,92.6,72.1,0.94,27.48,22.91,J17WL,647.71,A,2024-11-19
2012-07-14,0.0,74.3,84.3,94.4,72.4,1.09,30.8,23.8,J17WL,648.55,A,2024-11-19
2012-07-15,0.0,73.5,83.8,94.1,70.5,1.56,31.54,23.95,J17WL,648.99,A,2024-11-19
2012-07-16,0.0,73.8,83.6,93.5,69.7,3.03,31.07,22.27,J17WL,648.79,A,2024-11-19
2012-07-17,0.0,74.8,84.1,93.3,69.1,1.71,34.93,25.34,J17WL,648.21,A,2024-11-19
2012-07-18,0.0,76.9,83.7,90.5,73.1,2.05,23.26,20.35,J17WL,647.57,A,2024-11-19
2012-07-19,0.48,72.3,80.9,89.6,72.4,0.64,21.26,13.52,J17WL,647.55,A,2024-11-19
2012-07-20,0.0,73.3,82.7,92.0,72.7,0.73,25.29,23.58,J17WL,647.67,A,2024-11-19
2012-07-21,0.0,74.3,84.5,94.6,70.3,1.36,32.27,27.18,J17WL,648.12,A,2024-11-19
2012-07-22,0.0,73.7,85.4,97.2,68.7,1.46,39.28,26.35,J17WL,648.18,A,2024-11-19
2012-07-23,0.0,74.7,85.4,96.1,70.2,1.55,36.53,25.59,J17WL,647.17,A,2024-11-19
2012-07-24,0.0,76.4,85.1,93.9,71.8,1.94,30.65,23.54,J17WL,645.83,A,2024-11-19
2012-07-25,0.0,76.5,86.3,96.2,70.7,2.58,35.97,25.26,J17WL,645.35,A,2024-11-19
2012-07-26,0.0,75.9,85.8,95.7,71.1,3.35,33.95,25.76,J17WL,644.84,A,2024-11-19
2012-07-27,0.0,76.7,86.1,95.6,71.6,3.14,32.27,20.28,J17WL,644.17,A,2024-11-19
2012-07-28,0.0,75.1,85.7,96.3,71.0,2.16,36.19,22.31,J17WL,644.44,A,2024-11-19
2012-07-29,0.0,73.9,85.3,96.7,69.5,2.31,38.8,24.49,J17WL,644.83,A,2024-11-19
2012-07-30,0.0,75.2,86.3,97.4,68.1,3.29,40.7,26.74,J17WL,644.04,A,2024-11-19
2012-07-31,0.0,75.9,86.9,97.9,67.7,3.68,41.97,27.03,J17WL,642.69,A,2024-11-19
2012-08-01,0.0,74.4,86.9,99.5,68.1,3.31,43.97,26.76,J17WL,641.99,A,2024-11-19
2012-08-02,0.0,74.0,87.1,100.2,66.3,2.45,47.31,27.12,J17WL,641.48,A,2024-11-19
2012-08-03,0.0,74.0,87.2,100.4,67.5,2.15,46.96,26.64,J17WL,640.86,A,2024-11-19
2012-08-04,0.0,75.4,87.5,99.6,68.6,2.62,44.86,26.08,J17WL,641.96,A,2024-11-19
2012-08-05,0.0,75.3,86.8,98.2,69.2,2.94,41.7,25.37,J17WL,642.15,A,2024-11-19
2012-08-06,0.0,71.7,83.9,96.0,69.8,1.67,37.4,20.15,J17WL,641.46,A,2024-11-19
2012-08-07,0.0,74.5,86.0,97.5,67.9,3.9,40.39,25.14,J17WL,640.35,A,2024-11-19
2012-08-08,0.0,75.2,86.9,98.6,67.9,5.45,41.76,24.86,J17WL,639.85,A,2024-11-19
2012-08-09,0.0,75.9,87.3,98.6,68.2,4.66,42.43,25.25,J17WL,639.55,A,2024-11-19
2012-08-10,0.0,76.2,87.6,99.0,68.8,4.85,43.59,24.7,J17WL,639.22,A,2024-11-19
2012-08-11,0.0,74.5,88.6,102.7,67.8,4.79,52.34,23.47,J17WL,639.98,A,2024-11-19
2012-08-12,0.0,76.0,88.7,101.5,66.5,5.58,49.29,24.59,J17WL,640.39,A,2024-11-19
2012-08-13,0.0,77.2,88.4,99.6,67.7,5.33,44.91,25.5,J17WL,639.81,A,2024-11-19
2012-08-14,0.0,76.7,88.0,99.3,68.6,4.56,43.87,23.18,J17WL,638.63,A,2024-11-19
2012-08-15,0.0,77.2,88.3,99.3,68.1,4.94,45.36,24.85,J17WL,637.96,A,2024-11-19
2012-08-16,0.0,75.4,87.6,99.9,66.6,3.42,50.33,24.76,J17WL,637.77,A,2024-11-19
2012-08-17,0.0,76.1,87.8,99.5,69.4,3.18,44.16,24.77,J17WL,637.59,A,2024-11-19
2012-08-18,0.0,77.8,88.2,98.7,69.1,4.68,43.19,23.42,J17WL,638.43,A,2024-11-19
2012-08-19,2.29,71.3,84.7,98.0,69.4,0.26,41.44,20.31,J17WL,642.06,A,2024-11-19
2012-08-20,0.0,71.6,80.3,89.0,71.0,1.08,21.15,18.74,J17WL,642.74,A,2024-11-19
2012-08-21,0.0,72.7,84.0,95.3,65.4,1.94,38.19,24.73,J17WL,642.72,A,2024-11-19
2012-08-22,0.0,72.6,82.7,92.8,65.7,4.02,33.32,21.02,J17WL,642.78,A,2024-11-19
2012-08-23,0.0,72.9,82.5,92.1,68.3,1.97,30.44,23.07,J17WL,642.87,A,2024-11-19
2012-08-24,0.0,74.3,83.6,92.9,69.0,1.65,31.48,23.4,J17WL,642.51,A,2024-11-19
2012-08-25,0.0,74.5,84.4,94.3,69.6,1.92,33.4,23.28,J17WL,643.16,A,2024-11-19
2012-08-26,0.0,76.5,85.9,95.4,71.3,3.02,34.15,21.14,J17WL,643.9,A,2024-11-19
2012-08-27,0.0,75.0,84.5,94.0,70.7,2.62,31.24,21.53,J17WL,642.8,A,2024-11-19
2012-08-28,0.0,75.5,85.6,95.6,66.4,3.55,38.78,24.03,J17WL,642.11,A,2024-11-19
2012-08-29,0.0,78.8,87.9,96.9,66.8,9.6,41.31,19.1,J17WL,641.47,A,2024-11-19
2012-08-30,0.0,76.8,87.4,98.0,60.5,11.09,46.81,23.96,J17WL,640.92,A,2024-11-19
2012-08-31,0.0,78.1,88.6,99.2,62.9,12.4,46.6,23.03,J17WL,640.77,A,2024-11-19
2012-09-01,0.0,77.0,87.8,98.5,70.4,2.97,43.36,16.62,J17WL,641.29,A,2024-11-19
2012-09-02,0.0,75.2,86.1,97.0,71.2,1.94,36.59,20.79,J17WL,641.55,A,2024-11-19
2012-09-03,0.0,74.0,85.6,97.2,68.9,1.85,41.42,22.6,J17WL,640.92,A,2024-11-19
2012-09-04,0.0,75.8,86.9,98.0,69.2,2.63,42.35,23.74,J17WL,639.61,A,2024-11-19
2012-09-05,0.0,74.1,86.5,98.9,68.4,1.58,44.46,23.65,J17WL,639.64,A,2024-11-19
2012-09-06,0.0,73.0,85.6,98.2,68.0,1.42,43.91,23.57,J17WL,639.3,A,2024-11-19
2012-09-07,0.0,73.1,85.8,98.5,67.6,1.72,43.86,23.6,J17WL,638.94,A,2024-11-19
2012-09-08,0.0,73.1,86.0,98.9,65.9,1.6,46.15,23.54,J17WL,639.18,A,2024-11-19
2012-09-09,0.0,64.0,77.7,91.3,52.1,8.91,35.36,19.91,J17WL,639.73,A,2024-11-19
2012-09-10,0.0,59.5,75.8,92.1,43.0,6.84,43.9,24.46,J17WL,639.26,A,2024-11-19
2012-09-11,0.0,61.2,76.7,92.2,51.7,2.98,41.96,24.5,J17WL,638.14,A,2024-11-19
2012-09-12,0.0,65.3,78.7,92.1,62.8,1.29,38.32,23.78,J17WL,637.84,A,2024-11-19
2012-09-13,0.0,73.8,85.1,96.5,70.5,1.17,38.36,19.01,J17WL,638.08,A,2024-11-19
2012-09-14,2.05,68.0,80.6,93.3,70.0,0.21,30.82,14.99,J17WL,642.72,A,2024-11-19
2012-09-15,0.51,66.2,70.6,75.0,64.6,0.91,8.47,9.91,J17WL,643.67,A,2024-11-19
2012-09-16,0.03,66.3,73.4,80.6,65.1,2.14,14.48,12.83,J17WL,646.54,A,2024-11-19
2012-09-17,2.09,65.5,67.5,69.5,66.5,0.12,2.65,2.98,J17WL,648.03,A,2024-11-19
2012-09-18,0.0,64.7,74.5,84.3,64.9,0.56,20.79,17.36,J17WL,648.26,A,2024-11-19
2012-09-19,0.0,64.7,76.0,87.4,63.0,1.21,25.79,19.85,J17WL,647.96,A,2024-11-19
2012-09-20,0.0,64.5,75.4,86.3,61.5,1.12,25.63,22.01,J17WL,647.53,A,2024-11-19
2012-09-21,0.0,59.6,73.5,87.3,61.9,0.85,26.28,21.15,J17WL,647.41,A,2024-11-19
2012-09-22,0.0,60.3,73.8,87.3,57.2,1.15,30.39,22.95,J17WL,647.8,A,2024-11-19
2012-09-23,0.0,61.5,74.5,87.6,63.0,1.03,25.96,21.15,J17WL,648.18,A,2024-11-19
2012-09-24,0.0,64.9,77.2,89.5,66.3,0.31,28.6,21.2,J17WL,647.24,A,2024-11-19
2012-09-25,0.0,69.2,79.3,89.3,67.8,0.41,26.86,20.64,J17WL,645.97,A,2024-11-19
2012-09-26,0.0,69.3,79.9,90.4,66.5,0.63,31.04,20.09,J17WL,645.57,A,2024-11-19
2012-09-27,0.0,70.3,79.7,89.1,67.9,1.06,25.01,17.08,J17WL,645.23,A,2024-11-19
2012-09-28,0.02,72.2,80.7,89.3,70.8,0.63,23.61,15.7,J17WL,645.79,A,2024-11-19
2012-09-29,2.12,70.0,76.9,83.7,72.4,0.05,13.24,8.22,J17WL,649.6,A,2024-11-19
2012-09-30,0.46,68.1,76.2,84.2,68.4,0.45,14.52,8.72,J17WL,651.31,A,2024-11-19
2012-10-01,0.0,60.2,70.1,80.1,61.9,0.59,15.76,16.83,J17WL,651.05,A,2024-11-19
2012-10-02,0.42,59.7,69.0,78.4,61.2,0.27,13.59,12.36,J17WL,651.29,A,2024-11-19
2012-10-03,0.0,56.6,68.3,80.0,53.4,0.98,22.92,20.03,J17WL,651.26,A,2024-11-19
2012-10-04,0.0,56.9,70.5,84.1,61.7,0.37,22.8,18.7,J17WL,651.31,A,2024-11-19
2012-10-05,0.0,68.1,79.1,90.1,70.1,0.32,25.25,17.53,J17WL,650.99,A,2024-11-19
2012-10-06,0.0,65.9,76.8,87.7,66.1,0.39,24.09,18.25,J17WL,651.66,A,2024-11-19
2012-10-07,0.0,53.6,65.8,78.1,58.0,0.25,12.89,13.62,J17WL,651.62,A,2024-11-19
2012-10-08,0.0,51.9,55.1,58.4,44.3,2.81,6.09,7.34,J17WL,651.52,A,2024-11-19
2012-10-09,0.0,51.8,60.4,69.1,50.0,3.49,11.42,18.21,J17WL,650.86,A,2024-11-19
2012-10-10,0.0,61.8,70.9,80.0,65.3,1.14,13.41,11.12,J17WL,650.32,A,2024-11-19
2012-10-11,0.0,72.9,80.4,87.8,70.6,0.74,21.25,13.97,J17WL,649.98,A,2024-11-19
2012-10-12,0.01,72.1,79.5,86.9,72.2,0.36,16.88,12.97,J17WL,649.85,A,2024-11-19
2012-10-13,0.0,72.4,79.4,86.4,71.0,0.68,18.81,14.27,J17WL,649.93,A,2024-11-19
2012-10-14,0.0,72.8,79.8,86.8,72.0,1.78,16.93,9.62,J17WL,650.07,A,2024-11-19
2012-10-15,0.14,64.5,75.4,86.3,63.0,0.85,21.83,13.87,J17WL,649.89,A,2024-11-19
2012-10-16,0.0,63.4,70.8,78.3,54.9,4.3,20.03,11.47,J17WL,649.28,A,2024-11-19
2012-10-17,0.03,64.8,69.3,73.8,65.2,0.23,7.75,4.84,J17WL,649.08,A,2024-11-19
2012-10-18,0.0,66.7,78.3,89.9,63.2,0.54,25.85,13.46,J17WL,648.18,A,2024-11-19
2012-10-19,0.0,50.5,65.2,79.9,44.6,2.84,24.61,17.25,J17WL,647.61,A,2024-11-19
2012-10-20,0.0,50.6,66.1,81.6,44.3,2.74,29.18,18.98,J17WL,648.05,A,2024-11-19
2012-10-21,0.0,63.3,74.7,86.1,68.9,1.2,18.08,11.07,J17WL,647.88,A,2024-11-19
2012-10-22,0.0,72.8,80.8,88.8,69.3,1.44,24.95,16.74,J17WL,647.03,A,2024-11-19
2012-10-23,0.0,70.6,79.8,88.9,69.1,1.25,25.05,15.62,J17WL,646.29,A,2024-11-19
2012-10-24,0.0,65.6,75.6,85.5,68.2,0.09,17.88,8.74,J17WL,645.66,A,2024-11-19
2012-10-25,0.0,65.9,76.1,86.3,65.2,0.15,23.64,14.92,J17WL,645.43,A,2024-11-19
2012-10-26,0.03,60.7,73.7,86.7,62.5,1.15,19.86,13.02,J17WL,646.49,A,2024-11-19
2012-10-27,0.89,48.5,54.3,60.1,41.2,1.12,7.57,4.58,J17WL,647.54,A,2024-11-19
2012-10-28,0.0,48.8,55.6,62.4,33.5,5.43,13.18,13.08,J17WL,648.08,A,2024-11-19
2012-10-29,0.0,41.6,54.3,67.0,33.5,1.75,16.79,17.62,J17WL,647.5,A,2024-11-19
2012-10-30,0.0,42.7,55.8,68.9,38.5,1.28,16.71,18.0,J17WL,646.85,A,2024-11-19
2012-10-31,0.0,44.2,60.0,75.9,52.2,0.48,16.06,16.48,J17WL,646.9,A,2024-11-19
2012-11-01,0.0,57.2,69.7,82.2,60.1,0.25,19.92,14.98,J17WL,646.47,A,2024-11-19
2012-11-02,0.0,61.2,72.2,83.2,62.3,0.17,22.03,14.85,J17WL,646.33,A,2024-11-19
2012-11-03,0.0,62.4,72.7,83.0,62.2,0.22,21.63,14.65,J17WL,647.24,A,2024-11-19
2012-11-04,0.55,61.4,72.6,83.9,62.4,0.3,22.7,12.82,J17WL,648.17,A,2024-11-19
2012-11-05,0.0,57.7,70.1,82.6,59.4,0.3,19.9,15.03,J17WL,648.1,A,2024-11-19
2012-11-06,0.0,55.8,70.6,85.5,56.1,0.65,23.38,13.83,J17WL,647.72,A,2024-11-19
2012-11-07,0.0,49.8,63.6,77.5,43.8,2.02,22.57,16.43,J17WL,647.54,A,2024-11-19
2012-11-08,0.0,50.5,66.1,81.7,52.3,0.48,23.48,16.0,J17WL,647.57,A,2024-11-19
2012-11-09,0.0,53.8,68.4,83.0,58.6,0.36,24.95,15.0,J17WL,647.49,A,2024-11-19
2012-11-10,0.0,60.5,71.7,82.9,60.7,0.14,22.34,13.71,J17WL,648.11,A,2024-11-19
2012-11-11,0.0,63.4,72.3,81.1,62.5,1.15,19.7,12.32,J17WL,648.42,A,2024-11-19
2012-11-12,0.0,54.2,67.5,80.9,48.1,1.49,18.43,8.75,J17WL,647.76,A,2024-11-19
2012-11-13,0.0,46.6,54.6,62.5,28.0,5.44,14.55,13.96,J17WL,647.83,A,2024-11-19
2012-11-14,0.02,47.2,50.4,53.7,32.5,3.71,9.49,3.43,J17WL,647.93,A,2024-11-19
2012-11-15,0.0,43.8,52.2,60.6,38.0,1.2,10.58,6.3,J17WL,648.1,A,2024-11-19
2012-11-16,0.0,48.7,54.8,60.9,39.0,2.88,10.87,4.57,J17WL,648.1,A,2024-11-19
2012-11-17,0.0,43.0,56.1,69.2,35.3,3.04,16.81,12.67,J17WL,648.82,A,2024-11-19
2012-11-18,0.0,42.9,55.7,68.6,37.3,1.3,17.1,14.88,J17WL,649.04,A,2024-11-19
2012-11-19,0.0,45.8,59.2,72.6,51.2,0.81,15.12,12.95,J17WL,648.34,A,2024-11-19
2012-11-20,0.0,52.4,61.6,70.9,54.7,0.5,10.03,7.52,J17WL,647.83,A,2024-11-19
2012-11-21,0.0,52.7,66.0,79.3,56.8,0.43,16.71,13.51,J17WL,647.48,A,2024-11-19
2012-11-22,0.0,51.3,64.3,77.4,53.8,0.04,17.91,11.21,J17WL,648.49,A,2024-11-19
2012-11-23,0.0,50.5,64.1,77.6,56.5,0.04,16.39,11.32,J17WL,648.68,A,2024-11-19
2012-11-24,0.0,52.6,62.0,71.3,42.8,0.48,12.48,6.36,J17WL,648.95,A,2024-11-19
2012-11-25,0.0,42.0,54.1,66.1,30.5,1.85,16.56,12.71,J17WL,649.25,A,2024-11-19
2012-11-26,0.0,42.7,58.1,73.5,54.7,0.01,13.8,13.28,J17WL,648.93,A,2024-11-19
2012-11-27,0.2,48.6,62.9,77.2,56.6,0.0,12.56,10.01,J17WL,648.69,A,2024-11-19
2012-11-28,0.0,37.5,50.5,63.4,39.4,0.15,11.15,13.36,J17WL,649.2,A,2024-11-19
2012-11-29,0.0,37.9,52.0,66.1,43.3,0.18,11.14,13.72,J17WL,649.5,A,2024-11-19
2012-11-30,0.0,42.0,56.0,70.0,54.4,0.13,10.08,9.39,J17WL,649.8,A,2024-11-19
2012-12-01,0.0,58.6,67.9,77.3,62.5,0.08,12.84,9.83,J17WL,650.62,A,2024-11-19
2012-12-02,0.0,67.3,73.7,80.1,65.2,1.1,14.75,7.92,J17WL,650.87,A,2024-11-19
2012-12-03,0.0,64.3,71.7,79.2,64.2,0.37,13.88,6.93,J17WL,650.56,A,2024-11-19
2012-12-04,0.0,61.5,70.4,79.4,62.6,0.23,14.97,6.67,J17WL,650.12,A,2024-11-19
2012-12-05,0.0,47.2,62.1,76.9,51.0,0.18,18.39,5.85,J17WL,650.28,A,2024-11-19
2012-12-06,0.0,44.5,59.8,75.1,38.1,0.4,24.09,13.84,J17WL,650.5,A,2024-11-19
2012-12-07,0.0,53.1,63.3,73.5,54.3,0.09,15.66,10.83,J17WL,650.6,A,2024-11-19
2012-12-08,0.0,61.3,69.3,77.2,62.4,0.12,12.29,5.89,J17WL,651.18,A,2024-11-19
2012-12-09,0.0,64.2,71.0,77.8,65.2,0.27,11.99,6.94,J17WL,651.63,A,2024-11-19
2012-12-10,0.0,42.9,60.7,78.5,55.7,0.42,11.9,5.57,J17WL,651.33,A,2024-11-19
2012-12-11,0.0,30.7,42.5,54.4,20.1,1.74,10.25,12.67,J17WL,650.94,A,2024-11-19
2012-12-12,0.0,28.8,42.2,55.5,22.2,1.16,11.07,12.77,J17WL,650.99,A,2024-11-19
2012-12-13,0.0,28.9,45.1,61.4,24.4,1.08,14.21,14.09,J17WL,651.04,A,2024-11-19
2012-12-14,0.0,34.0,48.9,63.9,44.1,0.95,10.01,7.16,J17WL,651.15,A,2024-11-19
2012-12-15,0.05,55.6,63.1,70.6,62.2,0.02,5.54,2.02,J17WL,651.91,A,2024-11-19
2012-12-16,0.06,58.3,65.0,71.7,53.4,0.57,14.56,4.2,J17WL,652.32,A,2024-11-19
2012-12-17,0.0,44.9,57.7,70.5,49.4,0.2,14.41,4.53,J17WL,651.75,A,2024-11-19
2012-12-18,0.0,39.7,57.2,74.6,32.7,1.74,24.03,13.82,J17WL,651.26,A,2024-11-19
2012-12-19,0.0,41.1,61.6,82.0,50.9,0.54,27.01,13.63,J17WL,650.98,A,2024-11-19
2012-12-20,0.0,45.2,63.7,82.3,52.8,0.87,19.0,7.87,J17WL,650.41,A,2024-11-19
2012-12-21,0.0,28.8,43.2,57.6,10.4,2.44,14.47,13.5,J17WL,650.33,A,2024-11-19
2012-12-22,0.0,32.8,46.8,60.8,14.3,2.75,15.87,9.38,J17WL,651.15,A,2024-11-19
2012-12-23,0.0,35.2,50.9,66.6,47.2,0.75,11.01,8.18,J17WL,651.4,A,2024-11-19
2012-12-24,0.0,46.7,57.1,67.5,53.8,0.23,7.84,4.05,J17WL,651.3,A,2024-11-19
2012-12-25,0.0,45.9,58.4,70.9,41.0,0.86,18.86,12.42,J17WL,651.1,A,2024-11-19
2012-12-26,0.0,30.3,50.4,70.5,27.4,1.8,21.01,13.11,J17WL,651.18,A,2024-11-19
2012-12-27,0.0,29.1,39.6,50.2,19.2,1.61,8.94,13.33,J17WL,651.04,A,2024-11-19
2012-12-28,0.0,31.4,41.0,50.7,39.5,0.09,4.11,2.99,J17WL,651.0,A,2024-11-19
2012-12-29,0.0,35.2,52.8,70.4,28.1,0.49,21.8,13.11,J17WL,650.68,A,2024-11-19
2012-12-30,0.0,30.6,41.2,51.7,21.7,1.46,9.52,7.37,J17WL,651.16,A,2024-11-19
2012-12-31,0.15,35.8,45.1,54.5,36.5,0.18,8.23,5.67,J17WL,651.14,A,2024-11-19
2013-01-01,0.21,49.9,55.6,61.2,55.6,0.04,1.55,1.51,J17WL,651.49,A,2024-11-19
2013-01-02,0.0,39.6,47.4,55.2,41.4,0.45,4.6,4.94,J17WL,651.41,A,2024-11-19
2013-01-03,0.0,39.2,42.5,45.7,29.6,2.23,5.26,3.45,J17WL,651.03,A,2024-11-19
2013-01-04,0.05,38.8,42.4,46.0,30.3,1.21,5.36,4.13,J17WL,651.15,A,2024-11-19
2013-01-05,0.08,38.5,40.5,42.5,37.8,0.37,1.61,2.71,J17WL,651.84,A,2024-11-19
2013-01-06,0.0,31.3,44.2,57.0,37.8,0.02,7.24,9.75,J17WL,651.87,A,2024-11-19
2013-01-07,0.0,31.2,46.3,61.3,30.0,0.19,13.75,14.66,J17WL,651.45,A,2024-11-19
2013-01-08,0.16,36.1,46.3,56.5,40.2,0.12,7.89,8.91,J17WL,651.77,A,2024-11-19
2013-01-09,2.95,48.5,53.1,57.8,53.1,0.02,0.85,1.59,J17WL,654.25,A,2024-11-19
2013-01-10,0.09,45.1,54.8,64.5,53.5,0.01,4.94,4.04,J17WL,654.89,A,2024-11-19
2013-01-11,0.0,41.2,53.9,66.5,42.9,0.17,13.09,13.88,J17WL,655.65,A,2024-11-19
2013-01-12,0.0,42.3,55.9,69.6,55.9,0.07,7.9,7.45,J17WL,656.23,A,2024-11-19
2013-01-13,0.0,45.5,59.3,73.0,54.6,0.51,8.32,3.27,J17WL,656.35,A,2024-11-19
2013-01-14,0.0,37.3,46.9,56.5,27.9,3.14,10.47,13.94,J17WL,655.97,A,2024-11-19
2013-01-15,0.03,36.6,44.5,52.4,31.1,0.46,7.5,11.54,J17WL,655.69,A,2024-11-19
2013-01-16,0.0,29.3,35.8,42.2,28.5,0.59,3.64,4.34,J17WL,655.55,A,2024-11-19
2013-01-17,0.0,29.4,42.3,55.2,20.6,1.42,12.22,15.4,J17WL,655.39,A,2024-11-19
2013-01-18,0.0,35.6,51.4,67.3,31.9,1.45,17.05,15.31,J17WL,655.22,A,2024-11-19
2013-01-19,0.0,35.2,49.7,64.2,33.8,0.51,14.15,14.9,J17WL,655.84,A,2024-11-19
2013-01-20,0.0,36.8,52.5,68.2,40.7,0.23,14.72,13.77,J17WL,655.73,A,2024-11-19
2013-01-21,0.0,37.8,54.2,70.6,45.7,0.22,14.16,12.91,J17WL,655.37,A,2024-11-19
2013-01-22,0.0,43.6,58.0,72.4,47.5,0.32,14.86,12.06,J17WL,654.72,A,2024-11-19
2013-01-23,0.0,45.6,59.2,72.7,47.3,0.42,15.92,13.9,J17WL,654.69,A,2024-11-19
2013-01-24,0.0,47.7,61.6,75.4,55.1,0.07,14.86,12.89,J17WL,654.61,A,2024-11-19
2013-01-25,0.0,57.8,68.4,79.1,59.6,0.12,16.65,9.21,J17WL,654.49,A,2024-11-19
2013-01-26,0.0,59.6,69.3,79.0,59.9,0.63,15.52,11.44,J17WL,654.82,A,2024-11-19
2013-01-27,0.0,56.8,65.6,74.3,57.9,0.21,12.07,9.21,J17WL,655.02,A,2024-11-19
2013-01-28,0.0,61.8,70.3,78.7,64.3,0.34,13.94,7.74,J17WL,654.55,A,2024-11-19
2013-01-29,0.0,68.6,72.1,75.6,66.1,1.47,9.26,4.1,J17WL,654.39,A,2024-11-19
2013-01-30,0.0,50.0,67.9,85.7,43.0,2.75,30.72,8.55,J17WL,654.29,A,2024-11-19
2013-01-31,0.0,31.3,46.1,60.9,18.3,1.81,15.57,17.3,J17WL,653.9,A,2024-11-19
2013-02-01,0.0,32.6,49.9,67.3,24.3,1.99,19.34,15.85,J17WL,654.01,A,2024-11-19
2013-02-02,0.0,41.9,56.9,71.9,38.3,1.24,20.03,16.58,J17WL,654.43,A,2024-11-19
2013-02-03,0.0,43.7,59.2,74.6,47.1,0.99,16.95,15.12,J17WL,654.25,A,2024-11-19
2013-02-04,0.0,53.2,62.5,71.7,47.0,1.53,15.95,13.09,J17WL,653.92,A,2024-11-19
2013-02-05,0.0,49.0,62.4,75.8,53.9,0.5,15.47,8.87,J17WL,653.84,A,2024-11-19
2013-02-06,0.05,49.7,65.5,81.2,46.6,0.71,29.31,13.41,J17WL,653.54,A,2024-11-19
2013-02-07,0.0,59.2,66.5,73.8,58.7,0.43,11.55,10.3,J17WL,653.73,A,2024-11-19
2013-02-08,0.02,51.5,65.0,78.4,52.8,0.53,15.92,12.36,J17WL,653.64,A,2024-11-19
2013-02-09,0.0,50.4,60.5,70.6,37.8,1.5,19.57,17.03,J17WL,653.99,A,2024-11-19
2013-02-10,0.07,55.5,62.6,69.8,62.3,0.14,2.56,1.62,J17WL,654.41,A,2024-11-19
2013-02-11,0.0,56.2,62.6,68.9,36.3,1.28,18.79,8.85,J17WL,653.87,A,2024-11-19
2013-02-12,0.03,51.3,55.8,60.3,47.3,0.19,8.35,4.84,J17WL,653.73,A,2024-11-19
2013-02-13,0.0,41.6,57.7,73.9,38.9,0.24,22.06,12.3,J17WL,653.39,A,2024-11-19
2013-02-14,0.0,35.7,50.8,65.9,30.5,1.08,17.27,18.35,J17WL,653.1,A,2024-11-19
2013-02-15,0.0,36.3,52.9,69.4,36.5,0.83,17.19,18.69,J17WL,652.99,A,2024-11-19
2013-02-16,0.0,33.0,50.4,67.8,33.1,0.92,16.24,14.97,J17WL,653.23,A,2024-11-19
2013-02-17,0.0,32.8,49.4,65.9,26.0,1.78,17.09,19.14,J17WL,653.28,A,2024-11-19
2013-02-18,0.0,34.9,52.8,70.7,44.6,1.61,17.11,17.86,J17WL,652.83,A,2024-11-19
2013-02-19,0.0,48.5,64.3,80.2,41.9,2.55,26.69,13.59,J17WL,652.21,A,2024-11-19
2013-02-20,0.0,48.4,57.9,67.5,31.6,4.2,17.85,14.33,J17WL,652.37,A,2024-11-19
2013-02-21,0.0,54.6,62.1,69.5,60.0,1.09,4.4,2.74,J17WL,652.4,A,2024-11-19
2013-02-22,0.0,47.4,62.9,78.3,32.7,1.8,29.02,16.38,J17WL,651.91,A,2024-11-19
2013-02-23,0.0,44.6,55.5,66.4,33.2,4.42,15.88,16.02,J17WL,652.01,A,2024-11-19
2013-02-24,0.0,40.9,57.1,73.3,35.7,1.49,20.86,17.63,J17WL,651.95,A,2024-11-19
2013-02-25,0.0,41.0,55.5,69.9,54.5,0.25,10.0,10.86,J17WL,651.41,A,2024-11-19
2013-02-26,0.0,40.2,52.1,64.1,24.6,3.67,17.55,18.94,J17WL,651.06,A,2024-11-19
2013-02-27,0.0,38.3,52.0,65.7,25.8,2.69,17.34,16.53,J17WL,650.78,A,2024-11-19
2013-02-28,0.0,42.6,54.3,65.9,25.8,4.04,17.49,19.45,J17WL,650.68,A,2024-11-19
2013-03-01,0.0,33.2,47.9,62.6,24.6,2.0,15.25,14.51,J17WL,650.61,A,2024-11-19
2013-03-02,0.0,32.6,52.1,71.6,21.0,2.1,23.11,19.69,J17WL,650.68,A,2024-11-19
2013-03-03,0.0,34.6,50.8,67.1,26.5,1.92,17.86,21.38,J17WL,650.67,A,2024-11-19
2013-03-04,0.0,35.9,56.1,76.4,35.8,1.65,25.6,21.2,J17WL,650.19,A,2024-11-19
2013-03-05,0.0,46.0,66.4,86.7,44.8,1.26,35.1,19.58,J17WL,649.18,A,2024-11-19
2013-03-06,0.0,34.5,51.3,68.1,19.0,3.67,20.27,20.52,J17WL,649.01,A,2024-11-19
2013-03-07,0.0,36.9,50.3,63.7,21.8,2.25,16.91,17.11,J17WL,648.88,A,2024-11-19
2013-03-08,0.0,42.3,57.4,72.4,51.7,1.44,15.13,15.3,J17WL,648.96,A,2024-11-19
2013-03-09,0.05,61.3,65.3,69.2,61.4,0.27,5.65,2.62,J17WL,649.58,A,2024-11-19
2013-03-10,0.43,59.3,68.3,77.3,62.4,0.29,10.93,6.06,J17WL,650.6,A,2024-11-19
2013-03-11,0.0,37.4,52.8,68.2,33.4,1.57,17.64,21.34,J17WL,650.57,A,2024-11-19
2013-03-12,0.0,36.5,53.9,71.3,27.1,1.6,21.92,23.19,J17WL,650.32,A,2024-11-19
2013-03-13,0.0,37.6,58.1,78.7,34.0,1.62,28.18,22.68,J17WL,649.86,A,2024-11-19
2013-03-14,0.0,43.7,59.9,76.0,39.4,1.33,22.93,22.46,J17WL,649.28,A,2024-11-19
2013-03-15,0.0,46.9,62.5,78.2,48.4,0.54,23.26,18.38,J17WL,649.25,A,2024-11-19
2013-03-16,0.0,49.8,65.2,80.7,50.5,0.54,26.27,22.45,J17WL,649.3,A,2024-11-19
2013-03-17,0.0,51.4,68.0,84.7,57.7,0.05,27.59,21.36,J17WL,649.44,A,2024-11-19
2013-03-18,0.0,62.8,74.2,85.6,61.2,0.6,26.22,16.63,J17WL,648.69,A,2024-11-19
2013-03-19,0.0,54.9,74.5,94.1,46.1,1.3,49.93,22.49,J17WL,647.82,A,2024-11-19
2013-03-20,0.0,55.1,68.5,81.8,57.2,3.4,18.12,20.17,J17WL,647.49,A,2024-11-19
2013-03-21,0.0,54.8,64.2,73.6,44.3,2.58,19.61,20.64,J17WL,647.63,A,2024-11-19
2013-03-22,0.0,54.5,64.7,75.0,58.6,0.85,12.99,11.14,J17WL,647.42,A,2024-11-19
2013-03-23,0.0,58.5,72.3,86.0,60.8,0.35,24.66,16.06,J17WL,647.22,A,2024-11-19
2013-03-24,0.0,49.4,66.0,82.6,55.2,1.46,20.03,15.75,J17WL,647.34,A,2024-11-19
2013-03-25,0.0,40.4,51.7,63.1,21.7,4.22,16.38,24.03,J17WL,646.74,A,2024-11-19
2013-03-26,0.0,37.2,49.3,61.3,15.9,3.81,16.1,24.21,J17WL,646.28,A,2024-11-19
2013-03-27,0.0,36.9,51.5,65.9,22.5,2.52,18.26,22.78,J17WL,645.63,A,2024-11-19
2013-03-28,0.0,44.9,56.5,68.1,45.0,3.1,13.43,11.26,J17WL,645.24,A,2024-11-19
2013-03-29,0.0,56.8,63.2,69.5,56.8,0.5,8.65,4.64,J17WL,645.53,A,2024-11-19
2013-03-30,0.0,57.0,67.0,77.0,58.6,0.42,16.65,10.7,J17WL,645.75,A,2024-11-19
2013-03-31,0.0,64.0,74.2,84.4,62.0,0.98,22.89,17.2,J17WL,646.11,A,2024-11-19
2013-04-01,0.54,62.2,71.6,80.9,62.2,0.81,16.19,10.12,J17WL,646.23,A,2024-11-19
2013-04-02,0.0,65.1,75.4,85.6,62.6,1.39,24.23,18.29,J17WL,645.8,A,2024-11-19
2013-04-03,1.07,56.9,68.1,79.2,61.6,0.36,13.38,8.2,J17WL,647.02,A,2024-11-19
2013-04-04,0.52,47.8,52.7,57.6,48.8,0.6,2.84,3.08,J17WL,647.86,A,2024-11-19
2013-04-05,0.0,41.1,55.5,69.7,42.7,0.51,15.74,23.05,J17WL,648.42,A,2024-11-19
2013-04-06,0.0,41.5,56.8,72.2,46.6,0.52,16.07,23.1,J17WL,648.89,A,2024-11-19
2013-04-07,0.0,57.1,68.6,80.2,57.1,1.02,19.44,22.41,J17WL,649.59,A,2024-11-19
2013-04-08,0.0,63.5,74.2,84.9,62.2,1.63,22.6,16.4,J17WL,649.0,A,2024-11-19
2013-04-09,0.0,67.4,72.4,77.4,66.1,1.53,9.53,5.25,J17WL,648.93,A,2024-11-19
2013-04-10,0.0,70.9,80.1,89.4,67.7,2.89,24.59,15.18,J17WL,648.55,A,2024-11-19
2013-04-11,0.08,47.3,59.4,71.5,45.5,0.71,8.47,7.64,J17WL,648.75,A,2024-11-19
2013-04-12,0.0,45.1,57.6,70.1,39.3,1.26,16.67,24.57,J17WL,648.75,A,2024-11-19
2013-04-13,0.0,46.2,63.5,80.7,45.4,1.02,26.97,25.27,J17WL,648.83,A,2024-11-19
2013-04-14,0.0,55.3,66.8,78.2,54.9,0.32,19.97,15.18,J17WL,648.96,A,2024-11-19
2013-04-15,0.0,61.2,74.8,88.3,63.5,0.65,27.91,20.23,J17WL,647.99,A,2024-11-19
2013-04-16,0.0,66.6,78.5,90.5,64.5,1.94,30.16,20.26,J17WL,647.2,A,2024-11-19
2013-04-17,0.0,66.6,76.7,86.8,68.7,0.4,20.44,16.22,J17WL,646.88,A,2024-11-19
2013-04-18,0.0,73.0,76.8,80.5,70.6,2.04,9.75,6.28,J17WL,646.9,A,2024-11-19
2013-04-19,0.21,46.7,60.1,73.5,42.9,1.0,13.87,13.94,J17WL,646.93,A,2024-11-19
2013-04-20,0.0,40.0,55.6,71.2,27.3,2.1,22.15,26.72,J17WL,647.17,A,2024-11-19
2013-04-21,0.0,43.1,58.8,74.4,38.2,1.88,23.52,27.69,J17WL,647.45,A,2024-11-19
2013-04-22,0.0,55.0,67.8,80.5,55.0,1.71,21.71,22.9,J17WL,646.64,A,2024-11-19
2013-04-23,0.0,61.9,73.0,84.1,60.5,1.91,23.28,18.64,J17WL,645.96,A,2024-11-19
2013-04-24,0.0,47.3,63.0,78.6,54.1,2.39,12.72,7.81,J17WL,645.6,A,2024-11-19
2013-04-25,0.0,47.7,55.2,62.8,37.2,3.84,12.48,10.77,J17WL,645.68,A,2024-11-19
2013-04-26,0.0,57.0,63.3,69.6,47.6,0.52,15.29,12.04,J17WL,645.65,A,2024-11-19
2013-04-27,0.02,61.1,69.3,77.5,67.0,0.07,8.59,10.36,J17WL,645.79,A,2024-11-19
2013-04-28,1.07,59.1,70.2,81.2,65.7,0.05,13.67,10.16,J17WL,645.71,A,2024-11-19
2013-04-29,0.0,60.7,71.1,81.5,63.9,0.25,16.79,22.3,J17WL,646.12,A,2024-11-19
2013-04-30,1.47,65.2,74.7,84.2,64.2,0.36,21.46,19.07,J17WL,647.63,A,2024-11-19
2013-05-01,0.0,65.7,74.2,82.7,65.5,0.31,17.47,18.06,J17WL,648.04,A,2024-11-19
2013-05-02,0.72,62.7,74.2,85.7,65.4,1.21,19.24,19.82,J17WL,648.31,A,2024-11-19
2013-05-03,0.0,45.9,53.7,61.6,40.8,3.07,7.15,13.61,J17WL,649.13,A,2024-11-19
2013-05-04,0.0,42.0,55.4,68.8,32.1,1.63,18.73,28.68,J17WL,649.86,A,2024-11-19
2013-05-05,0.0,47.6,63.6,79.7,37.5,2.55,27.94,27.52,J17WL,649.89,A,2024-11-19
2013-05-06,0.0,50.8,65.5,80.2,42.7,2.35,27.18,28.27,J17WL,649.22,A,2024-11-19
2013-05-07,0.0,51.5,64.0,76.5,49.9,1.1,18.15,16.16,J17WL,648.48,A,2024-11-19
2013-05-08,0.0,56.1,69.5,82.9,56.1,1.2,26.1,26.25,J17WL,647.69,A,2024-11-19
2013-05-09,0.0,66.2,75.1,84.1,64.4,1.43,20.22,14.16,J17WL,647.42,A,2024-11-19
2013-05-10,0.04,63.7,72.1,80.5,67.4,0.71,10.62,7.0,J17WL,647.75,A,2024-11-19
2013-05-11,0.24,62.7,73.1,83.4,62.7,1.01,18.93,18.51,J17WL,648.51,A,2024-11-19
2013-05-12,0.0,58.5,70.1,81.6,54.9,3.14,21.51,22.62,J17WL,648.73,A,2024-11-19
2013-05-13,0.0,53.8,67.1,80.4,50.5,2.13,23.89,21.51,J17WL,648.41,A,2024-11-19
2013-05-14,0.0,57.5,70.5,83.5,54.8,1.64,26.39,27.25,J17WL,647.58,A,2024-11-19
2013-05-15,0.0,64.1,74.7,85.3,64.6,1.51,22.39,22.71,J17WL,647.6,A,2024-11-19
2013-05-16,0.0,71.3,79.5,87.8,69.1,1.79,22.55,16.58,J17WL,646.97,A,2024-11-19
2013-05-17,0.0,71.7,83.8,95.8,70.1,2.28,36.56,22.23,J17WL,646.22,A,2024-11-19
2013-05-18,0.0,71.8,83.8,95.7,70.2,1.69,34.8,24.28,J17WL,645.62,A,2024-11-19
2013-05-19,0.0,72.1,83.0,93.8,67.7,2.1,31.62,20.75,J17WL,645.34,A,2024-11-19
2013-05-20,0.0,72.3,82.6,92.9,69.7,1.88,29.27,20.45,J17WL,644.14,A,2024-11-19
2013-05-21,0.0,73.0,83.1,93.2,69.8,1.7,29.42,24.11,J17WL,642.89,A,2024-11-19
2013-05-22,0.01,65.8,78.2,90.5,66.4,2.94,24.58,13.96,J17WL,642.08,A,2024-11-19
2013-05-23,0.0,67.7,78.9,90.2,67.9,2.38,24.42,19.71,J17WL,641.24,A,2024-11-19
2013-05-24,0.0,74.6,83.7,92.8,70.7,2.88,29.19,18.03,J17WL,642.09,A,2024-11-19
2013-05-25,2.14,67.2,72.7,78.1,70.0,0.06,6.35,3.39,J17WL,649.72,A,2024-11-19
2013-05-26,2.8,67.6,73.8,80.1,70.2,0.03,10.78,12.48,J17WL,654.66,A,2024-11-19
2013-05-27,0.55,71.8,78.4,85.0,70.8,1.12,14.76,13.47,J17WL,656.59,A,2024-11-19
2013-05-28,0.0,73.1,80.9,88.7,70.6,2.14,20.69,16.93,J17WL,657.91,A,2024-11-19
2013-05-29,0.0,73.6,81.1,88.5,70.3,2.3,21.43,17.24,J17WL,658.39,A,2024-11-19
2013-05-30,0.0,74.4,79.6,84.7,71.5,2.52,14.31,9.6,J17WL,658.21,A,2024-11-19
2013-05-31,0.03,74.3,81.4,88.6,72.5,1.91,19.53,12.76,J17WL,657.1,A,2024-11-19
2013-06-01,0.0,75.0,83.4,91.8,73.2,2.35,23.3,17.94,J17WL,656.72,A,2024-11-19
2013-06-02,0.45,67.7,80.8,93.9,72.6,0.98,27.5,25.32,J17WL,656.39,A,2024-11-19
2013-06-03,0.0,65.8,76.2,86.7,63.7,0.91,26.13,21.52,J17WL,656.17,A,2024-11-19
2013-06-04,0.0,66.6,78.0,89.4,67.0,1.01,26.29,27.92,J17WL,655.76,A,2024-11-19
2013-06-05,0.0,69.6,80.1,90.6,67.2,1.14,27.92,28.24,J17WL,654.94,A,2024-11-19
2013-06-06,0.0,69.4,80.3,91.1,68.1,1.08,28.11,26.74,J17WL,653.98,A,2024-11-19
2013-06-07,0.0,70.8,80.7,90.6,66.3,1.99,27.29,24.23,J17WL,653.39,A,2024-11-19
2013-06-08,0.07,63.8,71.0,78.2,64.9,0.86,11.18,8.06,J17WL,653.7,A,2024-11-19
2013-06-09,0.0,67.4,78.0,88.7,69.4,1.83,22.32,20.59,J17WL,654.04,A,2024-11-19
2013-06-10,0.0,71.3,80.3,89.3,71.3,1.39,19.67,18.03,J17WL,653.49,A,2024-11-19
2013-06-11,0.07,73.6,82.6,91.6,71.1,1.19,27.71,25.95,J17WL,652.4,A,2024-11-19
2013-06-12,0.4,72.8,82.1,91.4,72.0,0.28,25.08,21.21,J17WL,652.47,A,2024-11-19
2013-06-13,0.61,74.1,82.5,90.8,73.6,0.79,22.32,19.34,J17WL,652.87,A,2024-11-19
2013-06-14,0.48,72.9,79.9,86.9,73.3,0.57,14.72,8.33,J17WL,653.47,A,2024-11-19
2013-06-15,0.17,74.3,79.7,85.1,74.6,0.51,13.46,8.01,J17WL,654.03,A,2024-11-19
2013-06-16,0.03,74.7,82.1,89.5,73.1,1.03,21.27,15.86,J17WL,654.54,A,2024-11-19
2013-06-17,0.0,75.2,83.6,91.9,72.7,2.05,26.63,23.6,J17WL,654.18,A,2024-11-19
2013-06-18,0.0,76.0,84.3,92.7,72.2,2.73,27.28,25.13,J17WL,653.6,A,2024-11-19
2013-06-19,0.0,75.5,83.9,92.3,70.9,2.45,28.58,24.97,J17WL,653.08,A,2024-11-19
2013-06-20,0.0,73.9,83.7,93.5,70.0,1.85,32.65,26.5,J17WL,652.32,A,2024-11-19
2013-06-21,0.0,75.9,84.4,92.9,71.3,2.02,29.44,24.12,J17WL,651.85,A,2024-11-19
2013-06-22,0.0,75.3,84.4,93.6,69.6,1.81,33.81,24.94,J17WL,651.81,A,2024-11-19
2013-06-23,0.0,75.4,84.8,94.3,69.5,1.89,34.74,26.45,J17WL,651.34,A,2024-11-19
2013-06-24,0.0,75.4,84.3,93.2,69.1,2.31,31.53,23.9,J17WL,650.18,A,2024-11-19
2013-06-25,0.0,76.1,85.7,95.2,70.7,2.94,34.5,21.81,J17WL,648.0,A,2024-11-19
2013-06-26,0.0,76.1,86.4,96.6,69.3,3.57,38.62,27.57,J17WL,646.75,A,2024-11-19
2013-06-27,0.0,75.2,86.2,97.2,70.7,3.48,38.9,25.59,J17WL,646.0,A,2024-11-19
2013-06-28,0.0,74.8,86.4,98.0,66.6,2.51,45.61,28.49,J17WL,644.65,A,2024-11-19
2013-06-29,0.0,74.8,87.3,99.8,65.3,4.26,46.58,28.01,J17WL,644.36,A,2024-11-19
2013-06-30,0.0,78.1,91.6,105.1,62.7,10.56,60.88,27.7,J17WL,644.72,A,2024-11-19
2013-07-01,0.51,70.8,79.1,87.3,66.9,1.59,22.26,11.42,J17WL,645.28,A,2024-11-19
2013-07-02,0.0,65.3,77.2,89.1,56.8,5.01,32.41,18.67,J17WL,644.8,A,2024-11-19
2013-07-03,0.0,67.7,79.3,90.9,53.1,8.23,37.96,26.92,J17WL,644.22,A,2024-11-19
2013-07-04,0.0,68.0,80.9,93.9,53.4,2.77,45.17,27.54,J17WL,643.47,A,2024-11-19
2013-07-05,0.0,69.1,81.3,93.5,61.8,2.18,39.23,27.56,J17WL,642.92,A,2024-11-19
2013-07-06,0.0,71.5,83.1,94.7,65.4,2.39,38.71,26.86,J17WL,643.06,A,2024-11-19
2013-07-07,0.0,74.3,84.8,95.3,67.4,2.4,38.41,25.62,J17WL,643.05,A,2024-11-19
2013-07-08,0.43,76.2,86.2,96.3,71.8,3.01,34.99,22.13,J17WL,642.83,A,2024-11-19
2013-07-09,0.04,74.4,82.0,89.5,71.7,1.29,24.58,13.43,J17WL,642.43,A,2024-11-19
2013-07-10,0.0,76.1,86.4,96.8,71.2,2.47,37.87,25.5,J17WL,641.37,A,2024-11-19
2013-07-11,0.0,75.4,86.2,97.0,70.0,2.97,39.32,27.01,J17WL,640.65,A,2024-11-19
2013-07-12,0.0,75.0,85.8,96.6,68.1,3.01,39.98,26.21,J17WL,639.8,A,2024-11-19
2013-07-13,0.0,72.5,85.6,98.6,66.4,2.74,46.2,27.48,J17WL,639.84,A,2024-11-19
2013-07-14,0.0,74.4,86.9,99.4,63.9,6.1,47.9,27.21,J17WL,640.37,A,2024-11-19
2013-07-15,0.03,76.3,87.4,98.6,68.7,3.53,43.82,22.37,J17WL,640.31,A,2024-11-19
2013-07-16,1.52,73.0,78.8,84.6,71.7,1.43,15.25,6.51,J17WL,640.99,A,2024-11-19
2013-07-17,0.16,72.9,80.5,88.1,72.0,1.1,20.55,16.73,J17WL,641.62,A,2024-11-19
2013-07-18,0.05,73.6,80.5,87.4,71.4,2.06,19.66,14.12,J17WL,642.22,A,2024-11-19
2013-07-19,0.0,73.8,82.1,90.4,71.0,1.54,25.76,24.05,J17WL,642.41,A,2024-11-19
2013-07-20,0.0,74.2,83.7,93.2,70.3,1.36,31.07,25.32,J17WL,642.84,A,2024-11-19
2013-07-21,0.0,75.2,84.2,93.2,70.4,2.44,32.56,25.09,J17WL,642.94,A,2024-11-19
2013-07-22,0.0,77.1,85.1,93.2,73.4,3.51,28.45,20.13,J17WL,642.43,A,2024-11-19
2013-07-23,0.0,78.2,87.2,96.2,72.8,4.08,35.63,23.0,J17WL,641.55,A,2024-11-19
2013-07-24,0.0,77.2,87.1,96.9,70.5,3.69,39.6,26.34,J17WL,640.59,A,2024-11-19
2013-07-25,0.0,75.7,86.6,97.4,70.6,3.33,39.57,24.03,J17WL,639.95,A,2024-11-19
2013-07-26,0.0,76.0,86.7,97.4,70.0,3.1,40.89,24.96,J17WL,639.21,A,2024-11-19
2013-07-27,0.04,75.2,86.6,97.9,71.9,1.42,39.58,23.53,J17WL,639.44,A,2024-11-19
2013-07-28,0.0,77.0,84.8,92.7,71.0,4.69,28.54,20.46,J17WL,640.17,A,2024-11-19
2013-07-29,0.0,78.5,88.0,97.5,71.7,5.83,38.57,22.11,J17WL,639.5,A,2024-11-19
2013-07-30,0.0,78.5,88.8,99.0,69.8,5.44,45.17,25.66,J17WL,637.81,A,2024-11-19
2013-07-31,0.0,75.0,87.8,100.5,69.6,3.14,48.52,25.51,J17WL,637.52,A,2024-11-19
2013-08-01,0.0,75.5,88.0,100.5,65.6,3.63,52.41,26.42,J17WL,637.05,A,2024-11-19
2013-08-02,0.0,74.7,87.8,100.9,66.8,4.25,47.93,25.82,J17WL,636.48,A,2024-11-19
2013-08-03,0.0,76.7,88.0,99.3,68.3,4.66,45.72,24.9,J17WL,636.66,A,2024-11-19
2013-08-04,0.0,76.9,88.0,99.1,69.4,3.84,43.77,27.33,J17WL,637.28,A,2024-11-19
2013-08-05,0.0,76.0,87.8,99.6,69.8,4.07,43.65,22.23,J17WL,636.58,A,2024-11-19
2013-08-06,0.0,76.9,89.1,101.3,69.3,4.28,50.01,26.45,J17WL,635.21,A,2024-11-19
2013-08-07,0.0,78.2,90.5,102.7,69.0,5.38,53.47,26.82,J17WL,634.74,A,2024-11-19
2013-08-08,0.0,78.5,90.4,102.2,68.8,6.33,52.45,25.69,J17WL,634.48,A,2024-11-19
2013-08-09,0.0,75.7,88.8,102.0,69.0,3.48,52.85,25.71,J17WL,633.93,A,2024-11-19
2013-08-10,0.0,75.3,88.2,101.0,65.2,4.04,52.75,26.2,J17WL,634.62,A,2024-11-19
2013-08-11,0.02,76.3,88.7,101.1,71.0,3.1,47.44,23.88,J17WL,635.79,A,2024-11-19
2013-08-12,0.01,74.1,86.0,97.9,71.1,2.45,39.79,20.92,J17WL,635.78,A,2024-11-19
2013-08-13,0.0,75.1,85.8,96.4,69.7,2.89,37.39,24.33,J17WL,634.84,A,2024-11-19
2013-08-14,0.0,76.9,88.2,99.6,68.5,4.21,45.28,25.73,J17WL,633.89,A,2024-11-19
2013-08-15,0.0,76.9,89.0,101.0,66.0,6.02,52.63,25.96,J17WL,633.74,A,2024-11-19
2013-08-16,0.0,74.4,86.6,98.9,67.7,4.11,46.73,22.79,J17WL,633.51,A,2024-11-19
2013-08-17,0.01,73.8,85.6,97.4,67.3,3.87,42.15,22.84,J17WL,634.03,A,2024-11-19
2013-08-18,0.0,71.0,84.1,97.1,60.2,5.37,46.58,26.42,J17WL,634.67,A,2024-11-19
2013-08-19,0.0,71.6,84.3,97.0,61.6,7.3,43.8,22.94,J17WL,634.13,A,2024-11-19
2013-08-20,0.0,71.8,83.7,95.7,62.5,4.33,41.3,20.86,J17WL,633.26,A,2024-11-19
2013-08-21,0.0,72.2,83.6,95.0,67.7,3.62,39.8,21.3,J17WL,632.79,A,2024-11-19
2013-08-22,0.0,73.7,84.3,94.9,70.1,2.66,33.86,17.51,J17WL,633.16,A,2024-11-19
2013-08-23,0.0,74.4,85.1,95.8,70.0,2.93,36.03,20.33,J17WL,632.74,A,2024-11-19
2013-08-24,0.0,75.8,86.7,97.6,67.9,3.95,41.34,20.9,J17WL,633.09,A,2024-11-19
2013-08-25,0.08,75.0,87.4,99.8,67.6,5.27,46.47,23.11,J17WL,634.04,A,2024-11-19
2013-08-26,0.0,76.3,86.7,97.2,69.1,3.99,40.57,20.86,J17WL,633.34,A,2024-11-19
2013-08-27,0.07,75.0,82.8,90.7,72.1,2.32,25.69,11.88,J17WL,633.73,A,2024-11-19
2013-08-28,0.0,75.4,83.5,91.6,71.1,2.57,29.31,15.17,J17WL,633.57,A,2024-11-19
2013-08-29,0.0,74.8,85.3,95.7,69.1,2.57,37.51,21.05,J17WL,632.86,A,2024-11-19
2013-08-30,0.0,75.8,87.0,98.2,66.4,4.46,43.43,21.28,J17WL,632.26,A,2024-11-19
2013-08-31,0.0,75.8,88.3,100.7,66.4,6.48,48.5,22.54,J17WL,633.07,A,2024-11-19
2013-09-01,0.0,74.8,87.3,99.8,67.6,4.39,44.87,21.89,J17WL,633.78,A,2024-11-19
2013-09-02,0.0,75.4,87.1,98.7,68.1,4.22,43.33,23.13,J17WL,633.51,A,2024-11-19
2013-09-03,0.0,73.4,86.4,99.3,66.7,4.38,45.89,20.35,J17WL,631.72,A,2024-11-19
2013-09-04,0.0,74.5,87.0,99.4,65.7,6.23,46.9,22.89,J17WL,631.45,A,2024-11-19
2013-09-05,0.38,73.5,85.8,98.1,68.4,4.02,41.6,14.22,J17WL,632.01,A,2024-11-19
2013-09-06,0.21,74.2,85.8,97.5,69.9,3.27,39.78,21.0,J17WL,632.15,A,2024-11-19
2013-09-07,0.0,75.2,85.4,95.6,69.4,3.57,36.42,19.99,J17WL,632.77,A,2024-11-19
2013-09-08,0.0,74.8,85.5,96.1,70.8,2.71,36.75,18.86,J17WL,633.64,A,2024-11-19
2013-09-09,0.0,73.0,81.7,90.4,70.3,1.79,25.17,16.49,J17WL,633.33,A,2024-11-19
2013-09-10,0.18,73.3,82.8,92.3,70.5,1.61,30.49,14.32,J17WL,632.91,A,2024-11-19
2013-09-11,0.15,73.1,80.4,87.6,71.9,1.15,19.7,13.63,J17WL,633.11,A,2024-11-19
2013-09-12,0.31,72.9,82.8,92.7,70.3,1.37,33.34,16.51,J17WL,633.6,A,2024-11-19
2013-09-13,0.0,72.2,83.2,94.2,67.7,2.28,37.56,19.15,J17WL,633.6,A,2024-11-19
2013-09-14,0.0,70.3,83.0,95.7,62.8,3.29,42.5,21.58,J17WL,634.47,A,2024-11-19
2013-09-15,0.0,70.7,82.9,95.2,67.0,2.75,38.41,21.16,J17WL,634.86,A,2024-11-19
2013-09-16,0.0,75.1,84.1,93.0,70.6,3.3,30.27,14.34,J17WL,634.76,A,2024-11-19
2013-09-17,0.2,73.8,80.4,87.1,72.3,1.62,16.99,8.81,J17WL,635.34,A,2024-11-19
2013-09-18,0.01,74.5,81.7,88.8,72.5,1.62,21.47,8.94,J17WL,635.07,A,2024-11-19
2013-09-19,0.98,74.3,82.9,91.5,72.4,1.26,27.92,13.5,J17WL,635.09,A,2024-11-19
2013-09-20,0.08,76.1,84.0,91.9,73.6,1.41,25.63,13.86,J17WL,635.49,A,2024-11-19
2013-09-21,0.74,72.1,76.7,81.3,71.5,1.46,6.84,5.29,J17WL,637.01,A,2024-11-19
2013-09-22,0.0,59.7,72.9,86.1,56.8,4.4,29.1,18.9,J17WL,637.38,A,2024-11-19
2013-09-23,0.0,56.5,71.2,85.7,50.3,2.79,32.78,23.07,J17WL,637.05,A,2024-11-19
2013-09-24,0.0,57.9,73.6,89.4,53.8,3.08,36.39,21.57,J17WL,636.05,A,2024-11-19
2013-09-25,0.0,63.9,79.7,95.4,59.1,4.16,43.45,21.97,J17WL,635.31,A,2024-11-19
2013-09-26,0.0,68.8,81.8,94.8,60.8,2.98,39.31,19.38,J17WL,634.78,A,2024-11-19
2013-09-27,0.0,73.2,82.3,91.4,69.0,2.28,31.0,18.86,J17WL,634.78,A,2024-11-19
2013-09-28,0.0,76.7,84.6,92.5,74.1,2.93,25.42,11.65,J17WL,635.07,A,2024-11-19
2013-09-29,0.7,71.3,80.4,89.6,73.5,0.75,19.75,10.7,J17WL,637.64,A,2024-11-19
2013-09-30,0.13,63.7,71.5,79.3,66.2,1.18,11.69,9.59,J17WL,638.46,A,2024-11-19
2013-10-01,0.0,63.5,76.1,88.7,63.6,0.88,30.76,20.96,J17WL,638.91,A,2024-11-19
2013-10-02,0.0,74.1,82.4,90.6,72.1,1.14,27.05,15.71,J17WL,638.7,A,2024-11-19
2013-10-03,0.0,74.3,82.4,90.4,71.0,2.27,26.48,17.5,J17WL,638.54,A,2024-11-19
2013-10-04,0.0,72.1,81.1,90.1,69.7,1.59,25.48,18.88,J17WL,638.02,A,2024-11-19
2013-10-05,0.0,72.1,81.4,90.7,70.3,1.53,26.59,17.57,J17WL,638.12,A,2024-11-19
2013-10-06,0.4,55.2,71.9,88.6,58.6,0.92,24.79,14.65,J17WL,638.36,A,2024-11-19
2013-10-07,0.0,51.2,65.6,79.9,44.9,1.73,27.89,20.66,J17WL,638.12,A,2024-11-19
2013-10-08,0.0,52.4,68.8,85.2,45.5,2.67,33.15,20.73,J17WL,637.18,A,2024-11-19
2013-10-09,0.0,52.9,68.2,83.6,49.5,1.64,28.62,20.56,J17WL,637.02,A,2024-11-19
2013-10-10,0.0,56.1,69.9,83.7,59.7,1.4,23.21,20.09,J17WL,636.35,A,2024-11-19
2013-10-11,0.0,66.8,76.4,86.0,65.6,2.77,23.41,15.09,J17WL,636.58,A,2024-11-19
2013-10-12,0.0,74.2,81.6,88.9,72.3,3.08,22.03,10.78,J17WL,637.1,A,2024-11-19
2013-10-13,0.0,75.9,83.1,90.4,72.7,2.83,24.29,12.14,J17WL,637.19,A,2024-11-19
2013-10-14,0.67,67.8,72.0,76.1,70.6,0.72,4.59,1.78,J17WL,638.09,A,2024-11-19
2013-10-15,0.0,72.0,78.4,84.8,71.0,1.05,17.52,12.6,J17WL,638.33,A,2024-11-19
2013-10-16,0.11,57.6,71.3,84.9,65.3,0.87,17.65,11.61,J17WL,638.82,A,2024-11-19
2013-10-17,0.44,55.4,58.7,62.0,56.2,0.74,3.3,3.32,J17WL,639.7,A,2024-11-19
2013-10-18,0.0,55.5,64.5,73.5,51.9,2.62,16.01,18.71,J17WL,640.0,A,2024-11-19
2013-10-19,0.05,54.6,64.0,73.3,61.1,1.57,7.74,4.92,J17WL,640.26,A,2024-11-19
2013-10-20,0.0,45.8,57.6,69.5,42.3,1.19,17.1,18.58,J17WL,640.66,A,2024-11-19
2013-10-21,0.0,46.3,60.3,74.2,50.9,1.12,17.5,17.95,J17WL,640.0,A,2024-11-19
2013-10-22,0.0,58.8,69.2,79.6,60.2,1.99,13.54,10.04,J17WL,639.2,A,2024-11-19
2013-10-23,0.0,47.8,62.1,76.4,42.6,2.18,24.24,17.91,J17WL,639.04,A,2024-11-19
2013-10-24,0.0,48.1,64.4,80.7,44.2,1.87,27.4,18.22,J17WL,638.38,A,2024-11-19
2013-10-25,0.0,49.3,64.8,80.2,51.1,1.06,23.13,18.15,J17WL,638.14,A,2024-11-19
2013-10-26,0.0,54.3,67.3,80.4,60.3,1.15,18.46,13.54,J17WL,638.42,A,2024-11-19
2013-10-27,0.0,63.9,72.8,81.7,63.2,1.12,18.05,12.43,J17WL,638.79,A,2024-11-19
2013-10-28,0.0,67.0,73.9,80.8,65.7,1.28,14.51,10.77,J17WL,638.18,A,2024-11-19
2013-10-29,0.0,70.6,77.3,84.0,67.1,2.07,19.09,10.5,J17WL,637.46,A,2024-11-19
2013-10-30,0.0,72.6,78.5,84.3,69.3,1.72,18.1,9.18,J17WL,637.85,A,2024-11-19
2013-10-31,0.52,72.9,78.4,83.9,72.4,1.49,13.31,7.76,J17WL,639.93,A,2024-11-19
2013-11-01,0.0,51.4,67.3,83.2,51.8,1.14,29.97,15.25,J17WL,641.15,A,2024-11-19
2013-11-02,0.0,51.6,68.2,84.7,45.8,2.33,31.13,16.73,J17WL,641.82,A,2024-11-19
2013-11-03,0.0,44.1,59.6,75.2,37.9,1.75,23.84,17.34,J17WL,642.86,A,2024-11-19
2013-11-04,0.0,49.2,60.4,71.7,45.0,2.45,19.63,16.67,J17WL,642.34,A,2024-11-19
2013-11-05,0.03,60.6,66.0,71.3,61.0,1.16,9.21,4.64,J17WL,642.21,A,2024-11-19
2013-11-06,0.0,66.3,73.3,80.3,67.7,0.74,14.07,6.44,J17WL,641.87,A,2024-11-19
2013-11-07,0.07,50.0,63.7,77.4,50.7,1.43,9.87,10.02,J17WL,641.68,A,2024-11-19
2013-11-08,0.0,49.4,56.9,64.5,37.2,4.31,14.82,9.07,J17WL,641.7,A,2024-11-19
2013-11-09,0.01,52.6,58.6,64.7,43.1,3.33,13.7,9.96,J17WL,642.18,A,2024-11-19
2013-11-10,0.14,55.5,62.5,69.6,56.8,1.73,9.42,8.94,J17WL,642.0,A,2024-11-19
2013-11-11,0.0,58.6,63.2,67.8,56.2,2.34,7.79,4.28,J17WL,641.9,A,2024-11-19
2013-11-12,0.0,59.1,67.7,76.4,53.9,3.44,17.42,13.35,J17WL,640.93,A,2024-11-19
2013-11-13,0.0,36.4,51.1,65.8,39.5,1.69,8.9,8.34,J17WL,640.81,A,2024-11-19
2013-11-14,0.0,33.4,45.4,57.4,26.7,1.3,11.89,16.16,J17WL,640.89,A,2024-11-19
2013-11-15,0.0,34.4,48.5,62.6,39.8,1.17,12.29,12.27,J17WL,640.77,A,2024-11-19
2013-11-16,0.0,49.9,63.6,77.3,56.8,0.91,17.23,14.81,J17WL,640.95,A,2024-11-19
2013-11-17,0.0,66.2,73.8,81.4,68.0,1.84,14.81,8.58,J17WL,641.06,A,2024-11-19
2013-11-18,0.0,62.0,74.8,87.5,64.8,1.22,24.34,12.55,J17WL,640.45,A,2024-11-19
2013-11-19,0.0,57.8,69.3,80.8,60.6,1.61,15.53,11.51,J17WL,639.82,A,2024-11-19
2013-11-20,0.0,58.1,64.4,70.7,50.7,3.28,13.79,9.73,J17WL,639.42,A,2024-11-19
2013-11-21,0.0,61.0,67.8,74.6,64.1,1.37,9.72,6.17,J17WL,639.12,A,2024-11-19
2013-11-22,0.04,51.1,65.5,79.9,65.5,1.12,10.92,4.04,J17WL,639.25,A,2024-11-19
2013-11-23,0.05,37.3,42.9,48.5,37.2,0.6,1.85,2.21,J17WL,640.18,A,2024-11-19
2013-11-24,0.09,38.5,41.0,43.6,37.5,0.61,2.58,3.45,J17WL,640.41,A,2024-11-19
2013-11-25,0.68,35.6,38.9,42.2,34.8,0.33,2.81,2.55,J17WL,640.81,A,2024-11-19
2013-11-26,0.21,36.2,39.8,43.4,36.9,0.34,2.16,2.48,J17WL,641.11,A,2024-11-19
2013-11-27,0.0,34.0,42.7,51.4,31.4,1.3,6.89,7.65,J17WL,641.32,A,2024-11-19
2013-11-28,0.0,32.6,42.8,53.0,24.8,1.01,10.53,14.96,J17WL,641.52,A,2024-11-19
2013-11-29,0.0,34.0,45.0,56.1,28.4,0.6,11.24,13.11,J17WL,641.5,A,2024-11-19
2013-11-30,0.0,39.6,50.9,62.2,46.0,0.48,8.08,10.29,J17WL,641.8,A,2024-11-19
2013-12-01,0.0,50.4,60.1,69.8,53.6,1.28,10.55,7.36,J17WL,642.01,A,2024-11-19
2013-12-02,0.0,55.7,63.5,71.3,57.1,1.32,9.6,6.79,J17WL,641.68,A,2024-11-19
2013-12-03,0.0,49.0,64.4,79.9,53.8,0.68,21.21,12.57,J17WL,641.46,A,2024-11-19
2013-12-04,0.0,48.8,67.0,85.2,49.0,0.84,32.76,13.07,J17WL,640.74,A,2024-11-19
2013-12-05,0.02,52.4,64.2,75.9,61.8,0.42,10.67,6.54,J17WL,640.49,A,2024-11-19
2013-12-06,0.04,33.3,47.5,61.8,35.1,0.48,4.34,4.03,J17WL,640.28,A,2024-11-19
2013-12-07,0.0,29.6,36.5,43.4,26.4,0.84,3.94,7.23,J17WL,640.45,A,2024-11-19
2013-12-08,0.02,29.7,32.9,36.2,23.6,1.16,3.04,3.44,J17WL,640.58,A,2024-11-19
2013-12-09,0.0,33.4,41.9,50.4,36.7,0.42,4.69,7.57,J17WL,640.28,A,2024-11-19
2013-12-10,0.06,30.9,37.6,44.3,36.8,0.35,1.54,2.33,J17WL,639.8,A,2024-11-19
2013-12-11,0.0,30.3,40.4,50.5,23.8,1.0,9.29,13.95,J17WL,639.77,A,2024-11-19
2013-12-12,0.0,38.4,49.7,60.9,29.3,2.62,13.6,11.94,J17WL,639.5,A,2024-11-19
2013-12-13,0.0,38.4,45.9,53.3,32.8,2.51,7.96,8.36,J17WL,639.52,A,2024-11-19
2013-12-14,0.05,43.6,47.2,50.8,44.3,0.29,4.56,1.76,J17WL,640.06,A,2024-11-19
2013-12-15,0.0,31.1,45.9,60.8,33.5,0.31,11.28,13.2,J17WL,639.94,A,2024-11-19
2013-12-16,0.0,30.5,46.6,62.6,28.1,1.06,14.86,13.94,J17WL,639.56,A,2024-11-19
2013-12-17,0.0,32.1,49.5,66.8,30.7,0.93,16.99,13.72,J17WL,639.26,A,2024-11-19
2013-12-18,0.0,35.2,53.1,71.0,36.9,0.75,19.09,13.33,J17WL,638.86,A,2024-11-19
2013-12-19,0.0,40.3,56.0,71.8,49.6,0.8,15.65,12.31,J17WL,638.89,A,2024-11-19
2013-12-20,0.0,57.7,67.2,76.6,59.6,1.03,15.28,6.04,J17WL,639.07,A,2024-11-19
2013-12-21,0.05,65.4,70.2,75.0,64.7,1.64,9.68,4.25,J17WL,639.36,A,2024-11-19
2013-12-22,0.33,42.4,57.9,73.4,45.7,0.92,21.3,8.2,J17WL,639.47,A,2024-11-19
2013-12-23,0.0,33.2,48.4,63.6,33.7,1.29,12.62,12.89,J17WL,639.08,A,2024-11-19
2013-12-24,0.0,30.6,45.4,60.2,25.9,0.98,14.38,13.92,J17WL,638.74,A,2024-11-19
2013-12-25,0.0,31.0,45.5,60.0,29.8,0.64,13.73,14.06,J17WL,639.24,A,2024-11-19
2013-12-26,0.0,40.1,49.5,58.9,42.9,0.7,6.15,4.95,J17WL,639.22,A,2024-11-19
2013-12-27,0.22,46.1,48.9,51.8,41.6,0.92,5.25,3.04,J17WL,638.86,A,2024-11-19
2013-12-28,0.09,45.0,50.6,56.2,44.6,0.59,5.73,4.47,J17WL,639.61,A,2024-11-19
2013-12-29,0.0,40.0,48.4,56.8,43.0,0.45,6.4,7.23,J17WL,639.72,A,2024-11-19
2013-12-30,0.0,36.7,50.3,63.8,40.0,0.51,8.81,9.38,J17WL,639.74,A,2024-11-19
2013-12-31,0.0,37.6,40.9,44.3,28.2,1.7,5.18,4.15,J17WL,640.07,A,2024-11-19
2014-01-01,0.0,38.4,45.8,53.1,29.7,1.76,8.78,7.69,J17WL,640.69,A,2024-11-19
2014-01-02,0.0,39.7,49.5,59.4,42.0,1.03,6.94,5.44,J17WL,640.87,A,2024-11-19
2014-01-03,0.0,28.5,41.6,54.8,25.0,1.13,10.39,12.71,J17WL,640.99,A,2024-11-19
2014-01-04,0.0,28.6,42.4,56.3,30.0,0.85,11.47,12.85,J17WL,641.71,A,2024-11-19
2014-01-05,0.0,43.9,57.2,70.4,47.7,0.68,14.23,12.19,J17WL,642.07,A,2024-11-19
2014-01-06,0.0,29.0,41.2,53.4,21.8,1.56,9.28,12.9,J17WL,641.55,A,2024-11-19
2014-01-07,0.0,21.4,28.0,34.5,9.1,1.22,4.92,7.3,J17WL,642.04,A,2024-11-19
2014-01-08,0.02,20.2,32.2,44.2,17.3,0.47,7.78,10.29,J17WL,642.57,A,2024-11-19
2014-01-09,0.1,40.4,46.8,53.1,46.8,0.24,1.28,2.13,J17WL,642.75,A,2024-11-19
2014-01-10,0.01,52.1,59.4,66.7,58.2,0.22,6.22,6.13,J17WL,643.0,A,2024-11-19
2014-01-11,0.01,48.8,60.0,71.3,56.6,0.52,9.67,5.25,J17WL,643.39,A,2024-11-19
2014-01-12,0.0,37.3,56.3,75.3,32.8,0.87,26.15,14.35,J17WL,643.86,A,2024-11-19
2014-01-13,0.0,38.1,53.8,69.6,51.9,0.55,11.01,4.41,J17WL,643.57,A,2024-11-19
2014-01-14,0.0,35.0,52.3,69.6,28.5,0.85,21.19,14.84,J17WL,643.48,A,2024-11-19
2014-01-15,0.0,35.7,54.9,74.0,22.9,2.54,25.47,15.0,J17WL,642.91,A,2024-11-19
2014-01-16,0.0,34.9,49.5,64.1,21.2,2.59,16.75,15.04,J17WL,642.96,A,2024-11-19
2014-01-17,0.0,35.7,52.5,69.2,32.5,2.0,17.74,14.83,J17WL,643.21,A,2024-11-19
2014-01-18,0.0,33.8,50.1,66.4,20.4,2.23,19.3,13.94,J17WL,643.59,A,2024-11-19
2014-01-19,0.0,33.9,51.5,69.2,37.4,1.29,15.47,14.47,J17WL,643.52,A,2024-11-19
2014-01-20,0.0,40.4,56.6,72.9,30.6,2.1,23.49,14.88,J17WL,643.53,A,2024-11-19
2014-01-21,0.0,42.9,61.7,80.4,35.7,1.42,28.01,14.77,J17WL,642.69,A,2024-11-19
2014-01-22,0.0,31.7,48.8,66.0,21.7,1.95,18.78,15.98,J17WL,643.17,A,2024-11-19
2014-01-23,0.0,31.7,50.9,70.1,30.3,1.58,21.79,13.63,J17WL,643.16,A,2024-11-19
2014-01-24,0.09,26.1,40.3,54.5,31.4,0.5,4.72,3.0,J17WL,642.85,A,2024-11-19
2014-01-25,0.0,25.8,32.0,38.3,23.4,0.74,3.46,6.45,J17WL,643.21,A,2024-11-19
2014-01-26,0.0,29.6,47.3,65.0,29.7,1.53,15.97,12.98,J17WL,643.59,A,2024-11-19
2014-01-27,0.0,39.0,58.4,77.9,40.6,1.66,23.21,15.46,J17WL,643.3,A,2024-11-19
2014-01-28,0.0,32.1,44.2,56.3,18.7,2.57,10.67,9.63,J17WL,643.02,A,2024-11-19
2014-01-29,0.0,27.6,32.2,36.7,11.9,2.12,5.03,3.45,J17WL,642.89,A,2024-11-19
2014-01-30,0.0,28.1,38.1,48.0,16.5,2.24,8.73,16.47,J17WL,642.63,A,2024-11-19
2014-01-31,0.0,39.5,53.1,66.6,43.6,0.6,12.32,10.78,J17WL,643.26,A,2024-11-19
2014-02-01,0.0,54.2,66.8,79.3,56.7,1.08,21.25,14.24,J17WL,643.49,A,2024-11-19
2014-02-02,0.0,49.4,63.5,77.7,59.7,1.16,15.5,7.89,J17WL,643.29,A,2024-11-19
2014-02-03,0.05,37.2,42.3,47.4,34.5,0.82,3.33,3.36,J17WL,643.31,A,2024-11-19
2014-02-04,0.16,37.2,42.6,48.0,37.0,0.38,4.6,6.8,J17WL,643.3,A,2024-11-19
2014-02-05,0.0,42.6,55.4,68.2,42.6,0.53,15.87,13.39,J17WL,643.35,A,2024-11-19
2014-02-06,0.0,29.7,39.4,49.1,23.5,2.09,7.11,16.11,J17WL,643.21,A,2024-11-19
2014-02-07,0.0,29.0,31.2,33.4,17.2,2.11,3.33,5.11,J17WL,643.51,A,2024-11-19
2014-02-08,0.13,29.1,33.5,37.9,31.0,0.36,1.95,3.98,J17WL,643.83,A,2024-11-19
2014-02-09,0.0,36.0,50.8,65.6,39.5,0.26,14.13,16.55,J17WL,644.28,A,2024-11-19
2014-02-10,0.0,41.6,55.3,69.0,51.4,0.07,11.07,16.61,J17WL,643.8,A,2024-11-19
2014-02-11,0.0,33.5,42.9,52.3,35.8,0.42,3.25,4.63,J17WL,643.71,A,2024-11-19
2014-02-12,0.0,33.0,34.7,36.4,29.5,0.5,2.04,2.0,J17WL,643.47,A,2024-11-19
2014-02-13,0.0,32.2,45.6,59.0,30.1,1.02,11.36,18.31,J17WL,643.54,A,2024-11-19
2014-02-14,0.0,32.5,50.8,69.1,35.7,0.88,17.83,18.05,J17WL,643.64,A,2024-11-19
2014-02-15,0.0,41.2,64.8,88.4,35.0,1.19,41.22,18.45,J17WL,643.14,A,2024-11-19
2014-02-16,0.0,48.3,63.0,77.6,45.8,1.57,23.68,18.37,J17WL,643.01,A,2024-11-19
2014-02-17,0.0,61.5,67.7,74.0,60.3,1.04,11.1,5.9,J17WL,642.89,A,2024-11-19
2014-02-18,0.0,62.5,71.2,79.9,47.3,1.08,24.15,10.95,J17WL,642.13,A,2024-11-19
2014-02-19,0.0,56.9,67.4,77.9,58.9,0.6,14.12,6.91,J17WL,642.26,A,2024-11-19
2014-02-20,0.0,60.6,71.7,82.7,61.4,0.37,21.86,10.2,J17WL,642.06,A,2024-11-19
2014-02-21,0.0,45.1,64.1,83.0,40.4,1.51,33.64,13.67,J17WL,641.4,A,2024-11-19
2014-02-22,0.0,44.2,57.2,70.3,28.4,3.25,21.3,16.67,J17WL,641.81,A,2024-11-19
2014-02-23,0.0,46.6,59.3,72.1,54.7,1.28,12.86,12.38,J17WL,642.15,A,2024-11-19
2014-02-24,0.0,60.1,71.4,82.6,56.8,0.77,21.27,14.37,J17WL,641.06,A,2024-11-19
2014-02-25,0.0,60.1,68.6,77.0,57.7,2.5,15.56,9.6,J17WL,640.61,A,2024-11-19
2014-02-26,0.07,45.6,60.8,75.9,58.4,0.72,10.82,5.48,J17WL,640.8,A,2024-11-19
2014-02-27,0.25,31.9,38.1,44.4,32.8,0.57,2.99,4.49,J17WL,641.42,A,2024-11-19
2014-02-28,0.0,31.7,44.6,57.6,33.0,0.82,10.18,20.17,J17WL,641.36,A,2024-11-19
2014-03-01,0.0,47.1,62.3,77.4,48.1,0.93,19.92,16.9,J17WL,641.61,A,2024-11-19
2014-03-02,0.0,49.0,66.8,84.7,62.9,0.21,21.39,12.85,J17WL,641.94,A,2024-11-19
2014-03-03,0.0,27.4,52.3,77.2,40.4,0.83,9.26,4.1,J17WL,641.71,A,2024-11-19
2014-03-04,0.07,27.0,36.7,46.4,24.2,1.03,6.72,14.81,J17WL,640.97,A,2024-11-19
2014-03-05,0.0,34.1,41.2,48.4,33.7,1.14,4.91,7.77,J17WL,641.6,A,2024-11-19
2014-03-06,0.0,40.7,50.6,60.5,41.3,0.81,8.47,13.22,J17WL,641.43,A,2024-11-19
2014-03-07,0.0,40.2,52.0,63.8,37.1,1.3,13.22,21.28,J17WL,640.89,A,2024-11-19
2014-03-08,0.0,40.5,55.1,69.7,47.4,1.16,15.09,15.49,J17WL,641.39,A,2024-11-19
2014-03-09,0.52,44.6,53.4,62.3,48.2,0.47,3.77,2.32,J17WL,642.0,A,2024-11-19
2014-03-10,0.0,44.5,49.1,53.8,44.0,0.79,4.6,3.71,J17WL,642.47,A,2024-11-19
2014-03-11,0.36,52.1,58.8,65.4,54.6,0.44,6.96,7.11,J17WL,643.01,A,2024-11-19
2014-03-12,0.0,51.6,65.6,79.7,49.8,1.0,21.44,19.86,J17WL,642.59,A,2024-11-19
2014-03-13,0.0,38.5,52.6,66.7,27.5,2.9,18.22,22.87,J17WL,642.54,A,2024-11-19
2014-03-14,0.0,38.1,52.7,67.3,33.0,0.95,18.2,22.05,J17WL,642.79,A,2024-11-19
2014-03-15,0.0,46.0,60.1,74.1,57.2,0.34,14.34,11.76,J17WL,643.09,A,2024-11-19
2014-03-16,0.02,59.3,69.2,79.1,58.5,0.59,18.9,9.83,J17WL,643.0,A,2024-11-19
2014-03-17,0.0,42.3,55.0,67.7,35.6,3.72,16.28,16.86,J17WL,642.64,A,2024-11-19
2014-03-18,0.0,41.9,56.0,70.1,27.2,3.03,21.08,23.88,J17WL,642.14,A,2024-11-19
2014-03-19,0.0,42.6,64.1,85.6,45.4,1.68,33.95,23.46,J17WL,641.55,A,2024-11-19
2014-03-20,0.0,46.1,59.7,73.2,34.5,3.55,20.41,16.58,J17WL,641.19,A,2024-11-19
2014-03-21,0.0,45.9,61.4,76.8,42.1,1.82,23.9,22.29,J17WL,640.72,A,2024-11-19
2014-03-22,0.0,55.5,67.8,80.2,60.0,0.13,18.72,16.41,J17WL,641.08,A,2024-11-19
2014-03-23,0.0,59.2,69.3,79.4,63.1,0.51,14.12,7.47,J17WL,641.51,A,2024-11-19
2014-03-24,0.0,49.1,56.7,64.4,41.4,3.7,10.8,9.51,J17WL,641.4,A,2024-11-19
2014-03-25,0.15,46.3,52.9,59.6,46.4,0.29,7.61,6.09,J17WL,641.45,A,2024-11-19
2014-03-26,0.0,48.3,59.0,69.8,42.6,1.23,16.87,17.92,J17WL,641.17,A,2024-11-19
2014-03-27,0.47,54.9,59.2,63.4,56.3,0.33,5.8,5.2,J17WL,641.8,A,2024-11-19
2014-03-28,0.05,61.5,71.3,81.2,65.7,0.0,15.97,12.65,J17WL,642.12,A,2024-11-19
2014-03-29,0.0,56.7,75.0,93.2,50.4,1.01,47.38,19.07,J17WL,642.07,A,2024-11-19
2014-03-30,0.0,49.1,64.8,80.6,38.2,4.2,28.75,21.56,J17WL,641.95,A,2024-11-19
2014-03-31,0.0,51.6,66.3,81.1,50.6,1.71,25.31,23.5,J17WL,641.64,A,2024-11-19
2014-04-01,0.0,60.8,72.5,84.2,61.3,0.73,23.13,19.01,J17WL,640.6,A,2024-11-19
2014-04-02,0.0,67.9,77.2,86.5,66.4,1.5,22.56,15.34,J17WL,639.89,A,2024-11-19
2014-04-03,0.01,70.6,78.2,85.8,68.0,1.64,20.55,9.86,J17WL,639.69,A,2024-11-19
2014-04-04,0.03,63.1,73.8,84.5,63.2,2.26,18.44,10.54,J17WL,638.95,A,2024-11-19
2014-04-05,0.0,57.4,65.9,74.4,32.5,8.95,23.98,21.44,J17WL,639.31,A,2024-11-19
2014-04-06,0.02,56.8,60.1,63.3,44.2,2.0,11.82,4.27,J17WL,640.13,A,2024-11-19
2014-04-07,0.0,44.7,54.7,64.7,50.9,0.16,7.52,7.12,J17WL,640.07,A,2024-11-19
2014-04-08,0.43,48.4,62.4,76.3,47.9,1.11,19.09,17.52,J17WL,639.9,A,2024-11-19
2014-04-09,0.0,45.4,62.9,80.4,35.3,2.37,30.34,25.44,J17WL,639.53,A,2024-11-19
2014-04-10,0.0,47.2,66.7,86.1,46.4,0.74,35.38,24.81,J17WL,639.09,A,2024-11-19
2014-04-11,0.0,55.1,72.2,89.3,55.6,0.5,36.09,23.75,J17WL,638.79,A,2024-11-19
2014-04-12,0.0,60.4,74.7,89.1,59.5,0.92,33.05,22.28,J17WL,638.67,A,2024-11-19
2014-04-13,0.0,67.2,77.3,87.5,63.0,3.03,27.39,17.67,J17WL,638.85,A,2024-11-19
2014-04-14,0.0,69.0,77.3,85.6,67.2,2.9,21.59,10.5,J17WL,638.51,A,2024-11-19
2014-04-15,0.11,41.7,57.4,73.1,37.0,1.57,14.73,16.24,J17WL,638.7,A,2024-11-19
2014-04-16,0.0,40.5,53.0,65.6,24.8,2.85,18.01,26.97,J17WL,639.27,A,2024-11-19
2014-04-17,0.0,42.6,58.6,74.6,45.2,1.79,20.47,24.41,J17WL,638.29,A,2024-11-19
2014-04-18,0.23,58.9,63.3,67.7,59.5,0.68,6.63,6.29,J17WL,639.07,A,2024-11-19
2014-04-19,0.0,54.7,66.9,79.0,55.6,0.94,19.46,18.05,J17WL,639.47,A,2024-11-19
2014-04-20,0.0,56.1,68.1,80.1,56.5,1.17,21.25,18.47,J17WL,639.71,A,2024-11-19
2014-04-21,0.0,65.8,70.4,75.0,62.7,2.21,10.71,3.8,J17WL,640.07,A,2024-11-19
2014-04-22,0.0,62.3,72.5,82.7,63.6,1.21,16.78,13.89,J17WL,639.36,A,2024-11-19
2014-04-23,0.0,63.5,76.7,89.9,57.6,1.96,34.58,24.35,J17WL,638.72,A,2024-11-19
2014-04-24,0.0,64.5,76.8,89.0,62.6,1.82,28.77,22.71,J17WL,637.98,A,2024-11-19
2014-04-25,0.0,66.9,77.8,88.8,64.2,1.02,25.58,18.32,J17WL,637.21,A,2024-11-19
2014-04-26,0.0,67.9,78.2,88.4,63.9,1.63,28.06,20.58,J17WL,637.46,A,2024-11-19
2014-04-27,0.0,70.3,79.3,88.4,67.9,3.02,24.36,12.09,J17WL,637.64,A,2024-11-19
2014-04-28,0.0,69.9,83.7,97.5,55.4,2.86,51.17,21.84,J17WL,636.51,A,2024-11-19
2014-04-29,0.0,60.3,78.8,97.4,34.3,7.45,57.04,27.25,J17WL,635.28,A,2024-11-19
2014-04-30,0.0,56.6,71.5,86.3,31.0,8.99,37.53,26.86,J17WL,634.22,A,2024-11-19
2014-05-01,0.0,51.5,65.0,78.4,33.6,5.52,27.98,27.58,J17WL,633.45,A,2024-11-19
2014-05-02,0.0,53.3,65.4,77.6,33.5,6.25,27.79,19.81,J17WL,633.38,A,2024-11-19
2014-05-03,0.0,53.0,67.0,80.9,34.7,6.59,30.36,21.12,J17WL,633.7,A,2024-11-19
2014-05-04,0.0,57.5,74.2,90.9,33.7,8.67,44.31,27.69,J17WL,633.71,A,2024-11-19
2014-05-05,0.0,59.5,75.3,91.2,44.3,2.26,42.47,28.12,J17WL,632.98,A,2024-11-19
2014-05-06,0.0,61.9,77.1,92.4,58.4,1.99,37.14,26.96,J17WL,632.1,A,2024-11-19
2014-05-07,0.0,67.3,78.1,88.9,64.3,3.52,26.99,20.99,J17WL,631.67,A,2024-11-19
2014-05-08,0.0,72.1,80.2,88.2,66.8,3.53,25.49,16.5,J17WL,631.84,A,2024-11-19
2014-05-09,0.07,74.3,81.9,89.5,71.1,2.63,24.16,11.96,J17WL,632.49,A,2024-11-19
2014-05-10,0.5,60.4,72.9,85.4,62.9,0.85,20.59,10.98,J17WL,633.27,A,2024-11-19
2014-05-11,0.0,62.8,76.2,89.6,65.0,1.28,28.5,27.03,J17WL,633.81,A,2024-11-19
2014-05-12,0.1,71.5,80.8,90.1,69.0,1.98,26.25,21.53,J17WL,633.77,A,2024-11-19
2014-05-13,2.81,60.8,73.4,86.1,68.7,0.76,15.59,10.82,J17WL,635.43,A,2024-11-19
2014-05-14,0.15,53.0,59.2,65.3,51.0,1.51,9.22,9.29,J17WL,637.04,A,2024-11-19
2014-05-15,0.0,47.8,61.8,75.7,40.2,1.96,23.99,29.12,J17WL,637.54,A,2024-11-19
2014-05-16,0.0,51.5,66.5,81.5,40.8,3.69,30.35,28.58,J17WL,637.43,A,2024-11-19
2014-05-17,0.0,58.0,72.4,86.6,43.3,2.21,36.88,27.94,J17WL,638.08,A,2024-11-19
2014-05-18,0.0,60.1,73.4,86.7,57.9,1.14,28.92,27.62,J17WL,638.29,A,2024-11-19
2014-05-19,0.0,64.6,75.0,85.5,60.4,1.81,25.78,24.95,J17WL,637.73,A,2024-11-19
2014-05-20,0.0,66.2,76.5,86.8,61.1,2.52,26.88,26.0,J17WL,636.74,A,2024-11-19
2014-05-21,0.0,66.6,77.5,88.4,63.6,2.48,27.84,22.92,J17WL,636.02,A,2024-11-19
2014-05-22,0.0,70.6,79.9,89.2,65.4,2.73,27.41,22.58,J17WL,635.19,A,2024-11-19
2014-05-23,0.0,72.1,79.9,87.8,66.9,3.32,24.15,13.72,J17WL,634.82,A,2024-11-19
2014-05-24,0.02,71.6,77.4,83.2,67.5,2.75,17.75,11.92,J17WL,635.61,A,2024-11-19
2014-05-25,0.16,71.6,78.2,84.7,69.3,2.28,15.6,12.13,J17WL,636.38,A,2024-11-19
2014-05-26,0.38,65.8,76.3,86.7,66.7,1.21,22.51,12.19,J17WL,637.95,A,2024-11-19
2014-05-27,1.65,64.7,68.5,72.2,65.5,0.68,5.34,7.3,J17WL,640.25,A,2024-11-19
2014-05-28,0.07,67.5,74.8,82.2,70.6,0.46,11.07,12.44,J17WL,641.54,A,2024-11-19
2014-05-29,0.0,65.2,75.7,86.2,62.4,2.08,24.59,27.3,J17WL,642.19,A,2024-11-19
2014-05-30,0.0,67.8,78.3,88.8,63.6,2.9,28.06,21.92,J17WL,642.65,A,2024-11-19
2014-05-31,0.0,71.1,81.8,92.5,65.4,3.83,33.53,23.85,J17WL,642.91,A,2024-11-19
2014-06-01,0.0,70.8,81.8,92.8,68.5,1.51,30.47,23.39,J17WL,643.53,A,2024-11-19
2014-06-02,0.0,72.2,80.8,89.4,68.8,1.67,24.71,23.31,J17WL,642.86,A,2024-11-19
2014-06-03,0.0,73.6,81.8,89.9,69.7,2.64,24.65,24.2,J17WL,641.77,A,2024-11-19
2014-06-04,0.0,73.8,82.0,90.1,70.2,2.56,23.91,21.06,J17WL,641.35,A,2024-11-19
2014-06-05,0.0,75.1,82.9,90.7,69.8,4.05,25.38,17.48,J17WL,640.62,A,2024-11-19
2014-06-06,0.0,74.7,82.9,91.1,70.7,3.4,24.68,19.23,J17WL,639.9,A,2024-11-19
2014-06-07,0.0,75.2,83.8,92.3,70.0,3.33,28.85,19.56,J17WL,639.5,A,2024-11-19
2014-06-08,0.0,75.6,84.1,92.6,70.0,3.57,28.54,23.09,J17WL,639.59,A,2024-11-19
2014-06-09,0.18,73.5,81.0,88.5,71.5,2.08,21.02,17.67,J17WL,640.34,A,2024-11-19
2014-06-10,0.82,69.4,78.7,88.0,70.0,1.21,25.35,17.3,J17WL,641.09,A,2024-11-19
2014-06-11,0.0,68.9,81.3,93.7,59.2,3.8,40.68,28.74,J17WL,641.34,A,2024-11-19
2014-06-12,0.0,72.9,83.8,94.6,70.0,2.84,33.16,27.44,J17WL,640.75,A,2024-11-19
2014-06-13,0.8,68.9,82.2,95.4,70.3,1.44,31.47,22.56,J17WL,640.44,A,2024-11-19
2014-06-14,0.0,71.6,80.6,89.6,71.3,1.69,20.75,23.43,J17WL,641.06,A,2024-11-19
2014-06-15,0.0,76.6,83.5,90.4,70.8,3.39,24.85,18.31,J17WL,641.61,A,2024-11-19
2014-06-16,0.0,77.1,84.9,92.6,70.8,3.41,29.32,24.3,J17WL,640.77,A,2024-11-19
2014-06-17,0.0,78.0,85.5,92.9,71.5,3.85,29.54,23.21,J17WL,639.6,A,2024-11-19
2014-06-18,0.0,78.3,85.4,92.5,70.1,5.39,29.55,19.73,J17WL,638.72,A,2024-11-19
2014-06-19,0.02,77.8,85.4,93.0,70.6,5.29,30.24,19.13,J17WL,637.76,A,2024-11-19
2014-06-20,0.0,74.7,81.5,88.3,69.8,2.72,23.63,13.87,J17WL,637.39,A,2024-11-19
2014-06-21,0.0,75.5,83.9,92.3,70.2,2.61,31.09,21.55,J17WL,636.93,A,2024-11-19
2014-06-22,0.0,76.5,84.3,92.2,69.7,3.39,31.31,20.35,J17WL,637.29,A,2024-11-19
2014-06-23,0.04,75.6,82.1,88.5,70.7,2.78,22.87,16.47,J17WL,636.94,A,2024-11-19
2014-06-24,0.0,76.7,85.8,95.0,71.4,2.94,33.12,19.53,J17WL,636.18,A,2024-11-19
2014-06-25,0.36,76.4,84.3,92.1,72.3,2.21,27.76,20.77,J17WL,638.15,A,2024-11-19
2014-06-26,2.81,70.4,78.5,86.5,70.9,0.86,16.3,14.38,J17WL,639.44,A,2024-11-19
2014-06-27,0.16,73.3,80.5,87.7,71.9,1.78,17.64,18.69,J17WL,639.62,A,2024-11-19
2014-06-28,0.0,76.1,83.3,90.6,72.8,3.4,22.54,17.9,J17WL,639.81,A,2024-11-19
2014-06-29,0.0,76.5,84.5,92.5,73.0,3.28,25.88,18.73,J17WL,639.91,A,2024-11-19
2014-06-30,0.0,77.0,85.4,93.9,72.8,3.56,27.93,21.41,J17WL,638.9,A,2024-11-19
2014-07-01,0.0,75.2,84.8,94.3,71.2,2.24,32.57,27.05,J17WL,637.63,A,2024-11-19
2014-07-02,0.0,73.8,84.1,94.4,68.8,1.54,33.73,27.23,J17WL,636.47,A,2024-11-19
2014-07-03,0.0,73.2,83.5,93.7,69.3,2.57,32.78,26.41,J17WL,635.74,A,2024-11-19
2014-07-04,0.0,71.5,82.2,92.9,67.1,3.21,32.28,27.18,J17WL,635.35,A,2024-11-19
2014-07-05,0.04,72.5,82.5,92.6,68.4,2.45,30.2,24.84,J17WL,636.0,A,2024-11-19
2014-07-06,0.72,72.6,82.4,92.3,69.4,1.54,29.7,19.79,J17WL,636.21,A,2024-11-19
2014-07-07,0.0,72.5,83.2,93.9,67.1,1.96,34.33,26.67,J17WL,635.71,A,2024-11-19
2014-07-08,0.0,74.1,84.0,94.0,68.3,1.98,34.59,26.69,J17WL,634.49,A,2024-11-19
2014-07-09,0.0,73.1,84.3,95.4,67.0,1.55,37.08,27.76,J17WL,633.88,A,2024-11-19
2014-07-10,0.0,72.4,84.0,95.5,67.8,2.16,38.49,26.02,J17WL,633.38,A,2024-11-19
2014-07-11,0.0,72.6,81.5,90.4,67.4,2.1,27.19,22.4,J17WL,633.05,A,2024-11-19
2014-07-12,0.0,73.4,83.0,92.6,67.4,2.22,33.62,19.08,J17WL,633.15,A,2024-11-19
2014-07-13,0.0,74.3,84.6,94.9,68.5,2.18,35.29,27.29,J17WL,633.41,A,2024-11-19
2014-07-14,0.0,75.4,86.0,96.5,67.9,3.28,38.39,27.64,J17WL,632.92,A,2024-11-19
2014-07-15,0.0,75.4,86.8,98.3,66.2,3.95,44.18,27.88,J17WL,631.74,A,2024-11-19
2014-07-16,0.05,76.0,85.6,95.3,69.9,4.2,35.42,16.43,J17WL,632.24,A,2024-11-19
2014-07-17,0.0,77.3,85.9,94.4,69.8,4.37,34.05,18.8,J17WL,632.19,A,2024-11-19
2014-07-18,1.89,72.0,83.8,95.6,71.6,1.18,34.42,16.85,J17WL,636.08,A,2024-11-19
2014-07-19,0.08,73.0,77.8,82.6,70.6,1.67,10.9,10.04,J17WL,637.71,A,2024-11-19
2014-07-20,0.0,74.0,81.7,89.4,70.4,3.18,22.22,18.62,J17WL,638.78,A,2024-11-19
2014-07-21,0.0,76.7,85.6,94.5,73.7,2.74,29.34,25.25,J17WL,639.12,A,2024-11-19
2014-07-22,0.0,76.5,85.9,95.3,72.8,2.5,30.33,23.8,J17WL,638.87,A,2024-11-19
2014-07-23,0.0,77.0,86.1,95.2,70.1,2.52,35.61,25.71,J17WL,637.95,A,2024-11-19
2014-07-24,0.0,77.9,87.3,96.7,71.0,2.99,35.59,22.6,J17WL,636.82,A,2024-11-19
2014-07-25,0.0,75.7,84.6,93.5,69.3,3.22,32.2,17.0,J17WL,636.49,A,2024-11-19
2014-07-26,0.0,75.9,85.4,95.0,69.7,3.16,34.44,26.24,J17WL,635.91,A,2024-11-19
2014-07-27,0.0,74.2,86.1,98.0,69.3,2.47,41.46,27.3,J17WL,635.64,A,2024-11-19
2014-07-28,0.0,75.9,86.9,97.9,69.8,3.43,39.8,27.62,J17WL,635.14,A,2024-11-19
2014-07-29,0.0,74.3,85.6,96.8,68.0,4.83,39.23,25.68,J17WL,634.52,A,2024-11-19
2014-07-30,0.0,75.2,86.8,98.3,65.2,3.44,44.47,27.08,J17WL,634.08,A,2024-11-19
2014-07-31,0.0,76.7,87.3,97.8,66.4,4.62,44.94,27.02,J17WL,633.84,A,2024-11-19
2014-08-01,0.0,78.2,87.0,95.8,69.3,6.79,33.64,19.0,J17WL,632.46,A,2024-11-19
2014-08-02,0.0,72.8,82.9,92.9,64.7,5.71,33.05,21.48,J17WL,632.1,A,2024-11-19
2014-08-03,0.0,70.0,80.9,91.9,63.5,4.09,33.02,23.95,J17WL,632.35,A,2024-11-19
2014-08-04,0.0,73.2,84.0,94.9,64.0,5.82,38.09,23.38,J17WL,631.68,A,2024-11-19
2014-08-05,0.0,73.3,84.8,96.2,66.3,3.64,38.61,22.98,J17WL,630.3,A,2024-11-19
2014-08-06,0.0,75.7,86.2,96.6,66.2,4.47,40.02,25.88,J17WL,629.66,A,2024-11-19
2014-08-07,0.0,76.7,87.7,98.7,68.4,3.99,44.56,25.99,J17WL,628.84,A,2024-11-19
2014-08-08,0.0,77.4,89.2,101.0,69.5,3.75,49.02,25.35,J17WL,628.9,A,2024-11-19
2014-08-09,0.0,76.2,88.7,101.2,68.6,3.89,49.82,25.91,J17WL,629.04,A,2024-11-19
2014-08-10,0.0,76.5,87.5,98.4,68.8,3.28,44.13,24.52,J17WL,629.47,A,2024-11-19
2014-08-11,0.0,78.1,88.6,99.0,69.5,4.59,43.77,25.49,J17WL,628.91,A,2024-11-19
2014-08-12,0.0,78.1,89.2,100.3,68.3,5.84,47.18,22.6,J17WL,628.03,A,2024-11-19
2014-08-13,0.23,74.9,86.4,97.9,69.4,3.12,40.37,21.23,J17WL,628.64,A,2024-11-19
2014-08-14,0.0,70.6,84.8,99.0,57.6,7.35,49.42,26.31,J17WL,628.92,A,2024-11-19
2014-08-15,0.0,73.0,86.2,99.4,61.7,3.64,50.93,26.91,J17WL,628.39,A,2024-11-19
2014-08-16,0.0,77.2,87.7,98.2,68.4,3.86,43.5,23.83,J17WL,628.85,A,2024-11-19
2014-08-17,0.0,78.8,90.3,101.7,69.4,5.25,52.22,24.68,J17WL,629.22,A,2024-11-19
2014-08-18,0.0,79.2,89.6,100.0,68.4,6.1,48.73,20.44,J17WL,628.9,A,2024-11-19
2014-08-19,0.0,76.9,88.8,100.7,68.1,7.45,48.02,23.53,J17WL,627.84,A,2024-11-19
2014-08-20,0.0,78.6,88.1,97.7,68.3,4.95,43.33,15.91,J17WL,627.4,A,2024-11-19
2014-08-21,0.0,78.5,88.8,99.1,70.0,4.74,44.57,22.84,J17WL,627.22,A,2024-11-19
2014-08-22,0.0,78.4,89.9,101.4,69.5,5.1,50.05,25.16,J17WL,627.13,A,2024-11-19
2014-08-23,0.0,77.5,88.8,100.2,65.8,4.32,50.32,25.78,J17WL,627.74,A,2024-11-19
2014-08-24,0.0,78.0,88.6,99.2,67.8,4.22,46.43,25.05,J17WL,628.22,A,2024-11-19
2014-08-25,0.0,78.1,88.7,99.3,68.7,4.59,44.62,24.74,J17WL,627.18,A,2024-11-19
2014-08-26,0.0,76.9,88.1,99.3,66.1,4.54,45.97,24.92,J17WL,626.55,A,2024-11-19
2014-08-27,0.03,76.5,88.4,100.4,68.2,6.46,47.21,20.83,J17WL,626.93,A,2024-11-19
2014-08-28,0.0,75.6,86.4,97.1,65.5,5.91,41.91,19.51,J17WL,626.09,A,2024-11-19
2014-08-29,0.0,76.5,86.6,96.6,71.1,3.45,35.55,19.7,J17WL,626.04,A,2024-11-19
2014-08-30,0.0,75.9,86.8,97.6,70.2,2.95,40.66,19.89,J17WL,626.74,A,2024-11-19
2014-08-31,0.0,76.7,86.4,96.2,70.1,3.57,36.65,21.48,J17WL,627.15,A,2024-11-19
2014-09-01,0.0,77.7,87.3,96.8,71.9,4.01,34.99,20.09,J17WL,627.27,A,2024-11-19
2014-09-02,0.0,78.4,88.3,98.3,70.8,3.76,41.27,21.68,J17WL,626.04,A,2024-11-19
2014-09-03,0.0,76.5,86.9,97.3,71.3,2.62,37.15,20.18,J17WL,625.9,A,2024-11-19
2014-09-04,0.13,75.6,85.8,96.1,71.9,1.71,36.04,14.96,J17WL,626.84,A,2024-11-19
2014-09-05,0.22,74.6,81.0,87.3,73.6,0.89,15.43,11.67,J17WL,627.47,A,2024-11-19
2014-09-06,0.18,75.2,85.2,95.3,71.3,1.56,34.96,16.47,J17WL,628.58,A,2024-11-19
2014-09-07,0.0,75.3,85.3,95.3,69.5,2.1,36.58,19.05,J17WL,629.13,A,2024-11-19
2014-09-08,0.02,72.0,81.6,91.2,69.7,2.44,26.53,15.49,J17WL,628.87,A,2024-11-19
2014-09-09,0.0,73.0,83.5,94.1,68.6,2.66,34.14,21.34,J17WL,627.97,A,2024-11-19
2014-09-10,0.0,75.5,85.7,95.9,69.2,3.14,37.39,21.98,J17WL,627.93,A,2024-11-19
2014-09-11,0.0,76.9,87.8,98.7,70.0,3.61,42.43,22.99,J17WL,627.29,A,2024-11-19
2014-09-12,0.0,76.6,87.1,97.6,69.9,3.64,40.78,20.33,J17WL,627.62,A,2024-11-19
2014-09-13,0.06,63.5,79.3,95.0,67.1,1.9,35.58,12.06,J17WL,628.94,A,2024-11-19
2014-09-14,0.03,63.2,66.3,69.4,59.9,2.88,7.4,9.84,J17WL,629.98,A,2024-11-19
2014-09-15,0.0,66.0,74.7,83.4,65.0,2.12,17.94,15.78,J17WL,629.24,A,2024-11-19
2014-09-16,0.0,71.2,80.2,89.2,68.0,3.5,25.12,18.13,J17WL,628.59,A,2024-11-19
2014-09-17,0.04,76.0,84.9,93.7,72.6,1.68,29.85,14.53,J17WL,628.76,A,2024-11-19
2014-09-18,0.09,75.2,81.8,88.4,73.7,1.69,19.07,11.73,J17WL,629.02,A,2024-11-19
2014-09-19,0.05,74.5,84.1,93.8,71.2,1.7,31.41,16.87,J17WL,629.78,A,2024-11-19
2014-09-20,0.02,75.3,82.0,88.8,73.0,1.6,20.39,14.0,J17WL,630.0,A,2024-11-19
2014-09-21,0.35,74.9,82.3,89.6,71.7,2.26,22.66,15.77,J17WL,630.55,A,2024-11-19
2014-09-22,0.0,68.3,80.4,92.5,66.5,2.54,32.09,18.57,J17WL,630.04,A,2024-11-19
2014-09-23,0.0,69.4,80.9,92.4,65.7,3.43,33.09,17.07,J17WL,629.06,A,2024-11-19
2014-09-24,0.0,64.2,76.9,89.7,57.4,5.41,32.61,20.38,J17WL,628.86,A,2024-11-19
2014-09-25,0.0,64.4,75.6,86.7,54.4,5.33,31.52,19.51,J17WL,628.44,A,2024-11-19
2014-09-26,0.0,65.2,75.9,86.6,62.2,3.42,23.76,17.42,J17WL,629.1,A,2024-11-19
2014-09-27,0.65,69.1,77.1,85.1,67.3,1.21,21.12,9.92,J17WL,630.53,A,2024-11-19
2014-09-28,0.22,63.7,69.6,75.5,64.1,1.23,10.62,5.83,J17WL,631.61,A,2024-11-19
2014-09-29,0.0,64.2,74.8,85.3,63.9,1.37,22.84,14.19,J17WL,631.34,A,2024-11-19
2014-09-30,0.0,67.1,78.5,89.8,63.6,2.63,30.29,15.69,J17WL,630.8,A,2024-11-19
2014-10-01,0.0,68.8,79.4,90.1,67.9,2.59,28.45,18.45,J17WL,630.63,A,2024-11-19
2014-10-02,0.0,76.0,84.0,92.1,71.1,3.53,28.3,17.53,J17WL,630.71,A,2024-11-19
2014-10-03,0.04,69.5,81.5,93.4,67.4,4.36,29.12,14.13,J17WL,630.3,A,2024-11-19
2014-10-04,0.0,62.4,75.5,88.5,47.1,7.51,37.15,20.71,J17WL,630.87,A,2024-11-19
2014-10-05,0.0,62.2,72.2,82.2,53.9,1.67,27.14,20.17,J17WL,631.31,A,2024-11-19
2014-10-06,0.0,62.5,75.1,87.7,66.3,1.2,25.99,18.44,J17WL,630.69,A,2024-11-19
2014-10-07,0.0,73.1,82.3,91.5,68.9,1.64,30.5,16.49,J17WL,629.92,A,2024-11-19
2014-10-08,0.0,74.6,83.7,92.8,68.6,2.18,32.93,18.41,J17WL,629.31,A,2024-11-19
2014-10-09,0.02,74.9,83.1,91.2,68.4,3.29,30.99,17.54,J17WL,629.1,A,2024-11-19
2014-10-10,0.0,75.0,83.4,91.9,69.0,2.7,30.62,15.32,J17WL,628.89,A,2024-11-19
2014-10-11,0.0,76.5,84.6,92.6,69.6,4.19,30.93,17.09,J17WL,630.37,A,2024-11-19
2014-10-12,0.75,64.3,70.2,76.2,59.5,1.32,9.21,9.31,J17WL,631.7,A,2024-11-19
2014-10-13,0.0,63.1,71.2,79.2,67.0,1.83,9.78,7.72,J17WL,631.76,A,2024-11-19
2014-10-14,0.0,51.1,65.7,80.4,46.7,2.46,25.62,20.1,J17WL,630.79,A,2024-11-19
2014-10-15,0.0,50.1,65.8,81.5,39.4,3.01,30.43,20.38,J17WL,630.58,A,2024-11-19
2014-10-16,0.0,51.7,69.2,86.8,39.8,3.87,37.21,19.7,J17WL,630.47,A,2024-11-19
2014-10-17,0.0,54.3,71.2,88.2,48.9,1.57,36.54,19.61,J17WL,630.3,A,2024-11-19
2014-10-18,0.0,56.7,72.4,88.1,60.2,1.41,30.32,18.88,J17WL,630.64,A,2024-11-19
2014-10-19,0.0,66.1,77.0,87.9,64.9,1.18,26.11,15.53,J17WL,631.38,A,2024-11-19
2014-10-20,0.0,65.7,75.0,84.3,60.9,1.15,24.57,12.48,J17WL,630.98,A,2024-11-19
2014-10-21,0.0,62.1,72.9,83.6,59.1,2.48,23.18,14.62,J17WL,630.1,A,2024-11-19
2014-10-22,0.0,61.8,72.9,84.1,52.9,2.62,26.46,16.8,J17WL,629.89,A,2024-11-19
2014-10-23,0.02,63.2,73.8,84.3,57.4,2.14,26.36,14.61,J17WL,629.33,A,2024-11-19
2014-10-24,0.0,60.7,72.3,83.8,58.6,2.11,23.38,12.99,J17WL,629.59,A,2024-11-19
2014-10-25,0.0,59.9,73.2,86.6,57.8,2.44,27.55,15.57,J17WL,630.16,A,2024-11-19
2014-10-26,0.0,59.1,73.4,87.8,56.7,1.62,30.96,16.86,J17WL,630.65,A,2024-11-19
2014-10-27,0.0,57.9,71.8,85.7,57.5,1.08,28.27,17.31,J17WL,630.41,A,2024-11-19
2014-10-28,0.0,63.0,74.4,85.8,61.5,1.22,26.09,16.18,J17WL,629.47,A,2024-11-19
2014-10-29,0.0,65.1,74.8,84.6,63.1,2.3,21.81,10.61,J17WL,629.51,A,2024-11-19
2014-10-30,0.0,66.1,74.5,82.9,62.7,2.54,18.78,10.08,J17WL,629.0,A,2024-11-19
2014-10-31,0.48,64.9,74.6,84.4,61.9,1.03,22.42,14.34,J17WL,630.05,A,2024-11-19
2014-11-01,0.0,50.1,63.9,77.7,42.5,3.0,25.05,16.75,J17WL,631.27,A,2024-11-19
2014-11-02,0.0,48.9,59.2,69.5,44.4,1.38,15.89,16.74,J17WL,631.93,A,2024-11-19
2014-11-03,0.0,50.2,63.2,76.3,52.7,1.3,18.57,13.0,J17WL,631.73,A,2024-11-19
2014-11-04,0.04,65.1,70.6,76.0,62.4,2.61,11.62,3.67,J17WL,631.49,A,2024-11-19
2014-11-05,2.87,58.9,69.4,79.9,61.3,0.88,16.67,6.91,J17WL,635.34,A,2024-11-19
2014-11-06,1.77,57.1,58.3,59.5,56.1,0.65,1.86,1.4,J17WL,637.29,A,2024-11-19
2014-11-07,0.0,56.7,59.5,62.2,47.2,1.32,9.96,2.61,J17WL,637.94,A,2024-11-19
2014-11-08,0.0,55.3,61.9,68.5,42.4,2.54,16.63,12.62,J17WL,638.81,A,2024-11-19
2014-11-09,0.0,45.8,60.6,75.4,47.3,1.18,17.94,15.2,J17WL,639.03,A,2024-11-19
2014-11-10,0.0,45.6,59.8,73.9,42.0,1.3,20.44,15.8,J17WL,638.68,A,2024-11-19
2014-11-11,0.0,46.9,61.9,77.0,55.1,0.68,16.53,13.4,J17WL,638.3,A,2024-11-19
2014-11-12,0.0,40.3,51.8,63.3,34.4,0.98,9.27,6.12,J17WL,637.91,A,2024-11-19
2014-11-13,0.0,36.2,43.7,51.1,20.9,3.63,8.38,9.48,J17WL,637.76,A,2024-11-19
2014-11-14,0.0,35.4,39.6,43.7,10.8,4.37,7.22,8.93,J17WL,637.8,A,2024-11-19
2014-11-15,0.0,35.7,40.3,45.0,19.7,3.11,6.59,8.02,J17WL,638.43,A,2024-11-19
2014-11-16,0.07,39.6,44.1,48.6,44.1,0.23,2.05,3.63,J17WL,638.82,A,2024-11-19
2014-11-17,0.04,32.6,43.9,55.2,40.1,0.39,2.46,2.75,J17WL,638.15,A,2024-11-19
2014-11-18,0.0,31.5,42.6,53.6,20.1,1.79,11.09,16.2,J17WL,637.39,A,2024-11-19
2014-11-19,0.0,33.5,44.2,54.9,21.8,1.56,11.69,14.24,J17WL,636.53,A,2024-11-19
2014-11-20,0.0,37.7,52.4,67.1,43.4,0.39,12.88,14.74,J17WL,636.08,A,2024-11-19
2014-11-21,0.1,47.4,56.6,65.8,56.6,0.36,3.9,3.61,J17WL,635.98,A,2024-11-19
2014-11-22,0.47,64.8,68.8,72.8,65.4,0.52,5.78,4.91,J17WL,636.9,A,2024-11-19
2014-11-23,1.46,52.9,64.3,75.6,61.1,0.24,8.99,4.17,J17WL,638.62,A,2024-11-19
2014-11-24,0.0,49.9,65.2,80.5,44.0,1.35,26.65,13.77,J17WL,638.36,A,2024-11-19
2014-11-25,0.0,40.7,53.1,65.4,30.6,2.02,16.64,14.53,J17WL,637.92,A,2024-11-19
2014-11-26,0.0,38.8,52.9,67.1,30.1,1.9,17.91,14.21,J17WL,637.68,A,2024-11-19
2014-11-27,0.0,43.7,58.7,73.6,34.6,2.87,22.03,14.49,J17WL,637.36,A,2024-11-19
2014-11-28,0.0,41.4,53.6,65.7,34.4,1.41,15.33,14.47,J17WL,637.88,A,2024-11-19
2014-11-29,0.0,41.6,56.9,72.1,49.1,0.54,15.81,13.64,J17WL,637.62,A,2024-11-19
2014-11-30,0.0,52.8,64.0,75.3,59.3,0.63,13.12,8.53,J17WL,637.63,A,2024-11-19
2014-12-01,0.0,60.3,68.9,77.5,61.5,0.38,14.74,8.66,J17WL,636.74,A,2024-11-19
2014-12-02,0.0,42.4,55.9,69.3,36.7,0.72,6.34,5.57,J17WL,636.45,A,2024-11-19
2014-12-03,0.0,42.0,46.5,51.0,39.9,1.03,4.49,4.66,J17WL,636.49,A,2024-11-19
2014-12-04,0.02,49.5,55.4,61.3,54.5,0.25,2.82,2.7,J17WL,636.22,A,2024-11-19
2014-12-05,0.15,60.5,64.8,69.0,63.1,0.06,4.96,3.57,J17WL,635.77,A,2024-11-19
2014-12-06,0.0,57.4,66.4,75.4,60.1,0.97,11.3,6.83,J17WL,635.75,A,2024-11-19
2014-12-07,0.0,52.0,60.7,69.4,51.5,1.18,10.63,13.29,J17WL,635.81,A,2024-11-19
2014-12-08,0.0,51.6,57.0,62.5,47.9,1.59,7.8,6.71,J17WL,635.36,A,2024-11-19
2014-12-09,0.0,45.2,57.6,70.0,47.0,0.74,13.28,12.88,J17WL,634.94,A,2024-11-19
2014-12-10,0.0,44.9,57.4,69.9,45.8,0.85,14.45,12.21,J17WL,634.85,A,2024-11-19
2014-12-11,0.05,53.1,60.7,68.4,54.1,0.91,10.08,6.22,J17WL,634.78,A,2024-11-19
2014-12-12,0.16,58.7,63.6,68.4,58.5,0.65,7.19,4.0,J17WL,635.29,A,2024-11-19
2014-12-13,0.0,53.0,62.4,71.7,57.0,0.26,10.05,6.11,J17WL,635.63,A,2024-11-19
2014-12-14,0.0,54.3,63.6,72.9,58.3,0.19,11.43,9.79,J17WL,635.77,A,2024-11-19
2014-12-15,0.0,61.4,67.5,73.5,61.5,0.48,10.03,4.71,J17WL,635.21,A,2024-11-19
2014-12-16,0.0,49.3,62.6,75.9,40.5,1.06,24.17,13.03,J17WL,634.52,A,2024-11-19
2014-12-17,0.0,50.5,57.9,65.4,34.6,5.84,14.88,10.28,J17WL,634.64,A,2024-11-19
2014-12-18,0.0,49.7,54.0,58.4,49.4,0.31,6.31,1.63,J17WL,634.54,A,2024-11-19
2014-12-19,0.41,51.7,59.1,66.5,55.5,0.39,4.96,4.23,J17WL,634.63,A,2024-11-19
2014-12-20,0.0,48.3,55.9,63.6,47.1,0.87,8.12,10.92,J17WL,634.85,A,2024-11-19
2014-12-21,0.0,48.8,53.3,57.9,45.2,1.43,6.44,10.01,J17WL,634.94,A,2024-11-19
2014-12-22,0.02,51.4,54.2,57.0,51.7,0.4,2.71,3.2,J17WL,635.18,A,2024-11-19
2014-12-23,0.0,55.6,63.4,71.1,52.8,1.08,12.04,9.24,J17WL,634.6,A,2024-11-19
2014-12-24,0.0,39.3,48.5,57.6,36.2,2.16,7.68,8.53,J17WL,634.28,A,2024-11-19
2014-12-25,0.0,30.6,44.2,57.9,29.3,0.84,10.98,14.1,J17WL,634.41,A,2024-11-19
2014-12-26,0.0,31.2,48.1,65.0,37.2,0.81,16.08,13.91,J17WL,634.48,A,2024-11-19
2014-12-27,0.0,56.3,64.3,72.4,59.1,0.37,11.16,5.22,J17WL,634.18,A,2024-11-19
2014-12-28,0.22,37.2,50.9,64.6,41.3,0.38,4.37,2.44,J17WL,634.05,A,2024-11-19
2014-12-29,0.14,31.8,39.9,48.0,32.5,0.38,5.42,8.32,J17WL,634.41,A,2024-11-19
2014-12-30,0.0,32.7,47.6,62.5,39.0,0.18,10.76,13.91,J17WL,634.13,A,2024-11-19
2014-12-31,0.02,39.1,43.4,47.6,39.6,0.09,2.88,1.94,J17WL,633.79,A,2024-11-19
2015-01-01,0.05,36.2,38.4,40.5,30.9,0.43,3.02,4.13,J17WL,634.04,A,2024-11-19
2015-01-02,0.11,37.0,39.1,41.3,37.9,0.24,0.85,1.78,J17WL,634.41,A,2024-11-19
2015-01-03,0.39,40.7,42.0,43.4,40.1,0.24,0.89,1.81,J17WL,634.73,A,2024-11-19
2015-01-04,0.0,35.9,49.6,63.3,39.6,0.36,10.92,12.6,J17WL,634.93,A,2024-11-19
2015-01-05,0.0,31.5,43.5,55.5,28.6,1.83,8.99,13.9,J17WL,634.73,A,2024-11-19
2015-01-06,0.0,30.8,41.7,52.5,25.7,1.65,8.94,14.06,J17WL,636.23,A,2024-11-19
2015-01-07,0.0,38.0,52.2,66.4,34.6,1.98,15.58,13.45,J17WL,636.78,A,2024-11-19
2015-01-08,0.0,29.9,42.1,54.3,22.4,2.08,8.11,7.93,J17WL,637.59,A,2024-11-19
2015-01-09,0.02,29.1,35.2,41.3,17.4,2.97,5.24,6.85,J17WL,638.09,A,2024-11-19
2015-01-10,0.14,33.1,37.0,40.9,29.7,0.5,3.25,2.71,J17WL,638.68,A,2024-11-19
2015-01-11,0.35,33.4,35.5,37.7,32.7,0.19,1.67,2.74,J17WL,639.62,A,2024-11-19
2015-01-12,0.0,36.5,44.2,51.8,40.9,0.18,3.23,7.55,J17WL,639.48,A,2024-11-19
2015-01-13,0.02,36.3,45.9,55.6,38.6,0.2,5.33,7.83,J17WL,639.33,A,2024-11-19
2015-01-14,0.0,38.1,40.8,43.4,34.0,1.09,3.1,5.89,J17WL,639.5,A,2024-11-19
2015-01-15,0.0,39.0,39.9,40.9,37.7,0.49,1.17,2.14,J17WL,639.93,A,2024-11-19
2015-01-16,0.0,35.1,46.7,58.4,36.1,0.62,9.3,12.73,J17WL,639.76,A,2024-11-19
2015-01-17,0.0,35.7,49.4,63.1,37.5,0.76,12.35,14.85,J17WL,640.14,A,2024-11-19
2015-01-18,0.0,38.9,54.5,70.0,38.0,0.91,15.71,13.84,J17WL,640.27,A,2024-11-19
2015-01-19,0.0,37.8,53.2,68.5,29.7,1.6,19.16,15.64,J17WL,640.34,A,2024-11-19
2015-01-20,0.0,37.4,55.2,73.1,42.7,0.66,18.28,14.88,J17WL,639.97,A,2024-11-19
2015-01-21,0.0,41.0,61.3,81.6,46.8,0.71,25.7,14.94,J17WL,639.85,A,2024-11-19
2015-01-22,1.47,51.0,55.5,60.1,53.6,0.24,3.64,3.25,J17WL,642.18,A,2024-11-19
2015-01-23,0.37,41.4,47.3,53.2,41.4,0.61,2.13,1.62,J17WL,643.58,A,2024-11-19
2015-01-24,0.06,34.4,41.0,47.5,35.3,0.44,3.96,5.37,J17WL,644.47,A,2024-11-19
2015-01-25,0.0,35.1,48.8,62.5,35.3,0.74,13.31,14.85,J17WL,644.78,A,2024-11-19
2015-01-26,0.0,38.3,55.2,72.0,35.3,1.19,20.68,13.88,J17WL,644.71,A,2024-11-19
2015-01-27,0.0,40.4,56.4,72.4,36.7,2.0,20.55,11.57,J17WL,644.46,A,2024-11-19
2015-01-28,0.0,42.6,61.7,80.8,38.4,1.91,29.21,15.71,J17WL,644.46,A,2024-11-19
2015-01-29,0.0,43.6,61.5,79.4,44.0,0.21,26.48,15.41,J17WL,644.62,A,2024-11-19
2015-01-30,0.0,52.5,63.2,73.9,48.4,0.53,14.02,12.85,J17WL,644.55,A,2024-11-19
2015-01-31,0.0,50.7,55.6,60.4,39.2,2.18,9.85,12.69,J17WL,645.13,A,2024-11-19
2015-02-01,0.31,50.8,56.6,62.5,56.6,0.1,1.73,1.52,J17WL,645.67,A,2024-11-19
2015-02-02,0.0,40.1,57.8,75.4,44.7,0.32,15.76,11.89,J17WL,645.37,A,2024-11-19
2015-02-03,0.0,38.4,44.7,51.0,25.9,2.73,8.69,11.4,J17WL,645.18,A,2024-11-19
2015-02-04,0.36,40.4,42.8,45.1,39.6,0.27,2.66,2.9,J17WL,645.54,A,2024-11-19
2015-02-05,0.02,44.7,48.8,52.9,46.2,0.49,2.48,4.76,J17WL,645.7,A,2024-11-19
2015-02-06,0.0,42.6,44.7,46.7,35.4,2.03,3.63,5.13,J17WL,645.7,A,2024-11-19
2015-02-07,0.0,43.3,49.5,55.7,41.2,1.71,5.96,9.27,J17WL,646.05,A,2024-11-19
2015-02-08,0.0,51.2,59.6,68.1,50.9,0.41,11.18,13.32,J17WL,646.45,A,2024-11-19
2015-02-09,0.0,49.2,61.9,74.6,52.6,0.34,13.57,13.17,J17WL,645.68,A,2024-11-19
2015-02-10,0.0,46.8,64.6,82.4,44.8,1.64,29.44,17.77,J17WL,645.67,A,2024-11-19
2015-02-11,0.0,45.8,63.0,80.1,45.2,1.16,25.29,18.27,J17WL,645.58,A,2024-11-19
2015-02-12,0.0,46.7,60.8,75.0,48.4,0.71,18.57,18.07,J17WL,645.16,A,2024-11-19
2015-02-13,0.0,48.4,56.3,64.2,35.9,4.5,13.08,17.16,J17WL,644.83,A,2024-11-19
2015-02-14,0.0,47.6,58.0,68.3,42.1,0.83,14.47,16.86,J17WL,645.28,A,2024-11-19
2015-02-15,0.0,47.9,60.8,73.8,53.1,0.72,14.69,14.18,J17WL,645.4,A,2024-11-19
2015-02-16,0.05,59.6,64.9,70.1,59.9,1.21,8.65,5.43,J17WL,645.55,A,2024-11-19
2015-02-17,0.05,38.9,51.6,64.3,35.3,0.91,6.09,7.96,J17WL,645.0,A,2024-11-19
2015-02-18,0.0,32.2,43.6,55.0,27.8,1.17,9.71,15.14,J17WL,645.02,A,2024-11-19
2015-02-19,0.0,32.4,47.9,63.4,30.4,0.99,14.51,19.99,J17WL,644.81,A,2024-11-19
2015-02-20,0.0,38.7,54.2,69.6,46.2,1.11,14.95,19.1,J17WL,644.4,A,2024-11-19
2015-02-21,0.0,58.8,68.2,77.7,58.1,2.07,17.01,10.69,J17WL,644.8,A,2024-11-19
2015-02-22,0.0,55.8,67.5,79.2,55.6,2.37,18.2,15.8,J17WL,644.68,A,2024-11-19
2015-02-23,0.0,35.9,50.9,65.8,44.7,0.92,5.55,4.43,J17WL,644.33,A,2024-11-19
2015-02-24,0.0,31.9,34.0,36.0,28.2,0.65,2.08,3.35,J17WL,644.17,A,2024-11-19
2015-02-25,0.0,32.0,36.4,40.9,31.3,0.37,3.07,6.84,J17WL,644.37,A,2024-11-19
2015-02-26,0.0,36.3,50.9,65.6,31.1,0.56,16.74,20.57,J17WL,644.02,A,2024-11-19
2015-02-27,0.0,35.6,47.8,59.9,30.7,1.57,10.09,19.19,J17WL,643.95,A,2024-11-19
2015-02-28,0.0,33.2,35.0,36.7,28.0,0.52,3.12,2.12,J17WL,644.25,A,2024-11-19
2015-03-01,0.29,33.8,37.1,40.4,36.1,0.18,0.85,1.93,J17WL,644.37,A,2024-11-19
2015-03-02,0.02,39.7,43.2,46.6,42.0,0.2,0.91,3.33,J17WL,644.17,A,2024-11-19
2015-03-03,0.16,41.0,44.5,48.0,43.4,0.04,1.65,5.02,J17WL,644.28,A,2024-11-19
2015-03-04,0.04,46.6,54.6,62.6,54.6,0.18,2.14,4.05,J17WL,644.53,A,2024-11-19
2015-03-05,0.2,33.4,51.2,69.0,49.8,0.23,2.76,3.05,J17WL,644.19,A,2024-11-19
2015-03-06,0.0,31.3,40.0,48.8,22.5,1.4,7.99,21.5,J17WL,643.98,A,2024-11-19
2015-03-07,0.0,31.7,43.1,54.5,27.0,2.25,10.02,21.75,J17WL,644.23,A,2024-11-19
2015-03-08,0.39,43.2,51.7,60.3,36.5,0.27,12.7,14.0,J17WL,644.78,A,2024-11-19
2015-03-09,0.75,50.4,54.0,57.6,52.2,0.19,1.7,3.14,J17WL,645.43,A,2024-11-19
2015-03-10,0.57,52.1,56.4,60.6,53.6,0.35,3.09,4.38,J17WL,646.14,A,2024-11-19
2015-03-11,0.0,48.6,57.5,66.3,49.1,0.64,9.59,16.2,J17WL,646.18,A,2024-11-19
2015-03-12,0.0,47.6,54.1,60.5,49.3,0.59,5.62,4.87,J17WL,646.16,A,2024-11-19
2015-03-13,0.0,48.0,61.6,75.3,50.6,0.31,18.24,21.47,J17WL,646.18,A,2024-11-19
2015-03-14,0.0,49.5,62.7,75.8,49.5,0.73,20.03,16.33,J17WL,646.23,A,2024-11-19
2015-03-15,0.0,52.3,64.5,76.7,47.6,1.77,21.09,20.61,J17WL,646.05,A,2024-11-19
2015-03-16,0.0,52.9,64.1,75.3,50.6,1.49,19.04,19.11,J17WL,645.76,A,2024-11-19
2015-03-17,0.01,58.1,64.3,70.4,58.8,0.45,10.6,7.47,J17WL,645.16,A,2024-11-19
2015-03-18,0.24,61.1,67.5,74.0,63.7,0.54,8.25,8.47,J17WL,645.5,A,2024-11-19
2015-03-19,0.01,61.2,66.7,72.2,62.4,0.45,8.2,9.74,J17WL,645.7,A,2024-11-19
2015-03-20,0.0,65.8,71.3,76.7,66.3,0.56,9.1,8.26,J17WL,645.41,A,2024-11-19
2015-03-21,1.49,57.7,64.7,71.6,61.3,0.57,4.78,3.06,J17WL,646.74,A,2024-11-19
2015-03-22,0.16,56.3,59.9,63.5,58.2,0.27,2.63,3.8,J17WL,647.94,A,2024-11-19
2015-03-23,0.0,56.0,67.1,78.1,57.8,0.42,17.21,15.99,J17WL,647.88,A,2024-11-19
2015-03-24,0.0,55.2,67.6,80.0,60.6,0.55,15.31,21.55,J17WL,647.67,A,2024-11-19
2015-03-25,0.0,61.3,71.4,81.5,61.2,0.71,18.34,22.17,J17WL,647.59,A,2024-11-19
2015-03-26,0.02,57.7,69.0,80.2,62.8,0.89,15.13,19.22,J17WL,647.56,A,2024-11-19
2015-03-27,0.0,43.6,56.7,69.8,41.5,2.31,15.59,19.71,J17WL,647.41,A,2024-11-19
2015-03-28,0.0,43.6,61.2,78.8,37.9,2.39,26.51,23.97,J17WL,647.31,A,2024-11-19
2015-03-29,0.0,52.1,66.9,81.8,46.2,1.11,27.88,23.94,J17WL,647.27,A,2024-11-19
2015-03-30,0.0,53.6,67.9,82.2,59.8,0.4,21.28,23.55,J17WL,646.74,A,2024-11-19
2015-03-31,0.0,65.5,71.8,78.1,63.5,1.3,13.06,10.23,J17WL,646.26,A,2024-11-19
2015-04-01,0.0,65.7,71.2,76.7,64.4,0.68,11.09,11.98,J17WL,646.22,A,2024-11-19
2015-04-02,0.04,67.8,74.9,82.0,65.5,1.12,18.88,15.83,J17WL,645.99,A,2024-11-19
2015-04-03,0.0,67.7,75.4,83.0,67.5,1.06,14.59,12.66,J17WL,645.58,A,2024-11-19
2015-04-04,0.0,61.4,70.7,79.9,59.3,1.78,14.29,8.3,J17WL,645.44,A,2024-11-19
2015-04-05,0.02,58.1,61.8,65.5,49.3,1.15,10.14,8.1,J17WL,645.74,A,2024-11-19
2015-04-06,0.02,58.1,65.8,73.5,63.6,0.21,7.51,8.27,J17WL,645.67,A,2024-11-19
2015-04-07,0.0,67.1,74.8,82.5,66.0,1.32,17.49,15.41,J17WL,644.7,A,2024-11-19
2015-04-08,0.0,67.5,76.5,85.4,66.3,1.2,20.19,20.82,J17WL,644.33,A,2024-11-19
2015-04-09,0.0,68.7,74.8,80.9,67.4,1.25,13.56,8.68,J17WL,644.07,A,2024-11-19
2015-04-10,0.0,67.6,76.1,84.6,67.8,0.93,16.5,15.33,J17WL,644.32,A,2024-11-19
2015-04-11,0.35,59.1,65.4,71.7,56.6,1.03,11.15,14.6,J17WL,645.12,A,2024-11-19
2015-04-12,0.0,62.3,67.1,71.9,65.8,0.66,3.93,5.52,J17WL,645.69,A,2024-11-19
2015-04-13,1.57,64.4,71.6,78.9,67.2,0.42,10.01,11.75,J17WL,646.3,A,2024-11-19
2015-04-14,0.0,64.4,73.4,82.4,62.9,0.71,19.45,19.3,J17WL,646.37,A,2024-11-19
2015-04-15,0.0,59.3,67.7,76.1,55.6,3.11,15.49,16.1,J17WL,646.87,A,2024-11-19
2015-04-16,0.0,59.7,68.7,77.7,62.4,0.97,13.36,17.61,J17WL,646.74,A,2024-11-19
2015-04-17,0.03,67.5,70.7,74.0,67.0,0.5,5.75,6.14,J17WL,646.79,A,2024-11-19
2015-04-18,0.2,66.0,69.5,72.9,66.6,0.9,3.66,3.0,J17WL,647.24,A,2024-11-19
2015-04-19,0.0,65.9,71.3,76.8,65.9,0.6,8.93,13.41,J17WL,647.45,A,2024-11-19
2015-04-20,0.0,59.0,73.6,88.2,55.2,0.85,32.32,23.28,J17WL,646.7,A,2024-11-19
2015-04-21,0.0,53.2,62.2,71.2,46.1,1.58,16.64,18.01,J17WL,646.31,A,2024-11-19
2015-04-22,0.0,56.8,67.5,78.1,60.5,1.58,15.1,17.58,J17WL,646.54,A,2024-11-19
2015-04-23,0.33,68.5,72.1,75.8,68.7,0.74,7.06,6.81,J17WL,647.23,A,2024-11-19
2015-04-24,1.75,69.2,76.7,84.2,72.5,0.24,12.12,12.03,J17WL,649.58,A,2024-11-19
2015-04-25,1.74,64.6,73.7,82.7,71.3,0.13,10.19,9.01,J17WL,652.15,A,2024-11-19
2015-04-26,0.04,66.2,77.9,89.6,63.8,0.79,33.61,25.68,J17WL,653.75,A,2024-11-19
2015-04-27,0.22,62.9,74.2,85.5,69.2,0.75,16.16,19.97,J17WL,653.61,A,2024-11-19
2015-04-28,0.0,57.5,71.9,86.3,57.4,1.72,29.29,25.68,J17WL,653.22,A,2024-11-19
2015-04-29,0.0,49.1,57.6,66.1,48.5,1.35,9.0,13.52,J17WL,652.55,A,2024-11-19
2015-04-30,0.0,49.2,62.4,75.7,45.8,1.55,21.22,28.62,J17WL,651.92,A,2024-11-19
2015-05-01,0.0,52.7,66.3,79.9,48.9,2.03,23.8,28.26,J17WL,651.17,A,2024-11-19
2015-05-02,0.0,55.9,68.4,81.0,53.4,1.89,22.98,26.95,J17WL,650.9,A,2024-11-19
2015-05-03,0.0,58.8,69.9,81.0,55.1,2.22,22.48,27.57,J17WL,650.91,A,2024-11-19
2015-05-04,0.0,63.1,73.4,83.8,61.9,1.78,23.42,23.19,J17WL,650.25,A,2024-11-19
2015-05-05,0.0,68.1,74.8,81.5,64.3,1.98,17.33,16.48,J17WL,649.73,A,2024-11-19
2015-05-06,0.13,70.2,75.3,80.4,67.9,1.67,14.83,9.47,J17WL,649.19,A,2024-11-19
2015-05-07,0.0,72.1,78.2,84.3,69.0,1.69,16.67,16.41,J17WL,649.05,A,2024-11-19
2015-05-08,0.03,72.9,77.6,82.4,71.7,1.28,11.2,11.06,J17WL,648.77,A,2024-11-19
2015-05-09,0.31,73.5,77.4,81.2,72.3,1.31,9.39,6.02,J17WL,648.8,A,2024-11-19
2015-05-10,0.0,74.7,80.8,87.0,71.9,2.56,17.34,17.88,J17WL,648.42,A,2024-11-19
2015-05-11,0.02,75.0,79.3,83.5,72.2,1.26,12.83,11.1,J17WL,648.11,A,2024-11-19
2015-05-12,0.03,67.8,74.3,80.8,67.3,1.84,11.27,9.95,J17WL,647.52,A,2024-11-19
2015-05-13,0.05,68.7,70.6,72.5,66.6,1.08,6.12,7.21,J17WL,647.89,A,2024-11-19
2015-05-14,0.89,66.0,69.0,72.1,67.0,0.89,3.53,2.14,J17WL,648.82,A,2024-11-19
2015-05-15,0.21,69.5,77.6,85.6,69.0,0.88,15.86,18.35,J17WL,650.19,A,2024-11-19
2015-05-16,0.89,67.3,72.8,78.3,67.0,0.75,12.04,11.21,J17WL,651.36,A,2024-11-19
2015-05-17,0.01,70.5,77.7,84.9,72.4,1.1,13.4,15.02,J17WL,652.86,A,2024-11-19
2015-05-18,0.95,67.5,74.0,80.6,71.1,0.88,9.93,13.44,J17WL,653.92,A,2024-11-19
2015-05-19,0.01,75.3,81.6,88.0,73.3,1.63,17.41,19.94,J17WL,654.61,A,2024-11-19
2015-05-20,0.0,73.7,80.4,87.0,71.7,2.25,17.53,19.1,J17WL,655.06,A,2024-11-19
2015-05-21,0.22,67.9,77.9,87.8,70.6,1.4,18.44,18.99,J17WL,655.24,A,2024-11-19
2015-05-22,0.03,64.6,70.1,75.6,63.2,0.91,10.07,16.18,J17WL,655.87,A,2024-11-19
2015-05-23,0.78,65.8,75.4,84.9,71.5,0.49,14.55,14.82,J17WL,656.95,A,2024-11-19
2015-05-24,3.56,64.6,75.3,85.9,69.3,0.6,16.21,11.87,J17WL,660.38,A,2024-11-19
2015-05-25,0.0,66.0,75.1,84.2,69.5,1.43,15.77,17.0,J17WL,661.69,A,2024-11-19
2015-05-26,0.12,70.6,78.3,86.0,70.8,2.09,16.02,10.35,J17WL,662.24,A,2024-11-19
2015-05-27,0.0,72.4,80.9,89.5,73.4,1.58,20.56,20.13,J17WL,662.63,A,2024-11-19
2015-05-28,0.0,75.3,82.4,89.6,72.5,1.7,22.65,21.97,J17WL,662.93,A,2024-11-19
2015-05-29,0.87,64.8,76.4,88.1,70.4,1.17,18.08,20.28,J17WL,663.39,A,2024-11-19
2015-05-30,0.0,66.5,76.6,86.6,68.4,1.52,19.91,27.27,J17WL,664.19,A,2024-11-19
2015-05-31,0.29,67.8,77.5,87.1,68.7,0.95,20.1,17.31,J17WL,665.33,A,2024-11-19
2015-06-01,0.0,64.4,73.8,83.2,65.0,1.18,18.06,23.54,J17WL,665.9,A,2024-11-19
2015-06-02,0.0,68.1,77.0,86.0,65.9,1.54,22.39,27.23,J17WL,665.68,A,2024-11-19
2015-06-03,0.0,70.3,78.9,87.5,66.4,1.48,23.99,27.93,J17WL,665.57,A,2024-11-19
2015-06-04,0.0,69.0,78.4,87.7,66.9,1.57,23.0,28.08,J17WL,665.23,A,2024-11-19
2015-06-05,0.0,71.4,79.8,88.2,68.3,1.52,23.91,26.39,J17WL,665.12,A,2024-11-19
2015-06-06,0.0,69.4,79.3,89.1,68.1,1.56,26.47,26.19,J17WL,665.07,A,2024-11-19
2015-06-07,0.0,69.3,78.9,88.4,66.4,2.47,25.6,28.64,J17WL,664.93,A,2024-11-19
2015-06-08,0.0,71.2,79.9,88.6,67.9,2.03,25.06,26.61,J17WL,664.39,A,2024-11-19
2015-06-09,0.0,71.3,80.8,90.3,68.7,1.87,26.38,26.35,J17WL,664.78,A,2024-11-19
2015-06-10,0.0,72.0,81.8,91.6,66.6,3.52,30.63,28.69,J17WL,664.58,A,2024-11-19
2015-06-11,0.0,73.9,82.1,90.3,68.9,2.73,25.71,26.53,J17WL,664.38,A,2024-11-19
2015-06-12,0.0,76.2,83.8,91.4,71.0,2.91,27.47,26.31,J17WL,664.17,A,2024-11-19
2015-06-13,0.0,77.0,84.5,92.0,72.0,2.75,25.73,23.57,J17WL,663.84,A,2024-11-19
2015-06-14,0.02,76.9,85.0,93.1,72.3,2.47,28.41,24.56,J17WL,664.44,A,2024-11-19
2015-06-15,0.82,72.7,78.1,83.4,73.4,1.42,9.53,11.05,J17WL,665.21,A,2024-11-19
2015-06-16,0.03,75.3,82.5,89.8,72.5,1.55,21.06,24.7,J17WL,665.82,A,2024-11-19
2015-06-17,0.14,74.0,80.2,86.3,72.2,2.25,16.9,17.04,J17WL,666.19,A,2024-11-19
2015-06-18,1.16,73.0,81.2,89.5,72.6,1.14,20.22,22.83,J17WL,667.83,A,2024-11-19
2015-06-19,1.74,74.6,80.2,85.8,73.5,1.1,12.95,18.19,J17WL,668.86,A,2024-11-19
2015-06-20,0.06,76.8,81.2,85.5,74.5,1.64,14.09,10.32,J17WL,669.92,A,2024-11-19
2015-06-21,0.19,74.1,79.5,85.0,74.1,1.68,13.88,11.03,J17WL,670.97,A,2024-11-19
2015-06-22,0.67,72.6,78.2,83.8,74.0,0.81,9.67,9.65,J17WL,671.91,A,2024-11-19
2015-06-23,0.02,77.4,81.3,85.3,75.0,1.87,12.26,14.27,J17WL,672.54,A,2024-11-19
2015-06-24,0.05,75.9,82.6,89.3,74.0,1.55,20.33,19.97,J17WL,672.92,A,2024-11-19
2015-06-25,0.0,74.5,82.1,89.8,73.0,1.43,21.34,26.24,J17WL,673.03,A,2024-11-19
2015-06-26,0.0,75.8,83.4,91.1,72.9,1.99,23.99,25.68,J17WL,672.02,A,2024-11-19
2015-06-27,0.0,75.7,83.5,91.4,72.5,2.45,25.03,27.24,J17WL,671.66,A,2024-11-19
2015-06-28,0.0,74.3,81.7,89.2,71.8,2.03,20.9,18.55,J17WL,671.56,A,2024-11-19
2015-06-29,0.0,75.3,83.0,90.8,72.7,2.0,23.61,22.81,J17WL,671.36,A,2024-11-19
2015-06-30,0.0,76.7,84.1,91.5,71.8,2.75,27.1,26.63,J17WL,670.36,A,2024-11-19
2015-07-01,0.54,72.0,80.7,89.4,71.7,1.46,20.69,16.2,J17WL,670.34,A,2024-11-19
2015-07-02,0.3,69.2,78.6,87.9,70.5,1.25,18.68,21.01,J17WL,670.48,A,2024-11-19
2015-07-03,0.02,71.9,80.5,89.0,71.7,1.9,21.16,23.33,J17WL,670.58,A,2024-11-19
2015-07-04,0.0,76.1,82.9,89.8,71.9,2.4,23.33,24.88,J17WL,670.35,A,2024-11-19
2015-07-05,0.0,74.4,82.7,90.9,72.1,2.37,24.44,25.23,J17WL,670.25,A,2024-11-19
2015-07-06,0.0,75.8,82.8,89.9,73.0,3.28,21.48,22.78,J17WL,669.89,A,2024-11-19
2015-07-07,0.0,77.2,83.9,90.6,72.1,3.95,24.74,26.0,J17WL,668.78,A,2024-11-19
2015-07-08,0.0,78.0,84.3,90.5,72.9,4.25,23.58,21.53,J17WL,668.25,A,2024-11-19
2015-07-09,0.0,75.6,83.1,90.6,71.6,2.86,25.24,24.48,J17WL,667.38,A,2024-11-19
2015-07-10,0.0,75.0,83.4,91.7,69.7,2.81,29.01,28.08,J17WL,667.42,A,2024-11-19
2015-07-11,0.0,73.4,82.9,92.5,69.5,2.42,29.77,26.02,J17WL,667.14,A,2024-11-19
2015-07-12,0.0,74.7,83.2,91.7,69.9,2.34,28.92,28.22,J17WL,667.09,A,2024-11-19
2015-07-13,0.0,76.3,84.8,93.4,70.7,3.42,30.36,27.2,J17WL,666.57,A,2024-11-19
2015-07-14,0.0,74.0,84.3,94.6,69.2,2.9,34.53,28.11,J17WL,666.04,A,2024-11-19
2015-07-15,0.0,74.6,84.8,95.0,68.9,2.49,34.73,28.53,J17WL,665.56,A,2024-11-19
2015-07-16,0.0,74.0,83.9,93.9,69.0,2.18,32.54,28.37,J17WL,664.91,A,2024-11-19
2015-07-17,0.0,76.5,85.2,93.9,70.1,2.59,32.03,27.91,J17WL,664.18,A,2024-11-19
2015-07-18,0.0,77.9,86.8,95.7,71.5,4.33,34.39,26.7,J17WL,663.62,A,2024-11-19
2015-07-19,0.0,77.1,86.6,96.0,72.1,2.95,33.54,24.74,J17WL,663.65,A,2024-11-19
2015-07-20,0.0,76.0,85.7,95.4,71.9,2.48,32.59,25.56,J17WL,663.13,A,2024-11-19
2015-07-21,0.0,75.1,85.3,95.6,70.2,2.15,35.44,27.84,J17WL,662.3,A,2024-11-19
2015-07-22,0.0,76.9,86.1,95.3,70.6,3.84,34.27,27.37,J17WL,661.57,A,2024-11-19
2015-07-23,0.0,77.4,86.8,96.2,71.5,4.05,34.69,24.74,J17WL,660.67,A,2024-11-19
2015-07-24,0.0,77.9,87.4,97.0,69.4,3.88,39.67,27.8,J17WL,660.06,A,2024-11-19
2015-07-25,0.0,75.5,85.9,96.3,71.4,2.75,34.93,23.43,J17WL,659.64,A,2024-11-19
2015-07-26,0.0,77.0,86.7,96.3,71.3,3.55,35.3,26.87,J17WL,659.79,A,2024-11-19
2015-07-27,0.0,78.5,87.7,97.0,72.9,4.08,33.63,25.76,J17WL,658.99,A,2024-11-19
2015-07-28,0.0,77.6,87.5,97.5,71.2,3.67,37.9,26.2,J17WL,657.85,A,2024-11-19
2015-07-29,0.0,76.3,87.2,98.2,70.6,2.73,40.91,26.32,J17WL,657.43,A,2024-11-19
2015-07-30,0.0,74.8,86.6,98.4,69.5,2.68,41.44,26.2,J17WL,656.66,A,2024-11-19
2015-07-31,0.0,76.9,87.5,98.1,66.1,3.82,41.83,25.76,J17WL,655.59,A,2024-11-19
2015-08-01,0.0,76.5,87.4,98.3,69.8,4.54,39.8,19.09,J17WL,654.96,A,2024-11-19
2015-08-02,0.0,73.8,85.8,97.8,63.8,6.13,44.69,26.53,J17WL,655.33,A,2024-11-19
2015-08-03,0.0,74.7,85.7,96.7,63.9,4.78,41.43,26.83,J17WL,654.41,A,2024-11-19
2015-08-04,0.0,78.0,87.8,97.6,67.3,4.46,43.31,27.04,J17WL,653.07,A,2024-11-19
2015-08-05,0.0,78.9,88.3,97.7,70.7,4.81,39.64,24.54,J17WL,651.98,A,2024-11-19
2015-08-06,0.0,78.3,88.5,98.6,69.8,4.92,42.36,26.6,J17WL,651.42,A,2024-11-19
2015-08-07,0.0,77.6,88.5,99.4,70.4,4.54,43.09,25.85,J17WL,650.63,A,2024-11-19
2015-08-08,0.0,78.0,88.5,99.0,71.4,4.78,40.85,26.75,J17WL,650.89,A,2024-11-19
2015-08-09,0.0,77.8,89.0,100.2,70.0,5.19,45.96,26.22,J17WL,651.23,A,2024-11-19
2015-08-10,0.0,78.1,88.9,99.8,69.9,4.82,45.16,27.13,J17WL,650.39,A,2024-11-19
2015-08-11,0.0,77.0,89.0,101.0,66.4,5.15,49.86,26.54,J17WL,649.16,A,2024-11-19
2015-08-12,0.0,78.2,90.4,102.6,65.8,6.4,52.82,26.5,J17WL,648.11,A,2024-11-19
2015-08-13,0.41,78.2,90.1,101.9,70.7,4.05,47.66,23.07,J17WL,648.21,A,2024-11-19
2015-08-14,0.0,77.2,88.8,100.5,70.2,4.24,43.86,21.42,J17WL,648.44,A,2024-11-19
2015-08-15,0.0,78.4,89.4,100.4,68.8,6.46,45.12,23.65,J17WL,648.77,A,2024-11-19
2015-08-16,0.02,74.2,84.7,95.2,67.2,4.63,37.15,22.15,J17WL,649.68,A,2024-11-19
2015-08-17,0.0,74.9,85.8,96.7,67.5,2.66,40.3,24.39,J17WL,649.4,A,2024-11-19
2015-08-18,0.0,76.1,85.8,95.5,68.4,2.86,37.37,25.06,J17WL,648.47,A,2024-11-19
2015-08-19,0.0,76.8,87.2,97.6,70.4,4.26,40.97,22.68,J17WL,647.92,A,2024-11-19
2015-08-20,0.0,78.5,87.7,97.0,72.0,4.08,37.24,20.65,J17WL,647.73,A,2024-11-19
2015-08-21,0.16,72.0,79.6,87.1,71.1,1.51,16.7,8.43,J17WL,648.51,A,2024-11-19
2015-08-22,0.08,73.7,82.6,91.5,72.3,2.71,25.84,17.52,J17WL,649.07,A,2024-11-19
2015-08-23,0.0,77.7,87.6,97.6,72.0,2.99,38.59,22.93,J17WL,649.54,A,2024-11-19
2015-08-24,0.0,75.8,86.9,97.9,71.0,2.52,39.17,23.7,J17WL,648.53,A,2024-11-19
2015-08-25,0.0,76.1,87.0,97.9,68.7,2.65,40.14,23.8,J17WL,647.61,A,2024-11-19
2015-08-26,0.0,75.0,87.4,99.8,68.5,3.8,45.75,25.21,J17WL,647.14,A,2024-11-19
2015-08-27,0.0,76.9,86.4,95.8,69.5,5.19,35.55,22.64,J17WL,646.35,A,2024-11-19
2015-08-28,0.0,70.6,82.9,95.1,64.2,4.51,37.19,20.94,J17WL,645.9,A,2024-11-19
2015-08-29,0.0,70.4,82.4,94.5,60.8,5.28,39.04,23.9,J17WL,646.56,A,2024-11-19
2015-08-30,0.0,71.6,82.8,94.0,62.7,5.81,37.44,23.66,J17WL,647.5,A,2024-11-19
2015-08-31,0.0,73.8,83.3,92.8,64.8,3.32,34.35,20.1,J17WL,646.64,A,2024-11-19
2015-09-01,0.0,73.0,84.4,95.7,68.0,2.24,40.59,22.43,J17WL,646.02,A,2024-11-19
2015-09-02,0.0,72.6,83.0,93.3,68.5,2.6,32.36,20.16,J17WL,645.6,A,2024-11-19
2015-09-03,0.0,73.2,83.4,93.6,67.9,2.77,33.94,21.37,J17WL,645.64,A,2024-11-19
2015-09-04,0.0,75.1,84.2,93.2,70.1,2.7,31.04,18.35,J17WL,644.87,A,2024-11-19
2015-09-05,0.0,77.1,86.6,96.1,71.6,3.41,36.83,20.99,J17WL,645.79,A,2024-11-19
2015-09-06,0.0,77.6,88.1,98.6,71.2,3.03,43.09,21.52,J17WL,646.22,A,2024-11-19
2015-09-07,0.0,77.1,87.7,98.2,71.2,2.31,40.33,21.45,J17WL,646.32,A,2024-11-19
2015-09-08,0.0,77.3,87.6,97.8,69.8,2.94,40.59,23.51,J17WL,644.9,A,2024-11-19
2015-09-09,0.0,77.6,87.4,97.1,70.7,3.86,38.75,20.65,J17WL,643.89,A,2024-11-19
2015-09-10,0.01,76.6,85.2,93.9,71.3,3.42,32.22,14.98,J17WL,644.95,A,2024-11-19
2015-09-11,1.23,75.2,85.1,95.0,72.6,1.79,33.71,15.92,J17WL,646.45,A,2024-11-19
2015-09-12,0.0,73.2,82.4,91.6,71.8,2.14,26.73,15.88,J17WL,647.15,A,2024-11-19
2015-09-13,0.0,67.0,78.7,90.4,59.3,4.22,32.76,24.02,J17WL,647.52,A,2024-11-19
2015-09-14,0.0,64.5,77.1,89.7,55.8,4.18,36.27,23.16,J17WL,647.12,A,2024-11-19
2015-09-15,0.0,65.6,77.8,90.1,61.0,2.91,34.38,24.15,J17WL,646.31,A,2024-11-19
2015-09-16,0.09,74.4,83.3,92.2,71.2,1.79,26.87,15.29,J17WL,646.06,A,2024-11-19
2015-09-17,0.07,75.2,82.3,89.3,72.6,1.6,21.13,12.51,J17WL,646.48,A,2024-11-19
2015-09-18,0.0,75.6,84.5,93.3,71.5,1.98,30.45,20.31,J17WL,646.11,A,2024-11-19
2015-09-19,0.0,75.1,85.0,94.9,70.5,2.02,34.79,20.14,J17WL,646.48,A,2024-11-19
2015-09-20,0.0,69.7,81.8,93.8,67.1,1.31,35.58,18.12,J17WL,646.93,A,2024-11-19
2015-09-21,0.0,70.9,81.6,92.3,67.0,2.16,33.5,21.35,J17WL,646.29,A,2024-11-19
2015-09-22,0.0,69.6,81.3,92.9,63.7,3.04,35.38,19.7,J17WL,646.51,A,2024-11-19
2015-09-23,0.0,68.2,81.1,94.0,65.2,2.0,35.93,20.64,J17WL,646.33,A,2024-11-19
2015-09-24,0.0,66.7,79.6,92.4,59.1,1.98,38.0,22.35,J17WL,646.09,A,2024-11-19
2015-09-25,0.0,67.4,79.3,91.2,60.5,4.22,34.61,18.91,J17WL,646.27,A,2024-11-19
2015-09-26,0.03,67.7,79.7,91.7,64.4,2.41,32.85,17.22,J17WL,647.71,A,2024-11-19
2015-09-27,0.0,65.4,79.4,93.4,61.2,2.3,38.37,20.45,J17WL,648.56,A,2024-11-19
2015-09-28,0.0,66.3,79.0,91.7,60.0,2.94,36.2,15.82,J17WL,648.2,A,2024-11-19
2015-09-29,0.0,66.4,78.3,90.2,61.2,2.89,32.2,18.03,J17WL,647.35,A,2024-11-19
2015-09-30,0.0,67.5,80.2,92.9,62.9,3.84,34.79,19.6,J17WL,646.53,A,2024-11-19
2015-10-01,0.0,69.0,81.8,94.6,61.1,5.93,38.57,20.1,J17WL,645.25,A,2024-11-19
2015-10-02,0.0,70.0,82.7,95.4,58.5,6.98,40.49,19.77,J17WL,644.97,A,2024-11-19
2015-10-03,0.0,61.7,75.5,89.3,50.5,8.73,33.09,19.92,J17WL,645.53,A,2024-11-19
2015-10-04,0.0,60.9,73.9,86.9,45.1,6.52,34.06,20.49,J17WL,646.22,A,2024-11-19
2015-10-05,0.0,63.1,75.1,87.1,47.3,7.44,33.74,19.78,J17WL,645.4,A,2024-11-19
2015-10-06,0.0,63.7,74.2,84.7,51.6,6.41,28.38,13.68,J17WL,644.51,A,2024-11-19
2015-10-07,0.0,64.1,76.5,88.8,54.0,5.74,32.71,19.8,J17WL,644.23,A,2024-11-19
2015-10-08,0.0,65.6,77.1,88.7,62.8,1.84,28.4,16.38,J17WL,644.04,A,2024-11-19
2015-10-09,0.0,69.9,79.2,88.6,67.6,2.16,25.92,12.63,J17WL,644.32,A,2024-11-19
2015-10-10,0.02,69.4,77.4,85.3,64.9,3.18,21.71,7.82,J17WL,645.23,A,2024-11-19
2015-10-11,0.0,65.9,78.1,90.4,60.6,4.15,30.94,17.74,J17WL,645.86,A,2024-11-19
2015-10-12,0.0,66.0,79.3,92.7,63.5,2.41,34.22,18.97,J17WL,645.29,A,2024-11-19
2015-10-13,0.0,70.2,83.3,96.3,67.7,1.57,37.5,18.09,J17WL,643.95,A,2024-11-19
2015-10-14,0.0,58.7,76.6,94.4,39.3,7.97,48.24,19.42,J17WL,643.42,A,2024-11-19
2015-10-15,0.0,59.5,77.3,95.0,48.0,2.64,47.8,19.61,J17WL,643.08,A,2024-11-19
2015-10-16,0.0,62.0,77.1,92.2,57.9,1.91,37.72,19.22,J17WL,642.82,A,2024-11-19
2015-10-17,0.0,61.0,75.5,90.0,56.3,1.92,34.41,18.31,J17WL,643.59,A,2024-11-19
2015-10-18,0.0,60.3,74.3,88.2,49.4,3.65,33.91,18.63,J17WL,643.99,A,2024-11-19
2015-10-19,0.0,55.7,69.9,84.0,43.4,3.26,31.16,15.97,J17WL,643.51,A,2024-11-19
2015-10-20,0.0,56.7,70.8,84.9,52.0,2.61,28.9,18.25,J17WL,642.72,A,2024-11-19
2015-10-21,0.0,59.7,73.0,86.2,61.3,2.33,27.08,16.63,J17WL,643.11,A,2024-11-19
2015-10-22,0.02,73.3,80.9,88.6,68.5,1.65,25.14,10.06,J17WL,643.85,A,2024-11-19
2015-10-23,0.28,74.2,76.8,79.4,72.6,1.27,6.96,4.59,J17WL,644.9,A,2024-11-19
2015-10-24,2.02,74.8,81.3,87.8,73.4,0.7,21.63,10.09,J17WL,648.52,A,2024-11-19
2015-10-25,1.75,59.2,65.7,72.2,62.1,0.87,4.29,2.65,J17WL,651.05,A,2024-11-19
2015-10-26,0.0,58.3,65.1,72.0,55.3,2.3,10.8,13.4,J17WL,651.5,A,2024-11-19
2015-10-27,0.0,55.8,67.3,78.8,53.9,1.76,18.94,18.01,J17WL,651.62,A,2024-11-19
2015-10-28,0.0,56.2,69.9,83.7,52.8,2.08,27.23,18.04,J17WL,651.68,A,2024-11-19
2015-10-29,0.0,52.4,67.7,82.9,47.8,2.15,27.66,18.24,J17WL,651.44,A,2024-11-19
2015-10-30,1.32,54.2,66.2,78.3,60.9,1.22,18.15,9.41,J17WL,654.6,A,2024-11-19
2015-10-31,0.92,66.5,73.8,81.0,72.1,0.72,9.71,5.19,J17WL,657.56,A,2024-11-19
2015-11-01,0.83,61.7,71.2,80.8,62.7,1.19,16.76,13.54,J17WL,658.46,A,2024-11-19
2015-11-02,0.0,53.7,65.9,78.0,53.5,0.93,21.69,16.13,J17WL,659.01,A,2024-11-19
2015-11-03,0.0,53.7,68.0,82.3,54.7,0.64,25.14,17.42,J17WL,659.67,A,2024-11-19
2015-11-04,0.0,57.6,69.6,81.6,60.1,0.34,22.5,15.05,J17WL,660.32,A,2024-11-19
2015-11-05,0.04,66.9,73.0,79.0,68.9,1.13,12.29,6.32,J17WL,660.57,A,2024-11-19
2015-11-06,0.02,66.7,76.3,86.0,70.3,1.56,18.87,8.93,J17WL,660.71,A,2024-11-19
2015-11-07,0.23,60.5,66.1,71.7,52.2,2.33,15.33,5.62,J17WL,661.42,A,2024-11-19
2015-11-08,0.03,54.1,58.9,63.8,52.2,1.92,6.05,5.8,J17WL,661.98,A,2024-11-19
2015-11-09,0.0,53.2,61.7,70.2,47.0,2.66,13.38,14.73,J17WL,661.81,A,2024-11-19
2015-11-10,0.0,53.6,63.7,73.8,54.9,2.66,14.09,13.5,J17WL,661.21,A,2024-11-19
2015-11-11,0.0,66.6,70.7,74.7,67.4,2.1,6.83,3.76,J17WL,661.21,A,2024-11-19
2015-11-12,0.0,61.6,73.5,85.3,56.3,2.66,19.75,9.01,J17WL,660.93,A,2024-11-19
2015-11-13,0.0,60.3,65.4,70.5,37.9,10.2,18.87,9.58,J17WL,660.81,A,2024-11-19
2015-11-14,0.0,57.7,61.6,65.6,40.2,6.71,13.96,6.33,J17WL,661.07,A,2024-11-19
2015-11-15,0.0,55.7,59.9,64.1,47.7,3.21,10.23,5.76,J17WL,661.33,A,2024-11-19
2015-11-16,0.0,57.5,64.9,72.4,60.5,1.41,9.16,5.23,J17WL,661.37,A,2024-11-19
2015-11-17,0.22,67.3,72.3,77.3,69.3,1.29,6.46,2.8,J17WL,661.5,A,2024-11-19
2015-11-18,0.11,43.3,57.7,72.1,40.5,0.93,18.72,5.86,J17WL,661.29,A,2024-11-19
2015-11-19,0.0,42.0,58.4,74.8,40.1,1.25,22.8,15.23,J17WL,661.18,A,2024-11-19
2015-11-20,0.0,46.7,62.9,79.0,50.5,1.01,21.28,14.99,J17WL,661.12,A,2024-11-19
2015-11-21,0.0,52.0,64.2,76.4,59.3,0.72,15.66,13.74,J17WL,661.5,A,2024-11-19
2015-11-22,0.0,37.4,52.5,67.6,34.2,1.4,14.43,13.7,J17WL,661.58,A,2024-11-19
2015-11-23,0.0,32.9,46.2,59.5,28.6,0.97,12.59,15.44,J17WL,661.25,A,2024-11-19
2015-11-24,0.0,32.5,47.8,63.0,36.1,0.79,13.98,14.92,J17WL,660.99,A,2024-11-19
2015-11-25,0.0,51.9,58.9,65.8,55.7,1.05,7.07,4.09,J17WL,660.69,A,2024-11-19
2015-11-26,0.11,63.9,68.8,73.6,65.4,0.5,6.22,4.48,J17WL,660.62,A,2024-11-19
2015-11-27,0.16,68.8,73.6,78.5,69.9,1.06,9.56,4.68,J17WL,661.1,A,2024-11-19
2015-11-28,1.98,42.9,60.1,77.3,56.9,0.28,6.42,3.61,J17WL,663.3,A,2024-11-19
2015-11-29,0.04,42.6,44.2,45.7,41.1,0.5,1.96,2.25,J17WL,664.36,A,2024-11-19
2015-11-30,0.02,44.2,47.1,50.0,44.6,0.49,2.25,3.57,J17WL,664.78,A,2024-11-19
2015-12-01,0.0,47.6,52.9,58.1,47.6,0.79,4.89,5.76,J17WL,665.24,A,2024-11-19
2015-12-02,0.0,45.7,52.3,58.9,43.5,1.08,8.92,6.79,J17WL,665.07,A,2024-11-19
2015-12-03,0.0,39.0,53.9,68.8,39.8,0.77,15.06,12.93,J17WL,664.94,A,2024-11-19
2015-12-04,0.0,37.3,50.2,63.1,36.3,0.82,12.46,14.19,J17WL,665.09,A,2024-11-19
2015-12-05,0.0,36.7,50.0,63.3,37.6,0.69,12.25,14.18,J17WL,665.35,A,2024-11-19
2015-12-06,0.0,40.2,52.9,65.7,43.0,0.77,11.53,12.86,J17WL,665.52,A,2024-11-19
2015-12-07,0.0,42.7,57.1,71.6,45.7,0.94,15.09,13.01,J17WL,665.22,A,2024-11-19
2015-12-08,0.0,41.9,55.8,69.7,41.7,0.9,16.41,13.64,J17WL,665.21,A,2024-11-19
2015-12-09,0.0,43.3,58.6,73.9,48.7,0.6,16.29,13.56,J17WL,665.07,A,2024-11-19
2015-12-10,0.0,47.2,62.4,77.6,54.4,0.38,18.6,12.85,J17WL,665.45,A,2024-11-19
2015-12-11,0.0,51.1,63.9,76.7,56.5,0.23,14.82,10.9,J17WL,666.17,A,2024-11-19
2015-12-12,0.02,57.0,68.4,79.9,64.3,0.27,15.41,9.26,J17WL,665.81,A,2024-11-19
2015-12-13,0.87,51.5,63.1,74.7,63.1,0.55,5.84,2.57,J17WL,666.21,A,2024-11-19
2015-12-14,0.03,42.2,54.4,66.6,41.7,1.05,15.38,8.05,J17WL,666.37,A,2024-11-19
2015-12-15,0.0,41.4,58.1,74.9,44.3,0.35,21.7,14.05,J17WL,666.48,A,2024-11-19
2015-12-16,0.0,57.5,65.7,74.0,51.1,1.15,13.05,6.17,J17WL,666.44,A,2024-11-19
2015-12-17,0.0,39.1,52.0,65.0,28.8,2.26,16.3,10.72,J17WL,666.14,A,2024-11-19
2015-12-18,0.0,37.8,51.8,65.7,30.0,2.32,15.81,13.91,J17WL,666.04,A,2024-11-19
2015-12-19,0.0,33.2,46.5,59.7,30.5,0.9,12.07,13.79,J17WL,666.24,A,2024-11-19
2015-12-20,0.0,33.1,50.0,66.8,45.8,0.43,12.11,12.04,J17WL,666.4,A,2024-11-19
2015-12-21,0.02,53.0,61.4,69.7,59.1,0.46,7.65,4.5,J17WL,666.55,A,2024-11-19
2015-12-22,0.0,47.9,61.0,74.0,57.0,0.36,10.35,7.55,J17WL,666.48,A,2024-11-19
2015-12-23,0.0,48.3,63.4,78.5,60.3,0.56,17.33,12.85,J17WL,666.18,A,2024-11-19
2015-12-24,0.0,50.1,66.0,81.8,48.1,0.31,29.14,12.23,J17WL,666.0,A,2024-11-19
2015-12-25,0.0,48.8,61.6,74.5,57.3,0.3,10.74,7.42,J17WL,666.25,A,2024-11-19
2015-12-26,0.0,59.8,66.7,73.7,62.7,1.47,6.42,5.0,J17WL,666.73,A,2024-11-19
2015-12-27,0.07,61.4,70.6,79.7,68.7,1.48,8.31,4.06,J17WL,666.76,A,2024-11-19
2015-12-28,0.76,38.0,46.9,55.7,37.0,0.74,3.16,1.94,J17WL,666.71,A,2024-11-19
2015-12-29,0.0,38.2,44.5,50.7,31.5,1.46,6.59,14.08,J17WL,666.68,A,2024-11-19
2015-12-30,0.07,37.5,43.9,50.3,39.0,0.71,5.11,6.11,J17WL,666.91,A,2024-11-19
2015-12-31,0.0,43.0,51.0,59.0,42.8,1.07,7.63,9.91,J17WL,666.7,A,2024-11-19
2016-01-01,0.06,44.8,50.1,55.3,38.8,1.92,6.97,6.81,J17WL,666.39,A,2024-11-19
2016-01-02,0.4,41.7,45.1,48.4,37.0,0.85,4.75,3.1,J17WL,666.7,A,2024-11-19
2016-01-03,0.76,39.6,41.0,42.3,38.2,0.55,2.06,2.12,J17WL,667.7,A,2024-11-19
2016-01-04,0.0,37.1,49.0,60.9,39.7,0.63,9.95,12.45,J17WL,667.56,A,2024-11-19
2016-01-05,0.0,36.4,48.2,60.0,32.8,1.32,11.68,14.01,J17WL,667.55,A,2024-11-19
2016-01-06,0.02,39.6,46.9,54.3,43.2,0.71,5.47,6.11,J17WL,667.81,A,2024-11-19
2016-01-07,0.06,47.9,51.2,54.6,50.2,0.27,1.56,2.49,J17WL,668.25,A,2024-11-19
2016-01-08,0.0,41.4,56.2,71.1,48.2,0.24,14.55,13.29,J17WL,668.14,A,2024-11-19
2016-01-09,0.0,42.4,54.5,66.6,45.4,0.28,11.78,9.65,J17WL,668.02,A,2024-11-19
2016-01-10,0.0,35.4,47.4,59.3,31.2,2.0,10.8,14.45,J17WL,668.19,A,2024-11-19
2016-01-11,0.0,32.7,42.6,52.5,29.1,1.34,8.1,13.88,J17WL,667.94,A,2024-11-19
2016-01-12,0.0,34.2,44.8,55.4,33.5,0.47,7.96,10.04,J17WL,667.67,A,2024-11-19
2016-01-13,0.0,34.6,49.6,64.6,36.6,0.37,13.58,14.24,J17WL,667.41,A,2024-11-19
2016-01-14,0.0,35.6,50.0,64.4,41.9,0.45,11.71,13.39,J17WL,667.66,A,2024-11-19
2016-01-15,0.0,46.5,57.8,69.1,51.4,0.33,9.86,9.2,J17WL,667.82,A,2024-11-19
2016-01-16,0.0,41.1,57.0,72.8,34.2,0.97,22.52,14.9,J17WL,667.69,A,2024-11-19
2016-01-17,0.0,32.6,50.8,68.9,34.7,0.74,18.16,11.66,J17WL,667.83,A,2024-11-19
2016-01-18,0.0,32.3,44.2,56.1,32.7,0.43,9.13,13.72,J17WL,667.4,A,2024-11-19
2016-01-19,0.0,34.3,48.5,62.8,40.4,0.26,11.05,14.38,J17WL,667.08,A,2024-11-19
2016-01-20,0.0,38.9,54.3,69.7,49.4,0.0,11.91,8.63,J17WL,666.76,A,2024-11-19
2016-01-21,0.03,49.2,54.0,58.7,49.3,0.11,4.9,5.74,J17WL,666.76,A,2024-11-19
2016-01-22,0.02,41.5,55.2,68.9,37.7,0.14,15.09,14.78,J17WL,666.41,A,2024-11-19
2016-01-23,0.0,32.5,46.1,59.7,28.7,1.15,12.26,15.73,J17WL,666.51,A,2024-11-19
2016-01-24,0.0,31.0,45.0,59.0,30.6,0.71,11.36,15.54,J17WL,666.83,A,2024-11-19
2016-01-25,0.0,33.3,51.6,69.8,48.0,0.28,13.05,14.89,J17WL,666.33,A,2024-11-19
2016-01-26,0.0,50.8,61.8,72.8,48.7,0.35,14.56,12.3,J17WL,666.01,A,2024-11-19
2016-01-27,0.11,41.1,47.4,53.6,35.1,1.23,7.4,2.78,J17WL,666.07,A,2024-11-19
2016-01-28,0.0,31.4,45.1,58.7,28.6,0.8,12.35,14.42,J17WL,666.05,A,2024-11-19
2016-01-29,0.0,31.8,51.1,70.3,33.1,0.76,19.13,16.23,J17WL,666.21,A,2024-11-19
2016-01-30,0.0,37.3,55.9,74.4,34.4,1.36,22.98,16.61,J17WL,666.5,A,2024-11-19
2016-01-31,0.0,40.1,57.8,75.5,48.2,0.31,19.68,16.4,J17WL,666.37,A,2024-11-19
2016-02-01,0.0,46.6,64.7,82.8,49.7,0.47,27.87,15.61,J17WL,665.83,A,2024-11-19
2016-02-02,0.0,47.5,63.7,79.9,50.1,0.27,20.74,13.55,J17WL,665.54,A,2024-11-19
2016-02-03,0.0,44.4,57.9,71.4,27.6,5.03,21.12,16.93,J17WL,665.28,A,2024-11-19
2016-02-04,0.0,33.1,46.5,59.9,24.8,2.28,13.07,17.23,J17WL,664.98,A,2024-11-19
2016-02-05,0.0,31.3,45.1,58.9,22.6,1.66,13.2,17.4,J17WL,664.81,A,2024-11-19
2016-02-06,0.0,31.9,46.9,62.0,33.5,1.1,13.05,16.48,J17WL,664.99,A,2024-11-19
2016-02-07,0.0,30.8,46.8,62.8,23.4,1.02,15.9,17.93,J17WL,665.0,A,2024-11-19
2016-02-08,0.0,30.4,49.0,67.6,30.4,0.87,17.48,17.55,J17WL,664.61,A,2024-11-19
2016-02-09,0.0,36.1,50.1,64.0,20.6,2.94,16.93,15.58,J17WL,664.12,A,2024-11-19
2016-02-10,0.0,37.2,54.7,72.2,28.3,2.79,21.83,17.83,J17WL,663.89,A,2024-11-19
2016-02-11,0.0,41.7,58.3,74.9,31.9,3.01,23.59,17.88,J17WL,663.65,A,2024-11-19
2016-02-12,0.0,42.3,61.3,80.4,38.6,1.01,28.57,18.05,J17WL,663.31,A,2024-11-19
2016-02-13,0.0,42.6,61.8,81.0,43.8,0.85,26.38,17.74,J17WL,663.31,A,2024-11-19
2016-02-14,0.0,47.3,60.7,74.2,50.0,0.66,16.4,15.87,J17WL,663.41,A,2024-11-19
2016-02-15,0.0,51.3,62.6,73.9,54.5,0.28,14.17,9.06,J17WL,663.29,A,2024-11-19
2016-02-16,0.0,43.1,59.5,75.9,44.9,0.55,20.61,16.61,J17WL,662.71,A,2024-11-19
2016-02-17,0.0,43.5,61.5,79.5,41.6,1.79,24.08,18.07,J17WL,662.29,A,2024-11-19
2016-02-18,0.0,51.3,63.7,76.1,41.6,1.2,22.45,18.47,J17WL,661.97,A,2024-11-19
2016-02-19,0.0,57.7,68.6,79.4,56.5,0.76,20.13,16.14,J17WL,661.65,A,2024-11-19
2016-02-20,0.0,63.1,71.8,80.5,60.2,1.53,19.12,16.41,J17WL,661.84,A,2024-11-19
2016-02-21,0.02,64.8,71.9,79.0,62.8,0.72,14.28,9.81,J17WL,662.07,A,2024-11-19
2016-02-22,0.12,63.1,67.8,72.6,62.6,1.09,7.85,4.49,J17WL,662.0,A,2024-11-19
2016-02-23,1.19,58.5,64.0,69.6,58.9,0.53,7.03,7.34,J17WL,662.51,A,2024-11-19
2016-02-24,0.0,43.9,53.4,62.8,41.7,0.64,9.78,17.72,J17WL,663.06,A,2024-11-19
2016-02-25,0.0,35.8,50.8,65.9,28.4,1.43,17.42,20.82,J17WL,663.49,A,2024-11-19
2016-02-26,0.0,36.4,53.5,70.5,30.7,1.73,19.54,20.39,J17WL,663.38,A,2024-11-19
2016-02-27,0.0,40.9,52.6,64.2,34.2,1.09,13.86,20.03,J17WL,663.79,A,2024-11-19
2016-02-28,0.0,43.7,57.6,71.4,48.2,0.79,16.32,18.98,J17WL,664.27,A,2024-11-19
2016-02-29,0.0,55.9,66.0,76.1,57.2,0.33,14.91,13.3,J17WL,663.86,A,2024-11-19
2016-03-01,0.01,61.1,69.2,77.3,61.2,0.18,14.4,12.03,J17WL,663.41,A,2024-11-19
2016-03-02,0.0,53.1,68.0,83.0,50.3,2.11,22.43,16.91,J17WL,663.08,A,2024-11-19
2016-03-03,0.0,53.4,64.9,76.5,56.1,0.86,14.11,16.3,J17WL,662.88,A,2024-11-19
2016-03-04,0.0,50.3,66.7,83.1,44.5,1.15,29.88,20.12,J17WL,662.77,A,2024-11-19
2016-03-05,0.0,47.2,60.9,74.6,43.7,0.96,20.91,21.54,J17WL,662.73,A,2024-11-19
2016-03-06,0.0,58.6,67.2,75.7,56.7,0.52,15.02,19.3,J17WL,662.91,A,2024-11-19
2016-03-07,0.05,60.6,68.1,75.5,61.2,0.76,12.26,8.91,J17WL,662.75,A,2024-11-19
2016-03-08,0.02,66.0,70.8,75.7,65.2,0.93,9.96,5.32,J17WL,662.67,A,2024-11-19
2016-03-09,0.97,59.8,70.8,81.7,64.8,0.51,16.71,12.17,J17WL,663.5,A,2024-11-19
2016-03-10,0.46,59.0,61.6,64.2,58.3,0.75,3.69,3.73,J17WL,664.37,A,2024-11-19
2016-03-11,0.5,59.1,61.8,64.5,59.5,0.49,3.55,6.18,J17WL,665.11,A,2024-11-19
2016-03-12,0.1,52.6,62.0,71.3,55.9,0.28,11.99,15.18,J17WL,666.14,A,2024-11-19
2016-03-13,0.0,52.4,61.9,71.4,55.1,0.26,11.63,16.13,J17WL,666.79,A,2024-11-19
2016-03-14,0.0,49.9,67.0,84.2,45.5,0.25,32.54,22.63,J17WL,666.61,A,2024-11-19
2016-03-15,0.0,50.2,70.1,90.0,56.1,0.11,37.51,22.92,J17WL,666.41,A,2024-11-19
2016-03-16,0.0,64.5,75.7,86.9,57.7,0.53,22.8,18.22,J17WL,666.04,A,2024-11-19
2016-03-17,0.0,64.4,71.5,78.6,64.3,1.18,12.72,15.38,J17WL,665.9,A,2024-11-19
2016-03-18,0.0,67.3,73.3,79.4,67.3,0.42,12.88,10.44,J17WL,665.96,A,2024-11-19
2016-03-19,0.32,50.3,65.9,81.4,59.6,0.58,15.04,10.39,J17WL,666.04,A,2024-11-19
2016-03-20,0.0,41.1,52.2,63.3,35.1,2.51,12.25,20.96,J17WL,666.08,A,2024-11-19
2016-03-21,0.0,36.9,50.9,64.8,30.1,1.41,15.44,24.19,J17WL,665.74,A,2024-11-19
2016-03-22,0.0,36.4,51.0,65.6,36.9,1.09,14.27,24.6,J17WL,665.39,A,2024-11-19
2016-03-23,0.0,45.2,61.2,77.1,55.7,1.25,17.01,23.54,J17WL,665.33,A,2024-11-19
2016-03-24,0.39,54.7,67.6,80.6,61.1,0.52,14.79,17.66,J17WL,665.44,A,2024-11-19
2016-03-25,0.0,43.4,56.8,70.1,37.8,1.56,17.85,24.8,J17WL,665.36,A,2024-11-19
2016-03-26,0.0,43.0,57.2,71.5,44.3,0.56,16.87,23.83,J17WL,665.6,A,2024-11-19
2016-03-27,0.02,53.5,63.0,72.6,57.7,0.37,11.27,16.71,J17WL,665.74,A,2024-11-19
2016-03-28,0.02,50.3,62.3,74.3,51.4,0.45,16.09,21.02,J17WL,665.52,A,2024-11-19
2016-03-29,0.0,51.3,62.1,72.9,49.8,0.19,16.65,20.65,J17WL,665.15,A,2024-11-19
2016-03-30,0.08,61.8,66.1,70.5,66.1,0.31,3.11,3.91,J17WL,665.0,A,2024-11-19
2016-03-31,0.05,66.2,71.5,76.8,69.0,0.28,6.16,5.34,J17WL,665.02,A,2024-11-19
2016-04-01,0.17,58.7,71.8,85.0,48.8,0.74,31.65,24.29,J17WL,664.37,A,2024-11-19
2016-04-02,0.03,43.9,54.2,64.5,42.3,2.1,11.68,14.05,J17WL,664.53,A,2024-11-19
2016-04-03,0.0,43.5,58.3,73.1,36.8,1.67,21.43,25.76,J17WL,664.11,A,2024-11-19
2016-04-04,0.0,44.7,60.7,76.6,40.2,1.82,23.39,25.85,J17WL,663.5,A,2024-11-19
2016-04-05,0.0,49.2,64.9,80.5,47.9,2.01,24.13,25.43,J17WL,662.8,A,2024-11-19
2016-04-06,0.0,51.0,65.5,80.0,51.7,1.36,22.68,25.28,J17WL,662.56,A,2024-11-19
2016-04-07,0.0,48.4,64.5,80.5,46.5,1.53,26.42,16.71,J17WL,662.05,A,2024-11-19
2016-04-08,0.0,49.3,64.9,80.5,46.5,2.43,25.8,21.03,J17WL,661.68,A,2024-11-19
2016-04-09,0.0,55.9,66.8,77.7,47.7,2.97,21.64,16.88,J17WL,661.82,A,2024-11-19
2016-04-10,0.0,59.7,68.8,77.9,58.5,1.75,17.57,14.49,J17WL,661.86,A,2024-11-19
2016-04-11,0.11,64.9,71.8,78.7,65.8,0.87,12.29,8.26,J17WL,661.9,A,2024-11-19
2016-04-12,0.0,66.0,75.5,85.0,67.3,0.71,19.09,18.1,J17WL,661.36,A,2024-11-19
2016-04-13,1.46,62.1,66.7,71.4,61.8,0.31,7.33,9.41,J17WL,662.41,A,2024-11-19
2016-04-14,0.0,56.8,65.0,73.1,58.9,0.41,11.01,12.17,J17WL,663.21,A,2024-11-19
2016-04-15,0.0,54.8,67.5,80.3,57.1,0.46,20.07,25.91,J17WL,663.64,A,2024-11-19
2016-04-16,0.0,56.8,68.3,79.9,60.9,0.3,16.13,22.68,J17WL,664.3,A,2024-11-19
2016-04-17,0.11,66.1,71.9,77.7,68.6,0.59,8.4,7.52,J17WL,664.7,A,2024-11-19
2016-04-18,0.38,68.1,75.2,82.4,70.8,0.44,10.97,7.79,J17WL,665.47,A,2024-11-19
2016-04-19,0.89,62.4,67.4,72.5,64.3,0.45,6.1,10.62,J17WL,666.79,A,2024-11-19
2016-04-20,0.02,64.8,70.9,77.0,65.7,1.17,10.27,13.42,J17WL,667.45,A,2024-11-19
2016-04-21,0.03,63.2,71.7,80.2,64.3,1.15,15.61,21.91,J17WL,667.95,A,2024-11-19
2016-04-22,0.5,61.2,71.7,82.2,62.1,0.95,18.32,19.92,J17WL,668.7,A,2024-11-19
2016-04-23,0.0,56.3,69.7,83.1,53.7,1.36,26.57,27.25,J17WL,669.25,A,2024-11-19
2016-04-24,0.0,59.4,70.3,81.2,56.2,2.41,21.87,26.62,J17WL,669.93,A,2024-11-19
2016-04-25,0.0,65.6,72.9,80.2,65.3,2.08,15.27,16.63,J17WL,669.87,A,2024-11-19
2016-04-26,0.28,71.8,80.7,89.6,70.3,2.4,21.74,20.91,J17WL,669.65,A,2024-11-19
2016-04-27,0.5,61.2,72.6,84.0,68.9,0.99,13.65,13.28,J17WL,669.62,A,2024-11-19
2016-04-28,0.0,62.1,75.2,88.3,54.6,0.56,36.78,27.74,J17WL,669.92,A,2024-11-19
2016-04-29,0.0,69.9,76.4,82.9,70.4,2.14,15.46,14.58,J17WL,670.0,A,2024-11-19
2016-04-30,0.4,59.3,71.9,84.5,70.0,0.78,11.7,10.4,J17WL,670.49,A,2024-11-19
2016-05-01,0.0,62.3,73.8,85.3,62.8,1.67,23.88,26.89,J17WL,671.05,A,2024-11-19
2016-05-02,0.03,65.3,72.2,79.2,58.6,4.18,14.34,18.19,J17WL,670.96,A,2024-11-19
2016-05-03,0.0,57.7,61.2,64.6,51.0,3.42,7.81,9.97,J17WL,670.73,A,2024-11-19
2016-05-04,0.0,53.1,66.0,78.9,49.0,2.0,23.09,27.52,J17WL,670.28,A,2024-11-19
2016-05-05,0.0,54.6,70.6,86.5,50.1,2.47,31.95,28.08,J17WL,669.83,A,2024-11-19
2016-05-06,0.0,58.4,72.4,86.3,52.8,2.65,29.88,26.31,J17WL,668.95,A,2024-11-19
2016-05-07,0.0,57.7,71.5,85.2,52.8,1.71,28.59,28.04,J17WL,668.64,A,2024-11-19
2016-05-08,0.0,62.4,74.0,85.5,60.8,2.49,25.26,24.4,J17WL,668.55,A,2024-11-19
2016-05-09,0.05,68.8,72.4,76.0,65.0,3.01,9.56,7.69,J17WL,668.33,A,2024-11-19
2016-05-10,0.0,70.9,78.8,86.8,68.0,1.83,22.93,18.41,J17WL,667.72,A,2024-11-19
2016-05-11,0.86,66.1,78.4,90.8,69.2,1.11,23.93,23.08,J17WL,668.7,A,2024-11-19
2016-05-12,0.02,68.4,78.0,87.6,69.1,2.04,19.46,21.67,J17WL,669.6,A,2024-11-19
2016-05-13,0.03,72.2,77.8,83.3,68.5,2.8,14.05,13.22,J17WL,670.3,A,2024-11-19
2016-05-14,0.01,71.5,79.7,88.0,68.4,1.67,21.32,23.02,J17WL,670.95,A,2024-11-19
2016-05-15,0.16,65.8,72.2,78.6,65.8,1.76,10.66,9.58,J17WL,671.53,A,2024-11-19
2016-05-16,2.41,64.8,67.7,70.7,65.2,0.8,4.94,5.45,J17WL,672.61,A,2024-11-19
2016-05-17,0.05,68.3,74.8,81.3,67.0,0.96,13.36,18.3,J17WL,673.22,A,2024-11-19
2016-05-18,1.52,66.4,73.1,79.7,67.9,0.61,8.86,11.63,J17WL,674.6,A,2024-11-19
2016-05-19,0.07,63.2,70.1,77.1,62.2,0.9,10.72,14.81,J17WL,676.75,A,2024-11-19
2016-05-20,1.68,61.4,68.8,76.2,62.7,0.82,10.54,15.54,J17WL,677.76,A,2024-11-19
2016-05-21,0.0,65.0,73.3,81.6,66.4,1.32,14.4,22.4,J17WL,678.1,A,2024-11-19
2016-05-22,0.05,73.6,79.9,86.2,73.1,1.26,14.24,14.17,J17WL,678.74,A,2024-11-19
2016-05-23,0.0,72.1,79.4,86.7,71.8,1.35,15.47,17.17,J17WL,678.62,A,2024-11-19
2016-05-24,0.05,72.6,79.6,86.7,73.4,0.65,13.85,13.5,J17WL,678.72,A,2024-11-19
2016-05-25,0.0,76.0,80.6,85.2,73.8,2.21,11.35,9.1,J17WL,678.78,A,2024-11-19
2016-05-26,0.0,77.1,82.2,87.3,75.3,2.2,14.39,10.78,J17WL,678.49,A,2024-11-19
2016-05-27,0.0,74.9,82.8,90.7,74.8,2.55,19.81,14.89,J17WL,678.51,A,2024-11-19
2016-05-28,0.0,70.1,80.8,91.4,69.8,2.23,25.56,23.86,J17WL,678.43,A,2024-11-19
2016-05-29,0.48,69.5,80.3,91.1,72.6,1.27,22.46,20.9,J17WL,678.69,A,2024-11-19
2016-05-30,0.68,66.5,77.0,87.6,69.7,1.33,19.6,23.46,J17WL,679.36,A,2024-11-19
2016-05-31,0.21,64.6,75.9,87.2,68.3,0.78,22.62,24.95,J17WL,679.94,A,2024-11-19
2016-06-01,1.01,67.5,75.8,84.1,69.5,0.61,12.62,9.29,J17WL,680.67,A,2024-11-19
2016-06-02,2.29,66.3,76.1,85.9,68.1,0.52,18.48,22.56,J17WL,682.59,A,2024-11-19
2016-06-03,0.7,65.9,75.0,84.1,66.1,0.88,19.31,21.36,J17WL,683.5,A,2024-11-19
2016-06-04,0.03,66.4,73.3,80.2,66.7,0.98,13.27,17.17,J17WL,684.43,A,2024-11-19
2016-06-05,0.02,68.2,77.0,85.8,67.0,1.32,21.82,25.71,J17WL,685.01,A,2024-11-19
2016-06-06,0.0,65.4,76.2,87.1,58.8,4.44,30.03,27.7,J17WL,685.49,A,2024-11-19
2016-06-07,0.0,66.7,77.9,89.1,59.3,4.51,30.92,29.93,J17WL,685.44,A,2024-11-19
2016-06-08,0.0,71.4,80.9,90.4,67.9,2.26,27.43,26.53,J17WL,685.39,A,2024-11-19
2016-06-09,0.0,70.9,80.2,89.5,70.2,1.33,22.8,26.32,J17WL,685.37,A,2024-11-19
2016-06-10,0.0,72.4,80.6,88.7,70.5,1.67,20.85,25.52,J17WL,685.28,A,2024-11-19
2016-06-11,0.0,73.8,81.7,89.6,72.1,1.88,21.63,23.31,J17WL,684.79,A,2024-11-19
2016-06-12,0.0,77.2,84.4,91.5,73.8,2.65,24.12,22.91,J17WL,684.79,A,2024-11-19
2016-06-13,0.0,76.8,84.8,92.8,74.6,2.4,26.2,22.73,J17WL,684.44,A,2024-11-19
2016-06-14,0.0,76.9,85.1,93.2,74.4,3.53,25.31,21.84,J17WL,683.65,A,2024-11-19
2016-06-15,0.0,77.5,85.3,93.1,74.4,3.53,24.35,20.54,J17WL,683.21,A,2024-11-19
2016-06-16,0.0,75.9,85.8,95.8,72.9,2.02,32.37,28.6,J17WL,682.49,A,2024-11-19
2016-06-17,0.0,76.4,85.4,94.5,72.6,2.98,30.76,28.61,J17WL,681.62,A,2024-11-19
2016-06-18,0.0,77.5,85.7,93.9,72.7,3.16,28.86,28.65,J17WL,681.01,A,2024-11-19
2016-06-19,0.0,77.2,85.7,94.2,72.5,3.13,29.41,28.01,J17WL,680.55,A,2024-11-19
2016-06-20,0.03,73.4,81.8,90.2,70.4,1.68,25.26,24.59,J17WL,679.95,A,2024-11-19
2016-06-21,0.0,73.9,82.8,91.8,70.7,2.35,26.44,23.75,J17WL,679.12,A,2024-11-19
2016-06-22,0.0,74.7,83.8,92.9,69.7,2.78,30.0,27.88,J17WL,678.21,A,2024-11-19
2016-06-23,0.0,73.9,83.6,93.2,70.9,2.53,28.78,26.91,J17WL,677.57,A,2024-11-19
2016-06-24,0.0,74.4,83.6,92.9,70.4,2.1,28.81,27.24,J17WL,676.72,A,2024-11-19
2016-06-25,0.0,76.5,84.2,91.9,72.1,2.61,26.27,24.92,J17WL,676.32,A,2024-11-19
2016-06-26,0.05,76.6,81.4,86.2,74.5,2.24,14.51,10.91,J17WL,676.63,A,2024-11-19
2016-06-27,0.0,74.3,82.4,90.5,72.9,1.3,21.79,19.82,J17WL,676.57,A,2024-11-19
2016-06-28,0.0,74.0,83.0,91.9,69.6,2.44,27.87,27.4,J17WL,675.78,A,2024-11-19
2016-06-29,0.0,71.3,83.1,94.8,70.2,1.48,31.93,21.79,J17WL,675.47,A,2024-11-19
2016-06-30,0.0,74.0,84.1,94.2,68.1,2.98,34.75,26.91,J17WL,674.99,A,2024-11-19
2016-07-01,0.0,73.6,84.4,95.2,70.4,2.18,33.23,26.06,J17WL,674.31,A,2024-11-19
2016-07-02,0.0,76.0,85.1,94.1,71.3,2.24,31.88,27.38,J17WL,673.99,A,2024-11-19
2016-07-03,0.0,77.2,87.2,97.3,72.2,3.24,38.2,26.32,J17WL,674.05,A,2024-11-19
2016-07-04,0.0,78.1,87.9,97.8,74.0,4.13,35.32,25.22,J17WL,673.74,A,2024-11-19
2016-07-05,0.0,78.0,89.1,100.3,72.4,3.42,45.38,27.42,J17WL,672.72,A,2024-11-19
2016-07-06,0.0,78.9,89.0,99.1,73.0,5.14,39.88,27.54,J17WL,671.84,A,2024-11-19
2016-07-07,0.0,78.1,88.3,98.6,72.1,4.35,40.72,28.34,J17WL,671.13,A,2024-11-19
2016-07-08,0.0,77.8,88.3,98.9,72.2,3.81,39.86,27.55,J17WL,670.67,A,2024-11-19
2016-07-09,0.0,77.9,88.0,98.1,71.6,3.01,38.81,27.32,J17WL,670.38,A,2024-11-19
2016-07-10,0.0,79.0,88.5,98.1,72.2,3.89,38.84,24.84,J17WL,670.23,A,2024-11-19
2016-07-11,0.0,79.1,88.1,97.0,71.8,5.59,38.37,26.84,J17WL,669.85,A,2024-11-19
2016-07-12,0.0,77.0,88.2,99.4,69.9,4.01,45.69,27.58,J17WL,668.67,A,2024-11-19
2016-07-13,0.0,78.4,88.1,97.7,71.8,4.53,37.71,25.97,J17WL,668.22,A,2024-11-19
2016-07-14,0.0,77.1,88.0,99.0,71.7,3.33,39.97,27.59,J17WL,667.35,A,2024-11-19
2016-07-15,0.0,77.2,88.4,99.6,72.1,3.55,42.99,27.23,J17WL,666.6,A,2024-11-19
2016-07-16,0.0,74.7,87.3,99.9,68.5,1.62,48.03,27.74,J17WL,666.1,A,2024-11-19
2016-07-17,0.0,75.5,86.3,97.1,70.1,2.48,38.08,25.42,J17WL,666.35,A,2024-11-19
2016-07-18,0.0,76.4,86.6,96.8,70.2,2.63,38.11,27.26,J17WL,665.64,A,2024-11-19
2016-07-19,0.0,76.6,87.1,97.6,71.1,2.95,39.28,24.89,J17WL,664.59,A,2024-11-19
2016-07-20,0.02,76.6,86.1,95.6,71.4,3.24,34.08,23.71,J17WL,664.05,A,2024-11-19
2016-07-21,0.0,76.4,87.0,97.6,69.9,3.41,38.8,25.04,J17WL,663.46,A,2024-11-19
2016-07-22,0.0,75.8,86.7,97.6,68.3,3.59,40.18,27.83,J17WL,663.2,A,2024-11-19
2016-07-23,0.0,76.8,87.5,98.1,69.4,3.79,40.87,27.14,J17WL,663.08,A,2024-11-19
2016-07-24,0.0,77.4,87.8,98.3,70.2,3.05,40.87,27.66,J17WL,663.44,A,2024-11-19
2016-07-25,0.0,77.8,88.6,99.3,70.6,3.4,42.09,26.76,J17WL,662.67,A,2024-11-19
2016-07-26,1.73,72.7,85.6,98.5,71.0,0.84,40.62,24.2,J17WL,663.26,A,2024-11-19
2016-07-27,0.03,75.1,81.4,87.7,73.4,1.69,17.09,13.2,J17WL,663.91,A,2024-11-19
2016-07-28,0.71,73.5,80.3,87.1,73.7,1.11,15.55,8.5,J17WL,665.43,A,2024-11-19
2016-07-29,0.0,73.2,84.1,95.0,71.4,1.99,32.18,17.65,J17WL,665.67,A,2024-11-19
2016-07-30,0.0,76.1,85.0,93.9,72.0,1.84,30.94,21.17,J17WL,666.08,A,2024-11-19
2016-07-31,0.0,76.8,85.9,95.0,71.3,2.15,34.29,25.91,J17WL,666.82,A,2024-11-19
2016-08-01,0.0,75.0,85.6,96.2,70.5,2.37,37.39,26.7,J17WL,666.49,A,2024-11-19
2016-08-02,0.0,75.2,85.9,96.6,69.2,2.22,39.55,26.82,J17WL,665.61,A,2024-11-19
2016-08-03,0.0,75.5,85.9,96.3,71.3,2.0,34.03,26.54,J17WL,664.92,A,2024-11-19
2016-08-04,0.0,75.6,85.7,95.7,71.0,2.28,34.09,26.67,J17WL,664.4,A,2024-11-19
2016-08-05,0.0,76.6,86.8,97.0,71.0,2.99,36.66,25.78,J17WL,663.69,A,2024-11-19
2016-08-06,0.0,77.2,86.7,96.1,71.3,2.51,33.73,24.13,J17WL,663.92,A,2024-11-19
2016-08-07,0.0,77.2,87.0,96.8,71.2,2.27,37.02,25.84,J17WL,663.93,A,2024-11-19
2016-08-08,0.0,77.1,87.5,97.8,71.1,2.34,38.46,24.77,J17WL,663.52,A,2024-11-19
2016-08-09,0.0,78.0,88.1,98.1,71.6,3.02,38.7,25.23,J17WL,661.94,A,2024-11-19
2016-08-10,0.0,78.1,88.4,98.8,72.0,2.69,40.8,26.38,J17WL,661.56,A,2024-11-19
2016-08-11,0.0,78.6,88.9,99.1,72.7,2.83,40.72,25.68,J17WL,660.92,A,2024-11-19
2016-08-12,0.0,78.4,89.0,99.6,72.6,3.11,41.05,25.27,J17WL,660.54,A,2024-11-19
2016-08-13,0.0,78.4,89.8,101.1,71.3,3.95,44.18,24.3,J17WL,661.28,A,2024-11-19
2016-08-14,0.26,75.8,81.5,87.2,72.8,2.33,18.2,9.88,J17WL,662.58,A,2024-11-19
2016-08-15,1.23,72.2,78.3,84.5,72.7,0.2,12.95,8.6,J17WL,664.24,A,2024-11-19
2016-08-16,0.91,71.5,74.3,77.0,72.5,0.65,3.8,5.66,J17WL,665.72,A,2024-11-19
2016-08-17,0.16,75.1,80.1,85.0,74.0,1.17,13.01,10.58,J17WL,667.44,A,2024-11-19
2016-08-18,0.6,74.6,79.8,85.0,74.0,0.78,12.34,11.35,J17WL,668.16,A,2024-11-19
2016-08-19,0.04,76.5,83.2,89.9,74.0,1.56,22.05,20.94,J17WL,669.0,A,2024-11-19
2016-08-20,0.0,78.2,85.3,92.5,73.4,3.19,26.22,17.56,J17WL,669.67,A,2024-11-19
2016-08-21,1.47,72.2,77.7,83.2,73.8,0.5,10.78,6.66,J17WL,671.43,A,2024-11-19
2016-08-22,0.22,73.0,77.4,81.7,73.3,0.86,9.55,10.21,J17WL,672.91,A,2024-11-19
2016-08-23,0.26,72.7,81.5,90.2,73.0,0.96,23.35,20.72,J17WL,673.83,A,2024-11-19
2016-08-24,0.0,76.0,83.8,91.5,72.1,2.02,26.0,24.82,J17WL,674.32,A,2024-11-19
2016-08-25,0.0,75.4,82.8,90.2,72.5,2.04,23.08,22.7,J17WL,674.56,A,2024-11-19
2016-08-26,0.0,75.3,82.9,90.4,72.6,1.76,23.04,24.03,J17WL,674.77,A,2024-11-19
2016-08-27,0.0,74.4,82.5,90.6,71.9,2.06,24.31,21.87,J17WL,674.87,A,2024-11-19
2016-08-28,0.0,74.2,82.3,90.5,71.2,2.7,23.7,20.78,J17WL,675.34,A,2024-11-19
2016-08-29,0.09,73.6,81.5,89.3,71.0,2.36,22.56,22.2,J17WL,675.15,A,2024-11-19
2016-08-30,0.9,74.2,81.3,88.5,72.1,2.23,20.74,17.26,J17WL,675.3,A,2024-11-19
2016-08-31,0.01,74.1,79.8,85.6,72.3,1.97,15.54,12.47,J17WL,675.13,A,2024-11-19
2016-09-01,0.13,73.9,82.8,91.6,71.6,3.05,25.59,18.79,J17WL,675.26,A,2024-11-19
2016-09-02,0.0,75.2,84.3,93.4,71.0,3.68,29.94,20.92,J17WL,675.04,A,2024-11-19
2016-09-03,0.62,72.6,80.5,88.4,72.1,1.9,19.3,15.08,J17WL,675.42,A,2024-11-19
2016-09-04,0.0,73.5,82.4,91.3,72.6,1.73,24.9,20.29,J17WL,675.75,A,2024-11-19
2016-09-05,0.08,72.8,81.8,90.7,72.9,1.27,22.3,17.3,J17WL,676.04,A,2024-11-19
2016-09-06,0.0,75.2,83.4,91.6,74.1,1.71,25.27,18.58,J17WL,675.46,A,2024-11-19
2016-09-07,0.04,78.3,85.2,92.1,75.4,2.21,23.29,19.44,J17WL,675.56,A,2024-11-19
2016-09-08,0.0,74.9,83.5,92.1,72.9,1.81,25.77,21.49,J17WL,675.15,A,2024-11-19
2016-09-09,0.0,75.1,83.6,92.1,71.9,1.72,27.0,22.6,J17WL,674.7,A,2024-11-19
2016-09-10,0.0,74.8,83.8,92.7,70.7,1.85,31.61,23.71,J17WL,674.66,A,2024-11-19
2016-09-11,0.0,71.3,81.1,91.0,67.5,2.25,28.82,21.23,J17WL,674.97,A,2024-11-19
2016-09-12,0.0,70.3,80.2,90.1,67.5,2.15,25.57,20.66,J17WL,675.23,A,2024-11-19
2016-09-13,0.0,71.9,81.4,90.9,70.3,2.18,26.03,19.84,J17WL,674.86,A,2024-11-19
2016-09-14,0.0,74.9,82.3,89.7,71.9,2.63,22.81,14.14,J17WL,674.89,A,2024-11-19
2016-09-15,0.0,72.5,82.2,91.9,70.9,2.05,27.12,19.01,J17WL,674.84,A,2024-11-19
2016-09-16,0.0,72.9,82.5,92.0,71.1,1.56,27.15,19.82,J17WL,674.54,A,2024-11-19
2016-09-17,0.0,73.5,83.2,92.9,71.1,1.91,28.6,20.45,J17WL,674.66,A,2024-11-19
2016-09-18,0.0,73.9,84.3,94.7,72.7,2.23,30.92,20.35,J17WL,674.75,A,2024-11-19
2016-09-19,0.0,76.8,86.2,95.7,72.5,1.89,32.37,21.63,J17WL,674.28,A,2024-11-19
2016-09-20,0.0,75.7,85.4,95.0,72.6,1.75,31.24,22.32,J17WL,673.44,A,2024-11-19
2016-09-21,0.0,74.9,85.0,95.2,69.6,2.32,35.72,22.23,J17WL,673.48,A,2024-11-19
2016-09-22,0.0,69.9,81.2,92.4,67.2,2.79,31.91,18.65,J17WL,673.26,A,2024-11-19
2016-09-23,0.0,70.7,81.4,92.1,71.4,1.54,28.14,18.67,J17WL,673.27,A,2024-11-19
2016-09-24,0.0,75.2,83.6,92.1,72.3,1.52,28.4,18.25,J17WL,673.39,A,2024-11-19
2016-09-25,0.18,75.7,84.1,92.5,73.9,1.79,25.78,13.64,J17WL,674.15,A,2024-11-19
2016-09-26,4.27,69.6,78.3,87.0,71.5,0.38,16.88,9.04,J17WL,676.38,A,2024-11-19
2016-09-27,0.28,66.9,72.3,77.7,65.7,0.97,8.08,9.66,J17WL,677.56,A,2024-11-19
2016-09-28,0.0,64.6,70.4,76.2,63.9,1.48,10.45,6.4,J17WL,678.1,A,2024-11-19
2016-09-29,0.0,65.0,76.3,87.6,64.2,1.55,24.82,20.87,J17WL,678.08,A,2024-11-19
2016-09-30,0.0,59.3,73.5,87.7,55.7,2.14,29.38,21.93,J17WL,678.05,A,2024-11-19
2016-10-01,0.0,58.8,69.8,80.8,53.7,2.3,23.79,21.22,J17WL,678.15,A,2024-11-19
2016-10-02,0.0,58.3,68.8,79.4,56.2,1.37,20.23,12.91,J17WL,678.43,A,2024-11-19
2016-10-03,0.0,58.3,71.4,84.5,57.0,1.28,26.1,21.19,J17WL,678.2,A,2024-11-19
2016-10-04,0.0,62.9,74.2,85.6,64.5,1.43,24.4,20.21,J17WL,677.72,A,2024-11-19
2016-10-05,0.0,72.1,80.6,89.0,70.1,1.01,23.72,16.53,J17WL,677.31,A,2024-11-19
2016-10-06,0.0,74.3,82.4,90.6,70.7,1.35,25.82,19.69,J17WL,676.68,A,2024-11-19
2016-10-07,0.0,74.3,82.2,90.1,71.5,1.33,24.86,16.24,J17WL,676.38,A,2024-11-19
2016-10-08,0.39,63.8,74.1,84.4,65.7,1.67,14.34,8.21,J17WL,676.61,A,2024-11-19
2016-10-09,0.0,63.0,73.0,83.0,61.3,3.21,18.68,17.76,J17WL,676.79,A,2024-11-19
2016-10-10,0.0,52.0,67.1,82.2,47.4,2.72,27.39,20.68,J17WL,676.8,A,2024-11-19
2016-10-11,0.0,51.6,66.8,82.0,47.6,2.1,26.84,20.69,J17WL,676.27,A,2024-11-19
2016-10-12,0.0,53.7,69.3,84.8,56.5,1.23,24.79,19.74,J17WL,676.06,A,2024-11-19
2016-10-13,0.0,59.8,74.1,88.4,67.5,1.12,26.0,17.1,J17WL,675.92,A,2024-11-19
2016-10-14,0.0,71.3,79.8,88.3,68.8,1.55,23.31,16.75,J17WL,675.66,A,2024-11-19
2016-10-15,0.0,70.8,78.9,87.0,68.5,1.36,22.47,15.28,J17WL,675.85,A,2024-11-19
2016-10-16,0.0,71.4,80.2,88.9,69.3,1.5,24.39,16.46,J17WL,675.99,A,2024-11-19
2016-10-17,0.0,72.4,81.3,90.0,68.6,2.01,27.43,18.78,J17WL,675.78,A,2024-11-19
2016-10-18,0.0,73.7,82.2,90.6,69.5,1.95,26.47,17.28,J17WL,675.39,A,2024-11-19
2016-10-19,0.0,74.9,82.8,90.7,70.7,2.22,29.03,15.88,J17WL,675.12,A,2024-11-19
2016-10-20,0.0,72.1,81.3,90.6,68.3,1.76,30.76,16.17,J17WL,674.99,A,2024-11-19
2016-10-21,0.09,58.0,69.9,81.7,54.0,1.67,22.57,10.48,J17WL,674.75,A,2024-11-19
2016-10-22,0.0,46.3,61.5,76.6,43.9,1.42,22.12,19.17,J17WL,674.92,A,2024-11-19
2016-10-23,0.0,46.1,62.0,78.0,46.9,1.21,22.96,18.57,J17WL,675.49,A,2024-11-19
2016-10-24,0.03,55.0,68.9,82.8,58.8,1.2,23.46,15.46,J17WL,675.21,A,2024-11-19
2016-10-25,0.0,64.8,74.4,83.9,64.2,1.13,19.2,9.76,J17WL,674.99,A,2024-11-19
2016-10-26,0.0,62.6,72.3,82.1,62.1,0.62,20.46,12.18,J17WL,674.79,A,2024-11-19
2016-10-27,0.0,62.5,73.5,84.4,62.0,1.24,22.31,16.0,J17WL,674.44,A,2024-11-19
2016-10-28,0.0,59.4,72.0,84.6,60.6,1.29,22.03,13.44,J17WL,674.54,A,2024-11-19
2016-10-29,0.0,58.7,71.0,83.3,62.1,0.39,21.27,16.11,J17WL,674.63,A,2024-11-19
2016-10-30,0.0,62.9,73.1,83.3,63.3,0.6,20.3,14.55,J17WL,674.53,A,2024-11-19
2016-10-31,0.0,61.1,73.1,85.0,60.5,0.72,24.26,16.04,J17WL,674.6,A,2024-11-19
2016-11-01,0.0,63.4,73.1,82.7,66.8,0.58,18.25,13.32,J17WL,674.45,A,2024-11-19
2016-11-02,0.0,72.8,80.2,87.7,69.2,1.98,23.4,13.78,J17WL,674.81,A,2024-11-19
2016-11-03,0.0,73.6,80.3,87.1,70.3,1.83,20.89,9.63,J17WL,675.28,A,2024-11-19
2016-11-04,0.01,69.2,77.3,85.4,68.2,1.78,17.44,10.4,J17WL,675.65,A,2024-11-19
2016-11-05,0.0,67.2,71.0,74.8,65.9,1.66,7.7,5.4,J17WL,675.95,A,2024-11-19
2016-11-06,0.0,64.7,72.0,79.3,64.4,1.65,13.04,8.75,J17WL,676.48,A,2024-11-19
2016-11-07,0.78,63.1,70.7,78.2,62.9,0.91,10.46,8.36,J17WL,676.5,A,2024-11-19
2016-11-08,0.79,62.6,69.8,76.9,66.5,0.25,7.81,6.64,J17WL,676.78,A,2024-11-19
2016-11-09,1.33,61.9,66.7,71.5,61.8,0.83,7.23,6.1,J17WL,678.09,A,2024-11-19
2016-11-10,0.18,61.1,62.8,64.6,60.1,0.94,2.64,3.08,J17WL,678.8,A,2024-11-19
2016-11-11,0.01,55.8,62.7,69.5,55.1,0.81,9.66,9.45,J17WL,679.46,A,2024-11-19
2016-11-12,0.03,57.4,66.0,74.6,56.7,1.06,14.08,11.93,J17WL,680.11,A,2024-11-19
2016-11-13,0.0,57.3,66.8,76.3,55.7,1.59,16.73,11.04,J17WL,680.62,A,2024-11-19
2016-11-14,0.0,55.8,65.3,74.9,56.6,0.29,13.82,10.47,J17WL,680.6,A,2024-11-19
2016-11-15,0.0,54.4,66.1,77.8,57.4,0.33,15.8,14.64,J17WL,680.62,A,2024-11-19
2016-11-16,0.0,51.4,68.3,85.2,51.7,0.79,30.34,15.2,J17WL,680.63,A,2024-11-19
2016-11-17,0.0,51.8,68.2,84.6,51.5,0.69,29.73,15.1,J17WL,680.73,A,2024-11-19
2016-11-18,0.0,61.3,71.2,81.0,63.6,0.62,17.22,10.49,J17WL,680.64,A,2024-11-19
2016-11-19,0.0,48.4,64.4,80.5,42.9,3.05,18.64,12.25,J17WL,680.57,A,2024-11-19
2016-11-20,0.0,34.6,48.7,62.9,29.4,0.99,14.83,15.68,J17WL,680.79,A,2024-11-19
2016-11-21,0.0,34.9,50.7,66.4,33.2,0.85,16.58,15.28,J17WL,680.65,A,2024-11-19
2016-11-22,0.0,42.5,59.4,76.2,54.7,0.73,17.39,14.41,J17WL,680.53,A,2024-11-19
2016-11-23,0.0,62.0,69.7,77.4,65.2,0.56,11.34,4.72,J17WL,680.31,A,2024-11-19
2016-11-24,0.0,47.5,61.1,74.8,44.9,1.03,19.61,14.62,J17WL,680.04,A,2024-11-19
2016-11-25,0.0,48.4,61.2,74.0,55.5,0.95,13.93,11.58,J17WL,680.13,A,2024-11-19
2016-11-26,0.0,56.0,64.0,72.0,58.1,0.65,7.79,6.73,J17WL,680.23,A,2024-11-19
2016-11-27,0.0,56.6,63.3,70.0,53.4,1.79,11.54,7.97,J17WL,680.44,A,2024-11-19
2016-11-28,0.0,59.5,68.1,76.8,62.5,1.53,12.87,6.48,J17WL,680.49,A,2024-11-19
2016-11-29,0.0,48.1,64.0,79.8,44.6,2.29,27.61,12.88,J17WL,680.1,A,2024-11-19
2016-11-30,0.0,52.1,65.9,79.7,36.9,5.87,27.9,13.69,J17WL,679.98,A,2024-11-19
2016-12-01,0.0,39.5,53.6,67.7,30.8,2.23,18.3,14.39,J17WL,679.42,A,2024-11-19
2016-12-02,0.0,41.3,55.7,70.1,41.7,2.35,17.47,12.35,J17WL,679.49,A,2024-11-19
2016-12-03,4.91,51.6,57.2,62.8,53.1,0.4,5.01,3.05,J17WL,681.65,A,2024-11-19
2016-12-04,0.96,50.6,51.8,52.9,49.9,0.61,1.51,1.37,J17WL,683.26,A,2024-11-19
2016-12-05,1.31,48.5,50.5,52.5,48.3,0.66,1.92,2.35,J17WL,684.69,A,2024-11-19
2016-12-06,0.08,42.8,49.3,55.8,47.4,0.17,3.29,4.32,J17WL,685.39,A,2024-11-19
2016-12-07,0.0,41.6,53.8,66.1,44.9,0.32,11.82,13.9,J17WL,686.05,A,2024-11-19
2016-12-08,0.0,43.9,50.4,56.9,46.6,0.56,4.12,5.02,J17WL,686.27,A,2024-11-19
2016-12-09,0.0,35.8,41.2,46.6,25.5,2.58,4.72,4.92,J17WL,686.62,A,2024-11-19
2016-12-10,0.0,35.9,40.9,45.9,23.1,2.61,7.12,7.94,J17WL,687.17,A,2024-11-19
2016-12-11,0.06,42.8,47.0,51.2,42.7,0.14,3.96,3.15,J17WL,687.51,A,2024-11-19
2016-12-12,0.02,48.0,54.1,60.3,54.1,0.06,1.79,3.85,J17WL,687.43,A,2024-11-19
2016-12-13,0.0,47.5,58.0,68.4,53.3,0.17,10.6,13.26,J17WL,687.26,A,2024-11-19
2016-12-14,0.0,49.4,60.6,71.9,54.1,0.48,9.18,8.86,J17WL,687.02,A,2024-11-19
2016-12-15,0.0,51.0,58.5,66.0,48.4,2.26,8.3,7.42,J17WL,686.85,A,2024-11-19
2016-12-16,0.0,49.9,52.6,55.3,46.3,1.71,4.1,4.96,J17WL,686.74,A,2024-11-19
2016-12-17,0.03,52.5,57.8,63.1,57.8,0.14,2.65,3.77,J17WL,686.91,A,2024-11-19
2016-12-18,0.0,32.3,54.7,77.2,49.4,0.32,10.2,6.95,J17WL,686.75,A,2024-11-19
2016-12-19,0.0,26.2,32.4,38.6,11.7,2.44,5.27,9.68,J17WL,686.4,A,2024-11-19
2016-12-20,0.0,25.8,37.3,48.9,11.9,2.31,9.67,13.22,J17WL,686.36,A,2024-11-19
2016-12-21,0.0,39.6,48.3,56.9,24.5,2.03,12.01,8.45,J17WL,686.03,A,2024-11-19
2016-12-22,0.0,39.9,54.8,69.7,39.9,0.7,17.24,12.68,J17WL,685.96,A,2024-11-19
2016-12-23,0.0,53.4,60.6,67.8,38.7,2.97,15.85,10.15,J17WL,685.72,A,2024-11-19
2016-12-24,0.03,55.1,62.4,69.7,61.8,0.34,3.15,3.23,J17WL,685.89,A,2024-11-19
2016-12-25,0.0,67.6,72.2,76.8,66.9,0.79,9.25,6.86,J17WL,686.01,A,2024-11-19
2016-12-26,0.02,68.3,73.7,79.0,66.6,2.46,13.18,5.23,J17WL,685.84,A,2024-11-19
2016-12-27,0.0,69.2,76.2,83.1,67.7,1.18,17.03,9.88,J17WL,685.63,A,2024-11-19
2016-12-28,0.0,67.5,72.7,78.0,65.6,0.76,11.08,7.63,J17WL,685.61,A,2024-11-19
2016-12-29,0.0,61.2,70.6,80.0,63.3,0.96,14.47,11.67,J17WL,685.48,A,2024-11-19
2016-12-30,0.0,50.3,57.0,63.6,23.3,7.95,16.21,9.91,J17WL,685.27,A,2024-11-19
2016-12-31,0.0,49.6,52.5,55.4,28.0,4.58,11.39,5.1,J17WL,685.35,A,2024-11-19
2017-01-01,0.03,52.4,62.3,72.2,53.6,0.72,10.34,7.63,J17WL,685.41,A,2024-11-19
2017-01-02,0.05,55.0,65.3,75.7,58.6,0.24,13.47,12.03,J17WL,685.51,A,2024-11-19
2017-01-03,0.0,45.1,61.1,77.1,42.6,0.96,24.04,13.64,J17WL,685.12,A,2024-11-19
2017-01-04,0.0,41.6,60.2,78.8,34.9,2.69,27.75,13.17,J17WL,684.81,A,2024-11-19
2017-01-05,0.0,41.7,46.7,51.7,33.7,2.88,6.44,5.91,J17WL,684.62,A,2024-11-19
2017-01-06,0.0,31.5,50.6,69.7,36.7,1.64,10.89,7.63,J17WL,684.37,A,2024-11-19
2017-01-07,0.0,20.8,27.4,34.0,15.9,1.19,3.26,4.53,J17WL,683.95,A,2024-11-19
2017-01-08,0.0,19.5,32.5,45.5,9.9,0.92,8.46,14.84,J17WL,683.88,A,2024-11-19
2017-01-09,0.0,21.0,36.7,52.3,23.9,0.84,10.3,13.92,J17WL,683.66,A,2024-11-19
2017-01-10,0.0,46.4,59.2,72.1,49.6,0.64,14.68,11.83,J17WL,683.66,A,2024-11-19
2017-01-11,0.0,52.3,65.8,79.3,54.1,0.23,21.53,12.93,J17WL,683.67,A,2024-11-19
2017-01-12,0.01,58.3,69.1,79.8,60.4,0.54,18.07,11.36,J17WL,683.52,A,2024-11-19
2017-01-13,0.0,65.4,72.6,79.7,63.8,0.9,17.13,8.16,J17WL,683.39,A,2024-11-19
2017-01-14,0.01,66.3,72.4,78.6,63.7,1.25,15.15,7.05,J17WL,683.33,A,2024-11-19
2017-01-15,0.04,57.8,63.9,70.0,58.5,0.55,7.13,7.89,J17WL,683.59,A,2024-11-19
2017-01-16,1.26,58.8,67.8,76.7,61.8,0.47,12.82,5.3,J17WL,683.99,A,2024-11-19
2017-01-17,0.02,58.8,64.2,69.6,55.5,1.0,10.44,4.73,J17WL,684.46,A,2024-11-19
2017-01-18,0.57,49.3,53.6,57.9,49.6,0.6,3.15,2.46,J17WL,684.89,A,2024-11-19
2017-01-19,0.34,49.3,56.4,63.6,50.8,0.56,6.5,8.55,J17WL,685.35,A,2024-11-19
2017-01-20,0.0,49.4,60.3,71.2,51.4,0.13,12.62,12.1,J17WL,685.59,A,2024-11-19
2017-01-21,0.0,50.3,62.4,74.6,52.3,0.1,16.42,12.05,J17WL,685.89,A,2024-11-19
2017-01-22,0.0,57.9,70.6,83.3,40.6,0.21,30.61,13.6,J17WL,685.97,A,2024-11-19
2017-01-23,0.0,42.4,57.0,71.6,32.9,2.59,19.37,15.76,J17WL,685.98,A,2024-11-19
2017-01-24,0.0,43.4,59.5,75.7,34.2,2.11,24.85,15.8,J17WL,685.87,A,2024-11-19
2017-01-25,0.0,46.5,64.8,83.0,52.1,0.49,24.9,14.92,J17WL,685.63,A,2024-11-19
2017-01-26,0.0,43.2,57.1,71.0,27.2,4.22,21.61,12.12,J17WL,685.32,A,2024-11-19
2017-01-27,0.0,42.6,51.4,60.2,26.4,4.03,13.13,14.83,J17WL,685.18,A,2024-11-19
2017-01-28,0.06,43.1,49.4,55.7,25.8,1.78,11.3,8.67,J17WL,685.27,A,2024-11-19
2017-01-29,0.0,34.6,47.7,60.7,28.1,1.33,14.32,14.42,J17WL,685.3,A,2024-11-19
2017-01-30,0.0,35.0,52.9,70.7,27.7,1.96,21.3,16.12,J17WL,685.06,A,2024-11-19
2017-01-31,0.0,38.9,57.6,76.4,27.4,2.7,26.82,16.78,J17WL,684.86,A,2024-11-19
2017-02-01,0.0,40.5,58.7,76.9,39.2,0.7,24.67,16.84,J17WL,684.68,A,2024-11-19
2017-02-02,0.0,44.8,63.2,81.5,47.6,0.32,27.31,15.1,J17WL,684.3,A,2024-11-19
2017-02-03,0.0,49.1,55.0,61.0,36.1,4.89,10.78,5.88,J17WL,684.1,A,2024-11-19
2017-02-04,0.0,47.4,50.1,52.9,37.6,3.07,6.11,3.81,J17WL,684.39,A,2024-11-19
2017-02-05,0.0,48.1,51.5,55.0,48.9,0.05,2.9,2.61,J17WL,684.52,A,2024-11-19
2017-02-06,0.0,54.9,62.4,69.9,62.2,0.13,4.57,4.99,J17WL,684.42,A,2024-11-19
2017-02-07,0.0,66.7,72.9,79.0,65.0,0.75,14.12,6.55,J17WL,684.2,A,2024-11-19
2017-02-08,0.0,50.9,68.4,85.8,48.9,0.82,33.94,15.14,J17WL,684.04,A,2024-11-19
2017-02-09,0.0,49.7,68.6,87.5,38.1,3.14,36.13,16.97,J17WL,683.55,A,2024-11-19
2017-02-10,0.0,48.1,59.3,70.6,35.4,2.84,19.73,18.12,J17WL,683.55,A,2024-11-19
2017-02-11,0.0,57.1,67.2,77.2,59.6,0.54,15.33,10.42,J17WL,683.42,A,2024-11-19
2017-02-12,0.0,64.5,75.2,85.8,64.2,0.55,23.7,13.47,J17WL,683.47,A,2024-11-19
2017-02-13,0.0,64.8,74.2,83.6,58.2,2.17,21.59,13.23,J17WL,683.34,A,2024-11-19
2017-02-14,1.13,52.2,65.1,77.9,59.4,0.63,12.75,7.55,J17WL,683.41,A,2024-11-19
2017-02-15,0.03,43.6,53.1,62.7,43.3,1.05,8.27,13.41,J17WL,683.65,A,2024-11-19
2017-02-16,0.0,39.2,51.9,64.6,32.3,1.53,15.73,18.95,J17WL,684.17,A,2024-11-19
2017-02-17,0.0,39.0,53.0,67.0,37.4,1.37,15.84,17.96,J17WL,684.17,A,2024-11-19
2017-02-18,0.0,47.5,62.2,76.9,50.9,0.41,21.57,18.18,J17WL,684.41,A,2024-11-19
2017-02-19,0.0,55.5,70.3,85.1,57.7,0.01,30.62,18.19,J17WL,684.41,A,2024-11-19
2017-02-20,2.14,58.8,69.6,80.5,64.3,0.34,13.61,7.9,J17WL,685.15,A,2024-11-19
2017-02-21,0.01,51.8,62.9,74.1,48.6,0.62,19.18,14.07,J17WL,686.04,A,2024-11-19
2017-02-22,0.0,48.6,66.2,83.8,37.6,3.25,33.88,20.56,J17WL,686.45,A,2024-11-19
2017-02-23,0.0,48.5,68.0,87.5,43.6,2.52,35.45,20.18,J17WL,686.99,A,2024-11-19
2017-02-24,0.0,49.8,69.7,89.5,53.4,0.13,35.84,20.2,J17WL,687.19,A,2024-11-19
2017-02-25,0.0,48.5,65.5,82.5,33.9,0.76,33.32,20.72,J17WL,687.17,A,2024-11-19
2017-02-26,0.0,44.3,54.8,65.2,31.2,2.66,16.24,20.71,J17WL,687.33,A,2024-11-19
2017-02-27,0.0,52.3,64.5,76.6,60.4,1.64,11.84,8.3,J17WL,687.18,A,2024-11-19
2017-02-28,0.0,67.4,73.7,80.1,65.5,1.38,14.77,9.93,J17WL,686.94,A,2024-11-19
2017-03-01,0.0,62.9,71.4,79.9,66.5,0.26,12.06,5.36,J17WL,686.66,A,2024-11-19
2017-03-02,0.0,48.8,62.1,75.4,34.0,1.56,22.79,18.43,J17WL,686.55,A,2024-11-19
2017-03-03,0.0,46.6,56.5,66.3,23.5,5.83,18.09,19.73,J17WL,686.15,A,2024-11-19
2017-03-04,0.0,46.5,56.0,65.4,36.4,4.53,16.31,10.87,J17WL,686.27,A,2024-11-19
2017-03-05,1.24,56.1,58.1,60.1,56.7,0.31,3.96,1.4,J17WL,686.64,A,2024-11-19
2017-03-06,0.02,60.3,65.5,70.8,63.2,0.1,5.72,6.67,J17WL,686.83,A,2024-11-19
2017-03-07,0.0,65.7,73.1,80.5,66.6,0.77,14.29,10.5,J17WL,686.62,A,2024-11-19
2017-03-08,0.0,60.6,67.7,74.9,48.3,1.03,14.14,7.03,J17WL,686.54,A,2024-11-19
2017-03-09,0.02,58.6,64.7,70.9,57.4,0.65,9.85,7.1,J17WL,686.6,A,2024-11-19
2017-03-10,0.14,61.4,70.3,79.2,65.3,0.04,11.99,7.88,J17WL,686.58,A,2024-11-19
2017-03-11,0.08,62.1,69.0,75.9,63.5,0.11,8.47,7.24,J17WL,686.63,A,2024-11-19
2017-03-12,0.05,52.6,61.3,69.9,61.3,0.16,3.56,6.53,J17WL,686.68,A,2024-11-19
2017-03-13,0.02,50.2,54.6,59.1,48.5,0.55,5.11,10.17,J17WL,686.71,A,2024-11-19
2017-03-14,0.02,45.7,58.2,70.6,47.9,0.32,14.84,14.98,J17WL,686.35,A,2024-11-19
2017-03-15,0.0,45.2,58.5,71.7,43.5,0.93,16.47,22.73,J17WL,686.48,A,2024-11-19
2017-03-16,0.0,47.2,59.6,72.0,55.6,0.36,12.13,13.42,J17WL,686.32,A,2024-11-19
2017-03-17,0.0,61.5,70.1,78.6,61.9,1.3,14.82,10.96,J17WL,686.02,A,2024-11-19
2017-03-18,0.0,61.1,71.1,81.1,62.3,0.56,17.69,14.82,J17WL,685.91,A,2024-11-19
2017-03-19,0.0,62.8,72.0,81.2,63.7,0.65,16.84,11.91,J17WL,685.74,A,2024-11-19
2017-03-20,0.0,63.0,72.4,81.7,62.9,0.5,18.12,20.41,J17WL,685.55,A,2024-11-19
2017-03-21,0.0,59.8,71.5,83.3,59.1,0.46,25.73,18.34,J17WL,685.11,A,2024-11-19
2017-03-22,0.0,61.9,72.3,82.7,62.8,0.59,18.72,18.84,J17WL,685.01,A,2024-11-19
2017-03-23,0.0,64.2,72.9,81.7,63.0,0.89,18.57,12.79,J17WL,684.71,A,2024-11-19
2017-03-24,0.0,65.3,73.9,82.5,58.9,1.55,25.15,20.87,J17WL,684.09,A,2024-11-19
2017-03-25,0.0,55.9,69.5,83.1,51.8,2.46,29.43,15.23,J17WL,683.65,A,2024-11-19
2017-03-26,0.0,58.0,71.1,84.2,49.9,0.82,30.63,23.84,J17WL,683.39,A,2024-11-19
2017-03-27,0.0,64.3,75.0,85.8,64.0,0.65,26.05,21.54,J17WL,682.74,A,2024-11-19
2017-03-28,0.0,67.1,74.4,81.7,67.1,0.97,13.55,17.43,J17WL,682.28,A,2024-11-19
2017-03-29,0.8,60.1,71.8,83.5,64.1,0.52,21.25,9.73,J17WL,682.15,A,2024-11-19
2017-03-30,0.0,52.4,67.9,83.4,48.6,0.22,30.32,23.69,J17WL,682.23,A,2024-11-19
2017-03-31,0.0,52.4,66.0,79.6,46.8,1.36,24.74,24.69,J17WL,682.31,A,2024-11-19
2017-04-01,0.0,53.6,69.9,86.3,58.3,1.0,28.98,23.94,J17WL,682.23,A,2024-11-19
2017-04-02,0.02,67.3,73.9,80.4,67.3,1.09,12.07,10.43,J17WL,682.41,A,2024-11-19
2017-04-03,0.68,51.1,65.1,79.2,57.0,0.59,16.53,18.7,J17WL,682.21,A,2024-11-19
2017-04-04,0.0,52.8,68.8,84.7,51.7,1.12,28.69,24.33,J17WL,682.3,A,2024-11-19
2017-04-05,0.0,54.1,70.8,87.5,50.6,2.24,30.51,23.26,J17WL,682.07,A,2024-11-19
2017-04-06,0.0,45.7,59.6,73.4,39.7,2.09,20.37,25.25,J17WL,681.81,A,2024-11-19
2017-04-07,0.0,46.9,61.4,75.9,42.8,1.93,21.85,23.2,J17WL,681.65,A,2024-11-19
2017-04-08,0.0,50.2,64.5,78.8,50.1,1.25,22.97,24.52,J17WL,681.58,A,2024-11-19
2017-04-09,0.0,58.9,70.0,81.2,60.9,1.29,18.74,18.0,J17WL,681.65,A,2024-11-19
2017-04-10,0.0,65.7,74.4,83.1,66.0,1.51,17.52,12.51,J17WL,681.31,A,2024-11-19
2017-04-11,0.02,71.1,76.6,82.1,69.6,1.43,12.81,8.92,J17WL,681.27,A,2024-11-19
2017-04-12,0.98,62.3,69.7,77.0,64.0,0.81,6.59,4.65,J17WL,681.37,A,2024-11-19
2017-04-13,0.04,62.6,70.6,78.6,63.8,0.88,13.99,16.21,J17WL,681.56,A,2024-11-19
2017-04-14,0.0,64.0,72.4,80.9,63.6,0.85,16.5,16.08,J17WL,681.63,A,2024-11-19
2017-04-15,0.0,65.4,73.3,81.2,63.3,1.33,18.03,18.04,J17WL,681.35,A,2024-11-19
2017-04-16,0.0,68.5,75.5,82.5,66.0,1.65,16.81,15.71,J17WL,681.55,A,2024-11-19
2017-04-17,0.0,68.8,75.7,82.5,66.9,1.38,15.53,11.68,J17WL,681.43,A,2024-11-19
2017-04-18,0.18,58.9,67.4,76.0,63.6,0.56,8.89,8.44,J17WL,681.32,A,2024-11-19
2017-04-19,0.0,60.4,70.6,80.8,63.9,1.05,16.3,22.09,J17WL,681.04,A,2024-11-19
2017-04-20,0.0,66.9,75.2,83.6,65.2,1.03,20.36,21.25,J17WL,681.15,A,2024-11-19
2017-04-21,0.0,70.7,78.4,86.1,66.3,2.76,22.19,20.04,J17WL,680.88,A,2024-11-19
2017-04-22,0.0,68.9,77.8,86.7,66.2,1.8,22.61,21.54,J17WL,680.49,A,2024-11-19
2017-04-23,0.0,52.3,62.2,72.1,49.6,2.8,11.14,9.14,J17WL,680.62,A,2024-11-19
2017-04-24,0.0,48.9,62.6,76.4,42.3,1.76,22.91,27.61,J17WL,680.05,A,2024-11-19
2017-04-25,0.0,52.5,66.7,80.9,53.0,1.37,23.13,25.5,J17WL,679.32,A,2024-11-19
2017-04-26,0.0,66.5,78.4,90.2,68.5,2.17,26.19,19.65,J17WL,679.02,A,2024-11-19
2017-04-27,0.0,54.1,72.8,91.4,46.9,3.39,42.3,26.14,J17WL,678.32,A,2024-11-19
2017-04-28,0.0,56.7,71.2,85.7,56.8,2.65,29.28,25.4,J17WL,678.15,A,2024-11-19
2017-04-29,0.0,71.8,82.5,93.3,69.8,3.23,30.67,22.52,J17WL,677.51,A,2024-11-19
2017-04-30,0.12,55.3,73.3,91.3,59.2,2.41,25.0,17.6,J17WL,677.59,A,2024-11-19
2017-05-01,0.0,48.9,63.6,78.3,39.8,2.19,26.01,28.03,J17WL,677.19,A,2024-11-19
2017-05-02,0.0,55.2,72.0,88.7,49.2,1.41,36.08,27.95,J17WL,676.39,A,2024-11-19
2017-05-03,0.0,62.3,76.2,90.1,61.2,1.87,33.54,27.18,J17WL,675.93,A,2024-11-19
2017-05-04,0.0,54.7,72.0,89.2,59.0,2.53,23.76,15.17,J17WL,675.48,A,2024-11-19
2017-05-05,0.0,48.8,64.2,79.5,40.4,3.25,27.25,28.3,J17WL,674.82,A,2024-11-19
2017-05-06,0.0,50.9,67.7,84.5,42.5,2.66,32.67,28.02,J17WL,674.56,A,2024-11-19
2017-05-07,0.0,55.9,71.6,87.3,52.1,2.01,32.1,27.12,J17WL,674.42,A,2024-11-19
2017-05-08,0.0,62.8,74.4,86.0,57.4,2.5,27.67,26.68,J17WL,673.6,A,2024-11-19
2017-05-09,0.0,65.9,71.8,77.6,63.4,2.36,13.02,6.51,J17WL,673.18,A,2024-11-19
2017-05-10,0.08,69.9,73.5,77.1,69.0,1.49,7.86,4.85,J17WL,672.88,A,2024-11-19
2017-05-11,0.0,69.6,76.0,82.4,68.6,1.11,13.74,9.17,J17WL,673.01,A,2024-11-19
2017-05-12,0.0,66.6,76.0,85.4,67.6,1.33,18.53,11.29,J17WL,672.61,A,2024-11-19
2017-05-13,0.0,56.3,71.8,87.3,51.5,2.46,32.41,27.57,J17WL,672.29,A,2024-11-19
2017-05-14,0.0,60.4,74.9,89.3,54.6,2.96,34.26,28.08,J17WL,672.24,A,2024-11-19
2017-05-15,0.0,66.0,78.5,91.0,62.2,1.74,31.05,26.86,J17WL,671.75,A,2024-11-19
2017-05-16,0.0,69.6,80.0,90.4,65.9,2.23,27.56,23.97,J17WL,671.11,A,2024-11-19
2017-05-17,0.0,70.5,75.8,81.0,68.8,1.94,11.83,5.76,J17WL,671.14,A,2024-11-19
2017-05-18,0.11,68.8,78.2,87.6,68.9,1.04,28.86,19.72,J17WL,671.11,A,2024-11-19
2017-05-19,0.0,75.6,83.2,90.8,71.2,2.69,24.02,15.27,J17WL,670.91,A,2024-11-19
2017-05-20,0.0,73.8,82.5,91.1,69.9,2.17,26.27,13.43,J17WL,670.83,A,2024-11-19
2017-05-21,0.0,71.1,75.5,80.0,68.5,2.38,10.46,4.48,J17WL,671.35,A,2024-11-19
2017-05-22,0.36,63.6,69.9,76.3,63.3,0.92,10.67,7.17,J17WL,671.97,A,2024-11-19
2017-05-23,0.0,65.0,70.7,76.4,65.4,1.42,8.46,9.82,J17WL,672.0,A,2024-11-19
2017-05-24,0.0,53.1,68.9,84.7,57.1,1.82,21.74,20.05,J17WL,671.88,A,2024-11-19
2017-05-25,0.0,57.6,71.9,86.2,48.5,4.04,32.61,29.23,J17WL,671.49,A,2024-11-19
2017-05-26,0.0,63.0,78.3,93.6,66.0,1.78,33.86,28.71,J17WL,671.28,A,2024-11-19
2017-05-27,0.0,76.9,84.0,91.1,74.0,2.09,23.47,12.33,J17WL,671.05,A,2024-11-19
2017-05-28,0.0,73.3,85.4,97.4,73.7,1.41,34.1,22.07,J17WL,671.37,A,2024-11-19
2017-05-29,0.09,71.1,81.7,92.4,70.2,1.9,23.36,16.52,J17WL,671.56,A,2024-11-19
2017-05-30,0.18,69.8,78.1,86.4,67.1,2.03,24.0,21.79,J17WL,670.94,A,2024-11-19
2017-05-31,0.76,67.8,78.2,88.6,67.0,1.08,25.58,17.97,J17WL,671.85,A,2024-11-19
2017-06-01,0.39,66.7,74.7,82.7,68.0,0.9,14.41,11.69,J17WL,672.65,A,2024-11-19
2017-06-02,0.0,69.8,78.9,88.0,70.6,1.58,21.15,21.19,J17WL,673.09,A,2024-11-19
2017-06-03,0.03,73.9,81.4,88.9,70.9,1.86,22.21,16.01,J17WL,673.72,A,2024-11-19
2017-06-04,0.01,68.6,78.5,88.3,68.3,1.38,22.11,19.64,J17WL,674.14,A,2024-11-19
2017-06-05,0.32,69.3,79.0,88.7,68.4,1.47,22.98,18.69,J17WL,674.16,A,2024-11-19
2017-06-06,0.25,70.3,80.9,91.5,67.8,2.42,30.55,21.81,J17WL,674.16,A,2024-11-19
2017-06-07,0.0,66.9,79.4,92.0,63.8,2.59,33.99,26.83,J17WL,673.98,A,2024-11-19
2017-06-08,0.0,67.8,81.1,94.4,60.8,3.91,41.43,26.73,J17WL,673.9,A,2024-11-19
2017-06-09,0.0,73.3,83.2,93.2,66.4,2.69,33.79,26.17,J17WL,673.5,A,2024-11-19
2017-06-10,0.03,68.9,79.9,90.9,68.3,2.49,25.38,22.17,J17WL,673.01,A,2024-11-19
2017-06-11,0.0,70.8,80.5,90.1,68.0,1.59,24.84,22.7,J17WL,672.76,A,2024-11-19
2017-06-12,0.0,70.5,80.9,91.2,66.9,1.45,31.6,27.02,J17WL,672.13,A,2024-11-19
2017-06-13,0.0,71.9,81.9,91.9,68.2,1.42,30.71,28.45,J17WL,670.95,A,2024-11-19
2017-06-14,0.0,76.0,85.5,94.9,71.2,2.86,34.28,25.24,J17WL,669.96,A,2024-11-19
2017-06-15,0.0,76.8,85.8,94.9,71.1,3.2,34.23,19.84,J17WL,669.09,A,2024-11-19
2017-06-16,0.0,76.0,86.2,96.3,70.9,2.5,36.13,27.5,J17WL,668.13,A,2024-11-19
2017-06-17,0.0,75.7,86.7,97.7,71.7,2.81,36.62,26.38,J17WL,667.59,A,2024-11-19
2017-06-18,0.0,76.1,87.8,99.6,72.3,3.24,40.57,27.49,J17WL,667.26,A,2024-11-19
2017-06-19,0.0,75.8,87.1,98.3,71.1,3.13,40.39,27.07,J17WL,666.68,A,2024-11-19
2017-06-20,0.0,75.7,84.1,92.5,69.5,4.68,28.38,19.35,J17WL,665.73,A,2024-11-19
2017-06-21,0.0,72.4,84.6,96.8,67.6,4.14,39.8,24.39,J17WL,665.15,A,2024-11-19
2017-06-22,0.0,69.3,83.1,97.0,60.5,4.28,46.43,29.51,J17WL,664.34,A,2024-11-19
2017-06-23,0.0,73.9,86.9,99.9,65.2,3.29,51.5,25.28,J17WL,663.56,A,2024-11-19
2017-06-24,0.0,77.7,89.2,100.7,72.3,2.91,42.91,27.13,J17WL,662.97,A,2024-11-19
2017-06-25,0.0,73.4,80.2,87.0,69.7,3.06,19.5,12.94,J17WL,663.73,A,2024-11-19
2017-06-26,0.02,72.6,79.7,86.8,71.1,1.86,17.74,15.48,J17WL,664.17,A,2024-11-19
2017-06-27,0.33,74.0,82.6,91.2,71.2,1.45,26.97,19.86,J17WL,664.15,A,2024-11-19
2017-06-28,0.1,70.0,78.8,87.6,70.7,1.11,19.9,16.74,J17WL,664.53,A,2024-11-19
2017-06-29,0.0,72.0,81.5,91.1,70.6,1.21,26.55,19.07,J17WL,664.67,A,2024-11-19
2017-06-30,0.0,75.1,86.5,97.9,73.4,1.0,36.91,26.2,J17WL,663.89,A,2024-11-19
2017-07-01,0.0,78.7,87.9,97.0,73.6,4.18,34.18,24.1,J17WL,663.48,A,2024-11-19
2017-07-02,0.0,78.1,87.0,95.9,71.8,3.14,35.73,25.99,J17WL,663.73,A,2024-11-19
2017-07-03,0.0,76.8,87.1,97.4,71.5,3.15,38.46,25.88,J17WL,663.41,A,2024-11-19
2017-07-04,0.0,78.1,87.9,97.6,71.9,4.76,37.58,25.29,J17WL,662.25,A,2024-11-19
2017-07-05,0.0,77.1,87.6,98.1,71.5,3.37,40.05,26.52,J17WL,661.53,A,2024-11-19
2017-07-06,0.0,77.1,86.7,96.4,69.3,3.44,39.55,27.56,J17WL,660.62,A,2024-11-19
2017-07-07,0.0,75.9,85.9,95.9,70.3,2.91,36.32,26.1,J17WL,660.2,A,2024-11-19
2017-07-08,0.0,73.5,84.9,96.2,69.6,2.81,36.35,26.53,J17WL,659.87,A,2024-11-19
2017-07-09,0.0,74.1,85.6,97.1,67.2,4.9,40.53,27.39,J17WL,659.95,A,2024-11-19
2017-07-10,0.0,73.2,85.5,97.7,64.5,6.63,42.75,27.52,J17WL,659.33,A,2024-11-19
2017-07-11,0.0,74.4,86.2,98.1,65.9,2.09,43.11,27.6,J17WL,658.47,A,2024-11-19
2017-07-12,0.0,75.3,86.6,97.9,68.5,2.57,43.04,26.31,J17WL,658.3,A,2024-11-19
2017-07-13,0.0,74.9,83.8,92.8,71.5,1.66,27.81,15.98,J17WL,658.11,A,2024-11-19
2017-07-14,0.0,75.0,84.9,94.7,72.0,1.49,31.49,20.23,J17WL,657.81,A,2024-11-19
2017-07-15,0.0,74.7,85.8,96.9,69.1,2.15,39.5,26.59,J17WL,658.11,A,2024-11-19
2017-07-16,0.1,71.9,85.7,99.4,69.3,1.89,44.54,23.35,J17WL,659.32,A,2024-11-19
2017-07-17,0.0,75.1,85.8,96.5,68.8,4.35,37.16,25.49,J17WL,659.1,A,2024-11-19
2017-07-18,0.0,76.3,85.9,95.5,69.7,3.69,34.36,25.35,J17WL,658.36,A,2024-11-19
2017-07-19,0.0,75.6,86.1,96.6,68.9,2.71,38.34,24.46,J17WL,657.74,A,2024-11-19
2017-07-20,0.0,75.5,86.7,98.0,71.0,1.87,38.86,24.71,J17WL,656.63,A,2024-11-19
2017-07-21,0.0,75.9,87.9,99.9,69.5,2.78,44.66,27.33,J17WL,656.72,A,2024-11-19
2017-07-22,0.0,75.9,87.9,100.0,68.5,2.71,46.12,27.4,J17WL,656.45,A,2024-11-19
2017-07-23,0.0,76.0,88.0,100.0,70.1,2.67,45.29,26.42,J17WL,657.05,A,2024-11-19
2017-07-24,0.0,78.0,89.3,100.5,69.6,3.79,45.35,23.91,J17WL,656.34,A,2024-11-19
2017-07-25,0.0,77.7,88.9,100.1,68.6,3.55,48.83,26.21,J17WL,655.16,A,2024-11-19
2017-07-26,0.0,75.7,87.5,99.2,71.0,3.07,42.92,20.92,J17WL,654.54,A,2024-11-19
2017-07-27,0.0,73.3,86.9,100.4,68.0,2.92,47.04,25.93,J17WL,654.25,A,2024-11-19
2017-07-28,0.0,74.0,86.8,99.5,67.9,2.2,44.09,26.97,J17WL,653.93,A,2024-11-19
2017-07-29,0.0,75.2,88.1,100.9,66.1,2.38,51.13,26.85,J17WL,653.95,A,2024-11-19
2017-07-30,0.0,75.9,89.8,103.7,64.8,3.69,57.9,27.25,J17WL,654.4,A,2024-11-19
2017-07-31,0.0,80.0,91.9,103.8,68.9,8.59,52.53,24.91,J17WL,653.77,A,2024-11-19
2017-08-01,0.0,74.6,85.8,97.0,67.1,3.33,38.73,20.89,J17WL,652.95,A,2024-11-19
2017-08-02,0.0,75.7,86.5,97.3,65.1,4.16,43.42,24.21,J17WL,652.85,A,2024-11-19
2017-08-03,0.25,75.1,84.7,94.4,70.9,2.46,33.95,17.66,J17WL,653.45,A,2024-11-19
2017-08-04,0.07,75.0,84.2,93.3,72.1,2.38,28.66,18.29,J17WL,653.93,A,2024-11-19
2017-08-05,0.0,77.5,87.7,97.8,69.9,3.28,40.79,25.37,J17WL,654.25,A,2024-11-19
2017-08-06,0.26,78.1,87.9,97.7,71.8,3.25,37.27,21.45,J17WL,654.8,A,2024-11-19
2017-08-07,1.68,74.9,86.1,97.2,73.8,2.64,35.84,17.07,J17WL,656.98,A,2024-11-19
2017-08-08,2.9,71.2,78.7,86.2,71.4,0.65,18.35,12.48,J17WL,658.8,A,2024-11-19
2017-08-09,0.0,75.4,83.5,91.7,71.1,3.63,27.04,20.56,J17WL,659.37,A,2024-11-19
2017-08-10,0.0,76.5,85.2,94.0,71.6,3.32,31.54,20.15,J17WL,660.0,A,2024-11-19
2017-08-11,0.06,75.2,85.2,95.1,71.7,2.84,32.0,23.29,J17WL,660.27,A,2024-11-19
2017-08-12,0.0,77.7,86.6,95.5,72.1,3.13,32.36,23.23,J17WL,660.64,A,2024-11-19
2017-08-13,0.0,75.5,86.4,97.3,71.2,2.41,38.26,26.6,J17WL,661.08,A,2024-11-19
2017-08-14,0.0,75.4,86.4,97.4,70.7,2.56,39.44,26.51,J17WL,660.61,A,2024-11-19
2017-08-15,0.0,76.7,87.1,97.5,70.6,3.89,40.17,25.78,J17WL,660.13,A,2024-11-19
2017-08-16,0.0,77.9,87.6,97.3,72.4,4.31,37.3,22.61,J17WL,659.28,A,2024-11-19
2017-08-17,0.0,79.5,88.5,97.5,72.6,4.56,37.6,24.66,J17WL,658.85,A,2024-11-19
2017-08-18,0.0,78.2,87.7,97.1,71.4,4.08,37.58,25.76,J17WL,658.37,A,2024-11-19
2017-08-19,0.0,77.4,87.3,97.2,71.2,3.26,37.0,25.87,J17WL,658.78,A,2024-11-19
2017-08-20,0.0,77.1,86.9,96.7,69.6,3.34,37.01,25.9,J17WL,658.94,A,2024-11-19
2017-08-21,0.0,75.8,86.2,96.5,70.0,2.85,37.54,25.68,J17WL,658.42,A,2024-11-19
2017-08-22,0.0,74.8,84.5,94.1,70.9,2.12,32.06,21.14,J17WL,657.89,A,2024-11-19
2017-08-23,0.0,73.3,84.6,95.9,69.3,1.95,36.44,23.73,J17WL,657.47,A,2024-11-19
2017-08-24,0.0,75.7,86.3,96.9,69.2,4.29,39.93,23.18,J17WL,657.6,A,2024-11-19
2017-08-25,0.03,75.4,83.2,91.0,71.5,3.85,23.89,15.08,J17WL,659.45,A,2024-11-19
2017-08-26,0.26,74.1,80.5,87.0,71.0,2.41,19.81,12.25,J17WL,661.61,A,2024-11-19
2017-08-27,1.42,73.4,74.6,75.9,72.0,1.28,3.69,3.96,J17WL,663.54,A,2024-11-19
2017-08-28,0.28,72.7,74.0,75.3,68.7,2.87,6.44,7.71,J17WL,664.41,A,2024-11-19
2017-08-29,0.0,72.1,78.9,85.6,65.0,6.23,22.17,16.61,J17WL,664.95,A,2024-11-19
2017-08-30,0.0,67.0,77.4,87.9,63.7,3.68,26.11,22.79,J17WL,664.98,A,2024-11-19
2017-08-31,0.0,64.9,77.8,90.7,61.5,2.95,32.72,23.81,J17WL,664.71,A,2024-11-19
2017-09-01,0.0,66.4,79.3,92.3,61.2,2.64,36.45,24.79,J17WL,663.39,A,2024-11-19
2017-09-02,0.0,67.4,79.7,91.9,65.2,1.94,31.85,22.58,J17WL,663.15,A,2024-11-19
2017-09-03,0.0,67.5,79.1,90.6,66.5,1.43,28.3,22.85,J17WL,663.03,A,2024-11-19
2017-09-04,0.0,68.1,79.2,90.3,66.9,1.12,27.26,22.55,J17WL,662.62,A,2024-11-19
2017-09-05,0.0,70.8,80.7,90.6,70.0,1.46,27.14,22.25,J17WL,661.5,A,2024-11-19
2017-09-06,0.0,72.2,81.8,91.3,67.5,1.12,28.15,18.64,J17WL,661.08,A,2024-11-19
2017-09-07,0.0,58.8,72.0,85.2,52.5,4.06,29.78,22.26,J17WL,660.96,A,2024-11-19
2017-09-08,0.0,58.5,71.0,83.5,51.0,3.63,28.45,24.81,J17WL,660.11,A,2024-11-19
2017-09-09,0.0,60.3,72.6,84.9,56.1,3.09,26.76,23.61,J17WL,660.67,A,2024-11-19
2017-09-10,0.0,60.5,73.0,85.5,56.3,2.73,26.66,24.12,J17WL,660.58,A,2024-11-19
2017-09-11,0.0,59.8,72.6,85.5,56.7,2.17,26.23,23.11,J17WL,660.31,A,2024-11-19
2017-09-12,0.0,58.8,72.2,85.6,55.8,2.41,27.5,22.33,J17WL,659.45,A,2024-11-19
2017-09-13,0.0,58.3,75.9,93.5,54.0,2.33,42.75,23.4,J17WL,659.12,A,2024-11-19
2017-09-14,0.0,63.7,79.0,94.4,64.1,1.09,38.6,21.58,J17WL,658.69,A,2024-11-19
2017-09-15,0.0,72.2,83.8,95.4,67.7,1.38,36.9,22.08,J17WL,658.43,A,2024-11-19
2017-09-16,0.0,72.3,82.4,92.4,68.1,1.78,31.55,21.47,J17WL,658.73,A,2024-11-19
2017-09-17,0.0,72.9,82.7,92.5,68.7,1.56,30.74,20.97,J17WL,658.98,A,2024-11-19
2017-09-18,0.0,74.4,83.5,92.5,69.7,1.94,30.35,21.15,J17WL,658.58,A,2024-11-19
2017-09-19,0.0,77.4,85.8,94.1,72.8,2.66,30.48,18.23,J17WL,657.81,A,2024-11-19
2017-09-20,0.0,77.4,86.1,94.7,72.4,2.71,31.34,16.09,J17WL,657.47,A,2024-11-19
2017-09-21,0.0,78.0,87.1,96.2,72.8,3.47,34.16,18.59,J17WL,656.96,A,2024-11-19
2017-09-22,0.0,74.5,84.4,94.2,72.0,1.55,30.08,17.24,J17WL,656.93,A,2024-11-19
2017-09-23,0.0,72.8,82.1,91.4,71.4,0.91,26.43,14.99,J17WL,658.02,A,2024-11-19
2017-09-24,0.0,73.1,81.9,90.7,71.0,1.03,25.83,15.8,J17WL,658.61,A,2024-11-19
2017-09-25,0.26,73.8,82.3,90.8,71.7,1.14,24.78,12.6,J17WL,658.45,A,2024-11-19
2017-09-26,0.64,73.7,80.0,86.3,72.7,0.79,17.32,11.81,J17WL,659.78,A,2024-11-19
2017-09-27,1.87,71.3,74.6,77.8,72.8,0.44,3.17,3.68,J17WL,661.01,A,2024-11-19
2017-09-28,0.51,71.8,76.2,80.5,72.5,0.75,7.48,5.93,J17WL,662.66,A,2024-11-19
2017-09-29,0.19,71.9,74.8,77.6,71.5,1.2,5.22,5.67,J17WL,663.71,A,2024-11-19
2017-09-30,0.05,67.8,72.0,76.2,67.4,1.6,6.21,5.15,J17WL,664.77,A,2024-11-19
2017-10-01,0.0,65.1,75.4,85.7,61.5,2.36,24.1,20.01,J17WL,665.53,A,2024-11-19
2017-10-02,0.0,63.6,75.2,86.7,65.0,1.27,23.32,20.35,J17WL,665.43,A,2024-11-19
2017-10-03,0.0,69.8,78.5,87.3,69.1,0.92,22.65,17.61,J17WL,665.11,A,2024-11-19
2017-10-04,0.2,75.0,80.3,85.6,74.6,1.28,13.29,9.78,J17WL,665.39,A,2024-11-19
2017-10-05,0.06,70.8,78.6,86.5,71.1,0.94,17.97,11.65,J17WL,665.6,A,2024-11-19
2017-10-06,0.0,69.1,78.1,87.1,68.5,0.89,22.38,16.81,J17WL,665.56,A,2024-11-19
2017-10-07,0.0,66.2,76.1,86.0,66.6,0.93,21.47,16.74,J17WL,666.08,A,2024-11-19
2017-10-08,0.0,67.4,76.7,86.0,68.6,1.31,19.02,13.88,J17WL,666.19,A,2024-11-19
2017-10-09,0.0,70.2,80.0,89.8,69.3,0.86,23.8,18.81,J17WL,666.11,A,2024-11-19
2017-10-10,0.0,67.4,79.0,90.6,71.2,1.37,23.81,18.8,J17WL,665.12,A,2024-11-19
2017-10-11,0.0,61.5,68.2,74.9,48.0,8.37,17.1,14.94,J17WL,665.27,A,2024-11-19
2017-10-12,0.0,59.9,68.8,77.8,52.1,2.91,19.94,13.24,J17WL,665.27,A,2024-11-19
2017-10-13,0.0,62.0,73.9,85.7,65.1,0.82,20.01,18.36,J17WL,664.77,A,2024-11-19
2017-10-14,0.0,72.5,80.2,87.9,70.5,1.18,21.17,18.08,J17WL,664.84,A,2024-11-19
2017-10-15,0.0,71.6,80.4,89.1,70.7,1.02,22.82,15.3,J17WL,665.12,A,2024-11-19
2017-10-16,0.0,60.4,69.9,79.4,53.2,2.14,19.16,13.86,J17WL,664.6,A,2024-11-19
2017-10-17,0.0,47.2,62.3,77.3,41.4,2.42,24.43,20.18,J17WL,663.99,A,2024-11-19
2017-10-18,0.0,46.0,62.0,78.1,44.6,1.42,22.99,19.82,J17WL,663.72,A,2024-11-19
2017-10-19,0.0,47.0,64.4,81.8,50.3,0.92,25.77,18.66,J17WL,663.6,A,2024-11-19
2017-10-20,0.0,60.4,72.0,83.6,62.2,1.73,21.72,14.95,J17WL,663.25,A,2024-11-19
2017-10-21,0.0,68.5,74.0,79.5,67.5,1.23,11.24,7.57,J17WL,663.7,A,2024-11-19
2017-10-22,0.0,72.0,80.4,88.7,69.9,1.55,24.46,14.57,J17WL,663.89,A,2024-11-19
2017-10-23,0.09,50.4,65.7,80.9,51.5,1.42,26.42,17.96,J17WL,663.39,A,2024-11-19
2017-10-24,0.0,50.9,66.4,81.9,48.5,1.95,25.4,18.57,J17WL,662.89,A,2024-11-19
2017-10-25,0.0,43.7,60.9,78.0,33.7,3.17,27.46,15.47,J17WL,662.64,A,2024-11-19
2017-10-26,0.0,45.0,62.6,80.2,36.0,2.97,29.05,18.65,J17WL,662.36,A,2024-11-19
2017-10-27,0.0,46.7,65.3,83.9,49.1,2.09,29.46,18.34,J17WL,662.21,A,2024-11-19
2017-10-28,0.0,39.2,52.0,64.8,26.8,4.16,15.0,15.0,J17WL,662.33,A,2024-11-19
2017-10-29,0.0,33.7,49.1,64.5,20.8,2.09,18.03,17.18,J17WL,662.99,A,2024-11-19
2017-10-30,0.0,34.8,54.1,73.4,27.5,2.07,23.62,18.08,J17WL,662.41,A,2024-11-19
2017-10-31,0.0,42.3,61.2,80.0,45.2,1.83,26.11,17.65,J17WL,662.07,A,2024-11-19
2017-11-01,0.27,55.1,58.0,60.8,50.5,0.25,9.14,3.7,J17WL,662.51,A,2024-11-19
2017-11-02,0.0,58.6,70.7,82.8,62.7,0.33,19.37,14.76,J17WL,662.43,A,2024-11-19
2017-11-03,0.0,70.3,78.1,85.9,70.5,0.84,17.77,8.46,J17WL,662.4,A,2024-11-19
2017-11-04,0.02,72.7,79.2,85.7,70.2,1.46,19.67,9.94,J17WL,662.56,A,2024-11-19
2017-11-05,0.0,68.6,76.7,84.8,69.0,0.97,17.38,6.55,J17WL,662.76,A,2024-11-19
2017-11-06,0.0,69.1,79.6,90.2,66.3,1.74,30.44,13.9,J17WL,662.22,A,2024-11-19
2017-11-07,0.0,68.3,78.3,88.3,64.5,1.66,29.41,14.44,J17WL,661.9,A,2024-11-19
2017-11-08,0.0,55.4,69.7,84.0,57.3,2.55,18.17,10.49,J17WL,661.67,A,2024-11-19
2017-11-09,0.07,47.4,52.3,57.1,43.6,0.82,7.04,3.71,J17WL,661.88,A,2024-11-19
2017-11-10,0.0,49.1,55.3,61.5,47.9,1.76,6.82,6.68,J17WL,662.04,A,2024-11-19
2017-11-11,0.03,53.2,58.5,63.7,49.6,2.2,8.04,5.93,J17WL,662.29,A,2024-11-19
2017-11-12,0.11,58.0,66.4,74.8,62.5,0.41,10.66,5.95,J17WL,662.8,A,2024-11-19
2017-11-13,0.34,65.4,68.0,70.6,67.0,0.41,2.05,3.55,J17WL,662.78,A,2024-11-19
2017-11-14,0.0,63.7,71.1,78.5,62.4,0.82,14.56,11.18,J17WL,662.74,A,2024-11-19
2017-11-15,0.0,63.0,70.4,77.7,63.2,0.68,13.25,6.63,J17WL,662.69,A,2024-11-19
2017-11-16,0.0,64.9,72.1,79.4,64.6,1.29,13.97,7.08,J17WL,662.69,A,2024-11-19
2017-11-17,0.0,66.6,75.2,83.8,65.7,0.76,19.91,11.37,J17WL,662.59,A,2024-11-19
2017-11-18,0.0,67.8,76.4,84.9,66.3,1.05,20.58,11.42,J17WL,662.82,A,2024-11-19
2017-11-19,0.0,44.6,65.3,86.0,44.6,2.4,29.53,13.37,J17WL,662.75,A,2024-11-19
2017-11-20,0.0,41.2,52.9,64.5,31.6,1.8,16.16,15.01,J17WL,662.9,A,2024-11-19
2017-11-21,0.0,40.7,54.9,69.0,40.9,1.12,17.58,14.51,J17WL,662.58,A,2024-11-19
2017-11-22,0.0,48.4,61.7,75.0,47.9,0.9,17.37,10.26,J17WL,662.2,A,2024-11-19
2017-11-23,0.0,35.1,51.2,67.2,30.4,1.89,16.85,14.65,J17WL,662.04,A,2024-11-19
2017-11-24,0.0,34.5,52.8,71.1,30.2,1.76,20.93,14.86,J17WL,662.44,A,2024-11-19
2017-11-25,0.0,38.5,57.2,75.9,39.0,1.01,22.79,14.41,J17WL,662.53,A,2024-11-19
2017-11-26,0.0,43.2,62.9,82.6,49.3,1.03,27.66,14.2,J17WL,662.5,A,2024-11-19
2017-11-27,0.0,49.8,64.1,78.4,52.5,0.96,19.41,12.97,J17WL,662.1,A,2024-11-19
2017-11-28,0.0,48.2,63.0,77.8,52.7,0.23,19.33,13.47,J17WL,661.67,A,2024-11-19
2017-11-29,0.0,47.9,64.1,80.3,52.1,0.28,23.58,13.88,J17WL,661.36,A,2024-11-19
2017-11-30,0.0,46.1,59.7,73.3,42.2,1.47,18.37,9.73,J17WL,661.43,A,2024-11-19
2017-12-01,0.0,49.7,63.2,76.6,50.7,2.32,16.44,11.98,J17WL,661.09,A,2024-11-19
2017-12-02,0.0,49.2,63.1,76.9,49.4,0.73,18.88,13.11,J17WL,661.26,A,2024-11-19
2017-12-03,0.0,49.7,64.0,78.3,57.9,0.35,17.87,12.19,J17WL,661.62,A,2024-11-19
2017-12-04,0.05,65.4,72.8,80.3,65.6,0.08,15.09,6.92,J17WL,661.4,A,2024-11-19
2017-12-05,0.0,66.8,75.2,83.5,64.9,0.96,20.14,9.68,J17WL,661.36,A,2024-11-19
2017-12-06,0.12,45.3,57.5,69.6,37.2,1.24,10.57,3.11,J17WL,661.67,A,2024-11-19
2017-12-07,1.69,38.6,41.4,44.3,38.1,0.45,1.71,1.6,J17WL,663.4,A,2024-11-19
2017-12-08,0.72,31.8,37.1,42.3,34.0,0.11,2.05,2.25,J17WL,663.79,A,2024-11-19
2017-12-09,0.0,31.7,43.3,54.9,30.8,0.67,10.02,12.74,J17WL,664.47,A,2024-11-19
2017-12-10,0.0,34.4,51.4,68.5,29.9,1.38,19.36,14.16,J17WL,664.95,A,2024-11-19
2017-12-11,0.0,33.3,50.2,67.0,31.4,0.92,17.16,12.28,J17WL,664.93,A,2024-11-19
2017-12-12,0.0,35.2,54.0,72.8,34.4,1.08,21.78,13.25,J17WL,664.63,A,2024-11-19
2017-12-13,0.0,34.3,49.9,65.4,29.4,1.09,16.42,14.26,J17WL,664.63,A,2024-11-19
2017-12-14,0.0,37.2,49.0,60.7,35.0,1.45,11.5,7.21,J17WL,664.55,A,2024-11-19
2017-12-15,0.02,43.7,53.5,63.3,36.3,1.55,12.15,5.85,J17WL,664.31,A,2024-11-19
2017-12-16,0.0,44.0,51.0,58.1,33.5,2.09,10.88,6.88,J17WL,664.96,A,2024-11-19
2017-12-17,1.17,43.8,47.1,50.5,43.2,0.06,4.4,1.95,J17WL,665.81,A,2024-11-19
2017-12-18,0.02,46.7,50.8,54.9,48.3,0.09,2.7,4.88,J17WL,665.78,A,2024-11-19
2017-12-19,0.73,50.5,55.7,61.0,55.7,0.0,0.73,1.79,J17WL,666.11,A,2024-11-19
2017-12-20,0.08,52.2,59.1,66.0,59.1,0.23,1.89,1.79,J17WL,666.53,A,2024-11-19
2017-12-21,0.0,43.5,58.4,73.2,47.6,0.0,17.14,13.38,J17WL,666.87,A,2024-11-19
2017-12-22,0.0,43.4,60.4,77.5,60.4,0.47,12.28,11.82,J17WL,666.65,A,2024-11-19
2017-12-23,0.0,41.2,58.7,76.2,49.0,0.62,8.69,4.12,J17WL,666.77,A,2024-11-19
2017-12-24,0.0,38.1,48.9,59.6,34.8,0.85,10.85,12.46,J17WL,666.83,A,2024-11-19
2017-12-25,0.0,37.5,53.6,69.6,33.7,1.34,18.68,13.6,J17WL,666.75,A,2024-11-19
2017-12-26,0.0,35.8,43.9,52.0,39.2,0.37,4.89,5.42,J17WL,666.78,A,2024-11-19
2017-12-27,0.0,40.8,46.7,52.6,45.4,0.15,1.23,2.45,J17WL,666.65,A,2024-11-19
2017-12-28,0.0,37.8,39.3,40.8,33.4,0.84,2.25,1.83,J17WL,666.3,A,2024-11-19
2017-12-29,0.0,38.4,43.9,49.5,35.6,1.06,4.86,5.31,J17WL,666.24,A,2024-11-19
2017-12-30,0.0,42.4,47.1,51.8,44.3,0.54,2.97,4.4,J17WL,666.46,A,2024-11-19
2017-12-31,0.0,47.2,55.8,64.3,48.9,1.26,6.85,6.67,J17WL,666.1,A,2024-11-19
2018-01-01,0.0,27.2,36.9,46.6,30.1,0.73,2.25,2.82,J17WL,665.94,A,2024-11-19
2018-01-02,0.0,27.1,29.2,31.3,14.6,2.04,3.07,4.33,J17WL,665.62,A,2024-11-19
2018-01-03,0.0,22.0,28.3,34.7,17.6,0.8,4.08,3.86,J17WL,665.09,A,2024-11-19
2018-01-04,0.0,21.8,39.3,56.8,21.1,0.7,12.25,14.16,J17WL,664.44,A,2024-11-19
2018-01-05,0.0,28.6,43.0,57.3,25.1,1.54,11.83,10.37,J17WL,664.79,A,2024-11-19
2018-01-06,0.0,37.4,49.1,60.8,31.2,0.99,13.11,10.1,J17WL,664.84,A,2024-11-19
2018-01-07,0.0,41.6,53.0,64.4,48.5,0.66,8.47,6.17,J17WL,665.14,A,2024-11-19
2018-01-08,0.0,51.9,59.6,67.3,50.8,0.69,8.4,3.44,J17WL,664.83,A,2024-11-19
2018-01-09,0.0,36.7,53.8,70.9,34.5,1.32,19.76,14.35,J17WL,664.77,A,2024-11-19
2018-01-10,0.0,35.6,52.7,69.8,39.4,0.2,16.8,13.81,J17WL,664.69,A,2024-11-19
2018-01-11,0.0,48.4,60.0,71.7,53.2,0.09,14.21,9.39,J17WL,664.93,A,2024-11-19
2018-01-12,0.0,39.2,56.3,73.4,31.6,0.95,19.88,11.84,J17WL,664.31,A,2024-11-19
2018-01-13,0.0,35.6,49.1,62.7,15.6,3.94,16.46,14.91,J17WL,664.66,A,2024-11-19
2018-01-14,0.0,27.5,42.2,56.9,16.4,1.53,12.99,14.82,J17WL,664.61,A,2024-11-19
2018-01-15,0.0,26.8,44.9,62.9,33.0,0.42,12.59,14.8,J17WL,664.38,A,2024-11-19
2018-01-16,0.09,30.7,50.3,69.9,42.5,0.37,14.1,9.27,J17WL,664.18,A,2024-11-19
2018-01-17,0.02,26.6,28.7,30.8,11.1,1.33,3.59,3.03,J17WL,663.43,A,2024-11-19
2018-01-18,0.0,24.4,30.4,36.4,10.9,2.42,4.93,8.66,J17WL,663.47,A,2024-11-19
2018-01-19,0.0,33.8,39.8,45.8,19.2,1.92,7.73,8.38,J17WL,663.93,A,2024-11-19
2018-01-20,0.14,40.3,45.3,50.3,45.3,0.1,1.74,3.49,J17WL,664.19,A,2024-11-19
2018-01-21,0.02,49.5,56.4,63.4,54.9,0.17,3.98,6.0,J17WL,664.69,A,2024-11-19
2018-01-22,0.0,46.0,59.1,72.2,55.4,0.29,8.75,3.62,J17WL,664.44,A,2024-11-19
2018-01-23,0.0,32.1,49.3,66.4,23.5,1.82,18.5,16.35,J17WL,664.1,A,2024-11-19
2018-01-24,0.0,31.2,47.8,64.4,23.2,1.55,17.13,12.8,J17WL,663.78,A,2024-11-19
2018-01-25,0.0,30.2,47.0,63.8,23.4,1.33,16.49,16.27,J17WL,663.83,A,2024-11-19
2018-01-26,0.0,30.8,45.3,59.8,38.4,0.91,11.46,6.65,J17WL,663.77,A,2024-11-19
2018-01-27,0.07,51.7,58.5,65.3,58.5,0.05,3.06,3.65,J17WL,664.07,A,2024-11-19
2018-01-28,0.0,52.1,61.6,71.1,55.1,0.24,10.78,6.19,J17WL,664.14,A,2024-11-19
2018-01-29,0.0,38.0,53.8,69.7,39.6,1.37,16.11,15.99,J17WL,663.88,A,2024-11-19
2018-01-30,0.0,36.7,53.4,70.2,25.9,2.33,21.39,17.34,J17WL,663.47,A,2024-11-19
2018-01-31,0.0,34.8,50.6,66.4,32.0,0.37,17.0,14.88,J17WL,663.63,A,2024-11-19
2018-02-01,0.0,42.9,56.8,70.7,46.6,0.02,16.59,16.14,J17WL,663.38,A,2024-11-19
2018-02-02,0.0,46.4,62.7,78.9,40.8,0.53,22.84,14.91,J17WL,663.96,A,2024-11-19
2018-02-03,0.0,47.2,53.8,60.3,34.2,2.64,11.42,13.68,J17WL,664.13,A,2024-11-19
2018-02-04,0.02,42.4,49.9,57.5,47.5,0.08,3.55,4.54,J17WL,664.85,A,2024-11-19
2018-02-05,0.0,40.7,61.1,81.5,46.3,0.12,27.44,17.28,J17WL,664.22,A,2024-11-19
2018-02-06,0.0,46.4,53.8,61.2,44.7,1.39,7.4,8.01,J17WL,664.15,A,2024-11-19
2018-02-07,0.06,40.4,48.6,56.8,48.6,0.04,0.99,2.09,J17WL,664.25,A,2024-11-19
2018-02-08,0.0,34.7,41.9,49.0,30.7,0.93,6.31,4.81,J17WL,664.39,A,2024-11-19
2018-02-09,0.0,34.6,46.0,57.4,38.4,1.01,8.06,11.31,J17WL,664.46,A,2024-11-19
2018-02-10,0.09,50.4,54.1,57.7,52.7,0.08,4.02,3.5,J17WL,664.84,A,2024-11-19
2018-02-11,0.0,40.6,52.4,64.3,49.4,0.05,4.34,4.19,J17WL,665.05,A,2024-11-19
2018-02-12,0.0,30.5,37.3,44.1,26.6,0.38,5.29,4.2,J17WL,664.8,A,2024-11-19
2018-02-13,0.0,31.6,42.0,52.3,30.1,0.55,8.31,15.39,J17WL,664.62,A,2024-11-19
2018-02-14,0.07,42.2,46.4,50.6,45.8,0.13,1.3,3.01,J17WL,664.41,A,2024-11-19
2018-02-15,0.04,50.6,61.4,72.2,58.9,0.15,8.32,9.38,J17WL,664.44,A,2024-11-19
2018-02-16,0.0,61.7,67.7,73.7,63.9,0.32,7.98,6.32,J17WL,664.83,A,2024-11-19
2018-02-17,0.0,57.4,67.5,77.7,53.3,0.48,12.86,10.18,J17WL,664.88,A,2024-11-19
2018-02-18,0.0,54.0,60.9,67.9,52.5,0.51,7.61,5.78,J17WL,664.86,A,2024-11-19
2018-02-19,0.0,53.7,66.0,78.4,60.4,0.35,14.26,8.59,J17WL,664.6,A,2024-11-19
2018-02-20,0.05,67.7,74.2,80.6,65.0,2.23,16.2,7.1,J17WL,664.43,A,2024-11-19
2018-02-21,0.11,66.6,69.7,72.8,67.1,1.06,4.85,2.65,J17WL,664.61,A,2024-11-19
2018-02-22,0.09,42.1,52.6,63.2,42.9,0.35,2.04,2.37,J17WL,664.92,A,2024-11-19
2018-02-23,2.52,42.0,49.5,56.9,45.6,0.06,1.29,2.85,J17WL,665.58,A,2024-11-19
2018-02-24,0.05,50.5,60.3,70.1,60.3,0.08,3.35,4.2,J17WL,666.39,A,2024-11-19
2018-02-25,0.03,59.8,66.4,73.0,62.6,0.49,7.23,4.42,J17WL,666.85,A,2024-11-19
2018-02-26,0.0,46.6,58.5,70.4,50.0,0.32,13.24,12.98,J17WL,666.71,A,2024-11-19
2018-02-27,0.03,48.7,61.4,74.0,48.0,0.35,19.62,16.45,J17WL,666.87,A,2024-11-19
2018-02-28,0.0,60.1,69.6,79.0,65.4,0.02,13.63,4.35,J17WL,666.85,A,2024-11-19
2018-03-01,0.0,65.5,74.4,83.3,63.7,1.32,18.24,11.83,J17WL,666.85,A,2024-11-19
2018-03-02,0.0,52.7,62.7,72.8,44.9,2.07,19.87,19.14,J17WL,666.4,A,2024-11-19
2018-03-03,0.0,52.9,63.6,74.3,52.9,0.39,14.69,16.36,J17WL,666.75,A,2024-11-19
2018-03-04,0.08,58.1,63.4,68.7,62.5,0.11,6.72,6.28,J17WL,667.05,A,2024-11-19
2018-03-05,0.0,65.5,73.0,80.4,65.0,0.54,16.24,10.28,J17WL,667.04,A,2024-11-19
2018-03-06,0.0,58.6,70.3,82.0,48.8,1.62,21.77,10.64,J17WL,666.62,A,2024-11-19
2018-03-07,0.0,48.2,60.7,73.2,24.2,7.24,23.85,20.42,J17WL,666.37,A,2024-11-19
2018-03-08,0.0,46.4,57.1,67.8,24.5,4.98,19.35,22.57,J17WL,666.22,A,2024-11-19
2018-03-09,0.0,48.1,58.8,69.6,40.0,1.3,19.0,17.49,J17WL,665.91,A,2024-11-19
2018-03-10,0.0,54.4,62.6,70.9,59.5,0.22,10.04,7.97,J17WL,665.98,A,2024-11-19
2018-03-11,0.0,61.5,75.3,89.0,60.6,0.6,32.5,19.86,J17WL,665.97,A,2024-11-19
2018-03-12,0.0,51.0,60.4,69.8,38.4,1.84,16.52,6.52,J17WL,665.49,A,2024-11-19
2018-03-13,0.0,47.1,57.0,66.8,33.2,4.42,16.49,21.26,J17WL,664.96,A,2024-11-19
2018-03-14,0.0,45.6,57.3,69.0,33.6,4.25,17.96,18.75,J17WL,664.86,A,2024-11-19
2018-03-15,0.0,46.2,57.8,69.4,36.3,1.94,18.7,20.16,J17WL,664.3,A,2024-11-19
2018-03-16,0.0,48.9,59.4,69.9,58.1,0.11,10.17,9.69,J17WL,664.49,A,2024-11-19
2018-03-17,0.0,65.1,75.7,86.2,60.1,0.77,29.3,18.54,J17WL,663.92,A,2024-11-19
2018-03-18,0.0,68.4,77.3,86.2,66.3,0.73,21.92,12.32,J17WL,663.99,A,2024-11-19
2018-03-19,0.01,67.0,76.1,85.2,65.3,0.88,22.22,14.1,J17WL,663.47,A,2024-11-19
2018-03-20,0.0,53.2,68.7,84.1,29.8,6.49,35.69,23.85,J17WL,662.97,A,2024-11-19
2018-03-21,0.0,44.1,60.5,76.9,34.6,2.98,25.77,24.6,J17WL,662.63,A,2024-11-19
2018-03-22,0.0,43.1,60.3,77.4,42.6,0.83,24.42,23.91,J17WL,662.01,A,2024-11-19
2018-03-23,0.0,53.4,66.7,80.1,55.8,1.17,21.11,17.38,J17WL,661.97,A,2024-11-19
2018-03-24,0.0,62.1,71.2,80.3,62.5,1.12,16.18,9.39,J17WL,661.88,A,2024-11-19
2018-03-25,0.0,67.6,74.1,80.6,65.9,1.67,13.67,9.32,J17WL,662.08,A,2024-11-19
2018-03-26,0.0,67.8,73.6,79.4,66.6,0.9,11.58,8.49,J17WL,661.49,A,2024-11-19
2018-03-27,0.0,68.0,76.9,85.7,64.4,1.51,23.83,21.05,J17WL,661.12,A,2024-11-19
2018-03-28,2.9,61.3,70.8,80.3,63.6,0.24,13.34,8.81,J17WL,664.63,A,2024-11-19
2018-03-29,2.04,57.0,64.9,72.8,62.1,0.08,7.27,9.91,J17WL,666.65,A,2024-11-19
2018-03-30,0.0,56.5,69.2,81.8,53.9,0.36,24.21,22.77,J17WL,667.27,A,2024-11-19
2018-03-31,0.0,57.1,65.8,74.4,53.3,1.17,16.03,25.08,J17WL,668.02,A,2024-11-19
2018-04-01,0.0,62.1,71.7,81.3,60.3,1.04,20.12,21.75,J17WL,668.67,A,2024-11-19
2018-04-02,0.0,63.6,73.3,83.0,64.4,1.24,17.97,17.78,J17WL,668.65,A,2024-11-19
2018-04-03,0.0,68.2,76.2,84.2,66.3,1.35,18.75,18.79,J17WL,668.41,A,2024-11-19
2018-04-04,0.68,54.6,68.6,82.5,55.2,2.84,14.9,12.93,J17WL,668.04,A,2024-11-19
2018-04-05,0.0,53.2,61.5,69.8,38.3,5.72,17.95,23.44,J17WL,668.0,A,2024-11-19
2018-04-06,0.0,60.0,68.1,76.3,62.7,1.42,11.47,14.18,J17WL,667.68,A,2024-11-19
2018-04-07,0.0,58.5,71.6,84.7,65.9,1.57,17.09,14.37,J17WL,667.76,A,2024-11-19
2018-04-08,0.0,43.6,49.6,55.6,36.9,2.65,6.73,12.6,J17WL,668.11,A,2024-11-19
2018-04-09,0.0,44.1,57.1,70.1,47.6,0.34,12.75,23.92,J17WL,667.56,A,2024-11-19
2018-04-10,0.0,54.7,60.7,66.8,54.0,0.45,6.92,7.98,J17WL,667.04,A,2024-11-19
2018-04-11,0.0,47.9,61.8,75.8,45.2,1.3,20.48,26.3,J17WL,666.59,A,2024-11-19
2018-04-12,0.0,48.4,64.9,81.3,54.0,1.07,24.08,25.96,J17WL,666.29,A,2024-11-19
2018-04-13,0.0,64.5,75.7,86.8,65.8,2.14,22.06,21.05,J17WL,665.92,A,2024-11-19
2018-04-14,0.48,56.5,72.0,87.4,57.5,3.38,22.43,15.32,J17WL,665.76,A,2024-11-19
2018-04-15,0.0,41.8,56.9,72.0,32.3,2.25,21.25,25.93,J17WL,665.83,A,2024-11-19
2018-04-16,0.0,43.2,59.6,75.9,37.2,1.53,23.44,27.07,J17WL,665.1,A,2024-11-19
2018-04-17,0.0,48.9,66.2,83.6,52.2,1.34,28.19,26.7,J17WL,664.29,A,2024-11-19
2018-04-18,0.0,58.2,72.0,85.7,60.4,1.17,25.71,26.09,J17WL,663.93,A,2024-11-19
2018-04-19,0.0,60.5,71.0,81.5,49.5,3.84,26.01,12.98,J17WL,663.06,A,2024-11-19
2018-04-20,0.0,58.2,67.7,77.2,38.5,7.53,24.49,24.73,J17WL,662.63,A,2024-11-19
2018-04-21,0.0,58.1,61.7,65.3,53.5,1.45,8.1,6.52,J17WL,663.28,A,2024-11-19
2018-04-22,0.03,53.6,65.9,78.1,60.5,0.33,11.24,10.75,J17WL,663.25,A,2024-11-19
2018-04-23,0.0,52.9,66.3,79.7,48.5,2.36,24.12,26.51,J17WL,662.45,A,2024-11-19
2018-04-24,0.0,54.4,68.7,83.0,51.1,2.07,25.33,26.53,J17WL,661.45,A,2024-11-19
2018-04-25,0.0,57.6,72.0,86.4,55.0,1.48,29.3,23.99,J17WL,660.76,A,2024-11-19
2018-04-26,0.42,56.4,69.7,83.1,55.2,1.27,25.18,14.86,J17WL,661.25,A,2024-11-19
2018-04-27,0.0,56.2,66.0,75.7,51.1,1.98,17.84,27.74,J17WL,661.48,A,2024-11-19
2018-04-28,0.0,57.6,67.5,77.4,52.7,2.06,19.44,19.67,J17WL,661.59,A,2024-11-19
2018-04-29,0.0,56.4,69.3,82.2,54.5,1.21,23.35,24.26,J17WL,661.89,A,2024-11-19
2018-04-30,0.0,58.4,69.4,80.4,57.9,1.22,21.1,23.7,J17WL,661.22,A,2024-11-19
2018-05-01,0.0,67.2,72.3,77.4,65.2,1.94,11.84,7.03,J17WL,661.12,A,2024-11-19
2018-05-02,0.02,70.9,76.9,82.9,70.4,1.47,13.28,7.56,J17WL,661.01,A,2024-11-19
2018-05-03,0.0,73.9,80.4,86.9,70.3,1.97,19.94,13.01,J17WL,660.74,A,2024-11-19
2018-05-04,0.0,73.8,81.9,89.9,69.7,2.87,23.31,15.24,J17WL,661.1,A,2024-11-19
2018-05-05,0.69,64.1,69.6,75.0,63.8,1.13,4.56,1.94,J17WL,662.37,A,2024-11-19
2018-05-06,0.0,56.6,70.7,84.9,55.0,1.34,29.57,28.46,J17WL,662.85,A,2024-11-19
2018-05-07,0.0,56.8,72.7,88.6,55.6,1.52,33.47,28.68,J17WL,662.89,A,2024-11-19
2018-05-08,0.0,61.0,75.2,89.4,56.5,2.41,33.48,28.22,J17WL,662.35,A,2024-11-19
2018-05-09,0.0,61.6,75.3,89.0,57.1,1.35,33.11,28.29,J17WL,662.16,A,2024-11-19
2018-05-10,0.0,62.8,75.2,87.7,60.3,0.91,29.63,26.76,J17WL,661.75,A,2024-11-19
2018-05-11,0.0,65.2,76.9,88.6,61.6,1.24,31.43,27.16,J17WL,661.1,A,2024-11-19
2018-05-12,0.0,69.5,79.8,90.0,64.1,2.28,31.72,27.3,J17WL,661.02,A,2024-11-19
2018-05-13,0.0,72.2,82.0,91.8,67.2,3.17,32.09,23.67,J17WL,660.69,A,2024-11-19
2018-05-14,0.0,74.2,82.9,91.5,68.5,3.64,29.56,18.98,J17WL,660.14,A,2024-11-19
2018-05-15,0.0,72.1,81.3,90.4,67.1,3.34,28.51,19.66,J17WL,660.21,A,2024-11-19
2018-05-16,0.0,67.8,79.2,90.6,65.4,1.74,27.89,25.56,J17WL,659.57,A,2024-11-19
2018-05-17,0.0,68.4,81.2,93.9,63.9,2.97,35.75,27.55,J17WL,659.48,A,2024-11-19
2018-05-18,0.0,67.2,81.7,96.2,61.8,1.64,42.29,28.13,J17WL,658.53,A,2024-11-19
2018-05-19,0.0,69.4,83.0,96.7,65.2,1.73,43.27,26.86,J17WL,657.57,A,2024-11-19
2018-05-20,0.03,72.9,82.9,92.9,67.5,2.17,33.36,22.17,J17WL,657.55,A,2024-11-19
2018-05-21,0.6,66.9,76.3,85.7,67.9,0.9,17.82,11.3,J17WL,657.91,A,2024-11-19
2018-05-22,0.0,67.7,77.9,88.1,67.5,1.28,25.97,24.09,J17WL,658.21,A,2024-11-19
2018-05-23,0.0,71.9,81.3,90.6,68.1,1.62,29.03,25.03,J17WL,658.12,A,2024-11-19
2018-05-24,0.0,72.6,81.8,91.1,68.7,1.82,29.63,24.98,J17WL,657.9,A,2024-11-19
2018-05-25,0.0,72.6,82.5,92.4,68.7,1.59,31.89,24.46,J17WL,657.87,A,2024-11-19
2018-05-26,0.0,70.7,82.2,93.8,67.9,1.88,33.46,26.43,J17WL,657.42,A,2024-11-19
2018-05-27,0.0,70.6,83.8,97.1,67.6,2.23,39.41,28.23,J17WL,657.54,A,2024-11-19
2018-05-28,0.0,71.7,84.3,96.9,67.2,2.58,38.91,28.3,J17WL,656.74,A,2024-11-19
2018-05-29,0.0,71.6,83.8,95.9,66.9,2.87,38.03,27.41,J17WL,654.99,A,2024-11-19
2018-05-30,0.0,71.9,83.9,95.8,67.7,2.04,37.29,28.22,J17WL,653.96,A,2024-11-19
2018-05-31,0.0,73.8,85.1,96.4,69.0,2.48,38.32,26.94,J17WL,653.35,A,2024-11-19
2018-06-01,0.0,75.4,87.0,98.5,69.4,3.2,41.74,27.2,J17WL,652.34,A,2024-11-19
2018-06-02,0.0,76.0,87.9,99.9,70.7,3.26,43.48,25.29,J17WL,652.12,A,2024-11-19
2018-06-03,0.0,75.4,87.9,100.4,69.9,3.06,45.42,27.79,J17WL,651.9,A,2024-11-19
2018-06-04,0.0,76.0,87.1,98.2,69.0,3.69,39.77,27.31,J17WL,650.95,A,2024-11-19
2018-06-05,0.0,73.4,83.9,94.4,66.7,2.05,35.81,22.4,J17WL,649.51,A,2024-11-19
2018-06-06,0.0,75.2,87.8,100.3,69.2,2.88,46.06,27.94,J17WL,648.64,A,2024-11-19
2018-06-07,0.0,77.2,88.5,99.7,69.1,4.25,45.68,27.85,J17WL,647.84,A,2024-11-19
2018-06-08,0.0,76.2,87.2,98.1,68.0,3.09,44.43,27.45,J17WL,646.98,A,2024-11-19
2018-06-09,0.0,75.4,86.5,97.6,68.6,3.02,42.36,24.12,J17WL,647.06,A,2024-11-19
2018-06-10,0.0,76.4,86.5,96.6,70.5,3.22,37.87,22.98,J17WL,647.31,A,2024-11-19
2018-06-11,0.0,77.5,87.7,97.8,69.2,3.34,42.14,25.17,J17WL,646.83,A,2024-11-19
2018-06-12,0.0,77.7,87.7,97.6,69.5,4.3,39.78,23.82,J17WL,645.05,A,2024-11-19
2018-06-13,0.0,77.2,87.7,98.2,68.9,3.53,42.38,24.24,J17WL,644.93,A,2024-11-19
2018-06-14,0.0,74.3,85.3,96.2,68.3,2.22,39.34,22.71,J17WL,645.07,A,2024-11-19
2018-06-15,0.0,74.8,85.3,95.9,67.8,2.61,37.8,26.6,J17WL,645.07,A,2024-11-19
2018-06-16,0.27,75.1,85.4,95.6,70.7,2.32,34.44,19.13,J17WL,646.07,A,2024-11-19
2018-06-17,0.0,74.1,84.5,94.8,69.8,2.25,33.41,23.54,J17WL,646.88,A,2024-11-19
2018-06-18,0.19,75.1,85.0,94.9,71.9,1.09,32.91,23.02,J17WL,647.15,A,2024-11-19
2018-06-19,0.07,73.7,83.2,92.6,71.8,1.2,28.47,19.76,J17WL,647.31,A,2024-11-19
2018-06-20,0.21,73.8,77.1,80.3,73.3,1.01,8.19,7.03,J17WL,648.06,A,2024-11-19
2018-06-21,0.0,73.5,78.8,84.1,72.1,1.98,13.3,12.22,J17WL,647.38,A,2024-11-19
2018-06-22,0.0,73.6,82.7,91.7,72.4,1.3,25.39,18.41,J17WL,646.55,A,2024-11-19
2018-06-23,0.0,75.7,86.0,96.3,72.4,2.7,35.76,22.76,J17WL,646.31,A,2024-11-19
2018-06-24,0.0,75.8,86.8,97.8,72.4,3.27,35.83,28.24,J17WL,646.44,A,2024-11-19
2018-06-25,0.0,77.2,87.2,97.2,70.9,3.67,37.6,27.28,J17WL,645.26,A,2024-11-19
2018-06-26,0.0,77.7,85.6,93.4,71.8,3.29,29.7,25.13,J17WL,644.1,A,2024-11-19
2018-06-27,0.0,75.7,86.3,97.0,70.7,3.17,37.93,24.19,J17WL,643.39,A,2024-11-19
2018-06-28,0.0,76.1,87.4,98.7,70.1,3.31,42.48,27.9,J17WL,642.72,A,2024-11-19
2018-06-29,0.0,77.0,87.3,97.7,69.8,4.88,40.52,26.57,J17WL,642.4,A,2024-11-19
2018-06-30,0.0,78.1,88.3,98.4,71.2,5.97,40.15,26.18,J17WL,642.77,A,2024-11-19
2018-07-01,0.0,76.2,87.4,98.6,70.5,3.73,41.68,27.07,J17WL,643.37,A,2024-11-19
2018-07-02,0.0,76.2,88.9,101.6,69.0,3.99,52.52,28.03,J17WL,642.61,A,2024-11-19
2018-07-03,0.0,75.9,87.6,99.2,69.0,2.71,44.64,29.22,J17WL,641.21,A,2024-11-19
2018-07-04,0.0,76.2,88.3,100.4,68.3,2.65,48.29,28.85,J17WL,641.18,A,2024-11-19
2018-07-05,1.31,72.6,85.5,98.4,70.8,0.68,42.7,20.67,J17WL,643.12,A,2024-11-19
2018-07-06,0.01,72.3,81.7,91.2,70.3,0.95,27.7,18.75,J17WL,645.17,A,2024-11-19
2018-07-07,0.45,72.9,84.0,95.1,71.3,1.09,34.44,25.31,J17WL,647.15,A,2024-11-19
2018-07-08,0.18,73.3,82.9,92.5,71.8,1.28,27.57,21.31,J17WL,648.43,A,2024-11-19
2018-07-09,0.16,74.1,83.1,92.1,71.8,1.61,28.58,21.8,J17WL,651.08,A,2024-11-19
2018-07-10,0.58,72.6,77.4,82.3,72.6,0.68,9.59,7.94,J17WL,653.63,A,2024-11-19
2018-07-11,0.0,73.3,82.9,92.4,70.8,0.76,29.96,26.51,J17WL,654.39,A,2024-11-19
2018-07-12,0.0,74.8,84.3,93.7,69.9,2.12,31.03,26.36,J17WL,654.97,A,2024-11-19
2018-07-13,0.0,76.6,85.7,94.8,69.5,3.7,34.23,28.75,J17WL,655.11,A,2024-11-19
2018-07-14,0.0,76.8,85.8,94.9,70.8,2.81,33.24,27.1,J17WL,655.17,A,2024-11-19
2018-07-15,0.0,77.3,86.5,95.7,71.1,3.51,34.72,28.21,J17WL,655.13,A,2024-11-19
2018-07-16,0.0,76.3,85.8,95.4,70.9,2.93,36.58,25.08,J17WL,654.42,A,2024-11-19
2018-07-17,0.0,75.7,86.7,97.6,69.2,2.48,43.07,27.46,J17WL,653.25,A,2024-11-19
2018-07-18,0.0,76.2,87.0,97.8,69.8,2.24,41.42,28.81,J17WL,652.19,A,2024-11-19
2018-07-19,0.0,75.4,87.8,100.2,69.9,1.56,46.45,29.19,J17WL,651.54,A,2024-11-19
2018-07-20,0.0,74.4,87.5,100.7,69.9,1.39,47.36,28.27,J17WL,650.61,A,2024-11-19
2018-07-21,0.0,74.2,87.7,101.1,69.6,1.17,48.89,28.38,J17WL,650.33,A,2024-11-19
2018-07-22,0.0,75.6,88.0,100.4,70.9,1.41,45.47,28.45,J17WL,650.51,A,2024-11-19
2018-07-23,0.0,75.5,89.0,102.5,67.0,2.1,54.06,27.87,J17WL,649.85,A,2024-11-19
2018-07-24,0.0,76.7,90.8,105.0,65.1,3.29,59.88,27.7,J17WL,649.23,A,2024-11-19
2018-07-25,0.0,76.9,89.4,101.9,70.6,3.22,45.88,23.99,J17WL,648.72,A,2024-11-19
2018-07-26,0.0,72.5,85.3,98.1,64.4,3.82,43.88,25.38,J17WL,646.55,A,2024-11-19
2018-07-27,0.0,70.8,84.2,97.5,58.5,6.69,46.91,25.8,J17WL,646.4,A,2024-11-19
2018-07-28,0.0,72.6,85.1,97.7,63.4,2.38,45.32,28.33,J17WL,646.89,A,2024-11-19
2018-07-29,0.0,76.5,87.5,98.5,68.9,2.81,42.97,25.94,J17WL,647.37,A,2024-11-19
2018-07-30,0.0,78.1,89.3,100.3,68.1,4.38,47.62,27.54,J17WL,646.75,A,2024-11-19
2018-07-31,0.0,78.4,89.2,100.1,67.7,4.88,46.05,24.84,J17WL,644.73,A,2024-11-19
2018-08-01,0.11,71.0,81.9,92.8,68.9,1.9,29.16,13.96,J17WL,644.67,A,2024-11-19
2018-08-02,0.0,68.9,83.6,98.3,59.4,3.51,47.4,26.89,J17WL,644.2,A,2024-11-19
2018-08-03,0.0,70.5,82.9,95.4,60.7,5.81,40.8,23.37,J17WL,643.38,A,2024-11-19
2018-08-04,0.0,74.0,85.4,96.8,63.8,3.06,43.72,27.01,J17WL,643.75,A,2024-11-19
2018-08-05,0.0,73.2,85.2,97.2,67.6,2.46,42.4,23.57,J17WL,644.37,A,2024-11-19
2018-08-06,0.0,74.1,83.4,92.8,69.2,2.35,31.3,23.28,J17WL,643.58,A,2024-11-19
2018-08-07,0.0,75.9,85.8,95.6,69.9,3.54,35.39,20.95,J17WL,642.93,A,2024-11-19
2018-08-08,0.0,76.7,86.4,96.0,69.4,3.99,35.81,20.96,J17WL,642.0,A,2024-11-19
2018-08-09,0.0,75.0,86.7,98.3,68.9,3.21,42.58,25.1,J17WL,641.77,A,2024-11-19
2018-08-10,0.0,76.3,87.5,98.7,69.1,4.26,43.6,25.21,J17WL,641.14,A,2024-11-19
2018-08-11,0.19,75.7,85.8,95.8,69.6,2.08,37.65,18.55,J17WL,642.48,A,2024-11-19
2018-08-12,0.02,75.5,82.2,88.9,72.3,2.02,22.31,12.68,J17WL,643.88,A,2024-11-19
2018-08-13,0.7,72.9,78.6,84.4,73.7,0.91,12.22,6.85,J17WL,644.87,A,2024-11-19
2018-08-14,0.0,76.6,85.9,95.2,69.9,2.66,37.0,22.23,J17WL,645.47,A,2024-11-19
2018-08-15,0.0,76.9,86.7,96.5,69.3,4.4,38.07,24.83,J17WL,645.34,A,2024-11-19
2018-08-16,0.0,78.0,87.7,97.3,70.0,4.94,40.26,24.93,J17WL,645.12,A,2024-11-19
2018-08-17,0.0,75.5,87.1,98.7,70.1,3.25,41.65,24.4,J17WL,645.07,A,2024-11-19
2018-08-18,0.0,75.0,86.6,98.3,68.2,2.69,44.03,26.23,J17WL,645.4,A,2024-11-19
2018-08-19,0.0,75.6,87.3,98.9,66.8,3.19,45.29,25.73,J17WL,645.75,A,2024-11-19
2018-08-20,0.0,76.3,87.6,99.0,69.3,3.87,44.21,25.5,J17WL,645.24,A,2024-11-19
2018-08-21,0.0,77.7,88.1,98.5,69.5,5.33,42.17,22.91,J17WL,643.93,A,2024-11-19
2018-08-22,0.0,75.6,87.7,99.9,67.7,4.65,46.26,25.6,J17WL,643.36,A,2024-11-19
2018-08-23,0.0,75.5,87.9,100.3,65.9,5.12,48.68,24.89,J17WL,643.27,A,2024-11-19
2018-08-24,0.0,74.9,87.3,99.6,65.3,4.27,47.44,25.24,J17WL,642.78,A,2024-11-19
2018-08-25,0.0,76.6,87.9,99.1,67.6,3.84,46.73,25.75,J17WL,643.0,A,2024-11-19
2018-08-26,0.0,77.2,87.9,98.6,68.8,3.95,43.2,25.29,J17WL,643.08,A,2024-11-19
2018-08-27,0.0,78.3,88.4,98.5,69.6,4.58,43.66,22.86,J17WL,642.65,A,2024-11-19
2018-08-28,0.0,79.0,89.0,98.9,68.5,5.8,43.94,24.4,J17WL,641.41,A,2024-11-19
2018-08-29,0.0,77.5,88.7,99.9,68.1,5.36,47.8,23.82,J17WL,641.12,A,2024-11-19
2018-08-30,0.0,76.5,87.9,99.3,70.3,2.23,44.28,23.58,J17WL,640.87,A,2024-11-19
2018-08-31,0.0,74.9,86.4,98.0,69.3,2.19,42.13,22.28,J17WL,640.64,A,2024-11-19
2018-09-01,0.0,74.9,85.8,96.8,68.6,3.5,38.71,21.59,J17WL,641.54,A,2024-11-19
2018-09-02,0.0,74.9,86.0,97.2,68.6,3.65,39.86,22.06,J17WL,642.36,A,2024-11-19
2018-09-03,0.0,76.7,87.0,97.3,70.5,3.87,39.27,21.68,J17WL,642.3,A,2024-11-19
2018-09-04,2.36,71.6,82.6,93.7,71.4,0.8,32.39,16.15,J17WL,648.45,A,2024-11-19
2018-09-05,0.61,74.3,80.9,87.6,72.9,1.76,19.19,14.77,J17WL,651.31,A,2024-11-19
2018-09-06,0.04,76.1,84.3,92.6,72.4,2.76,27.9,18.64,J17WL,652.58,A,2024-11-19
2018-09-07,0.97,74.9,82.2,89.5,72.7,2.15,21.23,14.92,J17WL,654.39,A,2024-11-19
2018-09-08,0.08,74.8,82.8,90.9,72.4,2.07,25.77,18.34,J17WL,655.77,A,2024-11-19
2018-09-09,1.33,73.6,80.8,88.0,71.5,1.84,19.42,14.76,J17WL,658.48,A,2024-11-19
2018-09-10,0.68,71.8,76.9,82.0,70.6,0.9,12.49,10.44,J17WL,660.71,A,2024-11-19
2018-09-11,1.17,70.9,72.2,73.4,69.1,1.55,3.65,4.4,J17WL,662.52,A,2024-11-19
2018-09-12,0.33,71.6,78.0,84.4,70.9,1.77,16.13,12.43,J17WL,663.61,A,2024-11-19
2018-09-13,0.03,73.7,80.7,87.7,71.8,2.1,19.53,16.56,J17WL,664.44,A,2024-11-19
2018-09-14,0.16,74.4,81.1,87.8,71.7,2.19,18.97,14.14,J17WL,665.53,A,2024-11-19
2018-09-15,1.01,73.7,79.2,84.8,72.7,1.56,14.58,11.73,J17WL,667.4,A,2024-11-19
2018-09-16,0.71,73.9,76.5,79.2,73.1,1.3,5.93,6.21,J17WL,668.61,A,2024-11-19
2018-09-17,0.12,69.8,76.3,82.9,71.6,0.98,10.4,10.77,J17WL,669.75,A,2024-11-19
2018-09-18,0.0,71.6,80.7,89.8,71.4,1.51,24.16,19.59,J17WL,670.65,A,2024-11-19
2018-09-19,0.0,75.0,82.6,90.1,71.9,2.3,23.5,20.34,J17WL,671.32,A,2024-11-19
2018-09-20,0.0,76.3,83.1,89.8,72.2,2.61,22.98,20.54,J17WL,671.8,A,2024-11-19
2018-09-21,0.17,75.7,81.4,87.0,74.3,2.35,16.21,11.51,J17WL,672.3,A,2024-11-19
2018-09-22,0.79,72.0,79.7,87.3,73.8,1.34,17.26,11.25,J17WL,673.77,A,2024-11-19
2018-09-23,0.08,66.7,71.2,75.6,63.7,1.68,10.13,10.81,J17WL,674.79,A,2024-11-19
2018-09-24,0.0,68.4,73.5,78.6,66.7,2.7,11.76,8.5,J17WL,675.39,A,2024-11-19
2018-09-25,0.0,71.6,79.3,87.1,69.4,2.43,21.91,19.8,J17WL,675.63,A,2024-11-19
2018-09-26,0.0,76.7,83.9,91.2,73.0,2.13,24.33,17.93,J17WL,676.13,A,2024-11-19
2018-09-27,0.0,66.8,78.2,89.5,65.9,3.66,21.43,16.12,J17WL,676.56,A,2024-11-19
2018-09-28,0.0,64.3,72.5,80.6,59.8,1.97,17.72,17.57,J17WL,676.63,A,2024-11-19
2018-09-29,0.0,65.4,73.8,82.3,68.9,1.82,14.63,13.73,J17WL,676.77,A,2024-11-19
2018-09-30,0.17,70.8,75.3,79.7,70.9,1.45,8.83,6.5,J17WL,677.04,A,2024-11-19
2018-10-01,0.0,71.0,77.7,84.4,69.8,1.36,15.85,16.18,J17WL,676.88,A,2024-11-19
2018-10-02,0.05,71.9,78.8,85.8,71.5,0.81,16.33,13.03,J17WL,676.7,A,2024-11-19
2018-10-03,0.06,74.1,80.5,86.9,72.9,0.54,16.89,15.77,J17WL,676.81,A,2024-11-19
2018-10-04,0.0,75.1,81.7,88.4,71.7,2.09,20.82,16.46,J17WL,676.67,A,2024-11-19
2018-10-05,0.0,74.7,81.6,88.4,71.3,2.01,22.57,19.32,J17WL,676.46,A,2024-11-19
2018-10-06,0.0,75.0,81.6,88.3,71.7,1.62,20.99,16.92,J17WL,676.49,A,2024-11-19
2018-10-07,0.01,75.2,82.1,89.0,72.2,1.5,22.74,17.24,J17WL,676.57,A,2024-11-19
2018-10-08,0.03,74.8,80.3,85.7,72.1,1.84,15.84,13.88,J17WL,676.51,A,2024-11-19
2018-10-09,1.16,72.2,76.9,81.6,72.2,1.02,11.96,6.34,J17WL,676.63,A,2024-11-19
2018-10-10,0.61,64.8,73.3,81.7,68.5,0.94,11.12,8.48,J17WL,677.01,A,2024-11-19
2018-10-11,0.0,63.1,72.1,81.2,61.4,1.11,18.8,20.33,J17WL,677.01,A,2024-11-19
2018-10-12,0.0,63.1,69.3,75.6,58.0,3.89,14.06,11.55,J17WL,677.41,A,2024-11-19
2018-10-13,0.0,66.6,75.2,83.8,68.5,2.38,15.92,14.67,J17WL,677.63,A,2024-11-19
2018-10-14,0.04,76.4,81.9,87.3,73.9,1.89,16.37,11.47,J17WL,677.85,A,2024-11-19
2018-10-15,0.5,51.3,69.8,88.3,69.2,0.2,17.43,14.14,J17WL,677.81,A,2024-11-19
2018-10-16,0.8,45.8,48.6,51.4,43.9,0.64,3.18,3.65,J17WL,678.55,A,2024-11-19
2018-10-17,0.02,47.5,49.5,51.5,46.5,1.17,2.54,3.44,J17WL,679.06,A,2024-11-19
2018-10-18,0.0,51.5,55.1,58.6,50.4,1.4,4.47,4.79,J17WL,679.59,A,2024-11-19
2018-10-19,0.52,53.1,57.1,61.1,55.4,0.89,3.71,3.41,J17WL,679.99,A,2024-11-19
2018-10-20,0.45,61.5,64.0,66.6,61.4,0.78,2.69,3.6,J17WL,680.55,A,2024-11-19
2018-10-21,0.0,59.9,65.8,71.8,57.0,2.79,8.42,10.81,J17WL,680.85,A,2024-11-19
2018-10-22,0.0,55.7,63.0,70.3,48.1,3.06,14.91,11.65,J17WL,681.14,A,2024-11-19
2018-10-23,0.44,51.0,57.8,64.6,49.7,1.09,9.34,5.89,J17WL,681.33,A,2024-11-19
2018-10-24,0.21,52.1,57.8,63.5,52.6,0.9,6.74,6.4,J17WL,681.54,A,2024-11-19
2018-10-25,0.73,57.6,60.4,63.1,58.9,0.72,2.25,2.02,J17WL,682.06,A,2024-11-19
2018-10-26,0.0,53.2,62.3,71.5,55.2,0.47,11.01,11.48,J17WL,682.47,A,2024-11-19
2018-10-27,0.0,53.9,67.2,80.5,56.6,0.71,21.67,15.0,J17WL,682.88,A,2024-11-19
2018-10-28,0.0,53.3,67.6,81.8,57.6,0.6,21.89,17.78,J17WL,683.17,A,2024-11-19
2018-10-29,0.0,54.7,68.0,81.3,58.2,0.56,21.35,17.89,J17WL,683.27,A,2024-11-19
2018-10-30,0.0,59.8,70.9,82.0,64.6,0.89,16.66,13.9,J17WL,683.24,A,2024-11-19
2018-10-31,0.0,67.9,74.9,81.9,67.7,1.47,14.84,10.28,J17WL,683.37,A,2024-11-19
2018-11-01,0.07,52.5,66.9,81.2,60.9,1.1,12.46,7.0,J17WL,683.57,A,2024-11-19
2018-11-02,0.0,44.6,56.9,69.1,41.1,1.23,16.63,17.72,J17WL,683.84,A,2024-11-19
2018-11-03,0.0,44.4,59.2,73.9,44.5,1.14,19.61,17.54,J17WL,684.23,A,2024-11-19
2018-11-04,0.0,49.3,63.1,77.0,57.9,0.58,15.72,15.72,J17WL,684.44,A,2024-11-19
2018-11-05,0.0,57.9,64.7,71.4,51.1,1.59,14.58,9.47,J17WL,684.41,A,2024-11-19
2018-11-06,0.0,60.8,68.9,77.0,63.4,0.27,10.62,8.87,J17WL,684.24,A,2024-11-19
2018-11-07,0.0,65.8,73.0,80.1,69.6,0.19,9.4,7.31,J17WL,684.15,A,2024-11-19
2018-11-08,0.0,63.5,73.2,82.8,67.7,1.57,13.6,7.15,J17WL,684.21,A,2024-11-19
2018-11-09,0.66,53.0,60.3,67.5,57.6,0.47,5.05,4.45,J17WL,684.31,A,2024-11-19
2018-11-10,0.15,48.1,52.3,56.5,39.7,1.55,7.3,4.24,J17WL,684.89,A,2024-11-19
2018-11-11,0.03,46.0,49.9,53.8,34.4,3.08,8.31,5.95,J17WL,685.27,A,2024-11-19
2018-11-12,0.14,46.5,50.5,54.4,48.8,0.29,3.42,3.61,J17WL,685.38,A,2024-11-19
2018-11-13,0.0,36.1,44.7,53.2,36.8,0.68,3.33,2.16,J17WL,685.4,A,2024-11-19
2018-11-14,0.0,24.9,36.3,47.8,22.2,0.82,7.55,15.26,J17WL,685.19,A,2024-11-19
2018-11-15,0.0,27.3,42.4,57.6,25.4,0.83,12.34,16.25,J17WL,685.36,A,2024-11-19
2018-11-16,0.0,31.0,47.7,64.4,31.7,0.7,14.92,12.87,J17WL,685.27,A,2024-11-19
2018-11-17,0.0,35.1,51.6,68.1,36.8,0.57,17.17,15.6,J17WL,685.38,A,2024-11-19
2018-11-18,0.0,42.9,57.1,71.3,55.7,0.46,11.7,10.49,J17WL,685.57,A,2024-11-19
2018-11-19,0.0,47.4,54.6,61.8,42.8,1.52,4.87,3.59,J17WL,685.4,A,2024-11-19
2018-11-20,0.0,47.3,50.2,53.2,40.0,2.44,5.52,3.09,J17WL,685.16,A,2024-11-19
2018-11-21,0.0,41.3,52.0,62.7,36.3,1.64,12.8,13.34,J17WL,685.15,A,2024-11-19
2018-11-22,0.04,44.3,48.3,52.3,43.1,1.69,4.82,2.05,J17WL,685.16,A,2024-11-19
2018-11-23,0.02,51.2,56.2,61.2,48.2,0.46,8.23,7.05,J17WL,685.28,A,2024-11-19
2018-11-24,0.0,47.5,61.6,75.7,51.4,0.39,16.52,11.45,J17WL,685.54,A,2024-11-19
2018-11-25,0.0,48.7,61.0,73.2,51.2,0.59,17.78,8.16,J17WL,685.35,A,2024-11-19
2018-11-26,0.0,47.1,59.4,71.7,34.1,1.19,18.57,8.89,J17WL,685.04,A,2024-11-19
2018-11-27,0.0,33.5,47.8,62.2,25.8,1.2,15.52,14.5,J17WL,684.82,A,2024-11-19
2018-11-28,0.0,35.9,49.4,62.8,30.9,1.33,14.82,13.13,J17WL,684.89,A,2024-11-19
2018-11-29,0.0,45.4,56.3,67.3,49.9,0.36,10.64,10.51,J17WL,684.99,A,2024-11-19
2018-11-30,0.01,49.1,61.0,72.8,60.9,0.13,9.14,7.63,J17WL,684.57,A,2024-11-19
2018-12-01,0.0,56.6,67.2,77.9,60.7,0.78,13.22,7.36,J17WL,684.81,A,2024-11-19
2018-12-02,0.0,45.3,62.3,79.3,35.3,2.54,28.92,14.21,J17WL,684.65,A,2024-11-19
2018-12-03,0.0,47.4,61.0,74.5,36.0,3.71,23.19,13.44,J17WL,684.42,A,2024-11-19
2018-12-04,0.0,44.7,55.2,65.8,34.7,3.97,14.99,10.65,J17WL,683.94,A,2024-11-19
2018-12-05,0.0,44.0,51.6,59.3,32.2,3.6,10.98,13.07,J17WL,683.87,A,2024-11-19
2018-12-06,0.0,45.6,49.1,52.5,34.9,3.75,7.62,5.38,J17WL,683.98,A,2024-11-19
2018-12-07,0.22,53.9,58.7,63.5,56.5,0.34,3.19,1.53,J17WL,684.25,A,2024-11-19
2018-12-08,1.56,45.9,50.6,55.4,47.8,0.61,1.66,1.36,J17WL,684.74,A,2024-11-19
2018-12-09,0.0,37.2,43.5,49.8,37.4,0.81,3.93,4.99,J17WL,685.44,A,2024-11-19
2018-12-10,0.0,33.0,44.8,56.5,33.8,0.64,8.02,13.62,J17WL,685.53,A,2024-11-19
2018-12-11,0.0,32.0,46.1,60.2,32.2,0.42,12.0,13.78,J17WL,685.54,A,2024-11-19
2018-12-12,0.0,32.1,45.4,58.6,43.1,0.42,8.28,8.7,J17WL,685.74,A,2024-11-19
2018-12-13,0.0,50.1,57.0,63.9,54.0,0.09,5.97,5.14,J17WL,686.0,A,2024-11-19
2018-12-14,0.0,43.7,56.5,69.2,37.6,0.18,18.54,13.29,J17WL,685.94,A,2024-11-19
2018-12-15,0.0,39.3,48.5,57.7,30.3,2.62,9.33,8.19,J17WL,686.07,A,2024-11-19
2018-12-16,0.0,33.3,51.8,70.2,24.1,1.48,22.92,14.17,J17WL,686.01,A,2024-11-19
2018-12-17,0.0,37.2,53.0,68.8,34.0,1.85,19.14,8.8,J17WL,685.88,A,2024-11-19
2018-12-18,0.0,39.1,54.7,70.3,35.3,0.26,19.89,9.98,J17WL,685.66,A,2024-11-19
2018-12-19,0.04,47.4,57.0,66.6,53.8,0.08,8.65,8.42,J17WL,685.87,A,2024-11-19
2018-12-20,0.0,50.2,60.3,70.4,50.9,0.15,14.28,10.46,J17WL,685.73,A,2024-11-19
2018-12-21,0.0,36.3,50.8,65.4,27.6,2.39,16.87,13.86,J17WL,685.6,A,2024-11-19
2018-12-22,0.0,35.1,51.3,67.5,28.1,1.84,18.22,13.74,J17WL,685.63,A,2024-11-19
2018-12-23,0.0,36.0,56.5,77.0,38.7,1.23,23.64,13.54,J17WL,685.74,A,2024-11-19
2018-12-24,0.0,41.8,53.7,65.6,34.4,2.94,14.73,13.47,J17WL,685.58,A,2024-11-19
2018-12-25,0.0,44.5,55.8,67.1,48.5,0.59,9.0,5.84,J17WL,685.69,A,2024-11-19
2018-12-26,0.11,59.8,66.8,73.8,61.0,0.47,10.58,6.46,J17WL,685.71,A,2024-11-19
2018-12-27,0.22,54.5,63.2,71.9,62.3,0.49,4.22,1.34,J17WL,685.71,A,2024-11-19
2018-12-28,0.0,45.3,58.3,71.3,39.7,0.88,19.33,13.74,J17WL,685.78,A,2024-11-19
2018-12-29,0.0,42.4,50.6,58.8,32.4,3.02,10.36,13.66,J17WL,685.93,A,2024-11-19
2018-12-30,0.02,41.4,44.2,47.0,31.9,2.41,4.97,3.24,J17WL,686.11,A,2024-11-19
2018-12-31,0.23,40.6,41.9,43.3,39.1,0.37,1.57,1.42,J17WL,686.42,A,2024-11-19
2019-01-01,0.0,36.5,47.6,58.8,40.6,0.24,7.54,9.21,J17WL,686.2,A,2024-11-19
2019-01-02,0.13,39.6,45.5,51.5,36.9,0.7,4.9,6.88,J17WL,686.32,A,2024-11-19
2019-01-03,0.68,38.8,41.7,44.7,38.3,0.37,0.98,0.78,J17WL,686.5,A,2024-11-19
2019-01-04,0.0,34.4,45.6,56.8,34.5,0.5,9.28,13.83,J17WL,686.72,A,2024-11-19
2019-01-05,0.0,33.1,51.4,69.8,32.6,0.7,19.56,14.4,J17WL,686.63,A,2024-11-19
2019-01-06,0.0,33.8,53.4,72.9,36.7,0.58,20.77,14.48,J17WL,686.9,A,2024-11-19
2019-01-07,0.0,41.6,57.5,73.4,56.3,0.57,11.89,10.42,J17WL,686.75,A,2024-11-19
2019-01-08,0.0,53.3,64.0,74.7,59.0,0.12,12.19,8.53,J17WL,686.64,A,2024-11-19
2019-01-09,0.0,54.2,64.5,74.9,49.6,0.2,13.47,11.34,J17WL,686.73,A,2024-11-19
2019-01-10,0.0,50.8,57.0,63.1,31.3,6.08,13.86,9.58,J17WL,686.62,A,2024-11-19
2019-01-11,0.0,50.6,57.6,64.6,38.2,2.8,13.27,9.92,J17WL,686.56,A,2024-11-19
2019-01-12,0.53,53.9,57.5,61.1,54.9,0.26,3.66,2.22,J17WL,686.88,A,2024-11-19
2019-01-13,0.0,39.0,52.9,66.8,39.8,0.58,13.87,14.84,J17WL,687.01,A,2024-11-19
2019-01-14,0.0,36.9,47.1,57.2,35.4,1.09,8.72,13.63,J17WL,686.78,A,2024-11-19
2019-01-15,0.0,38.6,43.4,48.1,36.1,1.67,4.36,4.41,J17WL,686.85,A,2024-11-19
2019-01-16,0.02,46.4,48.9,51.3,44.2,0.65,3.35,3.41,J17WL,686.8,A,2024-11-19
2019-01-17,0.06,49.6,53.9,58.3,53.7,0.28,1.54,3.39,J17WL,686.73,A,2024-11-19
2019-01-18,0.0,52.9,61.3,69.6,52.4,0.2,10.92,12.17,J17WL,686.73,A,2024-11-19
2019-01-19,0.03,52.2,58.0,63.9,55.4,0.22,9.13,2.32,J17WL,686.9,A,2024-11-19
2019-01-20,0.0,31.9,45.7,59.5,27.3,1.89,12.65,15.7,J17WL,686.85,A,2024-11-19
2019-01-21,0.0,31.8,45.6,59.4,27.9,0.82,11.65,15.61,J17WL,686.88,A,2024-11-19
2019-01-22,0.0,35.2,51.1,67.1,46.3,0.88,12.69,13.92,J17WL,686.65,A,2024-11-19
2019-01-23,0.07,41.1,54.1,67.1,45.5,1.42,8.39,4.74,J17WL,686.46,A,2024-11-19
2019-01-24,0.0,30.1,43.8,57.5,22.9,0.99,12.6,15.58,J17WL,686.48,A,2024-11-19
2019-01-25,0.0,29.8,46.0,62.3,31.9,0.81,14.03,16.07,J17WL,686.44,A,2024-11-19
2019-01-26,0.06,43.1,52.9,62.8,42.7,0.75,9.06,7.84,J17WL,686.66,A,2024-11-19
2019-01-27,0.29,44.7,53.5,62.2,47.9,0.57,7.14,5.94,J17WL,686.6,A,2024-11-19
2019-01-28,0.0,40.8,53.5,66.1,39.6,0.51,15.62,15.42,J17WL,686.55,A,2024-11-19
2019-01-29,0.0,38.8,55.0,71.3,37.1,0.7,16.29,15.75,J17WL,686.41,A,2024-11-19
2019-01-30,0.0,37.4,43.0,48.7,21.2,3.04,8.68,15.32,J17WL,686.53,A,2024-11-19
2019-01-31,0.0,38.6,45.8,53.0,36.4,1.27,7.27,7.27,J17WL,686.26,A,2024-11-19
2019-02-01,0.0,49.5,54.4,59.3,52.7,1.11,3.12,3.88,J17WL,686.18,A,2024-11-19
2019-02-02,0.01,57.8,63.2,68.5,58.4,0.65,6.28,4.8,J17WL,686.29,A,2024-11-19
2019-02-03,0.01,59.0,62.2,65.4,60.7,0.13,3.15,2.51,J17WL,686.4,A,2024-11-19
2019-02-04,0.01,61.3,68.3,75.4,62.9,0.14,11.21,7.64,J17WL,686.34,A,2024-11-19
2019-02-05,0.03,63.4,67.3,71.2,65.2,0.14,4.87,3.01,J17WL,686.25,A,2024-11-19
2019-02-06,0.02,66.6,71.1,75.6,66.0,0.65,9.47,5.77,J17WL,686.13,A,2024-11-19
2019-02-07,0.02,67.7,72.2,76.7,67.3,0.67,8.85,4.45,J17WL,685.83,A,2024-11-19
2019-02-08,0.0,38.1,54.1,70.1,33.6,1.62,14.64,6.08,J17WL,685.58,A,2024-11-19
2019-02-09,0.17,35.4,38.1,40.7,22.3,1.16,5.01,3.9,J17WL,685.65,A,2024-11-19
2019-02-10,0.19,35.1,38.7,42.4,35.3,0.39,1.98,3.42,J17WL,685.82,A,2024-11-19
2019-02-11,0.0,39.8,46.7,53.6,46.1,0.17,1.01,3.33,J17WL,685.57,A,2024-11-19
2019-02-12,0.02,48.7,54.0,59.2,52.2,0.39,5.85,2.3,J17WL,685.47,A,2024-11-19
2019-02-13,0.0,32.7,48.4,64.2,31.4,0.85,15.71,18.5,J17WL,685.35,A,2024-11-19
2019-02-14,0.0,31.6,48.2,64.7,38.0,0.57,15.03,17.7,J17WL,685.44,A,2024-11-19
2019-02-15,0.0,47.2,59.1,71.1,51.2,0.46,12.22,12.85,J17WL,685.24,A,2024-11-19
2019-02-16,0.0,50.0,67.8,85.6,53.8,0.87,27.11,14.84,J17WL,685.24,A,2024-11-19
2019-02-17,0.02,50.8,56.8,62.8,49.8,0.37,6.02,8.6,J17WL,685.28,A,2024-11-19
2019-02-18,0.0,46.0,58.5,71.0,33.4,4.09,19.82,18.11,J17WL,685.0,A,2024-11-19
2019-02-19,0.0,43.5,53.0,62.4,30.6,3.97,13.49,17.84,J17WL,684.73,A,2024-11-19
2019-02-20,0.08,36.4,40.2,44.1,39.4,0.34,3.31,2.98,J17WL,684.84,A,2024-11-19
2019-02-21,0.0,36.3,51.7,67.2,34.4,0.55,17.58,19.87,J17WL,684.78,A,2024-11-19
2019-02-22,0.01,51.2,54.6,58.0,45.6,0.8,6.01,5.33,J17WL,684.52,A,2024-11-19
2019-02-23,0.04,51.5,57.7,63.9,55.0,0.14,4.56,5.38,J17WL,684.58,A,2024-11-19
2019-02-24,0.0,45.8,60.2,74.7,31.8,0.18,23.95,17.56,J17WL,684.45,A,2024-11-19
2019-02-25,0.0,45.9,55.9,65.8,29.1,5.04,16.75,21.05,J17WL,684.18,A,2024-11-19
2019-02-26,0.02,46.4,56.6,66.7,47.9,0.25,10.93,13.65,J17WL,684.07,A,2024-11-19
2019-02-27,0.02,56.6,64.4,72.3,59.5,0.28,9.06,11.48,J17WL,683.88,A,2024-11-19
2019-02-28,0.0,52.1,65.4,78.7,60.9,0.2,13.65,13.11,J17WL,683.71,A,2024-11-19
2019-03-01,0.02,45.7,50.0,54.3,43.7,0.44,3.56,3.36,J17WL,683.65,A,2024-11-19
2019-03-02,0.02,46.2,51.7,57.2,51.2,0.12,2.96,5.41,J17WL,683.64,A,2024-11-19
2019-03-03,0.0,50.0,55.2,60.5,52.3,0.3,3.3,5.5,J17WL,684.21,A,2024-11-19
2019-03-04,0.0,31.6,41.3,51.0,34.5,0.64,4.04,6.86,J17WL,684.02,A,2024-11-19
2019-03-05,0.0,28.9,34.2,39.5,18.0,2.1,4.59,8.54,J17WL,684.17,A,2024-11-19
2019-03-06,0.0,28.8,39.1,49.5,18.0,1.84,8.69,16.05,J17WL,684.15,A,2024-11-19
2019-03-07,0.0,32.5,44.4,56.4,33.5,1.26,10.18,17.59,J17WL,684.57,A,2024-11-19
2019-03-08,0.0,51.8,60.1,68.4,56.3,0.61,8.53,9.9,J17WL,684.81,A,2024-11-19
2019-03-09,0.04,64.4,73.0,81.6,66.0,0.45,15.31,11.29,J17WL,685.07,A,2024-11-19
2019-03-10,0.0,59.4,72.8,86.3,50.5,1.14,34.35,17.24,J17WL,685.01,A,2024-11-19
2019-03-11,0.01,63.6,71.0,78.3,65.1,0.7,10.63,7.66,J17WL,684.89,A,2024-11-19
2019-03-12,0.03,57.8,63.4,68.9,58.8,0.36,5.42,5.94,J17WL,684.91,A,2024-11-19
2019-03-13,0.05,61.1,70.1,79.1,65.3,0.2,14.91,9.88,J17WL,684.99,A,2024-11-19
2019-03-14,0.15,60.9,72.6,84.3,52.3,1.82,30.02,21.33,J17WL,684.91,A,2024-11-19
2019-03-15,0.0,50.8,64.1,77.3,33.1,7.12,25.56,22.5,J17WL,684.36,A,2024-11-19
2019-03-16,0.0,46.0,53.5,61.0,27.6,4.87,13.68,13.4,J17WL,684.44,A,2024-11-19
2019-03-17,0.0,43.2,51.3,59.4,29.5,2.8,12.65,10.94,J17WL,684.6,A,2024-11-19
2019-03-18,0.0,42.7,53.4,64.1,33.6,2.27,14.56,15.68,J17WL,684.34,A,2024-11-19
2019-03-19,0.0,42.4,54.9,67.3,34.8,1.99,17.17,19.09,J17WL,683.9,A,2024-11-19
2019-03-20,0.0,47.2,56.3,65.4,45.7,2.33,11.62,15.53,J17WL,683.78,A,2024-11-19
2019-03-21,0.11,50.1,62.3,74.6,52.4,0.64,16.08,15.71,J17WL,683.41,A,2024-11-19
2019-03-22,0.0,50.3,63.4,76.5,49.6,0.95,18.43,22.22,J17WL,683.48,A,2024-11-19
2019-03-23,0.0,52.2,64.4,76.7,52.7,1.5,16.9,17.11,J17WL,683.1,A,2024-11-19
2019-03-24,0.0,62.7,68.5,74.3,61.4,1.78,10.19,6.54,J17WL,682.99,A,2024-11-19
2019-03-25,0.0,65.6,73.0,80.4,64.0,1.8,15.78,13.65,J17WL,682.59,A,2024-11-19
2019-03-26,0.0,58.1,70.4,82.8,55.5,2.37,22.41,17.21,J17WL,681.98,A,2024-11-19
2019-03-27,0.0,50.6,63.4,76.3,48.1,1.36,20.95,23.72,J17WL,681.25,A,2024-11-19
2019-03-28,0.0,51.4,64.1,76.8,55.0,1.17,16.89,16.81,J17WL,680.59,A,2024-11-19
2019-03-29,0.0,59.6,69.5,79.3,58.2,1.3,18.37,18.04,J17WL,680.26,A,2024-11-19
2019-03-30,0.0,58.2,69.4,80.5,59.7,0.46,18.56,14.58,J17WL,680.0,A,2024-11-19
2019-03-31,0.0,48.0,59.0,70.0,43.5,1.46,11.48,10.71,J17WL,679.93,A,2024-11-19
2019-04-01,0.0,40.8,49.8,58.8,29.0,2.96,12.56,14.69,J17WL,679.52,A,2024-11-19
2019-04-02,0.0,35.6,48.6,61.6,34.1,0.9,11.99,16.17,J17WL,679.08,A,2024-11-19
2019-04-03,0.0,35.7,53.7,71.6,41.5,0.98,18.91,23.96,J17WL,678.68,A,2024-11-19
2019-04-04,0.03,58.1,63.0,67.9,62.2,0.37,5.45,4.18,J17WL,678.58,A,2024-11-19
2019-04-05,0.0,59.0,72.4,85.9,61.8,0.83,22.48,18.74,J17WL,678.62,A,2024-11-19
2019-04-06,0.03,59.4,70.7,82.0,64.1,0.91,17.55,19.68,J17WL,678.8,A,2024-11-19
2019-04-07,1.16,64.3,73.3,82.3,67.7,0.62,14.69,9.37,J17WL,679.19,A,2024-11-19
2019-04-08,0.72,54.9,64.7,74.6,55.0,0.84,15.18,14.95,J17WL,679.66,A,2024-11-19
2019-04-09,0.0,55.1,71.1,87.2,54.2,1.77,31.13,25.82,J17WL,679.91,A,2024-11-19
2019-04-10,0.0,55.6,72.5,89.3,56.8,1.39,32.4,25.61,J17WL,680.14,A,2024-11-19
2019-04-11,0.0,57.1,74.7,92.3,55.9,1.5,37.37,26.26,J17WL,680.07,A,2024-11-19
2019-04-12,0.0,56.2,69.9,83.5,39.8,3.26,33.23,21.58,J17WL,679.95,A,2024-11-19
2019-04-13,0.0,58.0,68.4,78.8,57.9,1.65,17.45,24.22,J17WL,680.26,A,2024-11-19
2019-04-14,0.26,45.6,59.9,74.1,47.3,1.09,15.36,21.32,J17WL,680.6,A,2024-11-19
2019-04-15,0.0,45.6,59.2,72.8,42.2,1.8,18.45,27.28,J17WL,680.38,A,2024-11-19
2019-04-16,0.0,51.2,66.0,80.8,54.8,1.78,23.07,27.26,J17WL,680.13,A,2024-11-19
2019-04-17,0.0,65.1,72.1,79.0,63.7,1.77,14.98,15.94,J17WL,680.11,A,2024-11-19
2019-04-18,0.76,57.8,70.6,83.4,66.3,0.59,14.46,14.34,J17WL,680.39,A,2024-11-19
2019-04-19,0.0,50.9,63.7,76.5,48.2,1.2,22.7,24.83,J17WL,680.72,A,2024-11-19
2019-04-20,0.0,47.2,62.3,77.5,40.9,1.81,24.17,27.56,J17WL,680.9,A,2024-11-19
2019-04-21,0.0,50.0,65.6,81.2,52.5,0.66,22.65,27.66,J17WL,681.03,A,2024-11-19
2019-04-22,0.0,58.9,70.9,82.9,62.4,0.89,19.53,23.87,J17WL,681.14,A,2024-11-19
2019-04-23,0.0,67.0,73.7,80.4,63.1,1.82,16.27,17.5,J17WL,680.74,A,2024-11-19
2019-04-24,0.02,68.1,72.9,77.7,66.4,1.38,10.1,7.46,J17WL,680.85,A,2024-11-19
2019-04-25,0.52,53.4,60.5,67.5,57.9,0.32,4.29,2.64,J17WL,680.97,A,2024-11-19
2019-04-26,0.0,56.3,71.8,87.4,55.3,1.33,31.9,27.91,J17WL,680.99,A,2024-11-19
2019-04-27,0.0,58.2,70.7,83.3,57.2,2.53,22.9,27.43,J17WL,681.18,A,2024-11-19
2019-04-28,0.0,60.4,72.5,84.6,60.1,1.33,23.92,27.68,J17WL,681.12,A,2024-11-19
2019-04-29,0.0,66.9,75.2,83.5,63.9,2.45,19.44,25.88,J17WL,680.99,A,2024-11-19
2019-04-30,0.0,69.4,74.9,80.4,67.7,2.05,12.99,12.26,J17WL,680.77,A,2024-11-19
2019-05-01,0.02,74.4,78.0,81.7,70.3,1.78,13.54,6.94,J17WL,680.68,A,2024-11-19
2019-05-02,0.02,70.7,75.2,79.7,70.5,1.23,9.24,5.34,J17WL,680.73,A,2024-11-19
2019-05-03,0.51,65.5,73.6,81.7,64.3,0.88,13.81,9.41,J17WL,680.98,A,2024-11-19
2019-05-04,1.02,60.6,70.5,80.4,64.6,0.68,11.84,11.4,J17WL,682.02,A,2024-11-19
2019-05-05,0.0,60.6,72.1,83.5,61.7,1.07,21.57,25.87,J17WL,682.39,A,2024-11-19
2019-05-06,0.0,63.7,74.3,84.9,64.4,1.29,20.68,26.58,J17WL,682.78,A,2024-11-19
2019-05-07,0.15,67.8,71.5,75.2,67.3,1.12,6.93,6.96,J17WL,683.02,A,2024-11-19
2019-05-08,0.19,70.5,78.3,86.0,70.5,0.73,16.53,15.99,J17WL,683.39,A,2024-11-19
2019-05-09,0.11,69.0,76.2,83.3,70.6,1.13,17.64,13.37,J17WL,683.53,A,2024-11-19
2019-05-10,0.06,59.3,71.6,84.0,65.0,2.37,13.73,12.03,J17WL,683.81,A,2024-11-19
2019-05-11,0.08,58.1,61.7,65.3,55.5,1.07,6.3,9.9,J17WL,684.21,A,2024-11-19
2019-05-12,0.02,57.4,64.3,71.2,57.7,1.05,8.77,10.3,J17WL,684.61,A,2024-11-19
2019-05-13,0.0,57.7,69.0,80.4,57.3,1.07,19.57,27.71,J17WL,684.41,A,2024-11-19
2019-05-14,0.0,62.7,71.3,80.0,62.3,1.48,16.47,22.67,J17WL,684.61,A,2024-11-19
2019-05-15,0.0,67.2,75.7,84.3,64.2,1.64,20.79,24.16,J17WL,684.42,A,2024-11-19
2019-05-16,0.0,68.9,76.5,84.1,66.1,1.89,18.41,18.73,J17WL,684.39,A,2024-11-19
2019-05-17,0.0,70.7,78.1,85.5,67.6,2.79,20.09,22.78,J17WL,684.18,A,2024-11-19
2019-05-18,0.07,72.3,79.8,87.4,71.6,1.94,18.83,18.18,J17WL,684.24,A,2024-11-19
2019-05-19,0.04,75.1,79.5,83.9,74.5,1.37,10.31,6.78,J17WL,684.28,A,2024-11-19
2019-05-20,0.0,76.4,82.8,89.3,73.0,1.85,21.37,19.35,J17WL,684.0,A,2024-11-19
2019-05-21,0.0,77.3,83.5,89.6,71.2,4.63,21.98,20.02,J17WL,683.63,A,2024-11-19
2019-05-22,0.04,69.8,79.3,88.7,61.1,3.56,33.89,24.16,J17WL,683.26,A,2024-11-19
2019-05-23,0.0,76.5,82.7,89.0,72.3,4.01,20.58,19.55,J17WL,682.6,A,2024-11-19
2019-05-24,0.01,76.7,84.1,91.6,71.7,4.7,26.15,25.6,J17WL,681.89,A,2024-11-19
2019-05-25,0.0,75.3,82.4,89.4,69.9,3.73,24.28,21.51,J17WL,681.64,A,2024-11-19
2019-05-26,0.02,73.8,82.0,90.1,70.2,2.75,24.44,21.04,J17WL,681.53,A,2024-11-19
2019-05-27,0.0,73.1,81.7,90.3,68.6,3.16,26.05,22.78,J17WL,681.38,A,2024-11-19
2019-05-28,0.0,73.3,81.3,89.2,68.6,3.51,24.91,24.12,J17WL,680.74,A,2024-11-19
2019-05-29,0.0,74.4,82.1,89.8,70.7,3.58,23.85,17.39,J17WL,680.43,A,2024-11-19
2019-05-30,0.0,73.9,82.8,91.6,71.7,3.15,24.84,20.64,J17WL,680.0,A,2024-11-19
2019-05-31,0.32,68.4,78.6,88.7,70.4,1.26,19.38,17.3,J17WL,679.9,A,2024-11-19
2019-06-01,0.0,71.1,80.3,89.5,71.2,1.32,23.11,23.38,J17WL,679.92,A,2024-11-19
2019-06-02,0.0,74.5,82.4,90.3,71.4,1.8,24.05,22.99,J17WL,679.98,A,2024-11-19
2019-06-03,0.0,75.1,83.8,92.5,71.3,2.3,27.87,25.53,J17WL,679.77,A,2024-11-19
2019-06-04,0.0,75.1,83.4,91.8,71.2,2.68,27.1,19.99,J17WL,679.37,A,2024-11-19
2019-06-05,0.91,73.9,79.9,85.8,72.9,1.44,15.79,10.12,J17WL,679.95,A,2024-11-19
2019-06-06,0.34,68.3,79.2,90.1,72.5,1.03,22.03,20.14,J17WL,680.76,A,2024-11-19
2019-06-07,0.36,69.4,80.9,92.3,69.6,1.23,24.84,24.96,J17WL,681.07,A,2024-11-19
2019-06-08,0.0,69.6,82.9,96.3,66.2,2.54,40.35,29.28,J17WL,681.43,A,2024-11-19
2019-06-09,0.0,74.0,84.9,95.8,69.3,2.78,34.92,29.3,J17WL,681.71,A,2024-11-19
2019-06-10,0.1,74.6,85.3,96.0,70.9,1.73,30.89,28.35,J17WL,681.47,A,2024-11-19
2019-06-11,0.0,70.6,78.2,85.9,63.5,7.24,21.04,20.02,J17WL,681.65,A,2024-11-19
2019-06-12,0.1,65.4,71.6,77.7,64.5,0.74,12.69,8.95,J17WL,681.58,A,2024-11-19
2019-06-13,0.0,66.7,76.9,87.1,65.2,1.26,23.84,25.36,J17WL,681.46,A,2024-11-19
2019-06-14,0.0,71.2,80.2,89.1,64.5,3.8,26.6,26.63,J17WL,681.22,A,2024-11-19
2019-06-15,0.0,73.8,82.5,91.2,68.6,4.38,28.64,29.13,J17WL,680.63,A,2024-11-19
2019-06-16,0.0,75.1,84.7,94.3,71.2,3.08,32.51,25.16,J17WL,680.49,A,2024-11-19
2019-06-17,1.17,67.2,80.6,94.1,70.0,1.35,30.61,21.33,J17WL,680.54,A,2024-11-19
2019-06-18,0.33,69.1,78.9,88.7,68.0,1.59,24.7,21.28,J17WL,680.81,A,2024-11-19
2019-06-19,0.0,74.5,83.9,93.2,71.8,2.22,30.02,27.35,J17WL,681.05,A,2024-11-19
2019-06-20,0.0,77.5,87.3,97.2,74.0,2.47,35.25,28.95,J17WL,680.81,A,2024-11-19
2019-06-21,0.0,77.6,86.6,95.7,76.1,3.17,26.18,20.72,J17WL,680.58,A,2024-11-19
2019-06-22,0.46,71.4,82.7,94.0,73.2,1.72,27.42,22.57,J17WL,680.39,A,2024-11-19
2019-06-23,0.0,73.3,82.9,92.5,74.5,2.4,23.08,19.14,J17WL,680.7,A,2024-11-19
2019-06-24,0.0,78.4,86.0,93.6,75.0,3.58,25.77,19.79,J17WL,680.86,A,2024-11-19
2019-06-25,0.97,70.2,76.1,81.9,68.3,2.23,13.27,8.8,J17WL,681.36,A,2024-11-19
2019-06-26,0.0,70.9,80.2,89.5,68.7,2.19,24.05,27.3,J17WL,681.63,A,2024-11-19
2019-06-27,0.02,74.4,81.4,88.3,72.0,2.1,21.06,20.77,J17WL,682.07,A,2024-11-19
2019-06-28,0.06,74.0,81.7,89.5,72.1,1.86,20.67,19.59,J17WL,682.36,A,2024-11-19
2019-06-29,0.41,70.4,80.9,91.5,69.8,1.25,26.23,27.52,J17WL,682.49,A,2024-11-19
2019-06-30,1.87,68.4,80.4,92.4,68.3,0.81,30.89,28.45,J17WL,683.23,A,2024-11-19
2019-07-01,0.03,69.1,77.4,85.8,68.2,1.65,21.46,15.13,J17WL,683.66,A,2024-11-19
2019-07-02,0.0,73.6,81.8,90.0,71.3,1.78,24.24,26.28,J17WL,683.88,A,2024-11-19
2019-07-03,0.0,76.5,83.7,90.9,72.2,3.36,24.54,26.39,J17WL,683.99,A,2024-11-19
2019-07-04,0.0,74.3,81.8,89.4,73.0,1.93,20.3,18.21,J17WL,684.13,A,2024-11-19
2019-07-05,0.0,75.4,83.1,90.8,73.2,2.84,23.85,18.78,J17WL,684.07,A,2024-11-19
2019-07-06,0.0,77.0,84.7,92.4,72.9,3.55,25.78,27.38,J17WL,683.79,A,2024-11-19
2019-07-07,0.0,77.4,84.6,91.9,72.8,3.34,24.86,26.13,J17WL,683.65,A,2024-11-19
2019-07-08,0.0,77.0,85.2,93.4,72.5,2.9,27.74,26.56,J17WL,683.2,A,2024-11-19
2019-07-09,0.0,77.3,85.8,94.2,72.5,2.98,29.43,28.03,J17WL,682.58,A,2024-11-19
2019-07-10,0.0,76.9,84.6,92.4,74.3,3.03,23.93,17.32,J17WL,681.92,A,2024-11-19
2019-07-11,0.0,73.6,84.7,95.9,69.9,2.85,34.32,28.4,J17WL,681.18,A,2024-11-19
2019-07-12,0.0,73.2,84.1,95.1,69.0,4.17,34.13,26.46,J17WL,680.71,A,2024-11-19
2019-07-13,0.0,71.4,83.2,95.0,67.8,5.2,34.01,24.52,J17WL,680.25,A,2024-11-19
2019-07-14,0.0,74.7,85.1,95.6,66.6,7.47,38.89,28.25,J17WL,680.1,A,2024-11-19
2019-07-15,0.04,76.2,87.2,98.3,71.7,2.33,38.0,25.88,J17WL,679.83,A,2024-11-19
2019-07-16,0.0,77.9,86.3,94.6,72.9,4.06,30.6,28.26,J17WL,679.35,A,2024-11-19
2019-07-17,0.0,78.0,86.9,95.8,72.4,4.18,32.96,25.46,J17WL,678.82,A,2024-11-19
2019-07-18,0.0,76.3,85.9,95.6,71.6,2.89,33.5,24.55,J17WL,678.34,A,2024-11-19
2019-07-19,0.0,76.0,86.4,96.8,70.3,2.82,37.09,27.91,J17WL,677.82,A,2024-11-19
2019-07-20,0.0,76.7,86.6,96.5,71.1,3.95,36.39,26.53,J17WL,677.39,A,2024-11-19
2019-07-21,0.0,74.9,86.2,97.5,69.2,2.88,40.27,27.67,J17WL,677.1,A,2024-11-19
2019-07-22,0.0,75.6,86.0,96.4,70.5,3.71,36.91,27.83,J17WL,676.56,A,2024-11-19
2019-07-23,0.0,75.3,85.3,95.4,69.0,3.39,36.0,25.41,J17WL,675.88,A,2024-11-19
2019-07-24,0.0,71.6,82.3,93.1,62.0,8.11,36.47,22.36,J17WL,675.47,A,2024-11-19
2019-07-25,0.0,62.3,76.1,89.9,54.5,5.7,35.81,28.15,J17WL,674.83,A,2024-11-19
2019-07-26,0.0,63.6,77.3,91.1,55.0,3.62,37.61,29.29,J17WL,674.57,A,2024-11-19
2019-07-27,0.0,66.6,79.1,91.6,58.3,4.23,37.25,28.58,J17WL,674.18,A,2024-11-19
2019-07-28,0.0,70.6,82.6,94.6,66.8,3.8,37.59,27.26,J17WL,674.05,A,2024-11-19
2019-07-29,0.0,75.3,86.8,98.3,69.9,2.79,42.8,24.62,J17WL,673.71,A,2024-11-19
2019-07-30,0.0,75.9,86.4,96.8,69.9,2.7,38.62,24.96,J17WL,673.03,A,2024-11-19
2019-07-31,0.0,75.7,86.6,97.4,69.1,3.44,39.58,26.18,J17WL,672.65,A,2024-11-19
2019-08-01,0.0,75.8,87.3,98.9,67.1,3.82,44.58,26.82,J17WL,672.24,A,2024-11-19
2019-08-02,0.0,74.9,85.9,96.9,67.8,4.33,39.85,25.83,J17WL,671.58,A,2024-11-19
2019-08-03,0.0,76.7,86.9,97.1,67.6,5.85,40.02,26.12,J17WL,671.61,A,2024-11-19
2019-08-04,0.0,77.2,86.7,96.2,69.2,4.97,35.78,22.24,J17WL,671.57,A,2024-11-19
2019-08-05,0.0,77.4,86.0,94.6,70.8,4.06,32.9,17.13,J17WL,671.34,A,2024-11-19
2019-08-06,0.0,76.4,87.1,97.8,70.4,3.96,38.8,24.76,J17WL,670.53,A,2024-11-19
2019-08-07,0.0,77.4,87.9,98.4,71.0,3.84,40.35,24.22,J17WL,669.93,A,2024-11-19
2019-08-08,0.0,78.3,88.8,99.2,71.4,4.36,42.81,24.44,J17WL,669.48,A,2024-11-19
2019-08-09,0.0,78.9,89.7,100.5,72.3,4.97,45.76,23.16,J17WL,668.86,A,2024-11-19
2019-08-10,0.0,77.9,89.7,101.5,70.5,3.89,48.62,25.93,J17WL,668.77,A,2024-11-19
2019-08-11,0.0,78.7,89.7,100.7,70.5,4.45,46.47,25.95,J17WL,669.1,A,2024-11-19
2019-08-12,0.0,79.0,89.5,100.1,71.3,5.1,43.6,24.77,J17WL,668.67,A,2024-11-19
2019-08-13,0.0,77.7,89.3,101.0,71.2,4.06,45.72,26.1,J17WL,667.8,A,2024-11-19
2019-08-14,0.0,76.4,89.2,102.1,70.3,3.35,49.79,26.29,J17WL,667.47,A,2024-11-19
2019-08-15,0.0,76.2,88.1,100.1,67.6,3.91,45.73,25.29,J17WL,667.12,A,2024-11-19
2019-08-16,0.1,76.7,88.0,99.4,70.1,5.72,41.94,21.01,J17WL,667.2,A,2024-11-19
2019-08-17,0.0,79.6,90.3,100.9,69.1,5.39,47.0,24.99,J17WL,667.28,A,2024-11-19
2019-08-18,0.0,79.1,89.7,100.2,69.8,6.09,46.1,25.51,J17WL,667.22,A,2024-11-19
2019-08-19,0.0,79.4,89.7,100.0,71.1,5.51,43.66,23.9,J17WL,666.89,A,2024-11-19
2019-08-20,0.0,79.4,89.5,99.6,70.9,5.04,43.93,23.24,J17WL,666.4,A,2024-11-19
2019-08-21,0.0,77.6,87.8,98.1,68.6,4.85,42.46,22.78,J17WL,666.07,A,2024-11-19
2019-08-22,0.0,77.3,87.1,96.9,69.1,4.05,39.83,23.26,J17WL,665.76,A,2024-11-19
2019-08-23,0.0,77.8,87.8,97.8,71.0,4.14,38.04,22.05,J17WL,665.66,A,2024-11-19
2019-08-24,0.0,77.2,87.4,97.5,71.0,3.46,38.91,22.63,J17WL,665.95,A,2024-11-19
2019-08-25,0.02,77.8,86.7,95.7,73.7,1.88,31.52,16.26,J17WL,666.68,A,2024-11-19
2019-08-26,0.0,77.9,88.7,99.5,73.3,2.38,41.02,22.35,J17WL,666.68,A,2024-11-19
2019-08-27,0.0,78.2,89.5,100.9,73.2,3.37,43.33,23.23,J17WL,666.13,A,2024-11-19
2019-08-28,0.0,80.4,87.7,95.0,72.1,5.03,31.68,15.38,J17WL,665.79,A,2024-11-19
2019-08-29,0.0,78.8,88.9,99.0,72.1,3.55,41.78,20.84,J17WL,665.52,A,2024-11-19
2019-08-30,0.0,78.2,89.0,99.7,69.1,3.75,45.97,24.13,J17WL,665.39,A,2024-11-19
2019-08-31,0.0,76.1,86.5,96.9,69.6,3.19,38.79,22.79,J17WL,665.57,A,2024-11-19
2019-09-01,0.0,76.1,86.7,97.3,68.8,3.94,40.32,21.86,J17WL,665.64,A,2024-11-19
2019-09-02,0.06,74.2,85.5,96.7,67.9,4.38,40.12,21.77,J17WL,665.95,A,2024-11-19
2019-09-03,0.0,72.7,85.2,97.8,62.8,4.39,45.64,23.82,J17WL,665.3,A,2024-11-19
2019-09-04,0.0,74.9,86.2,97.5,65.5,6.36,42.02,22.2,J17WL,665.04,A,2024-11-19
2019-09-05,0.0,75.5,86.6,97.7,67.6,4.14,41.56,20.8,J17WL,664.94,A,2024-11-19
2019-09-06,0.0,74.2,84.6,95.1,71.2,2.99,31.56,14.48,J17WL,664.8,A,2024-11-19
2019-09-07,0.0,75.4,86.6,97.8,68.5,2.68,41.69,22.48,J17WL,665.05,A,2024-11-19
2019-09-08,0.0,76.5,87.0,97.5,68.2,2.69,42.79,23.36,J17WL,665.31,A,2024-11-19
2019-09-09,0.02,75.9,86.4,96.9,70.4,2.53,38.81,18.54,J17WL,665.42,A,2024-11-19
2019-09-10,0.0,74.4,85.5,96.6,69.4,1.69,39.6,19.09,J17WL,665.11,A,2024-11-19
2019-09-11,0.0,72.8,83.7,94.8,68.9,2.07,33.45,19.51,J17WL,665.58,A,2024-11-19
2019-09-12,0.52,71.2,81.5,91.8,71.3,1.0,25.83,13.64,J17WL,666.38,A,2024-11-19
2019-09-13,0.0,72.0,83.7,95.4,70.5,1.18,35.99,19.35,J17WL,666.43,A,2024-11-19
2019-09-14,0.0,71.1,82.8,94.5,66.2,1.42,38.14,21.69,J17WL,666.34,A,2024-11-19
2019-09-15,0.0,71.1,83.8,96.6,63.3,3.85,43.23,20.68,J17WL,667.01,A,2024-11-19
2019-09-16,0.0,71.3,82.9,94.5,65.7,3.46,36.75,21.23,J17WL,666.52,A,2024-11-19
2019-09-17,0.0,74.9,85.6,96.3,65.7,5.46,39.64,19.82,J17WL,665.94,A,2024-11-19
2019-09-18,0.0,72.4,83.5,94.7,69.1,2.39,35.31,17.88,J17WL,665.86,A,2024-11-19
2019-09-19,0.0,75.9,87.7,99.5,70.5,3.39,42.92,20.58,J17WL,665.73,A,2024-11-19
2019-09-20,2.98,73.5,86.4,99.4,72.0,2.25,43.3,21.01,J17WL,666.24,A,2024-11-19
2019-09-21,0.0,76.8,86.7,96.7,71.3,2.44,38.36,20.39,J17WL,666.77,A,2024-11-19
2019-09-22,0.0,73.7,83.5,93.3,71.5,1.12,29.5,16.57,J17WL,667.5,A,2024-11-19
2019-09-23,0.0,75.3,85.2,95.0,70.8,1.91,35.11,18.26,J17WL,667.08,A,2024-11-19
2019-09-24,0.0,76.7,86.0,95.3,70.8,2.84,34.85,19.66,J17WL,666.39,A,2024-11-19
2019-09-25,0.0,75.0,84.5,94.1,71.3,2.08,31.99,19.48,J17WL,666.37,A,2024-11-19
2019-09-26,0.0,73.7,84.3,95.0,68.8,2.44,35.16,19.56,J17WL,665.85,A,2024-11-19
2019-09-27,0.0,71.5,83.1,94.7,67.7,2.04,35.2,19.35,J17WL,665.96,A,2024-11-19
2019-09-28,0.0,72.0,83.3,94.5,68.8,2.27,35.78,20.85,J17WL,666.2,A,2024-11-19
2019-09-29,0.0,78.4,85.9,93.4,73.9,3.71,28.95,15.58,J17WL,666.71,A,2024-11-19
2019-09-30,0.0,78.7,86.8,94.9,71.9,3.4,33.53,16.06,J17WL,666.4,A,2024-11-19
2019-10-01,0.0,77.9,86.1,94.4,74.2,3.34,29.55,14.97,J17WL,666.26,A,2024-11-19
2019-10-02,0.04,73.7,83.7,93.8,70.3,1.52,32.4,15.38,J17WL,666.08,A,2024-11-19
2019-10-03,0.0,73.4,83.4,93.4,69.8,0.72,32.26,17.5,J17WL,665.88,A,2024-11-19
2019-10-04,0.0,69.6,81.4,93.3,66.7,1.94,33.79,16.87,J17WL,665.97,A,2024-11-19
2019-10-05,0.0,69.5,80.6,91.8,66.8,2.03,31.61,19.25,J17WL,666.2,A,2024-11-19
2019-10-06,0.0,70.4,81.8,93.1,65.7,2.13,33.27,19.63,J17WL,666.77,A,2024-11-19
2019-10-07,0.0,69.9,81.9,94.0,64.9,3.25,35.75,19.31,J17WL,666.1,A,2024-11-19
2019-10-08,0.0,63.6,74.3,85.0,58.9,3.7,24.58,16.81,J17WL,665.57,A,2024-11-19
2019-10-09,0.0,65.7,75.6,85.5,58.6,2.37,26.51,19.68,J17WL,665.82,A,2024-11-19
2019-10-10,0.0,74.1,83.3,92.5,69.1,3.22,31.25,14.91,J17WL,665.88,A,2024-11-19
2019-10-11,0.59,57.4,76.4,95.3,69.7,1.85,34.68,17.5,J17WL,665.92,A,2024-11-19
2019-10-12,0.0,52.7,55.9,59.2,35.8,3.07,11.67,5.28,J17WL,666.53,A,2024-11-19
2019-10-13,0.0,57.1,63.5,69.9,29.6,9.59,20.64,12.66,J17WL,667.18,A,2024-11-19
2019-10-14,0.0,61.5,69.9,78.3,51.5,5.55,21.34,9.97,J17WL,667.0,A,2024-11-19
2019-10-15,0.0,70.2,80.1,89.9,68.6,3.1,26.72,12.45,J17WL,666.5,A,2024-11-19
2019-10-16,0.68,68.2,80.5,92.8,69.3,1.44,29.55,14.21,J17WL,667.44,A,2024-11-19
2019-10-17,0.0,56.5,62.6,68.6,45.9,2.07,15.23,3.52,J17WL,668.19,A,2024-11-19
2019-10-18,0.0,53.9,64.0,74.0,45.6,2.34,20.36,13.35,J17WL,668.41,A,2024-11-19
2019-10-19,0.0,53.4,67.9,82.5,57.5,1.75,22.84,18.95,J17WL,669.01,A,2024-11-19
2019-10-20,0.0,71.4,81.7,92.0,63.7,2.27,34.4,16.25,J17WL,669.37,A,2024-11-19
2019-10-21,0.19,66.2,78.2,90.3,70.8,1.77,22.98,11.49,J17WL,669.34,A,2024-11-19
2019-10-22,0.0,50.9,65.8,80.6,40.9,3.89,29.17,18.98,J17WL,669.27,A,2024-11-19
2019-10-23,0.0,50.5,66.0,81.5,38.5,3.35,30.64,19.0,J17WL,668.95,A,2024-11-19
2019-10-24,0.0,57.8,70.8,83.8,57.6,2.17,26.2,18.05,J17WL,669.09,A,2024-11-19
2019-10-25,2.39,45.0,65.4,85.7,56.8,0.55,19.99,7.6,J17WL,671.97,A,2024-11-19
2019-10-26,0.0,41.2,51.9,62.7,38.4,1.81,11.37,18.48,J17WL,673.01,A,2024-11-19
2019-10-27,0.0,40.6,56.1,71.5,35.6,1.22,21.18,18.64,J17WL,673.56,A,2024-11-19
2019-10-28,0.0,40.3,59.9,79.5,44.4,0.85,26.92,18.57,J17WL,673.68,A,2024-11-19
2019-10-29,0.07,54.7,68.4,82.2,63.2,0.66,17.03,9.18,J17WL,673.72,A,2024-11-19
2019-10-30,0.15,53.1,57.1,61.2,55.1,0.59,1.78,3.28,J17WL,674.07,A,2024-11-19
2019-10-31,0.0,36.4,43.9,51.4,38.4,0.7,3.56,2.82,J17WL,674.13,A,2024-11-19
2019-11-01,0.0,31.4,43.6,55.9,25.6,0.82,11.59,18.03,J17WL,674.09,A,2024-11-19
2019-11-02,0.0,31.9,47.3,62.7,29.4,0.91,15.23,16.83,J17WL,674.25,A,2024-11-19
2019-11-03,0.0,38.1,54.2,70.3,34.5,1.2,19.69,17.07,J17WL,674.46,A,2024-11-19
2019-11-04,0.0,40.6,55.8,71.1,43.3,0.89,19.16,16.87,J17WL,674.32,A,2024-11-19
2019-11-05,0.0,51.7,66.0,80.3,60.2,0.58,17.29,14.96,J17WL,673.89,A,2024-11-19
2019-11-06,0.02,65.2,73.3,81.4,66.8,0.75,15.64,7.74,J17WL,673.54,A,2024-11-19
2019-11-07,0.13,65.9,73.9,81.9,65.0,1.05,17.08,10.28,J17WL,673.54,A,2024-11-19
2019-11-08,0.27,44.7,56.6,68.5,51.1,0.62,2.72,2.63,J17WL,673.86,A,2024-11-19
2019-11-09,0.02,43.7,47.4,51.0,43.8,0.69,2.73,4.11,J17WL,674.36,A,2024-11-19
2019-11-10,0.0,42.6,55.5,68.4,45.6,0.57,12.71,15.78,J17WL,674.4,A,2024-11-19
2019-11-11,0.0,45.7,58.6,71.6,55.5,0.64,12.04,13.5,J17WL,674.13,A,2024-11-19
2019-11-12,0.02,32.6,53.5,74.4,41.0,1.24,8.3,4.19,J17WL,674.0,A,2024-11-19
2019-11-13,0.0,31.5,37.4,43.4,17.9,1.97,6.7,9.39,J17WL,674.04,A,2024-11-19
2019-11-14,0.14,34.1,38.4,42.7,27.1,1.08,4.71,4.06,J17WL,673.91,A,2024-11-19
2019-11-15,0.02,33.3,40.3,47.4,39.3,0.18,2.24,2.65,J17WL,673.68,A,2024-11-19
2019-11-16,0.0,32.9,47.6,62.3,35.0,0.41,12.58,15.47,J17WL,673.78,A,2024-11-19
2019-11-17,0.0,32.5,48.1,63.7,38.8,0.44,12.71,13.29,J17WL,673.79,A,2024-11-19
2019-11-18,0.0,40.7,54.9,69.1,48.7,0.45,10.39,9.86,J17WL,673.58,A,2024-11-19
2019-11-19,0.0,43.2,58.5,73.8,46.2,0.44,17.51,14.69,J17WL,673.21,A,2024-11-19
2019-11-20,0.0,45.4,60.4,75.5,57.2,0.24,14.71,14.27,J17WL,673.11,A,2024-11-19
2019-11-21,0.0,64.6,73.3,82.0,63.6,1.07,19.39,9.94,J17WL,673.1,A,2024-11-19
2019-11-22,0.03,63.6,71.0,78.5,64.6,0.75,13.31,5.57,J17WL,672.86,A,2024-11-19
2019-11-23,0.01,43.0,55.0,67.0,47.8,0.81,7.62,3.45,J17WL,673.1,A,2024-11-19
2019-11-24,0.0,41.5,57.0,72.5,43.3,0.74,17.38,14.04,J17WL,673.26,A,2024-11-19
2019-11-25,0.0,44.3,59.4,74.4,44.8,1.05,20.04,14.27,J17WL,673.09,A,2024-11-19
2019-11-26,0.0,50.2,66.5,82.8,53.8,0.74,26.79,14.11,J17WL,672.86,A,2024-11-19
2019-11-27,0.0,56.4,67.9,79.5,54.3,0.54,15.91,7.34,J17WL,672.59,A,2024-11-19
2019-11-28,0.0,47.7,53.7,59.8,29.0,1.87,13.04,5.53,J17WL,672.59,A,2024-11-19
2019-11-29,0.03,48.5,52.7,56.9,49.1,0.21,4.59,3.6,J17WL,672.97,A,2024-11-19
2019-11-30,0.12,55.5,64.3,73.2,64.3,0.29,2.85,1.95,J17WL,673.28,A,2024-11-19
2019-12-01,0.0,48.2,66.2,84.2,55.0,1.08,18.48,9.98,J17WL,673.22,A,2024-11-19
2019-12-02,0.0,37.8,51.7,65.7,27.6,2.24,17.1,14.13,J17WL,672.92,A,2024-11-19
2019-12-03,0.0,36.4,51.8,67.2,30.4,1.39,17.72,13.59,J17WL,672.78,A,2024-11-19
2019-12-04,0.0,36.3,54.6,73.0,37.5,1.25,19.95,13.77,J17WL,672.69,A,2024-11-19
2019-12-05,0.0,46.8,60.1,73.4,39.8,1.53,20.22,13.15,J17WL,672.62,A,2024-11-19
2019-12-06,0.0,53.1,62.9,72.6,57.2,0.2,9.08,6.92,J17WL,672.39,A,2024-11-19
2019-12-07,0.0,46.8,60.7,74.5,41.5,2.19,20.68,13.78,J17WL,672.36,A,2024-11-19
2019-12-08,0.0,45.2,57.5,69.7,43.7,0.92,14.43,13.37,J17WL,672.64,A,2024-11-19
2019-12-09,0.0,46.5,60.6,74.8,55.9,0.25,14.5,9.97,J17WL,672.23,A,2024-11-19
2019-12-10,0.12,50.9,64.0,77.2,54.8,0.54,13.83,7.58,J17WL,672.24,A,2024-11-19
2019-12-11,0.15,36.0,42.4,48.7,39.4,0.51,3.15,3.15,J17WL,672.21,A,2024-11-19
2019-12-12,0.0,33.5,45.0,56.4,34.9,0.54,8.1,8.55,J17WL,672.26,A,2024-11-19
2019-12-13,0.0,35.8,49.1,62.4,38.9,0.7,11.09,9.99,J17WL,672.33,A,2024-11-19
2019-12-14,0.0,42.1,61.1,80.1,41.3,1.39,27.35,13.8,J17WL,672.45,A,2024-11-19
2019-12-15,0.0,43.2,62.3,81.4,43.5,1.42,26.79,13.51,J17WL,672.42,A,2024-11-19
2019-12-16,0.0,44.7,62.7,80.6,58.2,0.19,18.91,10.86,J17WL,672.14,A,2024-11-19
2019-12-17,0.0,37.4,52.2,67.0,39.1,0.98,10.15,10.42,J17WL,672.0,A,2024-11-19
2019-12-18,0.0,27.7,41.2,54.6,20.7,1.53,11.16,13.17,J17WL,671.66,A,2024-11-19
2019-12-19,0.0,26.3,42.2,58.1,19.2,1.23,13.56,14.06,J17WL,671.8,A,2024-11-19
2019-12-20,0.0,26.5,42.9,59.3,31.2,1.04,12.79,12.73,J17WL,671.56,A,2024-11-19
2019-12-21,0.42,48.9,50.7,52.5,49.6,0.23,1.88,0.98,J17WL,672.0,A,2024-11-19
2019-12-22,0.0,34.8,48.9,63.0,38.4,0.3,13.17,12.01,J17WL,672.21,A,2024-11-19
2019-12-23,0.0,33.7,49.1,64.4,37.5,0.32,12.77,13.63,J17WL,672.1,A,2024-11-19
2019-12-24,0.0,34.7,52.8,71.0,35.9,0.5,18.92,12.88,J17WL,672.0,A,2024-11-19
2019-12-25,0.0,38.0,54.1,70.2,38.1,0.64,18.85,13.7,J17WL,672.3,A,2024-11-19
2019-12-26,0.0,43.6,58.6,73.6,55.5,0.1,12.67,10.45,J17WL,672.48,A,2024-11-19
2019-12-27,0.0,58.8,63.3,67.8,58.2,0.85,6.29,3.62,J17WL,672.39,A,2024-11-19
2019-12-28,0.0,59.3,66.0,72.7,58.9,0.77,11.4,8.34,J17WL,672.21,A,2024-11-19
2019-12-29,0.0,51.8,61.0,70.1,52.5,1.8,7.23,1.64,J17WL,672.55,A,2024-11-19
2019-12-30,0.0,34.7,51.3,68.0,29.4,1.55,18.39,13.43,J17WL,672.07,A,2024-11-19
2019-12-31,0.0,33.2,47.9,62.7,27.3,1.38,14.7,13.47,J17WL,671.81,A,2024-11-19
2020-01-01,0.0,33.0,46.4,59.8,25.6,1.67,13.57,10.41,J17WL,671.94,A,2024-11-19
2020-01-02,0.0,49.7,51.7,53.7,43.0,0.78,7.84,1.78,J17WL,672.13,A,2024-11-19
2020-01-03,0.0,42.7,52.6,62.4,49.2,0.23,5.63,3.67,J17WL,671.81,A,2024-11-19
2020-01-04,0.0,37.2,51.8,66.3,35.2,1.53,14.49,13.61,J17WL,671.69,A,2024-11-19
2020-01-05,0.0,34.0,53.0,72.0,30.9,1.47,21.21,13.82,J17WL,671.66,A,2024-11-19
2020-01-06,0.0,35.0,54.9,74.8,35.7,0.87,22.85,14.01,J17WL,671.55,A,2024-11-19
2020-01-07,0.0,38.9,56.6,74.2,39.4,0.78,19.04,13.43,J17WL,671.2,A,2024-11-19
2020-01-08,0.0,31.9,49.6,67.3,20.3,1.77,19.97,14.56,J17WL,670.95,A,2024-11-19
2020-01-09,0.0,32.0,51.5,71.0,47.4,1.37,15.83,12.85,J17WL,670.74,A,2024-11-19
2020-01-10,0.0,64.2,71.3,78.4,61.0,2.24,16.35,6.58,J17WL,670.92,A,2024-11-19
2020-01-11,0.73,51.1,65.4,79.8,56.3,1.62,14.72,4.85,J17WL,671.02,A,2024-11-19
2020-01-12,0.0,36.6,49.3,62.0,35.9,0.78,11.94,14.41,J17WL,671.49,A,2024-11-19
2020-01-13,0.0,33.6,49.1,64.5,45.4,0.24,10.15,10.82,J17WL,671.4,A,2024-11-19
2020-01-14,0.07,54.4,57.6,60.8,57.6,0.05,0.97,2.5,J17WL,671.57,A,2024-11-19
2020-01-15,0.0,60.5,68.7,76.8,65.5,0.26,9.58,7.78,J17WL,671.63,A,2024-11-19
2020-01-16,0.01,68.8,73.6,78.4,66.2,0.97,12.56,6.5,J17WL,671.51,A,2024-11-19
2020-01-17,0.13,60.6,66.6,72.7,61.5,0.41,4.08,3.16,J17WL,671.74,A,2024-11-19
2020-01-18,0.06,62.8,67.3,71.8,62.2,0.38,7.37,3.38,J17WL,672.35,A,2024-11-19
2020-01-19,0.0,43.6,56.7,69.7,44.1,0.36,13.54,5.84,J17WL,672.41,A,2024-11-19
2020-01-20,0.0,37.7,48.5,59.2,23.1,2.98,13.6,15.16,J17WL,672.34,A,2024-11-19
2020-01-21,0.0,37.2,49.0,60.8,27.4,1.8,14.2,14.02,J17WL,672.25,A,2024-11-19
2020-01-22,0.44,40.2,51.6,63.0,39.4,0.24,13.19,12.46,J17WL,672.48,A,2024-11-19
2020-01-23,0.24,49.6,54.3,59.1,53.3,0.36,1.54,1.58,J17WL,673.0,A,2024-11-19
2020-01-24,0.0,41.6,56.3,71.0,44.3,0.23,17.88,15.45,J17WL,672.93,A,2024-11-19
2020-01-25,0.0,39.7,53.9,68.0,36.8,0.56,17.27,15.21,J17WL,673.21,A,2024-11-19
2020-01-26,0.05,42.8,54.2,65.6,54.2,0.26,8.02,5.23,J17WL,673.45,A,2024-11-19
2020-01-27,0.0,46.7,62.0,77.4,48.5,0.26,22.03,15.61,J17WL,673.07,A,2024-11-19
2020-01-28,0.37,44.6,59.1,73.5,52.5,0.45,16.12,15.3,J17WL,672.95,A,2024-11-19
2020-01-29,0.0,44.6,58.1,71.6,42.0,0.48,18.49,12.26,J17WL,673.13,A,2024-11-19
2020-01-30,0.0,43.1,53.0,62.8,37.5,1.5,12.23,16.49,J17WL,673.01,A,2024-11-19
2020-01-31,0.0,44.1,47.8,51.5,40.3,1.55,4.12,4.81,J17WL,673.09,A,2024-11-19
2020-02-01,0.0,39.9,50.3,60.8,37.5,1.67,10.84,12.87,J17WL,672.9,A,2024-11-19
2020-02-02,0.0,36.5,54.5,72.4,30.7,1.14,22.21,16.75,J17WL,672.99,A,2024-11-19
2020-02-03,0.0,37.9,56.6,75.2,37.6,1.66,23.63,16.0,J17WL,672.87,A,2024-11-19
2020-02-04,0.0,54.0,63.2,72.4,58.3,1.06,11.06,7.12,J17WL,672.64,A,2024-11-19
2020-02-05,0.0,40.5,58.7,76.8,52.8,0.57,13.1,10.96,J17WL,672.6,A,2024-11-19
2020-02-06,0.0,31.2,38.4,45.6,30.1,1.29,4.12,6.61,J17WL,672.6,A,2024-11-19
2020-02-07,0.0,29.1,43.7,58.4,23.1,1.14,13.26,17.0,J17WL,672.35,A,2024-11-19
2020-02-08,0.0,33.6,54.0,74.5,32.4,1.66,23.12,17.43,J17WL,672.47,A,2024-11-19
2020-02-09,0.0,49.6,59.8,70.0,53.3,0.5,10.43,6.31,J17WL,672.44,A,2024-11-19
2020-02-10,0.0,63.6,70.3,77.0,66.8,0.4,9.58,6.04,J17WL,672.37,A,2024-11-19
2020-02-11,0.04,45.8,60.1,74.6,54.0,0.22,6.07,3.76,J17WL,672.39,A,2024-11-19
2020-02-12,0.64,44.4,45.6,46.8,42.8,0.52,1.64,2.48,J17WL,672.97,A,2024-11-19
2020-02-13,0.0,43.0,54.4,65.8,43.3,0.42,10.93,9.46,J17WL,673.21,A,2024-11-19
2020-02-14,0.0,35.7,47.6,59.4,34.7,1.22,10.32,18.79,J17WL,673.47,A,2024-11-19
2020-02-15,0.0,33.8,46.2,58.7,35.0,0.53,10.07,18.95,J17WL,673.82,A,2024-11-19
2020-02-16,0.0,37.9,50.8,63.7,48.2,0.32,7.66,7.47,J17WL,673.95,A,2024-11-19
2020-02-17,0.02,53.0,62.8,72.6,57.9,0.25,10.18,10.03,J17WL,673.94,A,2024-11-19
2020-02-18,0.0,64.6,72.4,80.2,64.8,0.7,14.4,9.13,J17WL,673.72,A,2024-11-19
2020-02-19,0.05,50.5,63.2,75.8,53.7,1.47,8.92,4.59,J17WL,673.48,A,2024-11-19
2020-02-20,0.09,47.4,49.5,51.6,46.3,0.76,2.29,2.72,J17WL,673.42,A,2024-11-19
2020-02-21,0.05,38.5,43.7,48.9,38.4,1.47,3.76,1.89,J17WL,673.51,A,2024-11-19
2020-02-22,0.0,37.1,46.3,55.4,33.3,1.56,8.71,19.31,J17WL,673.69,A,2024-11-19
2020-02-23,0.0,38.6,51.1,63.6,42.3,1.04,11.86,16.73,J17WL,673.78,A,2024-11-19
2020-02-24,0.0,54.6,62.2,69.7,58.2,1.08,9.08,7.0,J17WL,673.51,A,2024-11-19
2020-02-25,0.0,42.1,56.8,71.5,43.5,0.74,18.48,10.92,J17WL,673.46,A,2024-11-19
2020-02-26,0.0,40.7,54.5,68.4,33.6,1.98,14.54,20.2,J17WL,673.11,A,2024-11-19
2020-02-27,0.0,27.4,40.9,54.4,22.6,1.16,10.39,21.03,J17WL,673.01,A,2024-11-19
2020-02-28,0.0,27.0,43.5,60.0,22.3,1.09,14.35,21.45,J17WL,672.81,A,2024-11-19
2020-02-29,0.0,35.1,52.5,70.0,28.6,2.26,21.35,20.78,J17WL,672.75,A,2024-11-19
2020-03-01,0.0,41.0,58.2,75.3,42.5,2.14,22.89,20.07,J17WL,672.66,A,2024-11-19
2020-03-02,0.0,54.8,65.5,76.2,58.1,0.96,14.8,12.5,J17WL,672.59,A,2024-11-19
2020-03-03,0.0,62.3,68.6,75.0,62.5,0.77,10.75,6.84,J17WL,672.39,A,2024-11-19
2020-03-04,0.32,62.2,69.1,76.0,64.2,0.34,10.87,6.56,J17WL,672.34,A,2024-11-19
2020-03-05,0.12,49.4,59.4,69.4,52.1,0.85,9.94,12.63,J17WL,672.25,A,2024-11-19
2020-03-06,0.0,45.7,59.9,74.0,40.8,1.47,21.42,22.12,J17WL,672.52,A,2024-11-19
2020-03-07,0.0,47.1,58.0,68.9,31.8,3.95,19.47,21.66,J17WL,672.51,A,2024-11-19
2020-03-08,0.0,47.2,56.5,65.8,44.7,0.38,11.81,8.13,J17WL,672.57,A,2024-11-19
2020-03-09,0.01,49.8,62.7,75.6,55.4,0.39,17.42,12.57,J17WL,672.32,A,2024-11-19
2020-03-10,0.03,62.7,67.5,72.3,62.6,1.02,8.16,4.4,J17WL,672.26,A,2024-11-19
2020-03-11,0.0,62.4,70.5,78.7,63.6,0.8,13.87,10.83,J17WL,672.09,A,2024-11-19
2020-03-12,0.0,62.2,73.9,85.6,62.5,0.38,23.95,19.59,J17WL,671.99,A,2024-11-19
2020-03-13,0.0,64.2,75.2,86.2,63.1,1.73,23.72,18.0,J17WL,671.55,A,2024-11-19
2020-03-14,0.0,67.5,75.9,84.2,64.6,2.8,20.85,12.81,J17WL,671.32,A,2024-11-19
2020-03-15,0.0,69.5,76.8,84.1,64.8,2.7,19.94,11.82,J17WL,671.36,A,2024-11-19
2020-03-16,0.0,63.6,67.3,70.9,62.3,1.4,6.5,7.33,J17WL,671.38,A,2024-11-19
2020-03-17,0.0,64.8,71.3,77.7,64.8,1.45,12.91,9.44,J17WL,671.02,A,2024-11-19
2020-03-18,0.02,67.1,74.9,82.6,64.9,1.95,17.45,9.43,J17WL,670.66,A,2024-11-19
2020-03-19,0.12,68.7,77.2,85.8,65.0,2.28,22.46,11.65,J17WL,670.53,A,2024-11-19
2020-03-20,0.38,67.4,75.2,83.1,66.8,1.89,16.06,8.73,J17WL,670.64,A,2024-11-19
2020-03-21,0.07,50.3,57.6,64.9,49.7,2.18,5.17,4.24,J17WL,671.2,A,2024-11-19
2020-03-22,0.8,50.1,52.8,55.5,48.9,0.98,3.8,3.11,J17WL,671.71,A,2024-11-19
2020-03-23,0.03,55.7,60.4,65.1,60.3,0.68,2.05,3.83,J17WL,671.81,A,2024-11-19
2020-03-24,0.0,63.9,72.7,81.5,64.9,0.38,15.69,11.38,J17WL,672.02,A,2024-11-19
2020-03-25,0.0,59.9,74.8,89.8,59.2,0.73,33.3,20.98,J17WL,672.02,A,2024-11-19
2020-03-26,0.0,61.7,74.1,86.5,66.2,0.49,21.08,22.07,J17WL,671.79,A,2024-11-19
2020-03-27,0.0,67.9,78.9,89.9,66.3,1.99,26.98,19.5,J17WL,671.57,A,2024-11-19
2020-03-28,0.06,69.1,78.9,88.7,67.8,1.75,24.48,16.96,J17WL,671.36,A,2024-11-19
2020-03-29,0.0,49.0,64.9,80.8,45.2,1.6,28.23,15.19,J17WL,671.21,A,2024-11-19
2020-03-30,0.0,50.1,64.9,79.7,43.9,3.78,27.84,16.52,J17WL,671.08,A,2024-11-19
2020-03-31,0.09,57.2,65.6,74.1,63.4,0.3,7.78,3.81,J17WL,671.02,A,2024-11-19
2020-04-01,0.0,51.4,64.6,77.8,50.1,1.15,21.31,24.42,J17WL,670.57,A,2024-11-19
2020-04-02,0.0,51.1,64.7,78.3,53.7,1.77,20.58,24.66,J17WL,670.31,A,2024-11-19
2020-04-03,0.24,63.2,67.4,71.6,65.6,0.58,4.81,1.74,J17WL,670.76,A,2024-11-19
2020-04-04,0.42,50.3,62.7,75.2,58.5,0.8,4.46,3.36,J17WL,671.93,A,2024-11-19
2020-04-05,1.51,49.9,54.5,59.1,50.5,0.84,2.51,2.78,J17WL,672.71,A,2024-11-19
2020-04-06,0.0,54.5,62.4,70.3,57.8,1.03,9.0,10.99,J17WL,673.02,A,2024-11-19
2020-04-07,0.0,62.9,69.1,75.3,66.1,0.46,8.16,8.32,J17WL,673.26,A,2024-11-19
2020-04-08,0.0,68.2,76.2,84.2,69.7,0.67,15.22,14.48,J17WL,673.53,A,2024-11-19
2020-04-09,0.0,68.9,79.9,90.9,70.2,0.71,25.77,21.4,J17WL,673.45,A,2024-11-19
2020-04-10,0.03,64.7,76.9,89.1,64.6,1.54,22.56,14.02,J17WL,673.48,A,2024-11-19
2020-04-11,0.0,63.9,68.9,74.0,60.1,3.1,10.35,12.99,J17WL,673.6,A,2024-11-19
2020-04-12,0.02,64.0,71.4,78.8,67.7,1.59,9.47,6.48,J17WL,673.97,A,2024-11-19
2020-04-13,0.0,48.3,66.8,85.4,42.2,2.13,36.28,26.45,J17WL,673.65,A,2024-11-19
2020-04-14,0.0,46.3,57.1,68.0,38.5,3.49,15.09,26.82,J17WL,673.35,A,2024-11-19
2020-04-15,0.0,45.4,55.9,66.5,40.4,2.69,12.75,19.6,J17WL,673.1,A,2024-11-19
2020-04-16,0.0,44.8,56.4,68.1,42.2,1.04,14.35,25.61,J17WL,672.85,A,2024-11-19
2020-04-17,0.0,47.3,61.7,76.1,53.6,1.07,17.57,23.64,J17WL,672.8,A,2024-11-19
2020-04-18,0.02,53.5,64.1,74.6,58.9,1.36,6.3,6.35,J17WL,672.83,A,2024-11-19
2020-04-19,0.0,52.4,57.9,63.5,57.3,0.0,3.69,5.78,J17WL,673.04,A,2024-11-19
2020-04-20,0.0,50.8,71.8,92.8,48.7,0.33,45.9,20.72,J17WL,672.25,A,2024-11-19
2020-04-21,0.0,58.6,75.4,92.1,56.1,0.76,41.88,26.13,J17WL,671.51,A,2024-11-19
2020-04-22,0.0,64.9,76.2,87.6,64.9,0.52,27.19,23.08,J17WL,671.3,A,2024-11-19
2020-04-23,0.03,61.5,72.4,83.3,70.2,0.31,10.67,6.74,J17WL,670.84,A,2024-11-19
2020-04-24,0.0,55.5,72.8,90.2,48.2,2.65,40.03,27.17,J17WL,670.0,A,2024-11-19
2020-04-25,0.0,58.7,77.9,97.1,53.4,4.07,47.32,26.3,J17WL,669.05,A,2024-11-19
2020-04-26,0.0,52.7,67.8,82.9,46.1,2.61,29.04,25.35,J17WL,668.45,A,2024-11-19
2020-04-27,0.0,54.1,70.1,86.2,51.3,0.82,32.86,27.51,J17WL,667.47,A,2024-11-19
2020-04-28,0.14,61.3,74.9,88.5,64.0,0.72,27.37,25.01,J17WL,666.8,A,2024-11-19
2020-04-29,0.0,67.3,78.6,89.9,70.8,0.83,23.78,20.18,J17WL,666.95,A,2024-11-19
2020-04-30,0.0,51.9,68.8,85.6,47.9,2.6,33.88,25.65,J17WL,666.51,A,2024-11-19
2020-05-01,0.0,53.7,70.9,88.1,45.9,2.55,37.07,28.0,J17WL,665.55,A,2024-11-19
2020-05-02,0.0,58.8,74.7,90.7,56.7,1.39,36.96,26.87,J17WL,665.33,A,2024-11-19
2020-05-03,0.0,69.1,81.3,93.5,66.9,2.48,34.0,23.7,J17WL,664.95,A,2024-11-19
2020-05-04,0.0,69.8,82.0,94.3,67.3,2.18,35.47,22.53,J17WL,664.27,A,2024-11-19
2020-05-05,0.0,71.9,83.7,95.5,68.2,3.25,38.32,25.75,J17WL,663.28,A,2024-11-19
2020-05-06,0.0,69.5,79.6,89.7,59.6,5.32,24.7,20.19,J17WL,662.32,A,2024-11-19
2020-05-07,0.0,59.0,72.1,85.3,50.1,2.74,31.73,20.23,J17WL,661.58,A,2024-11-19
2020-05-08,0.0,62.1,75.5,88.8,66.4,3.24,26.37,15.2,J17WL,661.48,A,2024-11-19
2020-05-09,0.0,63.4,76.3,89.1,56.0,3.67,26.18,21.88,J17WL,661.15,A,2024-11-19
2020-05-10,0.0,54.1,65.4,76.6,51.9,2.33,17.5,18.86,J17WL,661.27,A,2024-11-19
2020-05-11,0.0,59.3,70.7,82.1,50.0,2.65,26.89,27.34,J17WL,660.78,A,2024-11-19
2020-05-12,0.08,62.7,73.6,84.6,63.0,1.54,23.18,20.57,J17WL,660.21,A,2024-11-19
2020-05-13,0.03,65.3,74.8,84.3,66.1,1.32,19.53,12.41,J17WL,661.2,A,2024-11-19
2020-05-14,0.82,64.2,77.1,89.9,67.6,0.83,27.33,18.19,J17WL,661.86,A,2024-11-19
2020-05-15,0.0,65.9,79.2,92.5,67.8,1.82,33.39,26.98,J17WL,662.38,A,2024-11-19
2020-05-16,0.97,62.6,76.9,91.1,68.4,1.11,25.14,16.27,J17WL,663.95,A,2024-11-19
2020-05-17,0.0,63.5,75.2,86.8,62.0,2.13,25.45,25.58,J17WL,665.11,A,2024-11-19
2020-05-18,0.0,64.8,77.6,90.5,61.6,2.29,34.33,25.58,J17WL,665.14,A,2024-11-19
2020-05-19,0.0,67.6,80.2,92.8,64.4,2.62,34.37,28.34,J17WL,665.44,A,2024-11-19
2020-05-20,0.0,70.5,82.7,95.0,71.3,1.09,31.65,27.96,J17WL,665.18,A,2024-11-19
2020-05-21,0.05,70.0,82.4,94.7,70.0,1.72,33.6,27.06,J17WL,664.69,A,2024-11-19
2020-05-22,0.0,73.6,82.7,91.9,72.1,2.22,27.36,21.55,J17WL,665.03,A,2024-11-19
2020-05-23,0.0,76.7,85.4,94.1,72.1,3.93,31.23,22.85,J17WL,664.75,A,2024-11-19
2020-05-24,0.01,69.5,81.7,93.8,69.2,1.87,32.19,22.16,J17WL,664.98,A,2024-11-19
2020-05-25,2.37,64.5,78.9,93.2,67.0,0.81,31.3,23.06,J17WL,666.98,A,2024-11-19
2020-05-26,0.38,65.1,71.7,78.2,65.5,0.96,11.91,12.27,J17WL,668.41,A,2024-11-19
2020-05-27,0.08,63.9,74.4,84.9,63.7,1.16,22.64,24.3,J17WL,669.03,A,2024-11-19
2020-05-28,0.74,65.1,77.9,90.7,66.5,0.86,29.85,27.88,J17WL,670.04,A,2024-11-19
2020-05-29,0.03,66.5,76.8,87.1,67.5,1.67,19.53,20.82,J17WL,670.76,A,2024-11-19
2020-05-30,0.0,64.7,75.7,86.8,61.1,3.44,26.8,25.34,J17WL,671.63,A,2024-11-19
2020-05-31,0.0,69.6,77.7,85.8,61.5,3.07,26.51,26.28,J17WL,672.09,A,2024-11-19
2020-06-01,0.56,69.8,76.2,82.7,69.0,0.89,14.78,15.01,J17WL,672.19,A,2024-11-19
2020-06-02,0.0,68.6,75.1,81.5,68.4,1.01,13.19,16.47,J17WL,672.17,A,2024-11-19
2020-06-03,0.03,71.9,78.7,85.6,71.5,1.03,16.71,18.42,J17WL,672.27,A,2024-11-19
2020-06-04,0.0,74.0,81.3,88.5,72.0,1.68,20.35,24.81,J17WL,672.23,A,2024-11-19
2020-06-05,0.0,73.6,81.9,90.2,71.5,1.81,23.55,24.15,J17WL,671.98,A,2024-11-19
2020-06-06,0.0,71.1,80.6,90.0,70.6,1.59,24.08,24.87,J17WL,671.63,A,2024-11-19
2020-06-07,0.0,72.1,82.3,92.5,68.7,2.79,30.53,28.42,J17WL,671.2,A,2024-11-19
2020-06-08,0.0,72.8,82.8,92.7,69.8,3.47,28.22,22.57,J17WL,670.49,A,2024-11-19
2020-06-09,0.0,74.4,85.5,96.6,71.6,1.65,35.39,28.27,J17WL,669.14,A,2024-11-19
2020-06-10,0.0,73.9,85.3,96.8,65.6,3.31,38.58,26.06,J17WL,668.17,A,2024-11-19
2020-06-11,0.0,61.6,76.3,91.0,50.8,4.58,38.89,29.21,J17WL,666.91,A,2024-11-19
2020-06-12,0.0,61.4,77.1,92.8,51.9,4.65,41.8,30.34,J17WL,665.82,A,2024-11-19
2020-06-13,0.0,68.5,79.6,90.6,55.9,8.03,35.99,29.39,J17WL,665.27,A,2024-11-19
2020-06-14,0.0,63.4,77.2,90.9,56.8,3.25,35.56,29.49,J17WL,664.94,A,2024-11-19
2020-06-15,0.0,69.3,79.6,89.9,62.0,2.9,31.45,27.25,J17WL,664.18,A,2024-11-19
2020-06-16,0.04,71.9,81.4,91.0,69.3,1.69,28.09,21.8,J17WL,663.22,A,2024-11-19
2020-06-17,0.18,67.4,79.3,91.2,66.9,1.02,28.88,22.33,J17WL,662.9,A,2024-11-19
2020-06-18,0.0,69.7,81.1,92.6,67.3,1.25,32.36,25.71,J17WL,662.16,A,2024-11-19
2020-06-19,0.0,74.4,83.2,92.1,70.9,2.16,27.65,22.64,J17WL,661.79,A,2024-11-19
2020-06-20,0.0,75.7,84.0,92.3,72.0,2.32,27.4,24.95,J17WL,661.61,A,2024-11-19
2020-06-21,0.0,76.3,85.2,94.0,71.4,3.01,32.11,23.55,J17WL,661.61,A,2024-11-19
2020-06-22,0.0,77.7,86.7,95.8,72.0,4.38,34.99,23.81,J17WL,661.04,A,2024-11-19
2020-06-23,0.0,76.1,86.2,96.3,73.3,2.3,33.22,20.24,J17WL,660.4,A,2024-11-19
2020-06-24,1.09,69.6,80.6,91.5,68.1,1.48,29.55,19.06,J17WL,660.99,A,2024-11-19
2020-06-25,0.0,70.5,80.2,89.8,67.1,2.7,27.61,27.98,J17WL,660.79,A,2024-11-19
2020-06-26,0.0,72.3,82.8,93.2,69.3,2.7,31.74,25.67,J17WL,660.69,A,2024-11-19
2020-06-27,0.47,70.4,76.9,83.4,71.8,0.82,12.56,11.2,J17WL,661.58,A,2024-11-19
2020-06-28,0.0,77.4,83.8,90.1,72.9,2.46,23.71,21.81,J17WL,662.28,A,2024-11-19
2020-06-29,0.03,77.8,83.4,89.0,73.5,4.45,21.2,14.37,J17WL,662.01,A,2024-11-19
2020-06-30,0.0,77.6,83.5,89.4,73.9,3.97,20.8,14.48,J17WL,661.45,A,2024-11-19
2020-07-01,0.0,79.2,86.5,93.9,73.9,5.34,28.39,20.99,J17WL,660.83,A,2024-11-19
2020-07-02,0.0,78.0,86.4,94.8,73.9,3.58,31.04,18.89,J17WL,660.35,A,2024-11-19
2020-07-03,0.0,75.5,86.3,97.1,70.3,3.46,40.26,27.5,J17WL,659.57,A,2024-11-19
2020-07-04,0.0,74.3,85.8,97.2,68.2,1.92,41.51,27.75,J17WL,659.63,A,2024-11-19
2020-07-05,0.0,74.3,87.0,99.7,67.8,2.51,47.6,28.46,J17WL,660.27,A,2024-11-19
2020-07-06,0.0,76.8,88.7,100.6,69.2,3.13,48.23,27.82,J17WL,659.81,A,2024-11-19
2020-07-07,0.0,78.1,87.4,96.6,71.9,4.65,36.9,24.68,J17WL,659.14,A,2024-11-19
2020-07-08,0.0,79.9,88.7,97.5,72.3,5.54,36.87,23.76,J17WL,658.62,A,2024-11-19
2020-07-09,0.0,79.4,89.1,98.9,72.4,5.55,41.69,24.48,J17WL,658.14,A,2024-11-19
2020-07-10,0.0,78.1,87.9,97.7,72.3,3.87,38.1,24.37,J17WL,657.38,A,2024-11-19
2020-07-11,0.0,77.0,89.4,101.7,72.3,3.37,47.58,26.14,J17WL,657.25,A,2024-11-19
2020-07-12,0.0,76.5,90.0,103.5,70.3,2.38,53.66,28.65,J17WL,657.68,A,2024-11-19
2020-07-13,0.0,76.5,88.9,101.4,69.8,2.71,49.32,27.42,J17WL,657.06,A,2024-11-19
2020-07-14,0.0,75.1,90.4,105.6,66.2,1.84,62.83,28.72,J17WL,656.07,A,2024-11-19
2020-07-15,0.0,76.5,90.1,103.6,68.7,3.13,56.67,28.26,J17WL,655.29,A,2024-11-19
2020-07-16,0.0,77.7,89.2,100.6,68.6,4.19,48.75,27.56,J17WL,654.84,A,2024-11-19
2020-07-17,0.0,75.5,87.3,99.1,70.5,2.54,42.0,24.05,J17WL,654.33,A,2024-11-19
2020-07-18,0.0,71.9,85.4,98.8,69.7,2.3,42.7,25.05,J17WL,654.76,A,2024-11-19
2020-07-19,0.0,72.7,83.8,94.8,69.2,2.06,35.02,22.88,J17WL,655.43,A,2024-11-19
2020-07-20,0.02,74.4,85.7,97.0,68.7,2.44,41.68,24.48,J17WL,655.03,A,2024-11-19
2020-07-21,0.0,75.1,86.3,97.6,69.3,3.28,40.67,25.67,J17WL,654.3,A,2024-11-19
2020-07-22,0.0,78.5,87.4,96.2,71.3,5.04,35.35,21.73,J17WL,653.69,A,2024-11-19
2020-07-23,0.0,76.4,87.2,98.0,71.1,2.73,39.61,22.86,J17WL,653.81,A,2024-11-19
2020-07-24,0.0,76.6,87.6,98.7,70.5,3.41,40.65,20.57,J17WL,653.63,A,2024-11-19
2020-07-25,0.0,78.2,88.5,98.8,70.5,6.04,41.33,23.65,J17WL,654.99,A,2024-11-19
2020-07-26,0.22,75.4,82.6,89.8,71.6,1.99,23.71,17.54,J17WL,656.21,A,2024-11-19
2020-07-27,0.14,76.0,84.6,93.3,72.7,1.95,30.0,22.76,J17WL,656.62,A,2024-11-19
2020-07-28,0.0,76.8,86.3,95.7,73.3,2.26,33.19,21.35,J17WL,656.6,A,2024-11-19
2020-07-29,0.0,74.0,85.7,97.4,71.0,1.93,38.69,24.74,J17WL,656.24,A,2024-11-19
2020-07-30,0.0,75.2,84.7,94.2,72.0,2.33,30.28,19.65,J17WL,656.27,A,2024-11-19
2020-07-31,0.0,76.0,85.8,95.5,72.3,2.56,33.63,22.5,J17WL,655.94,A,2024-11-19
2020-08-01,0.05,73.2,85.0,96.8,70.8,2.77,36.13,18.48,J17WL,656.57,A,2024-11-19
2020-08-02,0.0,71.2,83.6,96.1,68.3,2.15,39.08,23.1,J17WL,657.41,A,2024-11-19
2020-08-03,0.05,71.5,83.8,96.0,67.8,2.78,38.3,21.73,J17WL,657.27,A,2024-11-19
2020-08-04,0.47,72.3,85.1,97.9,70.0,1.59,42.08,22.28,J17WL,658.14,A,2024-11-19
2020-08-05,0.0,73.2,84.2,95.1,68.3,1.72,36.4,24.66,J17WL,658.14,A,2024-11-19
2020-08-06,0.0,74.8,85.4,95.9,68.8,2.01,38.33,26.54,J17WL,657.91,A,2024-11-19
2020-08-07,0.0,75.9,86.2,96.4,70.3,2.12,37.81,25.66,J17WL,657.59,A,2024-11-19
2020-08-08,0.0,75.8,85.8,95.8,70.6,2.09,35.89,22.86,J17WL,657.87,A,2024-11-19
2020-08-09,0.0,75.4,86.2,96.9,71.0,2.13,39.11,23.0,J17WL,658.14,A,2024-11-19
2020-08-10,0.0,77.3,86.8,96.2,69.9,3.35,39.81,24.95,J17WL,657.76,A,2024-11-19
2020-08-11,0.0,77.5,87.3,97.1,71.0,3.6,37.97,24.43,J17WL,656.69,A,2024-11-19
2020-08-12,0.0,76.8,87.6,98.4,71.2,3.28,40.86,24.95,J17WL,656.22,A,2024-11-19
2020-08-13,0.0,76.1,87.6,99.1,70.4,2.69,42.1,26.25,J17WL,655.72,A,2024-11-19
2020-08-14,0.0,76.5,87.9,99.4,68.4,2.97,45.76,26.32,J17WL,655.26,A,2024-11-19
2020-08-15,0.0,76.6,89.3,102.1,65.9,3.38,54.0,26.56,J17WL,655.43,A,2024-11-19
2020-08-16,0.0,76.9,89.3,101.8,66.8,4.42,51.88,25.81,J17WL,655.96,A,2024-11-19
2020-08-17,0.0,76.5,88.5,100.5,66.3,5.13,48.99,25.76,J17WL,655.65,A,2024-11-19
2020-08-18,0.0,77.0,86.8,96.7,65.2,9.17,39.81,20.63,J17WL,655.02,A,2024-11-19
2020-08-19,0.0,73.3,86.0,98.6,64.3,6.42,46.62,20.64,J17WL,655.27,A,2024-11-19
2020-08-20,0.0,73.6,86.9,100.1,55.3,9.97,53.94,25.19,J17WL,655.07,A,2024-11-19
2020-08-21,0.0,73.3,85.7,98.0,60.3,5.73,45.68,20.56,J17WL,654.66,A,2024-11-19
2020-08-22,0.0,75.8,87.3,98.8,65.9,5.11,46.0,23.57,J17WL,656.13,A,2024-11-19
2020-08-23,0.45,69.5,78.4,87.2,67.2,1.66,23.9,16.49,J17WL,657.03,A,2024-11-19
2020-08-24,0.0,70.8,81.7,92.5,66.3,2.71,33.52,24.29,J17WL,656.95,A,2024-11-19
2020-08-25,0.0,73.3,84.0,94.8,65.8,4.83,37.42,22.44,J17WL,656.51,A,2024-11-19
2020-08-26,0.0,75.8,86.2,96.7,64.0,7.93,42.59,23.4,J17WL,656.23,A,2024-11-19
2020-08-27,0.0,76.8,86.0,95.2,70.3,7.07,32.21,22.44,J17WL,655.89,A,2024-11-19
2020-08-28,0.0,77.9,88.1,98.2,71.2,4.76,40.06,23.07,J17WL,655.32,A,2024-11-19
2020-08-29,0.0,77.9,89.7,101.5,72.1,4.24,47.26,24.42,J17WL,655.3,A,2024-11-19
2020-08-30,0.0,77.9,89.0,100.2,70.5,3.27,46.03,25.08,J17WL,656.07,A,2024-11-19
2020-08-31,0.0,78.6,88.7,98.8,72.5,3.54,40.93,23.75,J17WL,655.51,A,2024-11-19
2020-09-01,0.0,79.5,89.2,98.8,74.5,3.27,38.5,19.11,J17WL,654.59,A,2024-11-19
2020-09-02,0.0,80.2,89.0,97.7,75.3,5.63,34.62,12.12,J17WL,654.88,A,2024-11-19
2020-09-03,0.0,79.6,85.4,91.2,73.2,5.23,26.44,13.59,J17WL,655.04,A,2024-11-19
2020-09-04,0.52,74.2,84.7,95.3,71.5,2.14,35.32,19.21,J17WL,656.5,A,2024-11-19
2020-09-05,0.03,73.5,77.6,81.8,71.4,2.12,12.45,10.03,J17WL,657.52,A,2024-11-19
2020-09-06,0.05,73.2,81.3,89.4,70.9,2.28,24.15,15.77,J17WL,658.49,A,2024-11-19
2020-09-07,0.0,72.2,81.7,91.2,69.3,2.3,28.07,18.56,J17WL,658.62,A,2024-11-19
2020-09-08,0.03,72.4,81.5,90.6,69.1,1.57,27.83,22.62,J17WL,658.69,A,2024-11-19
2020-09-09,0.69,75.6,82.8,90.1,72.7,1.56,25.55,15.3,J17WL,660.19,A,2024-11-19
2020-09-10,1.14,58.2,71.5,84.7,67.6,0.74,11.53,11.23,J17WL,662.21,A,2024-11-19
2020-09-11,0.02,59.4,64.4,69.3,60.0,1.35,6.8,8.93,J17WL,663.06,A,2024-11-19
2020-09-12,0.0,64.3,74.6,84.8,66.6,2.23,17.05,19.15,J17WL,663.82,A,2024-11-19
2020-09-13,0.0,69.8,79.9,90.0,68.6,2.62,25.03,18.33,J17WL,664.44,A,2024-11-19
2020-09-14,0.0,74.1,83.0,91.8,68.1,5.62,29.89,22.22,J17WL,664.41,A,2024-11-19
2020-09-15,0.0,74.7,82.1,89.6,67.3,5.88,26.25,20.67,J17WL,663.74,A,2024-11-19
2020-09-16,0.0,74.0,81.7,89.5,68.8,4.63,25.28,18.38,J17WL,663.73,A,2024-11-19
2020-09-17,0.08,73.8,81.7,89.6,69.5,4.24,24.8,14.47,J17WL,663.52,A,2024-11-19
2020-09-18,0.11,71.5,79.0,86.5,68.1,3.86,20.57,16.2,J17WL,663.58,A,2024-11-19
2020-09-19,0.0,69.1,77.9,86.8,62.7,4.06,26.46,21.3,J17WL,663.56,A,2024-11-19
2020-09-20,0.0,63.6,73.3,83.0,58.8,4.54,21.91,18.95,J17WL,664.23,A,2024-11-19
2020-09-21,0.03,63.2,73.5,83.9,58.2,2.41,28.05,21.67,J17WL,663.75,A,2024-11-19
2020-09-22,0.3,68.5,70.4,72.2,66.3,1.83,5.63,6.35,J17WL,664.16,A,2024-11-19
2020-09-23,0.0,68.8,74.1,79.5,66.8,2.71,11.66,13.1,J17WL,664.13,A,2024-11-19
2020-09-24,0.0,63.1,71.8,80.5,64.6,1.1,13.98,10.97,J17WL,663.97,A,2024-11-19
2020-09-25,0.0,61.6,72.5,83.4,61.6,1.29,20.39,19.44,J17WL,663.6,A,2024-11-19
2020-09-26,0.0,61.8,74.2,86.7,66.0,0.99,23.6,19.3,J17WL,663.64,A,2024-11-19
2020-09-27,0.0,70.5,80.0,89.5,69.7,1.76,26.25,15.23,J17WL,663.72,A,2024-11-19
2020-09-28,0.0,69.3,80.7,92.1,71.9,3.42,24.86,15.08,J17WL,663.28,A,2024-11-19
2020-09-29,0.0,55.1,66.2,77.3,42.1,6.11,22.95,14.87,J17WL,662.72,A,2024-11-19
2020-09-30,0.0,50.5,65.8,81.0,36.6,4.01,30.87,22.48,J17WL,662.61,A,2024-11-19
2020-10-01,0.0,50.8,68.0,85.2,40.2,4.09,35.9,22.05,J17WL,661.96,A,2024-11-19
2020-10-02,0.0,55.1,71.6,88.0,48.9,4.37,36.11,21.2,J17WL,661.54,A,2024-11-19
2020-10-03,0.0,56.7,69.3,81.9,50.9,2.35,24.99,20.26,J17WL,661.64,A,2024-11-19
2020-10-04,0.0,56.3,70.3,84.4,58.9,1.23,24.39,20.1,J17WL,661.82,A,2024-11-19
2020-10-05,0.0,61.5,74.4,87.2,58.7,1.72,28.2,19.31,J17WL,661.51,A,2024-11-19
2020-10-06,0.0,63.2,75.1,87.0,58.4,1.55,28.85,19.78,J17WL,660.69,A,2024-11-19
2020-10-07,0.0,63.0,74.9,86.9,62.4,1.59,25.59,19.08,J17WL,660.42,A,2024-11-19
2020-10-08,0.0,60.3,73.9,87.5,57.0,2.33,28.8,16.87,J17WL,660.3,A,2024-11-19
2020-10-09,0.0,60.6,73.0,85.4,65.0,2.63,20.54,14.42,J17WL,660.59,A,2024-11-19
2020-10-10,0.0,68.3,78.5,88.7,67.6,2.2,23.17,15.01,J17WL,660.5,A,2024-11-19
2020-10-11,0.0,65.5,80.7,95.9,62.0,1.42,42.01,19.0,J17WL,660.83,A,2024-11-19
2020-10-12,0.0,62.6,79.2,95.8,65.7,1.16,40.09,19.16,J17WL,660.32,A,2024-11-19
2020-10-13,0.0,65.8,77.9,90.1,54.5,3.25,34.89,17.31,J17WL,659.2,A,2024-11-19
2020-10-14,0.0,65.4,77.0,88.5,54.9,4.33,30.35,17.99,J17WL,658.92,A,2024-11-19
2020-10-15,0.0,70.5,80.5,90.6,66.3,2.24,29.17,18.21,J17WL,658.48,A,2024-11-19
2020-10-16,0.0,65.0,76.3,87.6,60.3,3.39,25.21,10.71,J17WL,658.56,A,2024-11-19
2020-10-17,0.02,58.8,66.9,75.0,45.6,1.33,21.15,15.41,J17WL,659.47,A,2024-11-19
2020-10-18,0.03,58.6,66.3,74.0,64.8,0.65,6.48,5.54,J17WL,660.19,A,2024-11-19
2020-10-19,0.0,69.8,79.8,89.7,67.0,1.59,28.92,15.32,J17WL,660.05,A,2024-11-19
2020-10-20,0.0,74.3,82.2,90.0,69.9,2.53,26.92,12.77,J17WL,659.59,A,2024-11-19
2020-10-21,0.0,72.2,80.2,88.3,67.5,2.56,25.72,13.56,J17WL,659.27,A,2024-11-19
2020-10-22,0.03,72.7,80.0,87.3,67.4,2.11,25.34,14.01,J17WL,659.23,A,2024-11-19
2020-10-23,0.0,72.9,80.4,87.9,69.1,2.76,23.74,13.97,J17WL,658.82,A,2024-11-19
2020-10-24,0.0,54.7,69.9,85.2,56.3,2.62,19.15,8.87,J17WL,659.69,A,2024-11-19
2020-10-25,0.0,53.9,61.0,68.1,47.5,2.72,11.96,7.8,J17WL,660.25,A,2024-11-19
2020-10-26,0.06,60.2,71.9,83.5,66.8,1.29,17.51,9.75,J17WL,660.12,A,2024-11-19
2020-10-27,0.02,43.6,62.9,82.2,52.3,0.79,13.61,7.98,J17WL,660.17,A,2024-11-19
2020-10-28,0.11,40.2,42.3,44.4,40.0,0.5,1.46,3.01,J17WL,660.59,A,2024-11-19
2020-10-29,0.0,41.6,53.5,65.5,36.4,1.4,14.83,16.93,J17WL,660.32,A,2024-11-19
2020-10-30,0.0,44.7,54.9,65.1,39.9,2.35,12.87,17.52,J17WL,660.17,A,2024-11-19
2020-10-31,0.0,42.6,56.3,70.0,36.2,2.26,18.37,17.52,J17WL,660.42,A,2024-11-19
2020-11-01,0.0,42.3,59.1,75.9,41.2,2.18,22.45,17.19,J17WL,660.9,A,2024-11-19
2020-11-02,0.0,50.1,64.8,79.5,43.3,2.38,24.84,16.91,J17WL,659.58,A,2024-11-19
2020-11-03,0.0,44.3,59.6,74.9,32.7,3.52,24.56,17.21,J17WL,658.69,A,2024-11-19
2020-11-04,0.0,44.1,60.9,77.7,39.8,1.37,26.1,16.92,J17WL,659.06,A,2024-11-19
2020-11-05,0.0,49.0,63.7,78.3,51.8,1.04,22.21,16.08,J17WL,659.06,A,2024-11-19
2020-11-06,0.0,55.3,67.6,80.0,56.0,1.02,20.42,13.92,J17WL,658.66,A,2024-11-19
2020-11-07,0.0,56.9,66.7,76.5,57.3,1.21,15.01,9.44,J17WL,658.93,A,2024-11-19
2020-11-08,0.0,58.6,68.6,78.6,58.1,1.07,18.9,12.83,J17WL,659.31,A,2024-11-19
2020-11-09,0.0,64.3,72.7,81.1,62.0,1.45,19.17,12.03,J17WL,659.2,A,2024-11-19
2020-11-10,0.0,67.0,74.8,82.7,63.3,2.18,20.18,11.09,J17WL,658.88,A,2024-11-19
2020-11-11,0.02,60.5,66.3,72.1,53.0,2.23,15.47,2.6,J17WL,659.1,A,2024-11-19
2020-11-12,0.0,60.9,71.0,81.2,54.0,2.97,20.31,14.55,J17WL,658.89,A,2024-11-19
2020-11-13,0.0,62.5,71.9,81.3,61.9,1.19,18.14,8.32,J17WL,658.92,A,2024-11-19
2020-11-14,0.0,65.9,73.2,80.5,65.3,1.3,15.96,9.38,J17WL,659.65,A,2024-11-19
2020-11-15,0.0,66.6,75.9,85.2,63.9,1.38,22.19,10.38,J17WL,659.8,A,2024-11-19
2020-11-16,0.0,48.1,60.7,73.3,22.6,6.62,24.62,14.92,J17WL,659.55,A,2024-11-19
2020-11-17,0.0,47.1,60.5,74.0,27.4,4.65,24.24,14.69,J17WL,658.86,A,2024-11-19
2020-11-18,0.0,44.4,59.6,74.9,30.2,3.32,24.91,15.2,J17WL,658.95,A,2024-11-19
2020-11-19,0.0,46.4,61.8,77.2,51.1,1.07,19.03,14.04,J17WL,658.59,A,2024-11-19
2020-11-20,0.0,55.6,67.2,78.8,55.9,0.63,20.91,13.62,J17WL,658.62,A,2024-11-19
2020-11-21,0.0,56.5,67.9,79.3,58.9,0.54,18.95,12.15,J17WL,658.75,A,2024-11-19
2020-11-22,0.01,63.6,70.5,77.5,61.8,0.83,15.11,8.25,J17WL,659.39,A,2024-11-19
2020-11-23,0.01,55.7,67.1,78.6,57.6,0.95,17.39,9.6,J17WL,658.98,A,2024-11-19
2020-11-24,0.0,54.6,62.9,71.2,55.7,1.9,11.23,11.22,J17WL,658.99,A,2024-11-19
2020-11-25,0.06,64.7,73.3,82.0,64.2,1.51,17.42,7.4,J17WL,659.0,A,2024-11-19
2020-11-26,0.0,50.3,62.9,75.4,38.7,3.71,23.05,13.81,J17WL,659.12,A,2024-11-19
2020-11-27,0.02,53.1,63.4,73.7,57.1,2.17,10.53,5.76,J17WL,659.56,A,2024-11-19
2020-11-28,0.42,56.0,64.7,73.4,60.0,0.62,8.42,3.08,J17WL,660.77,A,2024-11-19
2020-11-29,1.44,46.2,52.7,59.3,52.7,0.4,1.53,1.23,J17WL,661.66,A,2024-11-19
2020-11-30,0.0,44.3,52.2,60.2,40.5,0.87,7.66,13.99,J17WL,661.47,A,2024-11-19
2020-12-01,0.0,29.5,43.2,57.0,22.4,1.03,12.96,13.51,J17WL,661.8,A,2024-11-19
2020-12-02,0.0,28.9,45.3,61.6,33.6,0.56,13.67,14.58,J17WL,661.87,A,2024-11-19
2020-12-03,0.0,38.8,53.7,68.7,36.1,0.95,16.56,12.45,J17WL,661.65,A,2024-11-19
2020-12-04,0.0,35.5,45.9,56.4,30.1,1.21,9.93,13.54,J17WL,661.78,A,2024-11-19
2020-12-05,0.02,34.9,46.2,57.6,32.0,1.19,10.53,13.65,J17WL,662.19,A,2024-11-19
2020-12-06,0.04,36.1,43.1,50.2,39.5,0.42,4.49,2.15,J17WL,662.56,A,2024-11-19
2020-12-07,0.0,36.3,51.8,67.2,34.7,1.12,16.41,13.75,J17WL,662.13,A,2024-11-19
2020-12-08,0.0,38.9,54.9,71.0,33.0,2.01,20.39,13.86,J17WL,661.24,A,2024-11-19
2020-12-09,0.0,39.7,58.7,77.8,33.1,2.19,27.6,13.71,J17WL,660.44,A,2024-11-19
2020-12-10,0.0,39.8,59.2,78.5,32.2,2.13,28.43,13.88,J17WL,660.35,A,2024-11-19
2020-12-11,0.0,41.6,57.8,74.0,53.3,1.04,15.52,12.24,J17WL,660.11,A,2024-11-19
2020-12-12,0.0,50.6,62.0,73.3,57.2,0.9,11.35,6.06,J17WL,660.53,A,2024-11-19
2020-12-13,0.0,50.8,57.6,64.3,44.1,1.32,11.72,13.17,J17WL,661.32,A,2024-11-19
2020-12-14,0.0,38.4,56.1,73.9,38.4,0.5,20.71,8.06,J17WL,661.33,A,2024-11-19
2020-12-15,0.0,35.8,44.1,52.4,33.0,0.7,7.22,13.62,J17WL,661.61,A,2024-11-19
2020-12-16,0.0,35.0,49.9,64.7,33.8,0.72,13.03,9.42,J17WL,661.37,A,2024-11-19
2020-12-17,0.0,32.9,46.5,60.2,24.4,1.59,14.05,13.68,J17WL,661.61,A,2024-11-19
2020-12-18,0.0,32.3,46.5,60.8,30.2,1.11,12.97,13.25,J17WL,661.9,A,2024-11-19
2020-12-19,0.02,38.6,51.0,63.5,51.0,0.74,6.47,5.04,J17WL,662.41,A,2024-11-19
2020-12-20,0.01,39.9,56.0,72.1,47.1,0.87,16.78,8.4,J17WL,662.61,A,2024-11-19
2020-12-21,0.0,38.1,55.1,72.1,34.6,1.2,21.33,13.5,J17WL,662.42,A,2024-11-19
2020-12-22,0.0,39.9,56.6,73.3,34.9,1.51,23.03,12.57,J17WL,662.15,A,2024-11-19
2020-12-23,0.0,47.0,59.8,72.7,55.3,0.79,14.74,9.13,J17WL,662.22,A,2024-11-19
2020-12-24,0.0,37.9,56.5,75.2,40.7,0.73,14.85,7.7,J17WL,661.99,A,2024-11-19
2020-12-25,0.0,35.0,45.7,56.5,12.3,3.64,13.41,14.02,J17WL,662.45,A,2024-11-19
2020-12-26,0.0,36.8,53.1,69.3,17.1,3.08,22.06,13.58,J17WL,662.99,A,2024-11-19
2020-12-27,0.0,38.8,53.5,68.1,36.7,1.1,17.53,13.46,J17WL,663.3,A,2024-11-19
2020-12-28,0.0,44.2,59.5,74.8,51.9,0.52,17.43,12.48,J17WL,663.0,A,2024-11-19
2020-12-29,0.0,59.5,67.7,76.0,60.4,0.65,15.11,6.31,J17WL,662.93,A,2024-11-19
2020-12-30,0.0,63.4,68.7,73.9,61.3,2.1,12.18,5.73,J17WL,662.85,A,2024-11-19
2020-12-31,0.22,42.0,56.8,71.6,51.2,0.93,7.35,3.49,J17WL,663.32,A,2024-11-19
2021-01-01,0.36,35.8,39.1,42.4,34.9,0.5,1.76,2.39,J17WL,663.78,A,2024-11-19
2021-01-02,0.0,34.4,45.4,56.3,35.5,0.56,7.84,13.67,J17WL,663.88,A,2024-11-19
2021-01-03,0.0,34.5,48.1,61.7,29.0,0.58,14.16,13.92,J17WL,664.03,A,2024-11-19
2021-01-04,0.0,33.8,51.0,68.2,36.7,0.5,16.05,13.85,J17WL,663.86,A,2024-11-19
2021-01-05,0.0,38.7,57.1,75.5,38.6,0.69,23.37,13.61,J17WL,663.82,A,2024-11-19
2021-01-06,0.0,48.2,56.8,65.3,54.6,0.79,5.2,5.85,J17WL,663.74,A,2024-11-19
2021-01-07,0.0,46.6,59.3,72.0,43.4,1.02,16.38,9.0,J17WL,663.76,A,2024-11-19
2021-01-08,0.0,38.3,51.0,63.7,28.5,1.12,15.81,14.3,J17WL,663.48,A,2024-11-19
2021-01-09,0.0,35.5,46.0,56.5,33.7,0.9,8.98,14.05,J17WL,663.67,A,2024-11-19
2021-01-10,0.2,33.6,42.6,51.5,34.0,0.65,6.66,8.38,J17WL,664.44,A,2024-11-19
2021-01-11,0.63,36.2,39.0,41.9,33.8,0.51,1.53,2.49,J17WL,664.54,A,2024-11-19
2021-01-12,0.0,30.3,37.9,45.4,30.4,0.46,4.3,7.77,J17WL,664.74,A,2024-11-19
2021-01-13,0.0,30.4,39.0,47.6,31.0,0.42,5.3,10.43,J17WL,664.85,A,2024-11-19
2021-01-14,0.0,30.9,46.8,62.7,32.6,0.48,13.05,14.7,J17WL,664.99,A,2024-11-19
2021-01-15,0.0,34.6,52.7,70.8,27.8,0.92,20.42,14.69,J17WL,665.18,A,2024-11-19
2021-01-16,0.0,34.7,47.2,59.7,14.5,2.94,15.5,14.99,J17WL,665.11,A,2024-11-19
2021-01-17,0.0,34.0,48.9,63.8,22.0,2.35,16.87,14.83,J17WL,665.29,A,2024-11-19
2021-01-18,0.0,39.5,53.8,68.2,32.1,2.04,16.34,14.69,J17WL,665.2,A,2024-11-19
2021-01-19,0.0,47.2,60.5,73.9,54.8,1.18,14.05,10.26,J17WL,664.68,A,2024-11-19
2021-01-20,0.06,48.6,60.1,71.6,52.8,0.89,7.38,4.72,J17WL,665.14,A,2024-11-19
2021-01-21,0.07,47.8,50.3,52.8,48.6,0.3,1.81,2.41,J17WL,665.23,A,2024-11-19
2021-01-22,0.01,52.5,57.5,62.5,54.2,0.52,4.06,5.11,J17WL,665.19,A,2024-11-19
2021-01-23,0.0,53.6,65.8,78.0,53.6,0.69,19.83,13.89,J17WL,665.44,A,2024-11-19
2021-01-24,0.04,53.3,57.9,62.5,56.8,0.52,4.3,3.41,J17WL,665.77,A,2024-11-19
2021-01-25,0.04,62.2,67.7,73.3,65.7,0.66,5.53,2.2,J17WL,665.88,A,2024-11-19
2021-01-26,0.0,49.1,62.0,74.8,39.8,1.11,22.61,11.79,J17WL,665.75,A,2024-11-19
2021-01-27,0.0,48.6,61.9,75.2,35.6,3.81,23.62,15.25,J17WL,665.25,A,2024-11-19
2021-01-28,0.0,39.8,52.3,64.9,27.8,2.03,17.24,14.11,J17WL,664.93,A,2024-11-19
2021-01-29,0.0,37.9,47.1,56.3,31.2,1.02,9.93,14.65,J17WL,665.25,A,2024-11-19
2021-01-30,0.0,41.1,54.6,68.0,49.4,0.98,11.7,13.82,J17WL,665.49,A,2024-11-19
2021-01-31,0.0,48.9,62.0,75.1,50.8,1.61,13.94,8.55,J17WL,665.08,A,2024-11-19
2021-02-01,0.0,45.4,58.3,71.2,31.4,4.45,20.73,16.67,J17WL,664.45,A,2024-11-19
2021-02-02,0.0,41.5,53.7,65.9,27.1,3.3,17.95,17.06,J17WL,664.02,A,2024-11-19
2021-02-03,0.0,39.4,52.6,65.8,32.0,1.65,16.33,16.18,J17WL,664.12,A,2024-11-19
2021-02-04,0.0,43.6,59.2,74.7,52.6,0.87,16.52,16.2,J17WL,664.07,A,2024-11-19
2021-02-05,0.0,52.2,65.6,79.0,47.3,1.02,20.68,14.17,J17WL,663.85,A,2024-11-19
2021-02-06,0.0,47.6,51.0,54.4,38.9,1.52,7.61,5.21,J17WL,663.95,A,2024-11-19
2021-02-07,0.0,44.0,59.9,75.9,35.6,0.79,25.95,15.03,J17WL,664.07,A,2024-11-19
2021-02-08,0.0,39.4,55.1,70.8,42.9,1.17,17.6,17.35,J17WL,663.67,A,2024-11-19
2021-02-09,0.0,52.8,64.1,75.4,58.1,0.71,14.21,10.27,J17WL,663.42,A,2024-11-19
2021-02-10,0.0,50.2,63.0,75.9,54.4,0.59,15.19,12.29,J17WL,663.35,A,2024-11-19
2021-02-11,0.07,37.3,43.8,50.2,42.3,0.38,1.59,3.32,J17WL,664.12,A,2024-11-19
2021-02-12,0.82,32.4,34.5,36.6,31.5,0.64,1.12,1.79,J17WL,664.76,A,2024-11-19
2021-02-13,0.0,29.1,32.3,35.4,27.4,0.57,1.7,4.59,J17WL,665.17,A,2024-11-19
2021-02-14,0.0,28.9,29.6,30.3,26.3,0.51,1.03,2.95,J17WL,665.21,A,2024-11-19
2021-02-15,0.26,11.1,20.0,28.9,16.7,0.32,0.96,2.29,J17WL,664.94,A,2024-11-19
2021-02-16,0.0,10.1,19.1,28.2,9.3,0.61,2.28,18.04,J17WL,662.36,A,2024-11-19
2021-02-17,0.14,13.6,22.4,31.1,16.8,0.22,2.07,12.89,J17WL,659.12,A,2024-11-19
2021-02-18,0.03,29.6,35.9,42.2,31.0,0.26,1.71,5.58,J17WL,655.67,A,2024-11-19
2021-02-19,0.18,23.0,27.2,31.3,22.3,0.55,1.66,4.2,J17WL,652.21,A,2024-11-19
2021-02-20,0.02,21.3,33.4,45.4,23.2,0.43,5.57,19.15,J17WL,654.06,A,2024-11-19
2021-02-21,0.0,26.8,43.3,59.7,36.6,0.43,10.37,19.24,J17WL,655.66,A,2024-11-19
2021-02-22,0.0,46.2,59.1,72.0,48.2,1.28,13.82,15.83,J17WL,656.13,A,2024-11-19
2021-02-23,0.0,46.0,59.7,73.3,34.1,3.07,22.43,19.68,J17WL,657.06,A,2024-11-19
2021-02-24,0.0,45.8,61.3,76.9,54.1,1.74,18.89,19.16,J17WL,658.22,A,2024-11-19
2021-02-25,0.01,59.7,68.2,76.7,60.1,0.89,13.32,11.51,J17WL,659.14,A,2024-11-19
2021-02-26,0.06,51.0,55.8,60.6,53.8,0.44,6.9,4.16,J17WL,659.8,A,2024-11-19
2021-02-27,0.02,50.1,55.3,60.5,53.9,0.55,3.58,5.25,J17WL,660.66,A,2024-11-19
2021-02-28,0.0,60.4,68.1,75.8,65.4,0.58,9.83,5.47,J17WL,661.04,A,2024-11-19
2021-03-01,0.04,54.7,64.9,75.1,61.0,1.79,7.71,3.87,J17WL,660.9,A,2024-11-19
2021-03-02,0.0,46.1,51.1,56.1,40.5,2.97,6.4,3.94,J17WL,661.06,A,2024-11-19
2021-03-03,0.0,40.8,53.0,65.2,32.8,2.38,15.43,21.5,J17WL,661.28,A,2024-11-19
2021-03-04,0.0,37.3,54.1,70.9,40.3,0.97,17.06,21.32,J17WL,661.13,A,2024-11-19
2021-03-05,0.0,43.9,59.6,75.4,52.2,0.42,16.86,19.23,J17WL,661.23,A,2024-11-19
2021-03-06,0.0,53.1,66.3,79.5,43.3,3.05,28.6,18.84,J17WL,661.22,A,2024-11-19
2021-03-07,0.0,45.4,55.7,66.0,40.8,2.45,13.43,16.93,J17WL,661.16,A,2024-11-19
2021-03-08,0.0,45.2,56.6,68.0,39.3,1.78,15.79,21.72,J17WL,660.93,A,2024-11-19
2021-03-09,0.0,50.9,60.4,69.9,50.6,1.29,11.76,11.24,J17WL,660.65,A,2024-11-19
2021-03-10,0.0,57.6,66.8,76.0,57.5,0.72,16.23,8.74,J17WL,660.2,A,2024-11-19
2021-03-11,0.0,63.9,72.4,80.9,60.1,2.74,20.66,14.01,J17WL,660.17,A,2024-11-19
2021-03-12,0.0,66.6,72.1,77.5,63.1,1.91,14.12,9.89,J17WL,660.58,A,2024-11-19
2021-03-13,0.09,67.3,73.1,78.8,63.7,1.41,14.71,8.8,J17WL,660.66,A,2024-11-19
2021-03-14,0.1,53.5,65.5,77.5,62.9,1.26,12.48,8.55,J17WL,661.46,A,2024-11-19
2021-03-15,0.02,46.9,61.0,75.0,40.2,1.25,24.89,11.89,J17WL,661.28,A,2024-11-19
2021-03-16,0.0,48.2,65.3,82.3,49.5,1.23,30.94,21.73,J17WL,661.01,A,2024-11-19
2021-03-17,0.0,62.9,71.6,80.3,64.5,1.29,14.96,11.61,J17WL,660.64,A,2024-11-19
2021-03-18,0.0,50.3,64.3,78.4,30.4,6.07,28.66,23.07,J17WL,659.87,A,2024-11-19
2021-03-19,0.0,46.8,59.9,73.0,28.6,4.51,22.98,24.11,J17WL,659.25,A,2024-11-19
2021-03-20,0.0,44.7,57.4,70.0,34.3,2.03,19.3,24.11,J17WL,659.23,A,2024-11-19
2021-03-21,0.0,43.2,56.2,69.3,39.3,1.21,17.06,22.77,J17WL,659.17,A,2024-11-19
2021-03-22,0.0,45.4,59.2,73.0,47.8,0.92,17.82,22.72,J17WL,658.66,A,2024-11-19
2021-03-23,0.6,54.9,63.5,72.0,57.3,0.81,10.99,4.36,J17WL,659.05,A,2024-11-19
2021-03-24,0.0,52.8,66.7,80.5,40.6,1.01,30.61,23.68,J17WL,659.23,A,2024-11-19
2021-03-25,0.03,57.4,66.8,76.2,62.0,0.94,9.69,9.82,J17WL,659.41,A,2024-11-19
2021-03-26,0.0,51.0,63.5,76.1,42.0,2.83,23.09,24.57,J17WL,659.02,A,2024-11-19
2021-03-27,0.0,50.4,66.9,83.5,51.5,1.89,29.88,23.99,J17WL,658.83,A,2024-11-19
2021-03-28,0.02,64.4,75.6,86.7,59.6,2.07,26.53,15.62,J17WL,658.89,A,2024-11-19
2021-03-29,0.23,48.6,60.6,72.6,35.1,3.88,22.28,15.32,J17WL,658.66,A,2024-11-19
2021-03-30,0.0,48.3,60.8,73.2,45.7,1.44,20.39,20.61,J17WL,658.15,A,2024-11-19
2021-03-31,0.0,61.2,70.5,79.7,65.3,0.94,14.4,8.74,J17WL,657.41,A,2024-11-19
2021-04-01,0.0,54.0,63.2,72.4,39.8,2.68,18.63,12.17,J17WL,656.68,A,2024-11-19
2021-04-02,0.0,50.4,60.0,69.6,28.9,4.94,20.38,24.8,J17WL,656.01,A,2024-11-19
2021-04-03,0.0,51.3,62.0,72.6,40.3,2.72,21.12,21.84,J17WL,655.74,A,2024-11-19
2021-04-04,0.02,54.4,62.8,71.1,53.0,1.66,12.58,8.18,J17WL,655.88,A,2024-11-19
2021-04-05,0.0,57.9,66.4,74.9,55.3,1.33,15.47,12.25,J17WL,655.65,A,2024-11-19
2021-04-06,0.0,59.8,69.8,79.8,59.5,1.19,20.86,15.02,J17WL,654.64,A,2024-11-19
2021-04-07,0.0,67.7,77.5,87.3,63.0,3.04,27.67,22.03,J17WL,653.91,A,2024-11-19
2021-04-08,0.0,62.4,76.1,89.9,52.4,1.53,38.57,19.03,J17WL,653.0,A,2024-11-19
2021-04-09,0.0,66.5,79.5,92.5,60.6,1.4,39.14,23.11,J17WL,651.79,A,2024-11-19
2021-04-10,0.0,64.4,79.4,94.3,57.8,3.1,40.17,21.42,J17WL,651.44,A,2024-11-19
2021-04-11,0.0,54.0,68.4,82.9,35.3,7.28,33.21,26.24,J17WL,651.19,A,2024-11-19
2021-04-12,0.0,53.2,70.4,87.6,50.1,2.85,34.34,25.82,J17WL,650.25,A,2024-11-19
2021-04-13,0.0,68.3,79.0,89.6,64.8,3.23,29.24,22.36,J17WL,649.39,A,2024-11-19
2021-04-14,0.0,70.6,76.4,82.2,64.6,3.32,17.33,9.99,J17WL,648.95,A,2024-11-19
2021-04-15,0.0,68.7,76.6,84.6,66.7,2.95,18.46,13.48,J17WL,648.86,A,2024-11-19
2021-04-16,0.04,64.1,66.1,68.1,63.0,1.07,3.52,2.68,J17WL,649.2,A,2024-11-19
2021-04-17,0.05,55.2,63.9,72.6,59.9,0.78,5.76,4.5,J17WL,649.78,A,2024-11-19
2021-04-18,0.0,52.1,59.7,67.4,40.4,4.07,15.18,20.72,J17WL,650.05,A,2024-11-19
2021-04-19,0.0,52.0,60.7,69.5,38.7,4.39,17.74,20.82,J17WL,649.52,A,2024-11-19
2021-04-20,0.0,50.2,61.9,73.5,39.9,2.43,21.11,21.58,J17WL,648.79,A,2024-11-19
2021-04-21,0.0,46.8,65.0,83.3,40.8,2.38,29.56,26.17,J17WL,647.77,A,2024-11-19
2021-04-22,0.0,47.2,57.4,67.7,30.0,5.41,17.65,22.12,J17WL,647.79,A,2024-11-19
2021-04-23,0.04,54.6,61.1,67.5,56.7,1.01,7.98,3.34,J17WL,648.67,A,2024-11-19
2021-04-24,0.58,58.5,70.9,83.2,64.7,1.15,14.6,8.68,J17WL,649.32,A,2024-11-19
2021-04-25,0.0,57.6,73.0,88.4,48.6,1.61,38.78,28.3,J17WL,649.39,A,2024-11-19
2021-04-26,0.0,58.7,72.8,87.0,58.6,2.12,30.56,27.42,J17WL,648.78,A,2024-11-19
2021-04-27,0.0,67.0,75.8,84.6,64.0,1.64,23.43,16.33,J17WL,649.22,A,2024-11-19
2021-04-28,0.0,69.9,73.5,77.1,70.0,1.56,6.49,3.18,J17WL,649.96,A,2024-11-19
2021-04-29,1.08,70.5,79.2,88.0,70.0,1.86,20.24,12.28,J17WL,654.21,A,2024-11-19
2021-04-30,0.15,66.1,70.2,74.3,65.6,1.39,5.64,5.01,J17WL,656.52,A,2024-11-19
2021-05-01,1.58,65.5,69.0,72.5,65.2,1.11,5.06,5.85,J17WL,660.69,A,2024-11-19
2021-05-02,1.69,61.3,65.8,70.3,64.6,0.93,3.55,4.32,J17WL,663.31,A,2024-11-19
2021-05-03,0.0,62.0,77.1,92.2,64.1,1.03,37.07,27.59,J17WL,663.92,A,2024-11-19
2021-05-04,0.5,71.4,82.4,93.3,70.9,1.96,28.59,26.16,J17WL,664.77,A,2024-11-19
2021-05-05,0.0,60.0,71.9,83.8,57.3,4.15,24.39,24.02,J17WL,665.15,A,2024-11-19
2021-05-06,0.0,59.6,70.5,81.3,49.8,3.81,25.55,28.7,J17WL,665.43,A,2024-11-19
2021-05-07,0.0,61.5,73.3,85.2,55.8,2.28,29.08,28.48,J17WL,665.22,A,2024-11-19
2021-05-08,0.0,64.5,74.6,84.7,59.9,2.06,25.56,27.98,J17WL,665.6,A,2024-11-19
2021-05-09,0.0,70.0,79.2,88.3,68.4,2.85,24.01,20.89,J17WL,665.69,A,2024-11-19
2021-05-10,0.0,75.2,82.5,89.8,71.9,3.19,22.07,15.97,J17WL,665.35,A,2024-11-19
2021-05-11,0.03,63.8,75.3,86.8,67.7,2.02,17.84,13.53,J17WL,665.24,A,2024-11-19
2021-05-12,0.66,61.8,73.0,84.2,63.9,1.64,13.9,12.29,J17WL,665.6,A,2024-11-19
2021-05-13,0.0,60.8,67.6,74.4,56.4,2.89,12.52,19.32,J17WL,665.62,A,2024-11-19
2021-05-14,0.0,61.0,67.2,73.3,57.5,2.47,11.7,14.64,J17WL,665.65,A,2024-11-19
2021-05-15,0.01,63.6,72.3,81.1,63.1,1.79,17.5,20.84,J17WL,666.25,A,2024-11-19
2021-05-16,0.37,68.6,71.7,74.9,67.8,1.45,9.43,5.52,J17WL,666.69,A,2024-11-19
2021-05-17,0.03,70.4,75.8,81.3,69.5,1.53,13.74,19.07,J17WL,666.86,A,2024-11-19
2021-05-18,0.03,73.2,78.4,83.6,69.6,2.87,14.46,13.01,J17WL,666.17,A,2024-11-19
2021-05-19,0.11,66.5,74.2,81.9,65.9,1.89,15.08,14.05,J17WL,666.01,A,2024-11-19
2021-05-20,0.0,59.9,66.8,73.8,60.1,1.31,12.11,7.04,J17WL,666.21,A,2024-11-19
2021-05-21,0.0,62.1,72.9,83.7,64.4,1.22,18.99,28.38,J17WL,665.94,A,2024-11-19
2021-05-22,0.02,68.0,76.1,84.2,68.1,1.72,17.55,21.89,J17WL,666.29,A,2024-11-19
2021-05-23,0.35,71.4,75.6,79.8,70.5,1.84,8.72,11.12,J17WL,666.53,A,2024-11-19
2021-05-24,0.6,71.1,73.5,76.0,70.1,1.41,4.99,10.02,J17WL,666.96,A,2024-11-19
2021-05-25,0.13,71.5,77.8,84.1,71.0,1.47,14.98,19.9,J17WL,667.43,A,2024-11-19
2021-05-26,0.1,73.7,80.8,87.9,72.4,2.24,18.37,22.26,J17WL,666.76,A,2024-11-19
2021-05-27,0.0,73.8,80.9,88.0,72.4,2.65,17.96,17.23,J17WL,666.18,A,2024-11-19
2021-05-28,0.0,74.2,81.0,87.8,71.7,3.06,19.49,20.85,J17WL,666.09,A,2024-11-19
2021-05-29,1.17,64.5,75.9,87.2,69.2,1.07,16.83,13.08,J17WL,667.42,A,2024-11-19
2021-05-30,0.17,66.0,74.3,82.6,67.6,1.17,16.37,24.62,J17WL,668.27,A,2024-11-19
2021-05-31,0.04,71.5,77.2,83.0,70.7,1.71,13.51,16.56,J17WL,668.8,A,2024-11-19
2021-06-01,0.5,68.5,76.2,83.8,68.9,1.48,15.65,18.81,J17WL,669.15,A,2024-11-19
2021-06-02,0.0,68.7,76.0,83.3,67.7,1.94,16.41,19.66,J17WL,669.37,A,2024-11-19
2021-06-03,0.03,68.7,77.0,85.3,65.9,3.2,18.79,20.08,J17WL,669.24,A,2024-11-19
2021-06-04,1.22,66.2,71.1,75.9,65.6,1.39,7.97,5.03,J17WL,669.68,A,2024-11-19
2021-06-05,0.0,68.5,74.9,81.4,67.4,1.73,14.26,17.57,J17WL,670.35,A,2024-11-19
2021-06-06,0.34,68.2,75.8,83.4,68.0,1.81,16.03,18.81,J17WL,671.14,A,2024-11-19
2021-06-07,0.04,71.6,79.6,87.5,73.6,1.81,16.4,19.48,J17WL,671.27,A,2024-11-19
2021-06-08,0.0,77.3,83.1,88.9,75.7,2.94,16.19,12.15,J17WL,671.1,A,2024-11-19
2021-06-09,0.0,76.6,82.8,89.1,74.9,2.72,17.69,20.4,J17WL,671.15,A,2024-11-19
2021-06-10,0.0,76.2,83.3,90.4,74.7,2.92,18.82,17.05,J17WL,670.77,A,2024-11-19
2021-06-11,0.0,76.4,83.5,90.6,73.6,3.37,21.7,25.82,J17WL,670.91,A,2024-11-19
2021-06-12,0.0,75.6,83.0,90.4,72.6,2.93,21.65,25.14,J17WL,670.54,A,2024-11-19
2021-06-13,0.0,74.6,82.9,91.2,72.8,2.61,22.92,26.92,J17WL,670.22,A,2024-11-19
2021-06-14,0.0,75.6,84.5,93.5,71.3,3.01,29.19,27.81,J17WL,669.45,A,2024-11-19
2021-06-15,0.0,74.7,84.7,94.7,70.1,4.74,30.47,26.92,J17WL,668.36,A,2024-11-19
2021-06-16,0.07,71.6,82.8,94.1,69.3,3.87,31.45,26.0,J17WL,667.61,A,2024-11-19
2021-06-17,0.0,72.2,82.4,92.5,68.1,3.85,29.64,28.65,J17WL,666.61,A,2024-11-19
2021-06-18,0.0,74.7,84.1,93.4,69.5,4.4,31.83,26.99,J17WL,665.93,A,2024-11-19
2021-06-19,0.0,70.1,80.1,90.0,67.8,3.36,24.88,21.2,J17WL,665.45,A,2024-11-19
2021-06-20,0.0,74.1,82.6,91.2,69.2,3.03,28.77,28.94,J17WL,665.04,A,2024-11-19
2021-06-21,0.0,77.6,84.0,90.3,75.1,3.77,20.32,21.66,J17WL,664.61,A,2024-11-19
2021-06-22,0.1,74.6,82.9,91.3,76.4,2.39,19.65,16.01,J17WL,663.62,A,2024-11-19
2021-06-23,0.0,74.8,81.6,88.3,73.8,2.41,18.07,20.56,J17WL,663.47,A,2024-11-19
2021-06-24,0.0,77.2,84.6,92.0,74.4,3.39,21.94,24.35,J17WL,662.71,A,2024-11-19
2021-06-25,0.0,77.5,85.4,93.2,74.5,3.78,26.11,23.32,J17WL,661.72,A,2024-11-19
2021-06-26,0.0,77.8,85.1,92.3,72.9,4.22,25.71,25.89,J17WL,661.46,A,2024-11-19
2021-06-27,0.0,76.1,84.4,92.7,71.6,3.32,28.97,26.41,J17WL,661.06,A,2024-11-19
2021-06-28,0.35,74.0,80.1,86.2,72.6,2.59,16.63,17.1,J17WL,661.15,A,2024-11-19
2021-06-29,0.02,73.4,79.8,86.2,72.7,2.2,16.53,15.62,J17WL,660.92,A,2024-11-19
2021-06-30,0.56,73.9,78.5,83.1,73.6,2.15,12.63,14.04,J17WL,661.17,A,2024-11-19
2021-07-01,0.03,74.3,80.9,87.5,73.6,1.91,17.72,20.09,J17WL,661.32,A,2024-11-19
2021-07-02,0.0,75.2,83.0,90.8,72.9,2.25,23.85,22.01,J17WL,660.96,A,2024-11-19
2021-07-03,0.0,76.5,84.1,91.7,72.6,2.77,25.19,25.17,J17WL,660.75,A,2024-11-19
2021-07-04,0.1,76.1,83.8,91.5,73.0,2.89,24.78,20.69,J17WL,661.33,A,2024-11-19
2021-07-05,0.05,76.1,82.7,89.3,74.2,2.4,20.04,18.58,J17WL,661.47,A,2024-11-19
2021-07-06,0.44,74.7,81.4,88.0,74.5,1.76,16.94,16.78,J17WL,663.85,A,2024-11-19
2021-07-07,0.3,73.3,77.7,82.2,72.8,1.67,9.78,11.82,J17WL,665.37,A,2024-11-19
2021-07-08,0.03,74.2,77.8,81.5,71.9,2.73,10.21,15.83,J17WL,666.2,A,2024-11-19
2021-07-09,0.43,74.7,79.5,84.3,72.8,1.93,14.18,14.08,J17WL,667.13,A,2024-11-19
2021-07-10,1.04,73.0,75.3,77.6,74.3,1.28,3.15,2.93,J17WL,668.99,A,2024-11-19
2021-07-11,0.42,74.5,80.1,85.7,75.0,1.61,11.9,13.33,J17WL,670.23,A,2024-11-19
2021-07-12,0.0,76.5,82.3,88.1,74.5,2.1,18.83,20.73,J17WL,670.57,A,2024-11-19
2021-07-13,0.14,73.6,81.4,89.1,72.0,2.39,20.31,21.23,J17WL,670.62,A,2024-11-19
2021-07-14,0.02,72.1,79.2,86.3,71.5,1.89,15.77,16.91,J17WL,671.15,A,2024-11-19
2021-07-15,0.23,73.4,80.6,87.8,73.0,1.63,19.17,23.0,J17WL,671.06,A,2024-11-19
2021-07-16,0.0,74.6,81.8,88.9,72.8,2.23,20.24,24.49,J17WL,670.91,A,2024-11-19
2021-07-17,0.0,75.8,82.5,89.3,73.1,3.15,20.64,22.89,J17WL,670.79,A,2024-11-19
2021-07-18,0.0,75.2,82.7,90.2,72.5,2.24,22.59,25.26,J17WL,670.84,A,2024-11-19
2021-07-19,0.0,76.4,83.9,91.4,73.9,2.47,22.98,24.66,J17WL,670.42,A,2024-11-19
2021-07-20,0.41,73.4,82.8,92.3,72.9,1.74,25.22,23.34,J17WL,670.34,A,2024-11-19
2021-07-21,0.2,74.3,81.4,88.5,71.2,2.26,21.84,23.78,J17WL,670.39,A,2024-11-19
2021-07-22,0.15,71.4,78.9,86.4,70.5,2.43,18.21,19.6,J17WL,670.09,A,2024-11-19
2021-07-23,0.78,71.7,78.8,86.0,72.9,1.63,15.13,17.34,J17WL,670.21,A,2024-11-19
2021-07-24,0.0,76.8,83.5,90.3,74.1,2.26,21.69,27.07,J17WL,670.4,A,2024-11-19
2021-07-25,0.0,74.6,83.6,92.6,72.5,2.46,28.06,27.91,J17WL,670.42,A,2024-11-19
2021-07-26,0.0,74.7,83.8,92.8,71.8,2.52,28.38,28.92,J17WL,669.74,A,2024-11-19
2021-07-27,0.0,74.6,83.5,92.3,72.0,2.59,25.71,28.03,J17WL,668.99,A,2024-11-19
2021-07-28,0.0,74.8,83.4,92.1,70.8,2.51,31.15,23.38,J17WL,668.35,A,2024-11-19
2021-07-29,0.0,76.4,84.0,91.6,71.8,3.56,25.68,27.4,J17WL,667.43,A,2024-11-19
2021-07-30,0.0,74.2,83.3,92.4,72.0,2.88,24.59,24.43,J17WL,666.6,A,2024-11-19
2021-07-31,0.0,75.4,83.9,92.4,73.3,2.44,24.69,24.57,J17WL,666.11,A,2024-11-19
2021-08-01,0.0,76.1,84.8,93.5,73.9,2.36,27.1,24.81,J17WL,665.92,A,2024-11-19
2021-08-02,0.6,74.0,84.1,94.2,73.1,2.33,28.7,24.17,J17WL,665.59,A,2024-11-19
2021-08-03,0.27,71.6,77.9,84.1,72.6,1.57,12.41,9.54,J17WL,665.98,A,2024-11-19
2021-08-04,0.0,75.5,82.9,90.2,72.4,2.43,23.61,20.78,J17WL,666.45,A,2024-11-19
2021-08-05,0.01,76.4,83.0,89.6,72.7,2.82,23.55,20.59,J17WL,666.53,A,2024-11-19
2021-08-06,0.57,72.7,79.0,85.2,73.9,1.51,14.47,12.48,J17WL,667.18,A,2024-11-19
2021-08-07,0.0,75.6,83.1,90.5,73.6,1.93,21.85,24.0,J17WL,667.37,A,2024-11-19
2021-08-08,0.0,76.7,83.8,90.9,73.0,2.72,24.95,26.22,J17WL,667.7,A,2024-11-19
2021-08-09,0.0,76.6,84.3,92.1,74.0,2.89,24.47,25.81,J17WL,667.38,A,2024-11-19
2021-08-10,0.0,76.8,84.6,92.5,73.5,2.75,26.13,24.64,J17WL,666.74,A,2024-11-19
2021-08-11,0.0,75.6,84.3,93.0,71.5,2.24,30.11,26.62,J17WL,666.13,A,2024-11-19
2021-08-12,0.0,76.7,85.0,93.2,73.2,2.68,27.98,26.12,J17WL,665.56,A,2024-11-19
2021-08-13,0.0,76.0,84.4,92.9,73.0,2.55,27.21,24.67,J17WL,665.01,A,2024-11-19
2021-08-14,0.0,75.6,84.2,92.9,72.7,2.79,28.26,25.4,J17WL,664.62,A,2024-11-19
2021-08-15,0.0,75.9,84.7,93.4,71.8,2.44,30.52,23.79,J17WL,664.7,A,2024-11-19
2021-08-16,0.28,72.6,82.2,91.9,71.5,1.95,25.98,17.73,J17WL,664.63,A,2024-11-19
2021-08-17,0.0,73.2,82.6,91.9,72.2,2.12,26.16,23.37,J17WL,664.01,A,2024-11-19
2021-08-18,0.0,75.9,83.8,91.7,73.7,2.44,25.97,19.82,J17WL,663.39,A,2024-11-19
2021-08-19,0.0,79.0,87.1,95.3,75.4,3.31,31.18,20.26,J17WL,663.15,A,2024-11-19
2021-08-20,0.0,78.3,86.5,94.8,73.3,3.76,30.87,23.77,J17WL,662.23,A,2024-11-19
2021-08-21,0.0,76.7,85.5,94.3,72.4,2.75,31.8,23.05,J17WL,661.78,A,2024-11-19
2021-08-22,0.08,75.6,84.9,94.2,73.4,2.42,29.6,21.72,J17WL,661.59,A,2024-11-19
2021-08-23,0.01,74.1,84.0,93.9,71.2,2.36,31.5,23.41,J17WL,660.92,A,2024-11-19
2021-08-24,0.0,74.3,84.0,93.8,71.3,2.55,31.1,23.3,J17WL,660.06,A,2024-11-19
2021-08-25,0.0,76.3,85.4,94.4,71.6,2.97,32.36,25.18,J17WL,659.32,A,2024-11-19
2021-08-26,0.0,75.5,84.9,94.2,71.0,2.73,32.72,21.87,J17WL,659.03,A,2024-11-19
2021-08-27,0.0,75.5,85.2,94.8,71.0,3.29,33.14,22.4,J17WL,658.56,A,2024-11-19
2021-08-28,0.79,74.6,82.3,89.9,72.8,2.38,22.2,14.6,J17WL,659.39,A,2024-11-19
2021-08-29,0.03,74.5,81.5,88.5,72.7,1.9,21.62,16.52,J17WL,660.46,A,2024-11-19
2021-08-30,0.0,74.4,83.4,92.4,71.9,1.79,27.48,20.38,J17WL,660.2,A,2024-11-19
2021-08-31,0.06,75.1,83.1,91.1,72.5,2.78,23.68,16.72,J17WL,660.25,A,2024-11-19
2021-09-01,0.0,74.9,85.5,96.0,71.6,2.61,34.52,23.36,J17WL,660.1,A,2024-11-19
2021-09-02,0.0,78.6,87.3,96.0,73.6,3.46,34.03,22.37,J17WL,659.44,A,2024-11-19
2021-09-03,0.0,77.3,86.5,95.7,73.4,2.93,33.14,21.32,J17WL,658.7,A,2024-11-19
2021-09-04,0.0,77.2,85.9,94.6,72.4,2.79,32.33,21.21,J17WL,659.49,A,2024-11-19
2021-09-05,0.0,74.8,84.9,95.1,69.8,3.8,34.83,22.08,J17WL,659.9,A,2024-11-19
2021-09-06,0.0,74.0,85.8,97.6,67.8,3.2,43.97,24.18,J17WL,659.8,A,2024-11-19
2021-09-07,0.78,72.1,84.5,96.8,70.1,1.9,37.15,19.07,J17WL,660.06,A,2024-11-19
2021-09-08,0.0,71.5,83.2,94.8,69.5,1.84,33.2,21.89,J17WL,660.24,A,2024-11-19
2021-09-09,0.0,70.4,83.6,96.8,61.0,2.51,46.16,23.51,J17WL,659.76,A,2024-11-19
2021-09-10,0.0,69.4,81.8,94.1,56.8,6.37,41.01,23.2,J17WL,659.6,A,2024-11-19
2021-09-11,0.0,67.6,79.7,91.7,61.5,2.86,34.11,21.62,J17WL,659.72,A,2024-11-19
2021-09-12,0.0,67.4,78.8,90.2,58.9,2.72,37.08,24.17,J17WL,660.14,A,2024-11-19
2021-09-13,0.01,73.8,81.8,89.9,69.8,3.48,25.52,15.81,J17WL,659.99,A,2024-11-19
2021-09-14,0.18,69.6,77.0,84.4,67.1,2.67,17.99,12.33,J17WL,659.9,A,2024-11-19
2021-09-15,0.0,69.9,79.9,89.9,66.3,3.05,27.62,18.58,J17WL,659.75,A,2024-11-19
2021-09-16,0.0,69.5,78.5,87.5,65.9,3.05,24.0,14.1,J17WL,659.28,A,2024-11-19
2021-09-17,0.0,70.1,80.2,90.3,66.1,2.51,29.01,19.51,J17WL,658.8,A,2024-11-19
2021-09-18,0.0,71.3,83.4,95.5,68.3,2.45,36.43,20.91,J17WL,658.76,A,2024-11-19
2021-09-19,0.0,72.2,83.5,94.8,67.4,3.1,37.81,17.55,J17WL,659.43,A,2024-11-19
2021-09-20,0.0,72.2,83.9,95.6,68.2,2.78,38.15,19.54,J17WL,658.84,A,2024-11-19
2021-09-21,0.0,73.4,85.6,97.8,70.1,2.28,42.63,21.54,J17WL,658.2,A,2024-11-19
2021-09-22,0.0,71.7,83.1,94.4,60.3,4.85,32.06,16.76,J17WL,658.02,A,2024-11-19
2021-09-23,0.0,57.5,71.0,84.5,41.1,6.97,33.47,22.16,J17WL,657.7,A,2024-11-19
2021-09-24,0.0,56.8,71.2,85.7,44.4,2.79,34.12,22.16,J17WL,657.62,A,2024-11-19
2021-09-25,0.0,58.8,72.2,85.6,53.3,2.32,31.4,22.26,J17WL,657.99,A,2024-11-19
2021-09-26,0.0,60.5,73.4,86.4,53.4,2.25,31.54,21.97,J17WL,658.12,A,2024-11-19
2021-09-27,0.0,60.3,73.8,87.3,56.6,2.46,32.58,21.85,J17WL,657.61,A,2024-11-19
2021-09-28,0.0,65.8,77.5,89.3,66.5,2.06,28.17,17.36,J17WL,656.7,A,2024-11-19
2021-09-29,1.57,67.5,80.7,94.0,68.7,1.15,34.12,18.4,J17WL,658.06,A,2024-11-19
2021-09-30,0.13,67.2,77.1,87.0,69.3,1.18,20.78,19.04,J17WL,658.75,A,2024-11-19
2021-10-01,0.62,68.4,80.1,91.8,70.8,0.64,27.03,16.19,J17WL,659.41,A,2024-11-19
2021-10-02,0.05,68.5,77.6,86.7,69.0,1.01,19.39,17.52,J17WL,659.79,A,2024-11-19
2021-10-03,0.0,69.7,78.0,86.4,69.6,0.8,19.12,13.75,J17WL,660.31,A,2024-11-19
2021-10-04,0.0,68.9,79.1,89.3,65.6,1.65,28.52,16.72,J17WL,660.3,A,2024-11-19
2021-10-05,0.0,60.4,75.0,89.5,55.5,2.61,35.27,19.05,J17WL,659.86,A,2024-11-19
2021-10-06,0.0,60.1,74.9,89.7,52.5,3.23,35.79,19.98,J17WL,659.61,A,2024-11-19
2021-10-07,0.0,61.1,74.8,88.6,56.7,2.66,32.38,19.12,J17WL,659.16,A,2024-11-19
2021-10-08,0.0,63.5,76.2,88.8,61.3,1.79,28.5,19.78,J17WL,658.74,A,2024-11-19
2021-10-09,0.0,61.9,75.2,88.4,62.0,0.7,27.68,19.79,J17WL,658.69,A,2024-11-19
2021-10-10,0.0,62.0,74.8,87.7,65.1,0.76,25.82,19.8,J17WL,659.17,A,2024-11-19
2021-10-11,0.32,62.5,77.2,91.9,70.3,0.81,23.36,10.02,J17WL,658.87,A,2024-11-19
2021-10-12,0.09,65.2,74.6,84.0,60.6,1.18,25.26,16.79,J17WL,659.11,A,2024-11-19
2021-10-13,0.04,77.0,82.5,88.0,74.6,1.41,16.46,6.75,J17WL,659.22,A,2024-11-19
2021-10-14,2.76,69.9,78.9,87.9,72.1,0.16,18.68,8.07,J17WL,663.05,A,2024-11-19
2021-10-15,0.0,70.3,77.8,85.3,71.6,0.35,15.15,14.73,J17WL,664.13,A,2024-11-19
2021-10-16,0.15,59.2,73.7,88.1,59.6,0.78,20.08,12.4,J17WL,664.71,A,2024-11-19
2021-10-17,0.0,48.8,61.5,74.3,42.0,1.85,21.0,19.93,J17WL,665.53,A,2024-11-19
2021-10-18,0.0,48.4,60.7,73.0,43.2,0.99,19.91,18.8,J17WL,665.95,A,2024-11-19
2021-10-19,0.0,49.4,63.7,78.0,53.7,1.07,18.72,19.01,J17WL,665.76,A,2024-11-19
2021-10-20,0.0,58.3,70.7,83.2,62.8,0.97,19.64,16.41,J17WL,665.73,A,2024-11-19
2021-10-21,0.0,63.4,73.6,83.7,65.7,0.61,16.21,9.19,J17WL,665.72,A,2024-11-19
2021-10-22,0.0,62.9,73.5,84.1,65.2,0.61,17.03,11.9,J17WL,665.65,A,2024-11-19
2021-10-23,0.0,62.5,73.3,84.2,65.9,0.38,19.22,15.22,J17WL,666.15,A,2024-11-19
2021-10-24,0.0,70.4,78.7,87.0,68.3,0.75,22.13,13.01,J17WL,666.23,A,2024-11-19
2021-10-25,0.0,71.7,78.8,86.0,70.7,0.61,16.43,9.54,J17WL,665.99,A,2024-11-19
2021-10-26,0.0,72.8,80.4,88.1,72.2,0.66,17.56,13.79,J17WL,665.65,A,2024-11-19
2021-10-27,1.0,61.9,74.6,87.2,70.6,0.81,17.86,9.79,J17WL,666.02,A,2024-11-19
2021-10-28,0.0,50.2,64.7,79.1,42.3,1.2,26.34,17.77,J17WL,666.62,A,2024-11-19
2021-10-29,0.0,48.7,64.0,79.2,37.9,3.71,27.0,18.24,J17WL,666.84,A,2024-11-19
2021-10-30,0.0,45.0,60.2,75.4,35.8,1.76,24.64,18.28,J17WL,666.88,A,2024-11-19
2021-10-31,0.0,45.4,62.9,80.4,42.6,1.19,26.54,17.29,J17WL,666.92,A,2024-11-19
2021-11-01,0.0,50.6,66.5,82.4,55.5,0.82,21.53,16.72,J17WL,666.82,A,2024-11-19
2021-11-02,0.0,56.0,67.8,79.6,60.2,0.42,17.27,16.36,J17WL,666.05,A,2024-11-19
2021-11-03,0.0,64.0,72.4,80.8,63.9,0.91,17.36,12.55,J17WL,665.82,A,2024-11-19
2021-11-04,0.63,49.6,58.9,68.2,53.6,0.36,3.07,2.9,J17WL,666.57,A,2024-11-19
2021-11-05,0.0,44.3,49.6,54.9,45.4,0.58,4.04,4.26,J17WL,666.65,A,2024-11-19
2021-11-06,0.0,43.3,53.1,62.9,44.1,0.5,8.89,12.32,J17WL,667.01,A,2024-11-19
2021-11-07,0.0,42.9,55.9,68.9,46.7,0.47,12.54,16.06,J17WL,667.43,A,2024-11-19
2021-11-08,0.0,44.5,58.6,72.7,51.1,0.35,13.98,16.07,J17WL,666.86,A,2024-11-19
2021-11-09,0.0,50.2,63.7,77.2,56.6,0.36,16.1,15.18,J17WL,666.76,A,2024-11-19
2021-11-10,0.0,56.2,65.9,75.6,61.5,0.38,11.12,10.86,J17WL,666.89,A,2024-11-19
2021-11-11,0.0,63.6,72.1,80.7,63.8,0.53,15.96,11.81,J17WL,666.51,A,2024-11-19
2021-11-12,0.0,47.8,61.8,75.8,45.4,1.73,21.26,15.48,J17WL,666.7,A,2024-11-19
2021-11-13,0.0,46.4,62.0,77.7,46.3,1.87,16.54,14.56,J17WL,666.36,A,2024-11-19
2021-11-14,0.0,45.0,57.7,70.5,35.6,2.32,19.13,15.63,J17WL,666.6,A,2024-11-19
2021-11-15,0.0,48.8,63.7,78.6,54.8,0.32,17.03,14.87,J17WL,666.37,A,2024-11-19
2021-11-16,0.0,56.1,68.5,80.9,61.1,0.23,18.79,14.7,J17WL,665.94,A,2024-11-19
2021-11-17,0.0,60.6,70.7,80.8,61.8,0.54,18.18,13.16,J17WL,665.43,A,2024-11-19
2021-11-18,0.0,59.1,70.5,81.9,56.8,1.3,19.73,14.55,J17WL,665.34,A,2024-11-19
2021-11-19,0.0,50.0,57.0,64.1,30.9,6.62,13.95,10.64,J17WL,665.07,A,2024-11-19
2021-11-20,0.0,46.7,56.4,66.1,37.5,0.93,15.33,14.33,J17WL,665.33,A,2024-11-19
2021-11-21,0.0,50.8,60.4,70.0,59.4,0.17,7.05,7.56,J17WL,665.5,A,2024-11-19
2021-11-22,0.0,56.1,65.3,74.6,53.2,1.14,11.29,5.26,J17WL,665.05,A,2024-11-19
2021-11-23,0.0,39.8,54.8,69.7,35.1,1.51,18.88,14.09,J17WL,664.79,A,2024-11-19
2021-11-24,0.0,39.8,55.0,70.1,42.9,1.06,17.75,13.97,J17WL,664.78,A,2024-11-19
2021-11-25,0.46,55.7,65.7,75.8,63.8,0.62,11.2,5.46,J17WL,664.57,A,2024-11-19
2021-11-26,0.59,48.1,58.3,68.6,37.5,0.96,11.3,5.83,J17WL,665.05,A,2024-11-19
2021-11-27,0.4,45.6,51.5,57.5,33.3,0.85,11.32,9.24,J17WL,665.43,A,2024-11-19
2021-11-28,0.11,44.7,48.4,52.1,47.4,0.17,2.18,2.7,J17WL,665.96,A,2024-11-19
2021-11-29,0.0,42.1,56.1,70.1,45.0,0.22,15.1,13.53,J17WL,665.8,A,2024-11-19
2021-11-30,0.0,41.4,56.1,70.8,42.5,0.79,16.5,13.94,J17WL,665.65,A,2024-11-19
2021-12-01,0.0,47.4,60.3,73.1,50.0,0.41,17.41,14.08,J17WL,665.7,A,2024-11-19
2021-12-02,0.0,50.8,63.1,75.4,57.4,0.33,11.08,12.53,J17WL,665.62,A,2024-11-19
2021-12-03,0.0,56.0,65.2,74.4,62.7,0.12,8.3,10.65,J17WL,665.6,A,2024-11-19
2021-12-04,0.02,64.2,71.6,79.0,64.7,0.58,12.67,9.48,J17WL,665.68,A,2024-11-19
2021-12-05,0.0,66.5,71.4,76.3,65.6,1.04,9.07,6.9,J17WL,665.34,A,2024-11-19
2021-12-06,0.0,67.5,72.3,77.1,67.7,1.06,9.61,4.6,J17WL,665.18,A,2024-11-19
2021-12-07,0.0,47.9,58.8,69.7,37.4,0.82,11.66,7.41,J17WL,664.0,A,2024-11-19
2021-12-08,0.0,45.1,56.6,68.0,37.5,1.5,15.56,13.02,J17WL,663.38,A,2024-11-19
2021-12-09,0.0,45.0,61.6,78.2,52.7,0.28,20.91,13.67,J17WL,662.8,A,2024-11-19
2021-12-10,0.0,62.9,70.5,78.2,66.7,0.35,10.97,6.0,J17WL,662.37,A,2024-11-19
2021-12-11,0.0,66.9,75.3,83.6,63.2,1.14,17.75,9.72,J17WL,662.03,A,2024-11-19
2021-12-12,0.0,36.8,49.9,63.0,24.7,2.06,14.22,9.1,J17WL,662.97,A,2024-11-19
2021-12-13,0.0,36.3,48.7,61.2,31.3,1.68,13.28,13.42,J17WL,663.18,A,2024-11-19
2021-12-14,0.0,50.1,58.2,66.3,50.5,0.46,11.87,5.58,J17WL,663.18,A,2024-11-19
2021-12-15,0.0,60.9,68.8,76.7,65.7,0.11,9.79,4.9,J17WL,663.23,A,2024-11-19
2021-12-16,0.0,69.1,75.2,81.4,67.5,1.85,14.79,6.22,J17WL,663.2,A,2024-11-19
2021-12-17,0.0,68.1,73.7,79.4,67.0,1.07,13.01,4.91,J17WL,663.12,A,2024-11-19
2021-12-18,0.02,69.9,73.8,77.6,66.8,1.4,11.67,6.72,J17WL,663.51,A,2024-11-19
2021-12-19,0.61,42.1,56.1,70.1,44.0,0.88,6.89,4.32,J17WL,664.32,A,2024-11-19
2021-12-20,0.0,41.3,46.3,51.4,33.6,2.16,8.05,4.14,J17WL,664.53,A,2024-11-19
2021-12-21,0.0,38.3,48.3,58.3,37.9,0.61,8.43,10.84,J17WL,664.59,A,2024-11-19
2021-12-22,0.0,38.6,52.2,65.9,44.2,0.7,10.62,13.37,J17WL,664.33,A,2024-11-19
2021-12-23,0.01,47.3,60.7,74.0,50.5,0.16,16.37,13.74,J17WL,664.33,A,2024-11-19
2021-12-24,0.0,53.9,63.0,72.1,58.6,0.09,9.26,6.92,J17WL,664.14,A,2024-11-19
2021-12-25,0.0,56.7,66.8,77.0,61.5,0.3,13.16,7.33,J17WL,664.55,A,2024-11-19
2021-12-26,0.01,58.7,68.1,77.4,62.2,0.2,11.08,8.86,J17WL,664.89,A,2024-11-19
2021-12-27,0.02,60.7,68.7,76.7,64.1,0.12,10.36,4.88,J17WL,664.7,A,2024-11-19
2021-12-28,0.0,65.1,71.7,78.3,64.0,0.96,13.19,8.39,J17WL,664.44,A,2024-11-19
2021-12-29,0.0,60.5,66.2,71.9,62.8,0.33,6.56,3.52,J17WL,663.99,A,2024-11-19
2021-12-30,0.0,58.4,70.1,81.9,60.1,0.22,18.89,9.84,J17WL,663.83,A,2024-11-19
2021-12-31,0.0,59.3,70.6,82.0,62.2,0.28,19.42,11.85,J17WL,663.59,A,2024-11-19
2022-01-01,0.0,66.8,74.9,82.9,67.5,0.27,17.83,8.38,J17WL,663.84,A,2024-11-19
2022-01-02,0.0,33.3,55.7,78.1,53.2,1.35,13.05,6.83,J17WL,663.63,A,2024-11-19
2022-01-03,0.0,27.7,38.0,48.4,17.6,1.34,8.43,14.3,J17WL,663.25,A,2024-11-19
2022-01-04,0.0,27.6,41.4,55.1,21.4,1.27,11.59,14.39,J17WL,663.02,A,2024-11-19
2022-01-05,0.0,37.5,52.3,67.2,38.5,1.03,13.73,13.98,J17WL,662.89,A,2024-11-19
2022-01-06,0.0,40.6,58.7,76.8,36.1,1.09,24.77,13.93,J17WL,662.87,A,2024-11-19
2022-01-07,0.0,32.8,49.3,65.8,26.6,2.03,14.61,13.95,J17WL,662.73,A,2024-11-19
2022-01-08,0.03,33.9,41.6,49.2,33.7,0.24,3.99,3.42,J17WL,662.86,A,2024-11-19
2022-01-09,0.06,50.0,54.8,59.6,54.4,0.12,1.11,2.46,J17WL,663.22,A,2024-11-19
2022-01-10,0.0,46.7,57.2,67.6,40.2,0.84,13.83,12.23,J17WL,663.19,A,2024-11-19
2022-01-11,0.0,40.6,49.5,58.4,23.7,3.48,12.78,11.9,J17WL,663.19,A,2024-11-19
2022-01-12,0.0,41.8,45.7,49.7,28.7,3.34,7.9,3.0,J17WL,663.2,A,2024-11-19
2022-01-13,0.0,38.1,50.5,63.0,33.9,1.65,13.41,10.52,J17WL,662.93,A,2024-11-19
2022-01-14,0.0,37.9,57.1,76.2,32.9,1.72,25.01,14.24,J17WL,662.8,A,2024-11-19
2022-01-15,0.0,40.7,58.9,77.2,36.0,2.37,25.19,14.3,J17WL,662.98,A,2024-11-19
2022-01-16,0.0,36.6,45.8,55.0,16.3,4.09,12.13,14.54,J17WL,663.03,A,2024-11-19
2022-01-17,0.0,33.5,49.3,65.1,17.9,3.05,17.89,14.86,J17WL,662.87,A,2024-11-19
2022-01-18,0.0,35.8,52.7,69.7,25.6,2.28,21.36,14.84,J17WL,663.2,A,2024-11-19
2022-01-19,0.0,43.3,58.9,74.6,51.5,0.58,17.99,13.74,J17WL,662.89,A,2024-11-19
2022-01-20,0.0,37.6,57.1,76.6,45.4,1.16,16.1,10.91,J17WL,662.89,A,2024-11-19
2022-01-21,0.0,33.3,35.3,37.2,13.5,2.87,4.96,5.93,J17WL,662.51,A,2024-11-19
2022-01-22,0.0,32.3,41.8,51.3,13.2,3.07,9.99,12.57,J17WL,662.88,A,2024-11-19
2022-01-23,0.0,34.1,44.2,54.4,21.3,3.29,10.66,11.15,J17WL,663.14,A,2024-11-19
2022-01-24,0.0,47.5,51.7,56.0,32.6,3.15,10.27,5.28,J17WL,662.81,A,2024-11-19
2022-01-25,0.03,42.6,48.0,53.3,45.8,0.06,3.33,3.68,J17WL,662.46,A,2024-11-19
2022-01-26,0.0,46.3,50.9,55.5,45.5,0.34,4.76,11.05,J17WL,662.42,A,2024-11-19
2022-01-27,0.0,42.2,48.6,55.1,39.5,1.34,6.53,6.7,J17WL,662.26,A,2024-11-19
2022-01-28,0.01,42.4,51.8,61.3,40.9,1.27,9.38,10.13,J17WL,662.08,A,2024-11-19
2022-01-29,0.0,33.1,46.1,59.1,26.1,1.89,12.7,15.38,J17WL,662.19,A,2024-11-19
2022-01-30,0.0,32.8,48.8,64.7,23.7,1.68,17.23,16.14,J17WL,662.41,A,2024-11-19
2022-01-31,0.12,36.4,52.8,69.1,42.7,0.83,16.05,15.91,J17WL,662.35,A,2024-11-19
2022-02-01,0.02,55.6,57.6,59.7,55.6,0.27,1.55,2.82,J17WL,663.03,A,2024-11-19
2022-02-02,0.0,53.9,62.8,71.6,52.0,0.55,13.93,12.39,J17WL,662.8,A,2024-11-19
2022-02-03,1.87,33.0,47.8,62.7,46.5,0.29,2.07,2.57,J17WL,663.88,A,2024-11-19
2022-02-04,0.13,22.6,27.9,33.1,22.3,0.57,1.43,2.49,J17WL,664.53,A,2024-11-19
2022-02-05,0.0,23.6,32.8,42.0,22.1,0.69,4.72,15.09,J17WL,664.62,A,2024-11-19
2022-02-06,0.0,23.1,36.9,50.8,20.1,0.54,9.16,17.81,J17WL,665.09,A,2024-11-19
2022-02-07,0.0,28.2,44.1,60.0,31.7,0.61,12.0,17.3,J17WL,664.99,A,2024-11-19
2022-02-08,0.0,33.9,47.8,61.6,29.2,1.43,13.47,17.04,J17WL,665.19,A,2024-11-19
2022-02-09,0.0,33.2,49.4,65.7,28.0,1.37,16.89,17.8,J17WL,665.4,A,2024-11-19
2022-02-10,0.0,37.1,54.0,71.0,30.9,2.14,21.02,17.88,J17WL,665.8,A,2024-11-19
2022-02-11,0.0,41.9,56.4,70.9,34.4,1.84,19.9,17.52,J17WL,665.76,A,2024-11-19
2022-02-12,0.0,42.3,59.0,75.6,45.3,0.6,20.98,17.69,J17WL,665.77,A,2024-11-19
2022-02-13,0.0,32.0,44.7,57.3,27.6,1.79,9.81,11.89,J17WL,665.97,A,2024-11-19
2022-02-14,0.0,30.3,47.0,63.7,21.3,1.84,16.4,18.34,J17WL,665.62,A,2024-11-19
2022-02-15,0.0,34.3,51.5,68.6,29.4,0.63,19.9,18.69,J17WL,665.82,A,2024-11-19
2022-02-16,0.0,40.9,57.6,74.2,50.0,0.89,18.18,17.91,J17WL,665.56,A,2024-11-19
2022-02-17,0.0,61.8,70.8,79.8,60.3,2.13,18.5,9.78,J17WL,665.46,A,2024-11-19
2022-02-18,0.0,36.2,55.3,74.4,30.3,1.99,23.7,18.47,J17WL,665.22,A,2024-11-19
2022-02-19,0.0,34.5,47.5,60.5,25.4,1.94,13.45,18.25,J17WL,664.97,A,2024-11-19
2022-02-20,0.0,36.5,50.7,64.8,24.8,2.18,16.92,18.38,J17WL,665.01,A,2024-11-19
2022-02-21,0.02,43.7,58.1,72.5,51.0,0.37,15.18,13.14,J17WL,664.93,A,2024-11-19
2022-02-22,0.0,62.2,73.3,84.3,63.2,0.29,21.95,16.19,J17WL,664.29,A,2024-11-19
2022-02-23,0.0,45.5,64.6,83.7,49.2,0.72,24.1,17.22,J17WL,663.66,A,2024-11-19
2022-02-24,0.04,30.9,37.1,43.2,27.8,0.46,3.49,3.14,J17WL,662.81,A,2024-11-19
2022-02-25,0.0,31.9,35.8,39.8,31.3,0.43,1.75,4.35,J17WL,662.57,A,2024-11-19
2022-02-26,0.0,34.6,37.0,39.4,25.6,1.23,4.02,4.2,J17WL,662.57,A,2024-11-19
2022-02-27,0.02,36.2,39.2,42.1,36.7,0.56,1.22,3.46,J17WL,662.69,A,2024-11-19
2022-02-28,0.0,34.5,47.7,60.9,27.5,1.54,13.54,20.41,J17WL,661.86,A,2024-11-19
2022-03-01,0.0,35.1,50.5,65.9,22.5,2.29,18.02,20.09,J17WL,661.58,A,2024-11-19
2022-03-02,0.0,36.7,53.9,71.0,28.4,1.4,21.98,20.31,J17WL,660.89,A,2024-11-19
2022-03-03,0.0,43.6,58.4,73.2,44.5,1.21,19.33,19.39,J17WL,660.34,A,2024-11-19
2022-03-04,0.0,52.0,64.6,77.3,55.0,1.25,19.24,17.31,J17WL,659.94,A,2024-11-19
2022-03-05,0.0,63.0,71.5,79.9,60.3,1.02,18.31,9.28,J17WL,658.99,A,2024-11-19
2022-03-06,0.0,65.2,72.4,79.7,63.2,2.1,16.03,9.64,J17WL,658.72,A,2024-11-19
2022-03-07,0.0,50.2,65.6,81.0,61.0,2.06,15.74,8.31,J17WL,658.01,A,2024-11-19
2022-03-08,0.0,44.5,49.8,55.1,29.1,3.79,9.68,7.09,J17WL,658.53,A,2024-11-19
2022-03-09,0.0,40.9,49.6,58.3,34.5,2.01,9.52,12.43,J17WL,658.55,A,2024-11-19
2022-03-10,0.0,39.4,51.0,62.6,31.0,1.69,13.94,20.65,J17WL,658.91,A,2024-11-19
2022-03-11,0.0,39.8,56.8,73.8,48.8,1.61,16.83,20.99,J17WL,658.84,A,2024-11-19
2022-03-12,0.0,31.0,45.3,59.7,26.9,1.48,5.28,6.17,J17WL,658.9,A,2024-11-19
2022-03-13,0.0,29.5,42.5,55.5,13.4,2.14,12.51,22.7,J17WL,659.38,A,2024-11-19
2022-03-14,0.0,31.5,49.6,67.6,38.2,1.22,15.54,21.74,J17WL,659.14,A,2024-11-19
2022-03-15,0.0,48.7,65.3,81.8,44.0,1.23,25.1,19.61,J17WL,658.49,A,2024-11-19
2022-03-16,0.0,47.6,62.9,78.3,32.4,3.58,27.54,22.93,J17WL,657.82,A,2024-11-19
2022-03-17,0.0,47.3,64.8,82.3,42.4,0.92,30.93,22.84,J17WL,657.25,A,2024-11-19
2022-03-18,0.0,53.8,66.3,78.8,55.5,0.76,16.79,11.31,J17WL,657.11,A,2024-11-19
2022-03-19,0.0,47.2,60.6,74.0,30.8,4.69,23.11,23.19,J17WL,656.72,A,2024-11-19
2022-03-20,0.0,47.0,62.6,78.1,32.7,3.29,27.57,23.16,J17WL,656.48,A,2024-11-19
2022-03-21,0.14,45.9,61.9,77.8,48.3,0.7,24.0,22.25,J17WL,656.34,A,2024-11-19
2022-03-22,0.27,59.0,72.8,86.7,60.6,0.41,28.68,8.99,J17WL,655.75,A,2024-11-19
2022-03-23,0.0,46.7,56.9,67.1,34.0,5.06,15.76,23.46,J17WL,655.22,A,2024-11-19
2022-03-24,0.0,44.0,56.7,69.4,24.4,4.05,20.81,20.41,J17WL,654.96,A,2024-11-19
2022-03-25,0.0,45.3,62.1,79.0,23.0,4.48,30.57,24.04,J17WL,654.74,A,2024-11-19
2022-03-26,0.0,46.2,66.1,86.0,29.0,4.27,37.98,24.1,J17WL,654.36,A,2024-11-19
2022-03-27,0.0,49.7,70.0,90.4,36.3,4.36,43.35,24.03,J17WL,654.09,A,2024-11-19
2022-03-28,0.0,52.7,69.4,86.2,49.1,2.77,34.59,23.01,J17WL,653.23,A,2024-11-19
2022-03-29,0.0,61.4,73.4,85.3,58.6,2.49,26.58,20.73,J17WL,652.72,A,2024-11-19
2022-03-30,0.06,62.9,72.8,82.8,63.2,2.62,19.38,15.83,J17WL,652.69,A,2024-11-19
2022-03-31,0.0,50.8,67.0,83.2,38.6,2.76,32.29,24.83,J17WL,652.44,A,2024-11-19
2022-04-01,0.0,49.9,64.5,79.1,39.4,3.35,25.86,24.49,J17WL,651.72,A,2024-11-19
2022-04-02,0.0,53.7,68.2,82.6,49.8,2.63,27.75,24.0,J17WL,651.66,A,2024-11-19
2022-04-03,0.0,60.9,75.2,89.5,47.8,3.33,40.14,24.48,J17WL,651.68,A,2024-11-19
2022-04-04,0.0,63.6,74.3,85.1,59.6,1.63,25.87,23.67,J17WL,650.89,A,2024-11-19
2022-04-05,0.0,67.9,75.0,82.1,66.8,1.89,16.06,8.3,J17WL,650.34,A,2024-11-19
2022-04-06,0.0,62.4,77.8,93.2,58.5,1.85,39.54,21.89,J17WL,650.0,A,2024-11-19
2022-04-07,0.0,53.4,66.7,80.0,32.4,6.45,28.2,25.16,J17WL,649.15,A,2024-11-19
2022-04-08,0.0,46.5,61.9,77.3,20.7,5.5,28.77,25.92,J17WL,648.97,A,2024-11-19
2022-04-09,0.0,48.0,64.0,80.0,23.8,5.17,31.63,25.57,J17WL,648.83,A,2024-11-19
2022-04-10,0.0,48.9,67.8,86.7,44.5,3.68,35.92,25.99,J17WL,649.23,A,2024-11-19
2022-04-11,0.22,63.5,76.8,90.2,62.7,2.2,31.22,21.54,J17WL,648.62,A,2024-11-19
2022-04-12,0.01,70.1,75.1,80.1,67.6,1.3,12.25,7.94,J17WL,648.52,A,2024-11-19
2022-04-13,0.0,71.1,81.7,92.2,67.7,1.46,33.14,19.85,J17WL,648.29,A,2024-11-19
2022-04-14,0.0,60.4,77.8,95.2,46.2,5.65,47.74,22.79,J17WL,647.58,A,2024-11-19
2022-04-15,0.0,60.0,72.1,84.3,43.8,0.87,31.37,25.92,J17WL,647.3,A,2024-11-19
2022-04-16,0.0,63.1,73.0,82.9,67.9,1.2,14.41,11.27,J17WL,647.33,A,2024-11-19
2022-04-17,0.0,70.8,79.0,87.1,69.5,1.9,18.43,15.45,J17WL,647.08,A,2024-11-19
2022-04-18,0.0,68.9,77.1,85.3,68.8,2.3,15.69,10.07,J17WL,647.08,A,2024-11-19
2022-04-19,0.0,58.7,70.9,83.1,54.1,3.06,25.83,26.54,J17WL,646.47,A,2024-11-19
2022-04-20,0.08,59.1,64.7,70.2,63.1,0.74,7.52,5.92,J17WL,647.04,A,2024-11-19
2022-04-21,0.01,69.7,76.4,83.2,68.1,1.69,15.38,11.34,J17WL,646.67,A,2024-11-19
2022-04-22,0.01,71.7,76.1,80.6,69.1,2.08,14.02,5.71,J17WL,646.42,A,2024-11-19
2022-04-23,0.0,70.9,79.2,87.5,65.1,3.45,25.71,16.68,J17WL,646.79,A,2024-11-19
2022-04-24,0.0,70.2,78.5,86.8,65.2,3.07,22.8,13.75,J17WL,647.03,A,2024-11-19
2022-04-25,0.05,70.8,78.9,87.1,66.6,2.97,22.59,16.02,J17WL,646.97,A,2024-11-19
2022-04-26,0.61,57.9,66.8,75.6,61.1,0.94,7.2,6.26,J17WL,647.99,A,2024-11-19
2022-04-27,0.04,57.2,65.0,72.8,58.3,0.69,10.36,14.38,J17WL,648.42,A,2024-11-19
2022-04-28,0.0,63.3,71.0,78.8,63.8,1.57,13.28,14.15,J17WL,648.26,A,2024-11-19
2022-04-29,0.0,69.9,77.8,85.7,65.5,2.25,21.98,15.55,J17WL,647.91,A,2024-11-19
2022-04-30,0.0,70.9,78.4,85.9,68.1,1.77,19.24,12.05,J17WL,647.96,A,2024-11-19
2022-05-01,0.0,71.9,78.6,85.3,70.4,1.2,16.5,16.64,J17WL,647.87,A,2024-11-19
2022-05-02,0.27,71.4,80.4,89.4,68.6,1.27,25.32,17.22,J17WL,647.58,A,2024-11-19
2022-05-03,0.02,73.5,77.4,81.4,70.9,2.21,11.2,8.45,J17WL,647.07,A,2024-11-19
2022-05-04,0.0,74.2,81.0,87.7,71.6,1.84,19.1,11.32,J17WL,646.69,A,2024-11-19
2022-05-05,0.65,71.5,79.1,86.6,70.2,1.3,18.58,12.36,J17WL,646.7,A,2024-11-19
2022-05-06,0.0,66.9,76.7,86.5,69.8,1.55,15.89,15.09,J17WL,646.87,A,2024-11-19
2022-05-07,0.0,69.6,82.9,96.2,70.7,1.14,37.56,25.3,J17WL,647.58,A,2024-11-19
2022-05-08,0.0,74.1,86.8,99.6,70.5,1.54,45.53,26.68,J17WL,647.74,A,2024-11-19
2022-05-09,0.0,75.4,86.9,98.4,72.3,2.6,38.85,26.07,J17WL,647.34,A,2024-11-19
2022-05-10,0.0,76.4,85.7,95.0,73.4,2.99,29.38,22.21,J17WL,646.39,A,2024-11-19
2022-05-11,0.0,72.5,82.9,93.3,71.5,2.01,26.92,20.53,J17WL,646.05,A,2024-11-19
2022-05-12,0.0,70.5,81.9,93.3,67.5,1.85,31.73,25.47,J17WL,645.6,A,2024-11-19
2022-05-13,0.0,70.3,82.2,94.2,66.6,2.29,35.23,25.49,J17WL,645.27,A,2024-11-19
2022-05-14,0.0,71.1,81.1,91.1,65.4,2.44,31.4,23.23,J17WL,644.92,A,2024-11-19
2022-05-15,0.0,69.5,82.4,95.3,64.9,1.85,40.24,27.02,J17WL,645.0,A,2024-11-19
2022-05-16,0.0,70.3,83.2,96.1,65.0,1.48,42.21,27.75,J17WL,644.1,A,2024-11-19
2022-05-17,0.0,71.3,83.7,96.1,65.3,2.05,41.49,26.96,J17WL,644.07,A,2024-11-19
2022-05-18,0.0,71.3,84.8,98.2,65.6,2.27,46.25,27.12,J17WL,643.84,A,2024-11-19
2022-05-19,0.0,72.2,85.6,98.9,65.6,2.61,48.62,26.54,J17WL,643.34,A,2024-11-19
2022-05-20,0.0,73.3,84.7,96.2,68.7,3.85,38.55,27.35,J17WL,643.09,A,2024-11-19
2022-05-21,0.04,75.7,85.0,94.2,72.5,3.25,29.08,17.98,J17WL,643.45,A,2024-11-19
2022-05-22,0.01,67.2,83.0,98.8,67.7,3.52,39.91,23.01,J17WL,644.19,A,2024-11-19
2022-05-23,0.0,65.2,74.9,84.5,62.0,2.99,20.33,25.4,J17WL,644.69,A,2024-11-19
2022-05-24,0.01,68.8,77.0,85.2,67.7,1.73,20.25,13.89,J17WL,645.44,A,2024-11-19
2022-05-25,0.48,63.0,75.3,87.5,63.5,1.08,25.72,22.51,J17WL,646.33,A,2024-11-19
2022-05-26,0.0,59.2,72.3,85.5,53.4,2.08,30.78,29.76,J17WL,646.37,A,2024-11-19
2022-05-27,0.0,66.6,80.5,94.4,61.7,2.62,41.05,28.82,J17WL,646.33,A,2024-11-19
2022-05-28,0.0,72.6,84.2,95.8,67.6,2.01,40.26,25.5,J17WL,646.21,A,2024-11-19
2022-05-29,0.0,74.0,85.7,97.3,66.9,2.19,44.37,28.42,J17WL,646.61,A,2024-11-19
2022-05-30,0.0,75.6,86.3,97.0,68.5,5.09,41.41,28.78,J17WL,646.12,A,2024-11-19
2022-05-31,0.0,76.7,85.6,94.6,69.7,4.19,33.68,24.66,J17WL,644.38,A,2024-11-19
2022-06-01,0.0,76.8,86.2,95.5,70.0,3.62,36.24,23.73,J17WL,643.61,A,2024-11-19
2022-06-02,0.0,74.4,85.0,95.6,70.2,2.87,35.98,24.51,J17WL,643.33,A,2024-11-19
2022-06-03,0.0,75.5,83.8,92.2,66.9,3.52,31.31,27.43,J17WL,642.81,A,2024-11-19
2022-06-04,0.01,73.1,82.6,92.1,65.6,5.28,31.03,26.01,J17WL,642.79,A,2024-11-19
2022-06-05,0.0,72.2,84.1,96.0,64.7,3.43,40.01,26.89,J17WL,642.79,A,2024-11-19
2022-06-06,0.0,73.4,86.4,99.5,65.7,3.0,47.82,28.57,J17WL,641.53,A,2024-11-19
2022-06-07,0.0,76.0,89.2,102.3,69.1,4.76,50.25,29.0,J17WL,640.62,A,2024-11-19
2022-06-08,0.0,76.4,89.2,101.9,67.7,5.76,51.64,28.94,J17WL,639.48,A,2024-11-19
2022-06-09,0.0,76.4,87.6,98.9,68.3,4.08,44.83,28.87,J17WL,638.13,A,2024-11-19
2022-06-10,0.0,76.2,86.8,97.3,69.1,2.88,40.69,25.64,J17WL,637.17,A,2024-11-19
2022-06-11,0.0,75.9,87.8,99.6,68.8,3.27,46.47,28.0,J17WL,636.93,A,2024-11-19
2022-06-12,0.0,75.7,89.0,102.4,68.1,2.75,52.77,29.42,J17WL,637.95,A,2024-11-19
2022-06-13,0.0,76.3,90.0,103.7,68.4,3.32,56.41,29.21,J17WL,637.31,A,2024-11-19
2022-06-14,0.0,77.2,87.9,98.6,68.6,4.01,45.06,28.13,J17WL,636.24,A,2024-11-19
2022-06-15,0.0,77.9,87.6,97.4,69.1,5.63,42.14,24.63,J17WL,636.37,A,2024-11-19
2022-06-16,0.0,76.0,84.7,93.3,70.3,3.13,31.26,15.87,J17WL,636.18,A,2024-11-19
2022-06-17,0.0,74.1,86.8,99.5,64.2,3.13,49.24,27.09,J17WL,635.69,A,2024-11-19
2022-06-18,0.0,74.1,85.0,95.9,67.0,3.25,37.73,27.24,J17WL,636.07,A,2024-11-19
2022-06-19,0.0,75.2,86.1,96.9,67.4,2.82,40.87,28.95,J17WL,636.31,A,2024-11-19
2022-06-20,0.0,74.8,86.2,97.7,66.0,3.23,42.37,27.68,J17WL,636.02,A,2024-11-19
2022-06-21,0.0,76.0,87.2,98.4,66.4,3.92,43.95,26.57,J17WL,634.96,A,2024-11-19
2022-06-22,0.0,76.7,87.3,97.9,68.0,3.72,43.34,26.81,J17WL,634.15,A,2024-11-19
2022-06-23,0.0,75.7,86.2,96.8,66.1,5.06,39.62,25.56,J17WL,634.02,A,2024-11-19
2022-06-24,0.0,74.4,86.6,98.8,63.5,4.07,47.07,29.02,J17WL,633.96,A,2024-11-19
2022-06-25,0.0,75.4,87.6,99.8,65.5,3.61,47.66,29.42,J17WL,634.04,A,2024-11-19
2022-06-26,0.0,76.2,87.5,98.8,65.0,3.25,47.5,29.39,J17WL,634.48,A,2024-11-19
2022-06-27,0.0,75.9,86.9,97.9,64.6,5.2,45.65,27.07,J17WL,634.31,A,2024-11-19
2022-06-28,0.0,75.5,86.8,98.1,65.5,7.52,44.03,22.66,J17WL,634.25,A,2024-11-19
2022-06-29,1.06,70.7,79.7,88.6,69.9,1.05,20.53,14.02,J17WL,635.95,A,2024-11-19
2022-06-30,0.0,72.2,83.6,95.1,65.1,2.19,39.27,28.88,J17WL,636.45,A,2024-11-19
2022-07-01,0.0,76.1,86.3,96.5,68.5,2.48,38.7,28.08,J17WL,636.55,A,2024-11-19
2022-07-02,0.0,77.1,87.6,98.2,70.5,2.71,41.31,27.63,J17WL,636.71,A,2024-11-19
2022-07-03,0.0,77.8,88.2,98.6,71.0,3.59,41.24,27.2,J17WL,637.15,A,2024-11-19
2022-07-04,0.0,76.1,86.7,97.2,70.1,3.05,38.8,24.55,J17WL,636.85,A,2024-11-19
2022-07-05,0.0,76.8,87.4,98.0,69.9,3.28,41.51,26.21,J17WL,635.98,A,2024-11-19
2022-07-06,0.0,76.8,87.5,98.2,70.3,3.24,40.66,27.98,J17WL,635.08,A,2024-11-19
2022-07-07,0.0,77.6,88.2,98.8,69.5,3.98,42.75,28.83,J17WL,634.95,A,2024-11-19
2022-07-08,0.0,78.0,88.5,99.1,69.2,3.61,44.56,28.78,J17WL,634.82,A,2024-11-19
2022-07-09,0.0,77.4,88.6,99.9,69.2,3.89,44.41,28.09,J17WL,634.86,A,2024-11-19
2022-07-10,0.0,78.0,90.1,102.2,64.6,5.66,52.65,29.01,J17WL,635.02,A,2024-11-19
2022-07-11,0.0,79.7,91.5,103.3,67.3,9.58,52.56,27.41,J17WL,634.51,A,2024-11-19
2022-07-12,0.0,80.0,92.7,105.3,67.2,7.7,58.37,27.58,J17WL,632.62,A,2024-11-19
2022-07-13,0.0,78.9,90.9,102.9,68.5,5.91,50.91,24.7,J17WL,632.4,A,2024-11-19
2022-07-14,0.0,77.5,89.6,101.8,68.0,7.3,48.89,26.87,J17WL,632.03,A,2024-11-19
2022-07-15,0.0,74.5,87.1,99.8,68.4,4.5,44.72,26.32,J17WL,632.54,A,2024-11-19
2022-07-16,0.0,75.8,84.7,93.6,70.7,2.29,32.37,26.05,J17WL,634.31,A,2024-11-19
2022-07-17,0.0,74.1,86.5,98.9,68.1,3.43,43.09,24.26,J17WL,635.45,A,2024-11-19
2022-07-18,0.0,74.9,87.5,100.2,63.3,3.62,51.26,27.75,J17WL,634.83,A,2024-11-19
2022-07-19,0.0,76.0,87.9,99.7,67.1,3.41,47.96,27.4,J17WL,633.98,A,2024-11-19
2022-07-20,0.0,77.0,89.3,101.5,70.2,3.35,49.35,28.67,J17WL,633.36,A,2024-11-19
2022-07-21,0.0,78.8,90.1,101.3,71.8,4.87,47.95,27.23,J17WL,633.08,A,2024-11-19
2022-07-22,0.0,78.3,89.1,99.9,70.5,5.19,43.55,19.22,J17WL,633.12,A,2024-11-19
2022-07-23,0.0,77.8,88.8,99.7,69.1,3.87,46.21,25.51,J17WL,633.63,A,2024-11-19
2022-07-24,0.0,78.0,88.4,98.8,69.9,3.84,42.71,25.92,J17WL,633.98,A,2024-11-19
2022-07-25,0.0,76.9,88.3,99.7,69.2,3.13,45.0,25.72,J17WL,633.56,A,2024-11-19
2022-07-26,0.0,75.0,87.3,99.5,68.3,2.64,44.8,27.76,J17WL,632.72,A,2024-11-19
2022-07-27,0.0,76.2,87.6,98.9,67.8,2.86,43.15,27.51,J17WL,632.37,A,2024-11-19
2022-07-28,0.0,76.3,87.0,97.8,69.0,3.33,41.63,25.33,J17WL,632.09,A,2024-11-19
2022-07-29,0.0,77.5,88.0,98.5,69.6,4.37,41.93,23.93,J17WL,631.77,A,2024-11-19
2022-07-30,0.0,76.1,87.7,99.4,69.3,4.17,43.01,25.5,J17WL,632.27,A,2024-11-19
2022-07-31,0.0,77.5,89.3,101.1,66.4,4.3,49.49,27.7,J17WL,632.62,A,2024-11-19
2022-08-01,0.0,75.8,87.3,98.9,66.7,4.1,46.71,24.63,J17WL,632.0,A,2024-11-19
2022-08-02,0.0,76.6,87.0,97.5,67.9,4.82,41.38,24.51,J17WL,631.31,A,2024-11-19
2022-08-03,0.0,77.6,88.9,100.3,67.7,4.57,47.55,27.54,J17WL,630.95,A,2024-11-19
2022-08-04,0.0,78.1,89.4,100.8,69.5,4.92,47.59,27.11,J17WL,630.57,A,2024-11-19
2022-08-05,0.0,77.6,89.3,101.0,68.3,4.85,50.99,26.75,J17WL,630.36,A,2024-11-19
2022-08-06,0.0,78.3,88.5,98.7,67.7,4.88,46.46,24.77,J17WL,630.99,A,2024-11-19
2022-08-07,0.0,77.1,85.8,94.4,69.9,3.68,34.18,21.16,J17WL,631.88,A,2024-11-19
2022-08-08,0.0,76.8,86.1,95.5,69.7,3.35,36.74,22.83,J17WL,631.41,A,2024-11-19
2022-08-09,0.12,75.2,85.8,96.4,69.4,3.24,38.1,23.47,J17WL,630.86,A,2024-11-19
2022-08-10,0.0,76.3,86.8,97.4,68.7,3.64,40.62,24.62,J17WL,630.65,A,2024-11-19
2022-08-11,0.0,77.0,88.4,99.7,67.5,4.8,46.24,26.82,J17WL,630.79,A,2024-11-19
2022-08-12,0.31,75.5,86.0,96.6,69.9,3.47,39.19,18.92,J17WL,631.48,A,2024-11-19
2022-08-13,0.05,76.1,86.7,97.2,69.6,3.85,38.45,22.2,J17WL,632.13,A,2024-11-19
2022-08-14,0.0,76.7,87.6,98.5,69.4,4.02,41.79,22.21,J17WL,632.89,A,2024-11-19
2022-08-15,0.35,73.4,79.6,85.8,71.1,1.15,17.68,14.64,J17WL,633.58,A,2024-11-19
2022-08-16,0.03,73.5,80.3,87.1,72.0,0.78,21.97,12.5,J17WL,634.01,A,2024-11-19
2022-08-17,0.0,76.0,85.9,95.8,71.8,1.12,35.94,21.71,J17WL,633.95,A,2024-11-19
2022-08-18,0.0,77.1,86.5,96.0,72.5,2.29,39.45,24.63,J17WL,633.8,A,2024-11-19
2022-08-19,0.0,77.2,87.2,97.2,69.1,3.02,39.7,24.03,J17WL,634.29,A,2024-11-19
2022-08-20,0.0,77.7,86.3,94.9,70.3,3.03,36.14,20.4,J17WL,634.42,A,2024-11-19
2022-08-21,0.0,77.6,87.0,96.4,71.0,3.04,36.56,23.46,J17WL,635.25,A,2024-11-19
2022-08-22,0.0,77.6,84.1,90.6,73.8,2.27,22.97,13.95,J17WL,635.06,A,2024-11-19
2022-08-23,0.73,74.1,84.3,94.4,73.4,0.8,29.39,15.11,J17WL,634.88,A,2024-11-19
2022-08-24,0.15,74.4,81.0,87.6,73.7,1.16,19.87,12.68,J17WL,634.75,A,2024-11-19
2022-08-25,0.31,75.9,82.0,88.1,74.2,1.26,18.88,11.94,J17WL,635.42,A,2024-11-19
2022-08-26,0.0,76.5,83.9,91.2,71.2,2.75,27.82,15.95,J17WL,635.08,A,2024-11-19
2022-08-27,0.0,75.5,84.1,92.7,71.4,1.5,29.04,17.41,J17WL,635.64,A,2024-11-19
2022-08-28,0.0,75.8,84.8,93.7,72.0,1.4,30.17,22.63,J17WL,636.13,A,2024-11-19
2022-08-29,0.0,76.8,85.6,94.4,72.0,1.48,31.83,21.98,J17WL,635.3,A,2024-11-19
2022-08-30,0.0,77.2,86.5,95.8,73.2,1.55,34.4,22.45,J17WL,634.94,A,2024-11-19
2022-08-31,0.02,75.4,82.1,88.8,73.7,1.65,20.67,9.24,J17WL,634.86,A,2024-11-19
2022-09-01,0.01,75.2,83.1,91.0,72.1,2.63,24.87,18.72,J17WL,634.92,A,2024-11-19
2022-09-02,0.0,74.6,82.7,90.9,71.8,1.63,25.69,18.15,J17WL,634.77,A,2024-11-19
2022-09-03,0.0,75.4,84.4,93.4,71.8,1.76,31.01,20.61,J17WL,635.85,A,2024-11-19
2022-09-04,0.12,73.1,81.9,90.7,72.1,0.83,24.22,13.97,J17WL,637.69,A,2024-11-19
2022-09-05,0.0,72.2,78.8,85.4,71.0,1.14,16.92,11.34,J17WL,637.77,A,2024-11-19
2022-09-06,0.0,72.7,80.9,89.0,70.1,1.55,22.63,22.01,J17WL,636.64,A,2024-11-19
2022-09-07,0.0,73.4,82.7,92.1,70.1,1.58,29.77,22.98,J17WL,636.23,A,2024-11-19
2022-09-08,0.23,73.3,83.0,92.8,70.5,1.67,30.29,18.41,J17WL,636.52,A,2024-11-19
2022-09-09,0.0,72.5,82.9,93.2,68.1,2.76,32.39,19.13,J17WL,636.59,A,2024-11-19
2022-09-10,0.08,72.7,82.4,92.1,69.8,1.41,29.98,19.58,J17WL,636.86,A,2024-11-19
2022-09-11,0.0,73.5,82.8,92.1,68.2,2.29,29.87,21.35,J17WL,637.34,A,2024-11-19
2022-09-12,0.0,71.3,82.0,92.7,64.4,3.08,32.2,19.18,J17WL,636.73,A,2024-11-19
2022-09-13,0.0,71.9,82.0,92.1,63.4,5.13,33.62,22.73,J17WL,635.86,A,2024-11-19
2022-09-14,0.0,70.9,81.5,92.1,66.1,2.82,31.63,20.51,J17WL,635.45,A,2024-11-19
2022-09-15,0.0,68.9,79.6,90.4,62.5,2.46,32.45,19.63,J17WL,635.05,A,2024-11-19
2022-09-16,0.0,70.6,81.1,91.6,68.0,1.3,31.88,19.7,J17WL,635.05,A,2024-11-19
2022-09-17,0.0,75.2,84.2,93.1,70.8,2.04,30.19,18.76,J17WL,635.38,A,2024-11-19
2022-09-18,0.0,75.2,84.5,93.8,71.1,1.87,30.88,19.34,J17WL,635.65,A,2024-11-19
2022-09-19,0.0,75.1,84.7,94.2,69.8,1.64,32.82,20.35,J17WL,634.93,A,2024-11-19
2022-09-20,0.0,75.5,85.0,94.4,71.3,1.79,32.3,19.18,J17WL,633.68,A,2024-11-19
2022-09-21,0.0,72.8,83.6,94.3,69.8,2.0,33.35,20.48,J17WL,633.02,A,2024-11-19
2022-09-22,0.0,69.9,81.9,93.8,65.4,1.71,36.89,21.11,J17WL,632.72,A,2024-11-19
2022-09-23,0.0,70.3,83.0,95.7,61.0,1.64,43.36,22.09,J17WL,632.56,A,2024-11-19
2022-09-24,0.0,70.2,82.7,95.2,63.4,2.47,37.89,18.95,J17WL,632.79,A,2024-11-19
2022-09-25,0.0,71.5,81.5,91.6,69.4,2.19,28.13,16.79,J17WL,632.95,A,2024-11-19
2022-09-26,0.0,72.9,83.4,93.8,67.2,2.36,35.83,20.33,J17WL,632.47,A,2024-11-19
2022-09-27,0.0,63.7,78.7,93.7,48.7,8.39,41.96,21.37,J17WL,631.58,A,2024-11-19
2022-09-28,0.0,60.9,75.0,89.1,40.3,9.01,39.62,22.22,J17WL,631.17,A,2024-11-19
2022-09-29,0.0,61.0,74.8,88.6,45.1,6.76,37.24,21.44,J17WL,630.95,A,2024-11-19
2022-09-30,0.0,61.5,76.2,90.9,49.3,6.55,38.72,21.08,J17WL,630.74,A,2024-11-19
2022-10-01,0.0,60.4,74.8,89.2,50.0,5.1,35.03,20.77,J17WL,631.74,A,2024-11-19
2022-10-02,0.0,59.0,73.0,87.0,47.5,5.15,33.2,20.99,J17WL,632.19,A,2024-11-19
2022-10-03,0.0,59.6,71.4,83.2,48.1,5.86,28.07,16.34,J17WL,631.57,A,2024-11-19
2022-10-04,0.0,64.0,74.7,85.4,44.6,9.87,33.47,17.32,J17WL,630.71,A,2024-11-19
2022-10-05,0.0,60.2,72.5,84.7,47.9,5.65,30.52,15.75,J17WL,630.35,A,2024-11-19
2022-10-06,0.0,60.5,73.9,87.4,53.0,4.72,31.42,19.31,J17WL,630.24,A,2024-11-19
2022-10-07,0.0,63.5,76.1,88.8,53.4,5.35,35.37,19.46,J17WL,630.23,A,2024-11-19
2022-10-08,0.0,65.4,74.7,84.0,55.4,7.37,25.85,8.91,J17WL,630.62,A,2024-11-19
2022-10-09,0.0,65.2,76.4,87.6,51.7,6.77,33.39,19.1,J17WL,631.26,A,2024-11-19
2022-10-10,0.0,63.7,75.0,86.4,57.9,2.04,29.24,16.75,J17WL,630.76,A,2024-11-19
2022-10-11,0.0,63.7,74.7,85.7,58.9,2.39,27.43,17.43,J17WL,630.04,A,2024-11-19
2022-10-12,0.0,66.0,76.2,86.4,63.6,2.58,25.45,15.16,J17WL,630.02,A,2024-11-19
2022-10-13,0.0,70.8,81.9,92.9,64.6,1.94,34.49,17.3,J17WL,630.11,A,2024-11-19
2022-10-14,0.0,70.3,80.6,90.9,52.1,12.79,34.64,18.87,J17WL,630.09,A,2024-11-19
2022-10-15,0.0,71.0,79.9,88.8,63.3,2.15,28.46,15.49,J17WL,630.62,A,2024-11-19
2022-10-16,0.0,72.8,81.8,90.8,67.0,2.09,29.94,15.98,J17WL,630.89,A,2024-11-19
2022-10-17,0.23,65.7,77.7,89.7,64.8,1.26,30.82,16.97,J17WL,631.23,A,2024-11-19
2022-10-18,0.39,58.7,65.3,72.0,47.9,0.86,15.53,8.14,J17WL,631.5,A,2024-11-19
2022-10-19,0.0,46.4,58.6,70.8,34.6,2.78,20.07,17.61,J17WL,631.64,A,2024-11-19
2022-10-20,0.0,46.5,60.1,73.7,37.4,2.67,21.29,18.86,J17WL,631.84,A,2024-11-19
2022-10-21,0.0,50.0,65.2,80.3,45.7,2.48,25.92,18.92,J17WL,632.16,A,2024-11-19
2022-10-22,0.0,54.1,69.0,83.9,54.0,1.82,27.96,18.66,J17WL,632.54,A,2024-11-19
2022-10-23,0.0,60.2,73.3,86.4,61.6,0.99,27.3,17.57,J17WL,633.23,A,2024-11-19
2022-10-24,0.03,66.6,76.1,85.5,66.3,1.3,23.21,14.1,J17WL,632.8,A,2024-11-19
2022-10-25,0.0,62.2,75.5,88.9,57.5,1.27,23.45,11.43,J17WL,632.83,A,2024-11-19
2022-10-26,0.0,48.4,63.1,77.8,35.0,3.7,27.67,18.54,J17WL,632.6,A,2024-11-19
2022-10-27,0.0,47.8,62.4,77.0,40.1,2.63,24.54,18.07,J17WL,632.53,A,2024-11-19
2022-10-28,0.08,53.2,66.0,78.8,60.1,1.22,18.16,13.46,J17WL,633.43,A,2024-11-19
2022-10-29,0.1,55.6,63.2,70.7,53.0,0.56,13.11,14.42,J17WL,633.93,A,2024-11-19
2022-10-30,0.0,50.3,61.4,72.6,48.5,1.29,16.36,17.21,J17WL,634.71,A,2024-11-19
2022-10-31,0.0,50.0,63.7,77.4,48.8,1.24,21.78,16.51,J17WL,634.06,A,2024-11-19
2022-11-01,0.06,55.7,67.2,78.7,54.0,2.07,21.67,14.27,J17WL,634.16,A,2024-11-19
2022-11-02,0.0,59.2,65.0,70.7,59.1,0.63,9.7,11.9,J17WL,633.71,A,2024-11-19
2022-11-03,0.02,59.8,67.4,74.9,64.2,0.45,10.78,11.12,J17WL,633.99,A,2024-11-19
2022-11-04,0.0,70.2,76.5,82.8,68.3,1.23,15.88,7.71,J17WL,634.41,A,2024-11-19
2022-11-05,0.03,57.8,72.6,87.3,53.3,1.83,21.76,8.85,J17WL,634.85,A,2024-11-19
2022-11-06,0.0,52.7,65.1,77.6,40.5,1.78,26.84,16.37,J17WL,635.34,A,2024-11-19
2022-11-07,0.07,59.3,71.6,83.9,67.6,1.2,16.39,11.36,J17WL,634.82,A,2024-11-19
2022-11-08,0.04,67.5,76.1,84.7,69.0,0.54,16.43,9.38,J17WL,634.9,A,2024-11-19
2022-11-09,0.04,67.8,74.1,80.3,68.1,0.89,12.18,10.17,J17WL,634.6,A,2024-11-19
2022-11-10,0.03,69.0,75.3,81.7,66.6,0.96,16.04,9.28,J17WL,635.11,A,2024-11-19
2022-11-11,0.0,68.5,75.2,81.8,65.1,1.54,17.22,13.4,J17WL,635.05,A,2024-11-19
2022-11-12,0.03,43.3,61.9,80.5,46.5,1.79,13.39,8.18,J17WL,635.46,A,2024-11-19
2022-11-13,0.0,39.2,49.6,60.0,27.6,3.2,12.92,15.84,J17WL,635.63,A,2024-11-19
2022-11-14,0.09,40.3,49.9,59.5,29.8,0.9,13.48,15.46,J17WL,635.68,A,2024-11-19
2022-11-15,0.1,41.3,52.2,63.2,47.7,0.26,5.35,4.44,J17WL,635.09,A,2024-11-19
2022-11-16,0.0,39.1,47.0,54.9,33.8,1.65,8.46,14.71,J17WL,635.25,A,2024-11-19
2022-11-17,0.0,41.8,49.7,57.7,30.9,2.23,11.05,14.01,J17WL,635.33,A,2024-11-19
2022-11-18,0.0,46.3,52.0,57.7,31.3,3.93,11.49,9.48,J17WL,635.1,A,2024-11-19
2022-11-19,0.04,45.5,50.2,54.8,35.7,1.84,8.65,5.4,J17WL,635.94,A,2024-11-19
2022-11-20,0.22,40.4,42.5,44.5,36.4,0.5,3.43,2.76,J17WL,636.42,A,2024-11-19
2022-11-21,0.3,41.0,44.7,48.3,31.9,0.95,6.34,5.38,J17WL,636.97,A,2024-11-19
2022-11-22,0.25,40.4,43.6,46.8,42.9,0.29,1.18,3.07,J17WL,636.91,A,2024-11-19
2022-11-23,0.11,46.8,49.7,52.7,49.1,0.29,1.4,4.49,J17WL,637.36,A,2024-11-19
2022-11-24,0.04,51.6,57.1,62.5,56.1,0.06,3.26,4.71,J17WL,637.62,A,2024-11-19
2022-11-25,0.02,60.0,66.3,72.5,62.2,0.09,5.11,4.28,J17WL,637.77,A,2024-11-19
2022-11-26,0.77,49.9,54.8,59.6,53.6,0.3,2.55,2.31,J17WL,638.41,A,2024-11-19
2022-11-27,0.0,43.1,52.6,62.2,41.3,0.53,10.67,14.45,J17WL,639.15,A,2024-11-19
2022-11-28,0.0,42.0,59.3,76.7,43.6,0.44,22.87,14.49,J17WL,638.77,A,2024-11-19
2022-11-29,0.0,45.4,60.4,75.4,57.9,0.62,15.16,14.26,J17WL,638.37,A,2024-11-19
2022-11-30,0.0,46.9,63.8,80.7,58.1,0.93,16.45,11.36,J17WL,638.06,A,2024-11-19
2022-12-01,0.0,43.2,51.5,59.8,27.5,3.85,12.92,14.14,J17WL,637.89,A,2024-11-19
2022-12-02,0.07,44.7,48.7,52.8,44.0,0.42,5.19,3.08,J17WL,638.35,A,2024-11-19
2022-12-03,0.02,53.1,58.9,64.7,61.1,0.11,1.81,4.23,J17WL,638.3,A,2024-11-19
2022-12-04,0.02,55.7,60.8,66.0,51.2,0.42,8.87,5.43,J17WL,638.51,A,2024-11-19
2022-12-05,0.04,52.2,55.0,57.9,53.7,0.08,2.94,2.46,J17WL,638.54,A,2024-11-19
2022-12-06,0.02,58.1,66.2,74.2,63.7,0.07,7.59,6.1,J17WL,637.33,A,2024-11-19
2022-12-07,0.0,66.0,72.9,79.8,67.5,0.45,12.22,7.8,J17WL,636.58,A,2024-11-19
2022-12-08,0.0,68.4,73.9,79.4,66.9,0.88,13.84,8.15,J17WL,636.19,A,2024-11-19
2022-12-09,0.0,66.8,73.1,79.4,66.0,0.86,13.91,7.26,J17WL,635.58,A,2024-11-19
2022-12-10,0.0,66.4,72.6,78.8,65.6,0.54,13.73,8.66,J17WL,635.68,A,2024-11-19
2022-12-11,0.11,63.8,70.9,78.0,64.5,1.26,13.04,6.44,J17WL,636.85,A,2024-11-19
2022-12-12,0.0,59.5,66.2,72.9,58.2,0.5,10.89,12.55,J17WL,636.98,A,2024-11-19
2022-12-13,0.01,60.1,67.5,74.9,65.9,0.13,7.6,3.3,J17WL,637.18,A,2024-11-19
2022-12-14,0.0,62.2,70.7,79.2,52.0,2.9,14.94,8.06,J17WL,637.22,A,2024-11-19
2022-12-15,0.0,39.0,54.0,68.9,26.3,1.93,20.38,13.34,J17WL,637.12,A,2024-11-19
2022-12-16,0.0,38.9,52.2,65.4,34.1,1.1,15.87,13.52,J17WL,637.37,A,2024-11-19
2022-12-17,0.0,44.2,56.5,68.8,37.1,1.29,10.98,10.02,J17WL,637.4,A,2024-11-19
2022-12-18,0.0,36.7,47.3,57.9,25.8,2.11,12.41,11.23,J17WL,637.76,A,2024-11-19
2022-12-19,0.07,37.1,44.8,52.4,27.6,0.76,9.82,5.17,J17WL,637.95,A,2024-11-19
2022-12-20,0.2,44.8,47.2,49.5,46.8,0.17,1.06,2.85,J17WL,638.2,A,2024-11-19
2022-12-21,0.0,39.5,46.5,53.5,44.1,0.51,3.06,3.28,J17WL,638.32,A,2024-11-19
2022-12-22,0.0,38.3,43.6,49.0,41.2,0.21,2.61,5.98,J17WL,638.41,A,2024-11-19
2022-12-23,0.0,16.7,39.2,61.8,22.3,0.96,6.67,9.71,J17WL,637.67,A,2024-11-19
2022-12-24,0.0,16.2,24.3,32.3,1.4,1.54,4.67,13.63,J17WL,635.63,A,2024-11-19
2022-12-25,0.0,20.6,29.9,39.2,7.0,1.14,6.64,13.74,J17WL,635.54,A,2024-11-19
2022-12-26,0.0,24.1,37.2,50.3,11.2,1.59,10.58,13.83,J17WL,636.1,A,2024-11-19
2022-12-27,0.0,30.0,47.6,65.1,23.4,1.38,17.19,13.66,J17WL,636.41,A,2024-11-19
2022-12-28,0.0,34.8,47.2,59.7,29.5,1.46,12.05,13.94,J17WL,637.01,A,2024-11-19
2022-12-29,0.0,39.2,57.1,75.0,52.1,0.51,17.14,13.48,J17WL,636.98,A,2024-11-19
2022-12-30,0.0,53.7,63.3,73.0,52.9,1.63,11.08,5.87,J17WL,636.93,A,2024-11-19
2022-12-31,0.0,45.4,57.7,70.0,41.4,0.97,17.84,7.77,J17WL,637.29,A,2024-11-19
2023-01-01,0.0,45.3,61.2,77.2,45.1,0.68,21.99,13.59,J17WL,637.61,A,2024-11-19
2023-01-02,0.0,51.0,64.7,78.4,60.4,0.25,15.36,11.7,J17WL,637.4,A,2024-11-19
2023-01-03,0.0,64.7,73.9,83.1,57.5,1.71,21.31,9.03,J17WL,637.16,A,2024-11-19
2023-01-04,0.0,51.1,64.4,77.8,34.9,5.18,25.78,12.67,J17WL,636.72,A,2024-11-19
2023-01-05,0.0,45.0,60.8,76.6,29.6,4.25,26.57,14.33,J17WL,636.41,A,2024-11-19
2023-01-06,0.0,45.5,59.4,73.2,34.2,3.56,21.78,13.84,J17WL,636.17,A,2024-11-19
2023-01-07,0.0,51.3,65.6,79.8,57.9,0.78,19.42,12.22,J17WL,636.58,A,2024-11-19
2023-01-08,0.0,55.8,64.8,73.7,54.7,1.62,10.09,3.98,J17WL,636.67,A,2024-11-19
2023-01-09,0.0,48.0,58.8,69.7,35.5,3.99,17.82,13.98,J17WL,636.27,A,2024-11-19
2023-01-10,0.0,48.4,60.2,72.1,50.3,0.85,15.86,13.36,J17WL,636.18,A,2024-11-19
2023-01-11,0.0,54.0,66.3,78.6,55.3,0.3,18.18,13.73,J17WL,636.23,A,2024-11-19
2023-01-12,0.0,52.9,66.3,79.6,53.1,0.28,17.09,9.99,J17WL,635.97,A,2024-11-19
2023-01-13,0.0,38.7,51.4,64.2,28.6,3.02,14.59,11.57,J17WL,636.05,A,2024-11-19
2023-01-14,0.0,35.8,50.1,64.3,26.2,2.19,15.84,14.48,J17WL,636.58,A,2024-11-19
2023-01-15,0.0,35.4,50.6,65.7,33.3,1.22,17.03,14.55,J17WL,636.85,A,2024-11-19
2023-01-16,0.0,45.3,59.6,73.9,53.3,0.92,15.7,11.82,J17WL,636.77,A,2024-11-19
2023-01-17,0.0,50.8,63.0,75.1,53.7,1.22,14.67,9.35,J17WL,636.37,A,2024-11-19
2023-01-18,0.0,53.5,65.4,77.4,59.2,1.19,16.09,13.09,J17WL,636.24,A,2024-11-19
2023-01-19,0.0,48.2,63.0,77.9,36.2,1.28,26.41,13.93,J17WL,635.56,A,2024-11-19
2023-01-20,0.0,47.2,58.3,69.3,27.8,6.44,19.85,14.09,J17WL,636.04,A,2024-11-19
2023-01-21,0.0,52.3,56.0,59.7,35.8,4.19,10.97,4.24,J17WL,636.26,A,2024-11-19
2023-01-22,0.0,44.1,54.9,65.6,43.4,0.89,9.32,8.32,J17WL,636.5,A,2024-11-19
2023-01-23,0.0,38.6,51.7,64.7,25.6,3.19,16.55,15.3,J17WL,636.04,A,2024-11-19
2023-01-24,0.17,39.8,49.0,58.3,32.3,0.77,11.52,9.66,J17WL,636.52,A,2024-11-19
2023-01-25,0.33,39.5,50.4,61.3,39.5,0.24,11.12,8.07,J17WL,636.69,A,2024-11-19
2023-01-26,0.0,36.9,48.3,59.7,30.7,1.18,11.9,15.52,J17WL,636.64,A,2024-11-19
2023-01-27,0.0,35.3,46.2,57.1,28.7,1.39,11.29,15.24,J17WL,636.91,A,2024-11-19
2023-01-28,0.1,39.7,47.8,56.0,40.1,0.6,8.92,6.92,J17WL,637.27,A,2024-11-19
2023-01-29,0.04,50.0,57.7,65.5,57.1,0.1,1.31,2.77,J17WL,637.5,A,2024-11-19
2023-01-30,0.02,41.9,59.2,76.5,53.7,0.19,13.67,11.41,J17WL,636.94,A,2024-11-19
2023-01-31,0.06,32.2,36.7,41.2,33.3,0.19,0.83,1.47,J17WL,636.96,A,2024-11-19
2023-02-01,0.61,31.3,33.0,34.7,30.1,0.38,1.03,2.13,J17WL,637.25,A,2024-11-19
2023-02-02,0.2,33.3,34.3,35.2,32.4,0.27,0.64,2.11,J17WL,637.59,A,2024-11-19
2023-02-03,0.0,33.0,39.1,45.1,35.8,0.27,2.22,6.51,J17WL,637.83,A,2024-11-19
2023-02-04,0.0,34.6,45.6,56.6,37.5,0.25,7.34,16.65,J17WL,638.09,A,2024-11-19
2023-02-05,0.0,35.5,48.9,62.3,42.5,0.06,8.67,14.15,J17WL,638.39,A,2024-11-19
2023-02-06,0.0,40.8,57.3,73.7,51.6,0.26,15.14,16.39,J17WL,638.06,A,2024-11-19
2023-02-07,0.0,57.9,67.0,76.0,59.8,0.28,14.88,10.08,J17WL,637.96,A,2024-11-19
2023-02-08,0.18,49.2,60.5,71.8,59.8,0.67,5.48,3.6,J17WL,637.64,A,2024-11-19
2023-02-09,0.1,39.2,51.9,64.5,41.8,0.46,11.82,8.61,J17WL,638.23,A,2024-11-19
2023-02-10,0.0,39.9,55.8,71.7,39.1,0.53,19.21,17.66,J17WL,638.13,A,2024-11-19
2023-02-11,0.0,34.7,45.6,56.5,28.0,2.29,10.7,15.45,J17WL,638.31,A,2024-11-19
2023-02-12,0.0,33.8,47.5,61.1,23.5,1.37,14.5,18.52,J17WL,638.58,A,2024-11-19
2023-02-13,0.0,34.0,48.3,62.6,31.2,1.32,14.4,10.9,J17WL,638.33,A,2024-11-19
2023-02-14,0.01,43.9,57.8,71.6,53.7,1.35,13.28,12.55,J17WL,638.23,A,2024-11-19
2023-02-15,0.0,49.4,64.3,79.3,34.4,1.1,31.03,18.5,J17WL,638.11,A,2024-11-19
2023-02-16,0.02,54.1,67.4,80.6,58.2,0.68,15.45,12.7,J17WL,637.76,A,2024-11-19
2023-02-17,0.0,37.2,46.7,56.2,20.6,3.87,11.45,8.92,J17WL,637.51,A,2024-11-19
2023-02-18,0.0,34.6,44.7,54.9,20.8,2.65,11.24,18.89,J17WL,638.02,A,2024-11-19
2023-02-19,0.0,35.6,45.8,55.9,33.2,1.64,9.96,11.43,J17WL,638.33,A,2024-11-19
2023-02-20,0.0,43.7,58.9,74.1,50.5,0.9,17.45,17.13,J17WL,638.09,A,2024-11-19
2023-02-21,0.0,58.4,68.9,79.4,60.9,0.78,15.55,14.3,J17WL,637.21,A,2024-11-19
2023-02-22,0.0,56.7,71.0,85.3,62.9,0.41,24.04,17.93,J17WL,637.18,A,2024-11-19
2023-02-23,0.0,62.8,76.0,89.2,53.6,0.99,40.46,18.56,J17WL,636.9,A,2024-11-19
2023-02-24,0.0,58.1,68.3,78.4,48.9,0.72,19.06,11.03,J17WL,636.71,A,2024-11-19
2023-02-25,0.0,51.3,56.4,61.4,46.9,1.89,7.63,4.92,J17WL,636.88,A,2024-11-19
2023-02-26,0.0,50.3,59.5,68.8,55.6,1.0,7.82,9.37,J17WL,637.31,A,2024-11-19
2023-02-27,0.03,63.8,71.8,79.9,64.7,0.63,14.2,9.96,J17WL,636.8,A,2024-11-19
2023-02-28,0.0,54.1,69.8,85.6,34.1,1.97,37.07,20.89,J17WL,636.29,A,2024-11-19
2023-03-01,0.0,55.4,69.4,83.5,61.7,1.34,23.73,17.27,J17WL,635.98,A,2024-11-19
2023-03-02,0.02,70.0,78.8,87.7,68.3,1.79,21.54,11.94,J17WL,635.55,A,2024-11-19
2023-03-03,0.33,54.3,68.4,82.5,50.4,2.29,15.43,12.05,J17WL,635.92,A,2024-11-19
2023-03-04,0.0,48.5,62.6,76.6,35.0,2.57,24.89,21.8,J17WL,636.2,A,2024-11-19
2023-03-05,0.0,47.7,64.2,80.6,45.9,1.11,27.11,21.39,J17WL,636.51,A,2024-11-19
2023-03-06,0.02,50.9,65.4,79.9,55.8,0.53,21.34,19.85,J17WL,636.09,A,2024-11-19
2023-03-07,0.0,63.3,72.7,82.1,63.9,0.22,17.93,12.57,J17WL,635.67,A,2024-11-19
2023-03-08,0.0,67.3,74.2,81.2,67.1,0.35,12.71,7.46,J17WL,635.58,A,2024-11-19
2023-03-09,0.0,67.5,76.0,84.5,64.4,1.71,22.07,14.53,J17WL,635.18,A,2024-11-19
2023-03-10,0.0,63.7,74.2,84.7,63.5,1.8,22.04,15.38,J17WL,634.5,A,2024-11-19
2023-03-11,0.0,60.9,69.3,77.8,59.1,1.41,15.24,16.36,J17WL,634.79,A,2024-11-19
2023-03-12,0.0,65.2,77.8,90.3,64.2,1.28,29.54,19.86,J17WL,634.97,A,2024-11-19
2023-03-13,0.0,55.9,69.5,83.2,46.7,1.9,26.99,21.21,J17WL,634.28,A,2024-11-19
2023-03-14,0.0,50.8,59.7,68.6,36.7,4.78,17.37,18.06,J17WL,634.0,A,2024-11-19
2023-03-15,0.0,50.1,59.2,68.3,40.8,4.72,13.85,13.52,J17WL,633.37,A,2024-11-19
2023-03-16,0.0,55.0,63.3,71.6,55.3,1.07,11.39,9.15,J17WL,633.64,A,2024-11-19
2023-03-17,0.5,45.4,64.6,83.7,58.8,0.53,18.67,11.74,J17WL,634.35,A,2024-11-19
2023-03-18,0.34,40.9,49.8,58.6,29.3,1.15,12.53,12.49,J17WL,635.46,A,2024-11-19
2023-03-19,0.08,41.5,45.5,49.6,36.6,1.0,5.81,4.96,J17WL,635.87,A,2024-11-19
2023-03-20,0.0,43.2,50.5,57.9,34.4,1.57,10.67,19.55,J17WL,635.57,A,2024-11-19
2023-03-21,0.1,46.5,52.5,58.5,46.5,0.17,6.88,5.69,J17WL,635.44,A,2024-11-19
2023-03-22,0.18,59.1,65.3,71.6,65.3,0.07,3.76,6.49,J17WL,635.99,A,2024-11-19
2023-03-23,0.0,68.6,74.0,79.4,67.0,1.18,12.5,9.56,J17WL,635.96,A,2024-11-19
2023-03-24,0.0,70.1,76.6,83.1,67.7,2.74,14.65,11.11,J17WL,635.9,A,2024-11-19
2023-03-25,0.01,56.5,72.7,88.9,43.2,1.5,40.48,21.12,J17WL,635.98,A,2024-11-19
2023-03-26,0.0,54.1,68.2,82.4,36.4,4.14,31.87,22.33,J17WL,636.14,A,2024-11-19
2023-03-27,0.0,59.2,71.7,84.3,61.6,1.9,21.91,18.54,J17WL,635.68,A,2024-11-19
2023-03-28,0.0,64.9,71.9,78.9,57.9,5.41,14.98,15.75,J17WL,635.2,A,2024-11-19
2023-03-29,0.0,55.8,62.8,69.8,37.0,6.27,19.31,12.56,J17WL,635.5,A,2024-11-19
2023-03-30,0.03,57.8,61.5,65.2,49.9,0.76,10.73,6.91,J17WL,635.49,A,2024-11-19
2023-03-31,0.07,62.6,70.3,78.0,67.6,0.13,9.15,6.4,J17WL,635.98,A,2024-11-19
2023-04-01,0.0,60.1,73.1,86.2,62.1,1.45,21.55,14.83,J17WL,635.76,A,2024-11-19
2023-04-02,0.0,60.9,73.3,85.7,41.0,3.69,36.9,20.24,J17WL,635.8,A,2024-11-19
2023-04-03,0.0,67.8,77.8,87.7,66.9,1.28,23.75,12.61,J17WL,635.54,A,2024-11-19
2023-04-04,0.0,71.3,81.0,90.7,69.9,1.56,25.2,21.12,J17WL,634.81,A,2024-11-19
2023-04-05,0.0,71.8,79.4,87.1,69.8,2.45,20.08,17.28,J17WL,634.96,A,2024-11-19
2023-04-06,0.22,50.8,62.9,75.1,37.1,1.54,23.81,10.39,J17WL,635.76,A,2024-11-19
2023-04-07,0.35,48.4,50.8,53.3,48.4,0.52,3.31,2.71,J17WL,636.97,A,2024-11-19
2023-04-08,0.38,51.1,53.1,55.0,51.7,0.36,1.29,3.2,J17WL,638.13,A,2024-11-19
2023-04-09,0.0,54.2,63.6,72.9,56.6,0.47,9.73,20.98,J17WL,638.52,A,2024-11-19
2023-04-10,0.0,56.5,63.3,70.0,58.9,0.68,7.83,9.4,J17WL,638.52,A,2024-11-19
2023-04-11,0.0,56.6,64.4,72.2,58.2,0.92,9.33,8.87,J17WL,637.7,A,2024-11-19
2023-04-12,0.0,53.5,64.6,75.7,52.0,1.33,17.26,25.06,J17WL,637.47,A,2024-11-19
2023-04-13,0.0,53.8,65.3,76.8,50.8,1.39,21.0,25.84,J17WL,637.08,A,2024-11-19
2023-04-14,0.0,54.8,66.8,78.9,55.2,0.91,21.57,25.78,J17WL,636.87,A,2024-11-19
2023-04-15,0.16,61.9,71.7,81.4,65.5,1.23,14.29,10.55,J17WL,636.44,A,2024-11-19
2023-04-16,0.0,59.8,76.0,92.1,52.2,1.64,39.64,22.69,J17WL,635.54,A,2024-11-19
2023-04-17,0.0,52.4,64.2,75.9,39.2,3.8,23.64,26.85,J17WL,635.01,A,2024-11-19
2023-04-18,0.0,53.9,66.5,79.1,49.1,3.14,24.92,25.75,J17WL,634.02,A,2024-11-19
2023-04-19,0.02,66.5,73.3,80.0,64.9,1.7,13.69,9.55,J17WL,634.84,A,2024-11-19
2023-04-20,0.0,69.0,74.3,79.7,67.6,1.22,11.54,10.22,J17WL,634.91,A,2024-11-19
2023-04-21,2.23,64.0,75.6,87.2,67.5,0.34,19.53,12.77,J17WL,637.06,A,2024-11-19
2023-04-22,0.0,59.4,70.8,82.2,58.9,0.71,23.56,19.71,J17WL,638.2,A,2024-11-19
2023-04-23,0.68,56.3,67.4,78.5,58.7,0.89,14.47,20.89,J17WL,639.34,A,2024-11-19
2023-04-24,0.22,53.7,58.0,62.3,50.2,0.95,6.6,7.52,J17WL,639.95,A,2024-11-19
2023-04-25,0.0,54.3,61.8,69.3,57.2,1.15,9.26,18.21,J17WL,640.3,A,2024-11-19
2023-04-26,0.0,63.4,71.1,78.8,66.3,0.92,11.13,10.51,J17WL,640.45,A,2024-11-19
2023-04-27,0.17,63.0,73.9,84.8,67.2,1.26,17.14,17.32,J17WL,640.72,A,2024-11-19
2023-04-28,0.0,62.1,72.7,83.2,56.8,1.09,26.41,27.45,J17WL,641.03,A,2024-11-19
2023-04-29,0.64,53.7,69.5,85.2,58.9,0.71,17.82,23.22,J17WL,641.39,A,2024-11-19
2023-04-30,0.0,51.6,64.8,78.0,41.2,2.45,25.72,28.61,J17WL,641.65,A,2024-11-19
2023-05-01,0.0,54.7,71.4,88.1,45.4,3.45,35.78,28.66,J17WL,641.16,A,2024-11-19
2023-05-02,0.0,61.9,72.7,83.5,60.4,1.02,21.77,24.49,J17WL,640.61,A,2024-11-19
2023-05-03,0.0,66.2,73.0,79.7,64.8,1.3,13.6,13.26,J17WL,640.45,A,2024-11-19
2023-05-04,0.0,67.1,75.1,83.0,63.4,1.67,22.99,26.18,J17WL,640.03,A,2024-11-19
2023-05-05,0.0,70.2,77.2,84.2,70.4,1.05,14.69,13.02,J17WL,639.73,A,2024-11-19
2023-05-06,0.0,71.7,82.4,93.2,71.4,1.26,27.28,24.97,J17WL,639.12,A,2024-11-19
2023-05-07,0.02,74.2,80.5,86.9,72.6,2.4,14.98,9.77,J17WL,639.3,A,2024-11-19
2023-05-08,0.04,70.4,75.6,80.9,67.7,1.11,16.31,7.45,J17WL,638.83,A,2024-11-19
2023-05-09,0.1,65.4,77.2,89.1,69.6,1.45,21.04,21.63,J17WL,639.2,A,2024-11-19
2023-05-10,0.33,64.8,68.1,71.5,66.7,0.36,3.6,5.13,J17WL,639.98,A,2024-11-19
2023-05-11,0.0,67.6,74.8,82.0,70.3,0.89,12.08,16.51,J17WL,640.42,A,2024-11-19
2023-05-12,0.0,73.6,80.9,88.2,73.5,1.26,17.24,17.6,J17WL,640.72,A,2024-11-19
2023-05-13,2.53,64.2,74.9,85.7,71.0,0.57,13.78,13.11,J17WL,644.51,A,2024-11-19
2023-05-14,0.04,64.7,71.1,77.4,64.5,0.62,11.67,11.33,J17WL,645.45,A,2024-11-19
2023-05-15,0.0,67.4,76.3,85.2,67.9,1.11,19.17,23.35,J17WL,645.6,A,2024-11-19
2023-05-16,0.06,67.0,73.7,80.5,67.0,1.21,13.12,13.09,J17WL,646.11,A,2024-11-19
2023-05-17,0.55,64.3,74.0,83.7,65.7,0.95,17.83,13.91,J17WL,646.63,A,2024-11-19
2023-05-18,0.0,65.2,76.2,87.1,64.2,1.23,25.2,26.28,J17WL,646.69,A,2024-11-19
2023-05-19,0.0,68.5,77.7,86.9,67.4,1.3,22.01,27.25,J17WL,646.37,A,2024-11-19
2023-05-20,0.53,67.9,78.6,89.3,69.9,0.8,22.61,19.8,J17WL,646.95,A,2024-11-19
2023-05-21,0.03,67.4,73.9,80.4,66.0,1.52,13.95,14.23,J17WL,647.8,A,2024-11-19
2023-05-22,0.21,64.9,68.8,72.7,64.1,0.75,7.06,9.04,J17WL,647.97,A,2024-11-19
2023-05-23,0.0,66.9,75.7,84.4,65.7,0.91,18.87,25.51,J17WL,647.96,A,2024-11-19
2023-05-24,0.16,65.0,76.9,88.8,68.9,0.92,21.09,25.58,J17WL,647.56,A,2024-11-19
2023-05-25,0.0,65.1,76.3,87.5,64.3,1.24,25.91,26.04,J17WL,647.48,A,2024-11-19
2023-05-26,0.0,70.4,77.3,84.2,66.7,1.25,18.51,20.15,J17WL,647.53,A,2024-11-19
2023-05-27,0.0,69.3,77.3,85.3,65.8,1.66,20.21,19.75,J17WL,647.7,A,2024-11-19
2023-05-28,0.0,70.0,77.6,85.2,65.9,2.5,20.36,20.49,J17WL,647.78,A,2024-11-19
2023-05-29,0.09,68.5,75.5,82.6,65.9,1.28,16.66,16.05,J17WL,647.25,A,2024-11-19
2023-05-30,0.44,64.3,74.5,84.8,65.7,0.63,18.53,18.21,J17WL,647.37,A,2024-11-19
2023-05-31,0.0,66.4,76.5,86.6,66.7,0.87,22.45,25.97,J17WL,647.76,A,2024-11-19
2023-06-01,0.0,70.2,78.9,87.7,67.8,1.14,23.62,26.24,J17WL,647.68,A,2024-11-19
2023-06-02,0.0,71.7,79.7,87.8,69.7,1.29,20.92,22.62,J17WL,647.31,A,2024-11-19
2023-06-03,0.52,64.9,76.1,87.2,65.9,1.24,22.18,23.61,J17WL,647.56,A,2024-11-19
2023-06-04,0.11,67.1,77.4,87.7,67.9,1.45,21.85,27.7,J17WL,648.1,A,2024-11-19
2023-06-05,0.26,68.6,75.2,81.9,67.8,1.27,15.45,12.96,J17WL,648.39,A,2024-11-19
2023-06-06,0.0,66.9,76.8,86.7,66.2,1.33,22.59,23.75,J17WL,647.94,A,2024-11-19
2023-06-07,0.11,69.1,76.8,84.4,67.9,1.13,17.79,18.62,J17WL,647.79,A,2024-11-19
2023-06-08,0.0,70.7,79.1,87.4,68.4,2.19,21.22,21.83,J17WL,647.63,A,2024-11-19
2023-06-09,0.0,72.2,80.7,89.1,70.0,1.94,22.44,26.66,J17WL,647.56,A,2024-11-19
2023-06-10,0.0,74.6,85.0,95.4,72.6,2.66,31.5,28.46,J17WL,647.21,A,2024-11-19
2023-06-11,0.0,76.9,85.9,94.8,72.6,3.06,31.08,25.02,J17WL,646.8,A,2024-11-19
2023-06-12,0.0,77.0,86.9,96.7,72.7,2.36,34.53,28.18,J17WL,645.64,A,2024-11-19
2023-06-13,0.0,77.8,86.5,95.2,73.7,3.57,29.98,22.62,J17WL,644.39,A,2024-11-19
2023-06-14,0.0,79.0,86.4,93.9,75.3,4.04,24.93,16.21,J17WL,643.31,A,2024-11-19
2023-06-15,0.0,79.3,86.1,92.9,75.6,1.99,23.32,18.98,J17WL,642.61,A,2024-11-19
2023-06-16,0.0,79.9,88.9,97.9,77.4,2.56,30.98,19.99,J17WL,642.06,A,2024-11-19
2023-06-17,0.0,79.5,89.8,100.0,76.2,2.45,37.59,26.91,J17WL,641.4,A,2024-11-19
2023-06-18,0.0,78.9,87.1,95.3,76.8,2.45,26.3,19.7,J17WL,640.73,A,2024-11-19
2023-06-19,0.0,78.5,90.4,102.3,74.2,1.93,45.85,26.95,J17WL,640.23,A,2024-11-19
2023-06-20,0.0,78.7,90.6,102.5,74.4,2.09,44.97,23.79,J17WL,638.99,A,2024-11-19
2023-06-21,0.0,78.3,90.5,102.7,74.6,1.85,45.59,23.98,J17WL,637.99,A,2024-11-19
2023-06-22,0.1,76.3,89.5,102.8,71.1,3.17,43.31,24.15,J17WL,637.62,A,2024-11-19
2023-06-23,0.07,76.2,84.6,93.1,70.0,1.62,31.53,15.49,J17WL,637.3,A,2024-11-19
2023-06-24,0.0,76.8,88.3,99.9,73.7,1.86,40.99,27.8,J17WL,637.09,A,2024-11-19
2023-06-25,0.0,77.9,89.1,100.2,71.7,2.73,44.38,27.83,J17WL,636.98,A,2024-11-19
2023-06-26,0.0,77.4,89.2,100.9,73.6,2.11,41.74,26.15,J17WL,636.3,A,2024-11-19
2023-06-27,0.0,76.9,89.8,102.6,71.1,2.48,49.6,29.29,J17WL,634.54,A,2024-11-19
2023-06-28,0.0,75.2,89.0,102.7,70.2,2.61,51.0,29.15,J17WL,634.19,A,2024-11-19
2023-06-29,0.0,76.3,88.3,100.2,69.8,2.73,46.47,29.16,J17WL,633.67,A,2024-11-19
2023-06-30,0.0,78.1,88.0,97.9,69.6,3.77,41.09,28.36,J17WL,632.98,A,2024-11-19
2023-07-01,0.0,79.1,88.4,97.8,71.4,4.13,39.53,23.51,J17WL,633.36,A,2024-11-19
2023-07-02,0.0,77.6,88.4,99.2,69.9,4.3,42.39,23.73,J17WL,633.99,A,2024-11-19
2023-07-03,0.0,76.9,85.6,94.3,68.3,3.46,35.06,21.57,J17WL,634.08,A,2024-11-19
2023-07-04,0.0,77.9,86.7,95.5,68.7,4.28,35.7,20.77,J17WL,633.33,A,2024-11-19
2023-07-05,0.0,78.6,87.3,96.1,70.8,4.49,37.55,19.65,J17WL,633.14,A,2024-11-19
2023-07-06,0.55,78.0,85.6,93.2,72.5,3.67,28.13,20.98,J17WL,633.62,A,2024-11-19
2023-07-07,0.02,76.2,82.5,88.8,71.7,2.6,19.92,19.42,J17WL,633.27,A,2024-11-19
2023-07-08,0.0,76.1,83.1,90.1,71.9,2.98,21.96,17.87,J17WL,634.06,A,2024-11-19
2023-07-09,0.0,77.2,87.8,98.4,70.9,3.18,41.47,26.12,J17WL,634.46,A,2024-11-19
2023-07-10,0.0,78.2,89.2,100.1,71.7,3.71,43.08,28.13,J17WL,633.75,A,2024-11-19
2023-07-11,0.0,78.9,90.4,101.9,72.0,4.34,47.98,28.88,J17WL,632.33,A,2024-11-19
2023-07-12,0.0,79.6,90.9,102.3,72.9,4.28,46.52,27.02,J17WL,631.41,A,2024-11-19
2023-07-13,0.0,79.4,91.6,103.7,72.7,3.94,51.32,27.94,J17WL,630.98,A,2024-11-19
2023-07-14,0.0,79.2,91.8,104.3,71.9,3.73,55.31,28.55,J17WL,630.57,A,2024-11-19
2023-07-15,0.0,78.8,90.9,103.0,71.0,4.57,52.28,28.37,J17WL,630.16,A,2024-11-19
2023-07-16,0.0,78.0,90.8,103.5,68.0,3.79,56.35,28.42,J17WL,630.43,A,2024-11-19
2023-07-17,0.0,75.7,89.1,102.6,66.2,3.93,54.35,27.55,J17WL,630.06,A,2024-11-19
2023-07-18,0.0,76.3,89.5,102.7,66.4,2.59,56.74,28.74,J17WL,628.66,A,2024-11-19
2023-07-19,0.0,77.8,90.6,103.4,68.6,3.71,54.82,28.36,J17WL,628.53,A,2024-11-19
2023-07-20,0.0,77.9,90.5,103.1,69.2,3.93,54.45,28.15,J17WL,627.94,A,2024-11-19
2023-07-21,0.0,77.2,89.7,102.3,68.8,4.22,51.58,27.41,J17WL,628.2,A,2024-11-19
2023-07-22,0.0,77.3,88.9,100.5,65.3,4.28,51.32,28.24,J17WL,628.63,A,2024-11-19
2023-07-23,0.3,78.0,89.9,101.8,66.2,6.06,50.51,27.34,J17WL,629.37,A,2024-11-19
2023-07-24,0.01,75.5,87.2,98.8,69.8,4.5,38.77,17.42,J17WL,629.26,A,2024-11-19
2023-07-25,0.0,76.4,88.3,100.2,68.7,3.83,49.22,27.44,J17WL,628.75,A,2024-11-19
2023-07-26,0.0,77.6,88.3,99.0,69.2,3.49,44.65,26.69,J17WL,628.49,A,2024-11-19
2023-07-27,0.0,77.8,89.0,100.3,67.4,4.93,48.38,25.31,J17WL,628.35,A,2024-11-19
2023-07-28,0.0,76.5,87.7,98.9,67.2,4.14,45.7,26.17,J17WL,628.04,A,2024-11-19
2023-07-29,0.0,75.5,87.3,99.1,64.6,4.52,47.6,26.84,J17WL,628.64,A,2024-11-19
2023-07-30,0.0,75.8,86.9,97.9,64.7,4.26,44.56,27.02,J17WL,629.32,A,2024-11-19
2023-07-31,0.0,77.7,88.8,99.9,67.2,5.19,47.19,26.7,J17WL,628.54,A,2024-11-19
2023-08-01,0.0,78.5,90.1,101.7,67.2,4.17,50.82,27.25,J17WL,627.68,A,2024-11-19
2023-08-02,0.0,79.0,90.4,101.8,68.2,4.32,50.08,27.0,J17WL,627.59,A,2024-11-19
2023-08-03,0.0,78.3,89.8,101.3,68.5,4.1,49.75,27.45,J17WL,627.88,A,2024-11-19
2023-08-04,0.0,78.8,89.9,101.1,70.1,4.8,46.64,25.75,J17WL,627.81,A,2024-11-19
2023-08-05,0.0,77.8,90.9,104.0,67.9,5.85,55.8,27.48,J17WL,628.21,A,2024-11-19
2023-08-06,0.0,77.9,90.7,103.4,67.5,3.82,54.13,27.59,J17WL,628.53,A,2024-11-19
2023-08-07,0.0,77.9,91.1,104.3,70.4,3.48,55.4,27.13,J17WL,627.95,A,2024-11-19
2023-08-08,0.0,78.8,91.8,104.8,68.8,4.24,58.52,27.17,J17WL,627.3,A,2024-11-19
2023-08-09,0.0,78.2,91.0,103.9,69.3,4.9,55.08,27.17,J17WL,626.89,A,2024-11-19
2023-08-10,0.0,79.3,92.8,106.2,71.0,4.96,60.21,26.6,J17WL,626.61,A,2024-11-19
2023-08-11,0.0,80.0,92.5,105.0,71.6,5.3,55.65,26.32,J17WL,626.35,A,2024-11-19
2023-08-12,0.0,80.1,92.7,105.3,70.5,4.19,57.59,27.12,J17WL,627.11,A,2024-11-19
2023-08-13,0.0,79.8,91.9,104.1,71.9,4.09,53.42,25.72,J17WL,627.75,A,2024-11-19
2023-08-14,0.0,78.9,91.2,103.5,71.1,3.49,51.39,25.89,J17WL,627.08,A,2024-11-19
2023-08-15,0.0,80.0,91.3,102.6,67.6,4.66,52.99,25.75,J17WL,626.19,A,2024-11-19
2023-08-16,0.0,81.7,92.0,102.3,61.6,11.72,51.83,25.97,J17WL,626.2,A,2024-11-19
2023-08-17,0.0,79.2,91.3,103.5,59.9,10.51,58.25,26.15,J17WL,626.14,A,2024-11-19
2023-08-18,0.0,78.1,92.1,106.0,62.5,8.14,65.04,26.68,J17WL,625.71,A,2024-11-19
2023-08-19,0.0,77.3,90.4,103.6,66.7,2.36,55.98,26.77,J17WL,626.19,A,2024-11-19
2023-08-20,0.0,77.7,90.1,102.6,67.9,3.22,54.37,26.55,J17WL,626.97,A,2024-11-19
2023-08-21,0.0,79.3,91.1,103.0,65.4,4.63,51.74,23.63,J17WL,626.68,A,2024-11-19
2023-08-22,0.0,82.4,93.3,104.2,65.3,13.95,56.07,22.54,J17WL,626.91,A,2024-11-19
2023-08-23,0.79,77.5,84.4,91.3,74.2,1.22,25.69,6.6,J17WL,628.01,A,2024-11-19
2023-08-24,0.0,77.6,87.7,97.8,72.6,2.03,37.39,20.66,J17WL,628.34,A,2024-11-19
2023-08-25,0.0,77.9,89.0,100.1,68.1,2.84,43.91,24.02,J17WL,628.44,A,2024-11-19
2023-08-26,0.0,78.2,90.5,102.9,67.4,4.68,51.48,24.08,J17WL,628.9,A,2024-11-19
2023-08-27,0.0,78.8,90.5,102.2,66.0,5.21,54.25,25.02,J17WL,629.07,A,2024-11-19
2023-08-28,0.0,79.4,92.1,104.8,64.8,8.47,59.73,24.59,J17WL,628.95,A,2024-11-19
2023-08-29,0.02,76.5,88.0,99.4,68.7,6.63,42.78,17.66,J17WL,629.12,A,2024-11-19
2023-08-30,0.0,75.1,86.6,98.2,61.7,8.85,45.42,22.07,J17WL,629.17,A,2024-11-19
2023-08-31,0.0,75.5,87.7,99.9,57.3,11.24,51.39,21.75,J17WL,628.8,A,2024-11-19
2023-09-01,0.0,75.2,87.6,100.0,58.4,5.83,51.81,23.52,J17WL,628.5,A,2024-11-19
2023-09-02,0.0,75.0,86.9,98.8,61.4,6.39,48.33,23.61,J17WL,628.92,A,2024-11-19
2023-09-03,0.0,74.7,87.0,99.3,61.8,6.43,49.07,23.3,J17WL,629.47,A,2024-11-19
2023-09-04,0.0,75.5,87.2,98.9,66.1,5.0,48.89,24.18,J17WL,629.48,A,2024-11-19
2023-09-05,0.0,79.9,90.4,100.9,69.9,5.21,49.32,22.64,J17WL,628.65,A,2024-11-19
2023-09-06,0.0,79.4,90.6,101.8,70.1,4.73,48.75,23.31,J17WL,628.44,A,2024-11-19
2023-09-07,0.0,79.6,90.3,100.9,69.9,3.91,47.69,22.65,J17WL,628.22,A,2024-11-19
2023-09-08,0.0,79.0,90.3,101.6,68.1,4.58,48.79,23.17,J17WL,628.24,A,2024-11-19
2023-09-09,0.0,78.0,90.8,103.5,65.6,4.19,56.02,23.74,J17WL,628.46,A,2024-11-19
2023-09-10,0.19,74.7,87.7,100.7,65.4,3.5,46.48,22.44,J17WL,629.39,A,2024-11-19
2023-09-11,0.0,75.4,87.2,99.0,66.7,3.95,44.56,21.83,J17WL,629.38,A,2024-11-19
2023-09-12,0.0,77.7,87.0,96.4,65.3,4.54,39.95,18.03,J17WL,629.03,A,2024-11-19
2023-09-13,0.0,76.9,85.5,94.1,63.9,10.05,36.34,15.22,J17WL,628.57,A,2024-11-19
2023-09-14,0.02,75.2,83.4,91.6,67.4,3.84,29.64,13.27,J17WL,628.52,A,2024-11-19
2023-09-15,0.09,72.2,85.4,98.7,67.9,2.36,43.64,18.65,J17WL,628.92,A,2024-11-19
2023-09-16,0.0,72.4,83.7,94.9,70.6,2.34,32.62,19.43,J17WL,629.53,A,2024-11-19
2023-09-17,0.0,71.2,82.0,92.8,66.7,2.88,33.37,18.39,J17WL,630.47,A,2024-11-19
2023-09-18,0.0,71.4,82.2,93.0,62.9,3.76,35.2,19.0,J17WL,629.93,A,2024-11-19
2023-09-19,0.0,72.9,84.1,95.3,63.3,4.09,40.28,18.76,J17WL,629.48,A,2024-11-19
2023-09-20,0.0,73.1,84.2,95.4,64.2,4.58,39.36,21.11,J17WL,628.82,A,2024-11-19
2023-09-21,0.0,73.1,85.2,97.4,68.0,3.0,41.0,21.55,J17WL,628.75,A,2024-11-19
2023-09-22,0.0,76.3,86.8,97.4,69.7,3.14,38.84,20.25,J17WL,628.75,A,2024-11-19
2023-09-23,0.0,76.1,86.9,97.7,70.7,2.97,39.17,19.04,J17WL,629.22,A,2024-11-19
2023-09-24,0.0,78.1,88.5,98.8,70.9,3.4,40.17,20.41,J17WL,629.81,A,2024-11-19
2023-09-25,0.0,78.0,89.4,100.8,71.3,3.34,44.22,20.7,J17WL,629.4,A,2024-11-19
2023-09-26,0.01,74.9,85.5,96.2,69.4,3.93,34.85,16.77,J17WL,629.14,A,2024-11-19
2023-09-27,0.0,74.5,85.1,95.6,66.1,4.6,39.44,16.31,J17WL,628.9,A,2024-11-19
2023-09-28,0.18,74.5,84.2,94.0,66.8,3.72,34.96,14.87,J17WL,629.29,A,2024-11-19
2023-09-29,0.0,73.4,83.6,93.8,66.8,2.98,35.56,19.47,J17WL,629.16,A,2024-11-19
2023-09-30,0.0,73.2,83.7,94.2,66.8,2.93,37.02,19.31,J17WL,629.63,A,2024-11-19
2023-10-01,0.0,75.2,84.7,94.2,69.4,2.87,33.59,15.75,J17WL,630.32,A,2024-11-19
2023-10-02,0.0,73.4,82.6,91.9,66.7,3.49,33.53,13.87,J17WL,630.04,A,2024-11-19
2023-10-03,0.02,71.3,80.2,89.1,68.1,2.84,25.56,9.13,J17WL,629.98,A,2024-11-19
2023-10-04,0.0,72.2,83.5,94.7,70.1,2.59,34.1,15.83,J17WL,629.96,A,2024-11-19
2023-10-05,0.39,71.6,83.8,95.9,71.5,1.11,34.51,17.87,J17WL,631.35,A,2024-11-19
2023-10-06,0.47,69.1,73.0,76.9,68.4,0.8,8.07,4.95,J17WL,632.0,A,2024-11-19
2023-10-07,0.0,68.9,76.9,84.9,57.6,2.06,27.18,15.36,J17WL,632.42,A,2024-11-19
2023-10-08,0.0,57.5,67.0,76.6,45.2,5.79,21.4,12.33,J17WL,632.96,A,2024-11-19
2023-10-09,0.0,56.1,66.8,77.4,45.6,4.14,22.67,15.61,J17WL,633.17,A,2024-11-19
2023-10-10,0.0,60.3,70.4,80.4,56.6,3.37,22.27,19.61,J17WL,632.68,A,2024-11-19
2023-10-11,0.18,65.4,70.0,74.6,63.4,0.92,10.37,3.57,J17WL,632.63,A,2024-11-19
2023-10-12,0.04,66.7,70.6,74.4,66.4,0.82,6.35,6.65,J17WL,632.68,A,2024-11-19
2023-10-13,0.0,67.3,76.3,85.4,68.8,0.92,19.21,11.52,J17WL,632.62,A,2024-11-19
2023-10-14,0.28,68.8,79.6,90.3,57.9,1.62,27.39,12.47,J17WL,632.85,A,2024-11-19
2023-10-15,0.0,61.2,70.5,79.9,39.0,9.14,27.25,15.09,J17WL,633.3,A,2024-11-19
2023-10-16,0.0,51.4,64.3,77.3,37.9,4.5,25.05,19.39,J17WL,632.9,A,2024-11-19
2023-10-17,0.0,48.9,62.2,75.6,39.5,3.29,22.4,19.39,J17WL,632.47,A,2024-11-19
2023-10-18,0.0,48.7,62.6,76.6,41.3,2.83,22.85,19.21,J17WL,632.58,A,2024-11-19
2023-10-19,0.0,50.7,66.7,82.7,50.2,1.76,27.92,18.89,J17WL,632.24,A,2024-11-19
2023-10-20,0.0,57.6,73.3,89.0,47.4,1.98,36.84,18.49,J17WL,632.07,A,2024-11-19
2023-10-21,0.0,58.3,76.2,94.1,45.7,5.78,45.92,18.07,J17WL,632.77,A,2024-11-19
2023-10-22,0.0,59.6,75.9,92.2,56.3,1.29,40.31,15.58,J17WL,633.03,A,2024-11-19
2023-10-23,0.0,68.6,78.1,87.5,66.6,1.42,27.13,16.56,J17WL,632.87,A,2024-11-19
2023-10-24,0.0,73.7,78.4,83.1,69.7,1.99,17.4,6.67,J17WL,632.8,A,2024-11-19
2023-10-25,0.39,74.3,78.2,82.2,72.3,1.64,10.96,5.01,J17WL,633.29,A,2024-11-19
2023-10-26,0.03,74.9,81.1,87.3,72.3,1.62,19.24,8.16,J17WL,633.83,A,2024-11-19
2023-10-27,1.08,74.5,77.4,80.4,74.5,0.73,5.24,6.2,J17WL,634.47,A,2024-11-19
2023-10-28,0.1,73.9,79.5,85.1,73.8,0.95,11.76,9.68,J17WL,635.16,A,2024-11-19
2023-10-29,0.02,74.1,80.9,87.7,71.4,1.38,21.05,12.44,J17WL,635.73,A,2024-11-19
2023-10-30,0.42,42.3,63.4,84.6,52.3,0.61,17.55,11.97,J17WL,635.76,A,2024-11-19
2023-10-31,0.24,42.2,45.3,48.5,36.0,1.38,5.2,3.08,J17WL,635.91,A,2024-11-19
2023-11-01,0.0,39.3,49.9,60.6,30.4,1.91,13.24,14.09,J17WL,635.87,A,2024-11-19
2023-11-02,0.0,40.8,51.6,62.4,33.9,1.79,13.53,17.64,J17WL,635.85,A,2024-11-19
2023-11-03,0.0,46.5,56.8,67.1,43.9,1.61,14.13,15.81,J17WL,635.52,A,2024-11-19
2023-11-04,0.0,53.3,64.6,75.9,55.0,0.75,15.98,13.74,J17WL,635.94,A,2024-11-19
2023-11-05,0.0,56.9,68.0,79.2,57.6,0.77,17.63,14.73,J17WL,636.09,A,2024-11-19
2023-11-06,0.0,56.9,68.6,80.3,60.4,0.86,18.71,13.58,J17WL,635.75,A,2024-11-19
2023-11-07,0.0,61.6,70.9,80.1,62.6,0.77,16.74,11.3,J17WL,635.5,A,2024-11-19
2023-11-08,0.0,62.8,73.4,84.0,64.6,0.74,20.44,14.41,J17WL,635.15,A,2024-11-19
2023-11-09,0.0,68.1,75.4,82.7,68.1,0.92,15.06,8.81,J17WL,635.17,A,2024-11-19
2023-11-10,0.46,54.4,65.1,75.8,62.0,0.54,5.69,3.99,J17WL,635.01,A,2024-11-19
2023-11-11,0.02,54.8,56.8,58.8,53.3,1.26,3.12,3.78,J17WL,635.95,A,2024-11-19
2023-11-12,0.27,56.1,58.1,60.0,54.8,0.57,3.44,3.96,J17WL,636.54,A,2024-11-19
2023-11-13,0.23,55.1,57.1,59.1,55.6,0.42,1.46,2.2,J17WL,636.9,A,2024-11-19
2023-11-14,0.0,54.9,59.6,64.3,55.0,1.25,4.94,4.68,J17WL,636.27,A,2024-11-19
2023-11-15,0.0,52.2,62.7,73.1,49.6,1.11,16.27,14.93,J17WL,636.25,A,2024-11-19
2023-11-16,0.0,50.8,62.9,75.1,51.0,0.78,17.06,14.88,J17WL,636.12,A,2024-11-19
2023-11-17,0.0,51.5,58.0,64.4,54.1,0.42,5.86,8.65,J17WL,636.18,A,2024-11-19
2023-11-18,0.0,60.1,69.2,78.2,58.5,0.54,14.24,12.03,J17WL,636.57,A,2024-11-19
2023-11-19,0.0,58.4,62.5,66.6,57.4,1.07,5.79,3.5,J17WL,636.71,A,2024-11-19
2023-11-20,0.05,60.7,63.9,67.1,64.2,0.18,1.53,1.69,J17WL,636.78,A,2024-11-19
2023-11-21,0.0,56.1,69.6,83.2,51.7,0.54,30.38,11.24,J17WL,636.19,A,2024-11-19
2023-11-22,0.0,40.6,50.8,61.0,38.4,2.17,9.9,10.98,J17WL,635.9,A,2024-11-19
2023-11-23,0.0,38.7,52.8,66.9,31.8,1.53,17.35,15.04,J17WL,636.55,A,2024-11-19
2023-11-24,0.1,42.3,50.1,58.0,42.9,0.44,6.12,5.88,J17WL,637.12,A,2024-11-19
2023-11-25,0.0,43.1,54.2,65.3,45.4,0.43,10.35,14.16,J17WL,637.47,A,2024-11-19
2023-11-26,0.0,53.3,56.6,59.8,49.6,2.74,5.66,3.28,J17WL,637.7,A,2024-11-19
2023-11-27,0.0,46.5,52.3,58.1,34.8,2.51,10.04,10.82,J17WL,637.34,A,2024-11-19
2023-11-28,0.0,46.9,51.8,56.7,30.7,5.2,10.5,9.98,J17WL,637.04,A,2024-11-19
2023-11-29,0.0,48.3,54.9,61.5,33.5,4.64,13.45,12.58,J17WL,636.52,A,2024-11-19
2023-11-30,0.2,52.5,57.5,62.4,51.4,0.57,7.85,4.16,J17WL,636.65,A,2024-11-19
2023-12-01,0.16,54.0,62.0,69.9,60.2,0.07,5.46,4.9,J17WL,637.32,A,2024-11-19
2023-12-02,0.0,50.4,61.8,73.3,46.5,0.81,18.16,11.55,J17WL,637.81,A,2024-11-19
2023-12-03,0.0,46.8,59.4,72.0,45.9,1.74,15.92,7.8,J17WL,637.9,A,2024-11-19
2023-12-04,0.0,45.8,59.9,74.0,36.6,3.16,22.6,12.75,J17WL,637.59,A,2024-11-19
2023-12-05,0.0,44.5,57.4,70.2,34.9,2.5,18.22,13.81,J17WL,637.48,A,2024-11-19
2023-12-06,0.0,44.8,58.9,73.0,42.9,1.99,17.33,13.02,J17WL,637.38,A,2024-11-19
2023-12-07,0.0,47.2,58.3,69.3,40.9,1.49,16.22,12.68,J17WL,637.5,A,2024-11-19
2023-12-08,0.0,51.8,61.7,71.6,57.5,1.53,10.86,6.82,J17WL,637.69,A,2024-11-19
2023-12-09,0.0,58.9,65.7,72.4,60.9,0.67,8.08,5.34,J17WL,637.96,A,2024-11-19
2023-12-10,0.03,45.4,62.1,78.8,44.2,0.51,20.5,10.26,J17WL,637.81,A,2024-11-19
2023-12-11,0.0,33.9,47.6,61.2,20.5,1.91,15.5,14.15,J17WL,638.01,A,2024-11-19
2023-12-12,0.0,33.7,49.4,65.2,30.1,1.42,15.82,13.78,J17WL,637.84,A,2024-11-19
2023-12-13,0.04,43.4,56.1,68.8,49.0,1.39,11.9,9.3,J17WL,637.87,A,2024-11-19
2023-12-14,0.16,51.4,54.7,58.0,47.1,0.81,5.28,3.18,J17WL,637.91,A,2024-11-19
2023-12-15,0.0,51.8,57.5,63.2,51.2,0.73,6.26,3.35,J17WL,638.33,A,2024-11-19
2023-12-16,0.15,46.6,55.8,65.1,55.4,0.2,2.91,3.36,J17WL,638.7,A,2024-11-19
2023-12-17,0.0,38.7,53.1,67.6,36.9,0.86,16.1,13.8,J17WL,638.94,A,2024-11-19
2023-12-18,0.0,38.0,54.2,70.4,37.2,1.11,18.21,13.89,J17WL,638.74,A,2024-11-19
2023-12-19,0.0,45.0,58.2,71.5,38.7,2.64,17.84,13.49,J17WL,638.57,A,2024-11-19
2023-12-20,0.0,48.0,58.1,68.2,45.6,0.59,13.6,11.84,J17WL,638.47,A,2024-11-19
2023-12-21,0.0,52.0,62.1,72.2,56.4,0.33,12.26,8.84,J17WL,638.27,A,2024-11-19
2023-12-22,0.03,61.2,62.8,64.3,60.3,0.56,2.97,1.94,J17WL,638.31,A,2024-11-19
2023-12-23,0.0,61.4,66.8,72.2,61.2,0.38,8.61,6.34,J17WL,638.6,A,2024-11-19
2023-12-24,0.69,63.6,66.8,70.0,64.0,0.24,4.93,3.92,J17WL,639.11,A,2024-11-19
2023-12-25,0.05,46.7,60.5,74.4,49.3,0.72,16.62,10.78,J17WL,639.43,A,2024-11-19
2023-12-26,0.0,40.6,49.0,57.4,34.3,1.64,9.46,11.15,J17WL,639.61,A,2024-11-19
2023-12-27,0.0,38.9,49.0,59.2,36.1,0.77,9.73,12.34,J17WL,639.44,A,2024-11-19
2023-12-28,0.0,38.2,53.2,68.1,33.9,1.05,18.0,13.81,J17WL,639.01,A,2024-11-19
2023-12-29,0.0,37.5,49.8,62.1,35.7,1.25,11.33,13.53,J17WL,639.12,A,2024-11-19
2023-12-30,0.0,36.3,49.5,62.6,29.1,1.25,14.8,14.01,J17WL,639.24,A,2024-11-19
2023-12-31,0.0,36.2,53.0,69.8,31.7,1.82,19.1,13.96,J17WL,639.4,A,2024-11-19
2024-01-01,0.0,39.5,56.3,73.0,47.5,0.54,16.15,13.56,J17WL,639.3,A,2024-11-19
2024-01-02,0.0,46.9,53.7,60.5,38.8,2.26,9.39,10.0,J17WL,639.16,A,2024-11-19
2024-01-03,0.82,43.5,46.1,48.7,43.6,0.3,2.86,1.44,J17WL,639.82,A,2024-11-19
2024-01-04,0.0,43.3,47.4,51.5,43.3,0.42,3.17,4.0,J17WL,639.85,A,2024-11-19
2024-01-05,0.07,46.1,51.6,57.1,48.8,0.58,4.48,5.12,J17WL,640.08,A,2024-11-19
2024-01-06,0.0,38.4,52.2,66.1,38.2,0.55,14.73,13.97,J17WL,640.28,A,2024-11-19
2024-01-07,0.0,37.7,52.6,67.5,36.2,0.88,16.54,13.21,J17WL,640.12,A,2024-11-19
2024-01-08,0.17,39.9,53.1,66.3,45.5,0.75,14.57,12.36,J17WL,639.96,A,2024-11-19
2024-01-09,0.04,46.3,58.9,71.4,32.3,1.05,14.4,8.94,J17WL,639.73,A,2024-11-19
2024-01-10,0.0,33.1,45.7,58.2,22.0,1.7,13.17,14.27,J17WL,639.63,A,2024-11-19
2024-01-11,0.0,33.7,51.4,69.0,33.3,1.07,17.75,13.42,J17WL,639.48,A,2024-11-19
2024-01-12,0.0,40.0,57.8,75.6,48.4,0.58,15.45,13.58,J17WL,639.55,A,2024-11-19
2024-01-13,0.0,32.9,45.6,58.3,20.8,1.83,13.29,14.54,J17WL,639.75,A,2024-11-19
2024-01-14,0.0,32.7,49.6,66.4,33.9,1.63,14.73,10.31,J17WL,639.07,A,2024-11-19
2024-01-15,0.0,20.7,27.5,34.2,21.3,0.35,2.63,4.68,J17WL,638.46,A,2024-11-19
2024-01-16,0.0,20.1,24.3,28.5,15.6,0.42,2.19,4.38,J17WL,636.95,A,2024-11-19
2024-01-17,0.0,18.8,27.3,35.8,6.8,1.2,5.04,14.54,J17WL,636.54,A,2024-11-19
2024-01-18,0.0,18.8,32.5,46.2,14.3,0.99,8.25,14.73,J17WL,637.22,A,2024-11-19
2024-01-19,0.0,36.5,54.7,72.8,31.8,2.58,20.81,14.74,J17WL,637.47,A,2024-11-19
2024-01-20,0.0,29.4,39.7,50.1,15.6,3.23,8.91,14.58,J17WL,637.69,A,2024-11-19
2024-01-21,0.0,28.8,34.8,40.8,14.0,3.16,5.75,7.28,J17WL,638.44,A,2024-11-19
2024-01-22,2.74,36.7,42.0,47.2,37.4,0.07,4.58,2.2,J17WL,641.95,A,2024-11-19
2024-01-23,0.12,47.1,55.0,63.0,53.1,0.17,5.05,8.15,J17WL,643.14,A,2024-11-19
2024-01-24,1.83,58.3,62.1,65.9,61.2,0.0,1.02,2.41,J17WL,645.02,A,2024-11-19
2024-01-25,1.08,51.0,55.5,60.0,56.0,0.13,1.5,2.42,J17WL,646.68,A,2024-11-19
2024-01-26,0.0,48.9,58.4,68.0,52.2,0.07,8.7,13.68,J17WL,646.77,A,2024-11-19
2024-01-27,0.0,51.9,56.3,60.7,53.3,0.08,3.96,5.48,J17WL,647.1,A,2024-11-19
2024-01-28,0.0,43.3,54.5,65.8,40.7,1.72,13.43,15.41,J17WL,646.49,A,2024-11-19
2024-01-29,0.0,40.6,54.7,68.8,35.6,1.32,18.02,16.37,J17WL,645.97,A,2024-11-19
2024-01-30,0.0,41.1,55.1,69.1,38.0,1.78,16.31,15.93,J17WL,645.92,A,2024-11-19
2024-01-31,0.0,43.8,57.3,70.9,37.9,2.23,18.03,16.11,J17WL,645.69,A,2024-11-19
2024-02-01,0.0,43.6,56.6,69.6,41.4,1.95,16.32,13.1,J17WL,645.24,A,2024-11-19
2024-02-02,0.0,49.8,61.1,72.4,55.6,0.83,12.07,9.76,J17WL,645.22,A,2024-11-19
2024-02-03,0.7,55.9,62.9,69.9,59.7,0.6,6.15,3.8,J17WL,646.75,A,2024-11-19
2024-02-04,0.0,50.9,61.2,71.4,41.2,0.7,17.37,13.26,J17WL,647.73,A,2024-11-19
2024-02-05,0.0,51.9,60.7,69.6,37.6,4.45,17.52,17.21,J17WL,647.52,A,2024-11-19
2024-02-06,0.0,44.1,54.8,65.4,43.3,1.3,11.26,12.82,J17WL,647.49,A,2024-11-19
2024-02-07,0.0,43.6,55.9,68.1,41.2,1.21,15.55,16.72,J17WL,647.43,A,2024-11-19
2024-02-08,0.01,46.7,58.5,70.3,54.9,0.77,11.31,13.5,J17WL,647.42,A,2024-11-19
2024-02-09,0.0,60.2,66.4,72.7,57.1,1.0,12.34,9.99,J17WL,647.42,A,2024-11-19
2024-02-10,0.13,65.0,70.1,75.2,63.6,1.05,10.78,8.35,J17WL,647.47,A,2024-11-19
2024-02-11,0.0,62.4,67.5,72.6,64.3,0.11,6.15,4.65,J17WL,647.81,A,2024-11-19
2024-02-12,0.0,43.9,56.0,68.1,45.0,0.14,12.93,18.16,J17WL,647.06,A,2024-11-19
2024-02-13,0.0,35.5,49.1,62.7,33.5,0.87,13.32,18.84,J17WL,645.9,A,2024-11-19
2024-02-14,0.0,39.3,53.9,68.6,38.6,1.39,16.7,18.83,J17WL,645.07,A,2024-11-19
2024-02-15,0.0,46.2,55.6,64.9,53.0,1.36,7.05,7.12,J17WL,644.55,A,2024-11-19
2024-02-16,0.02,60.1,64.6,69.0,59.5,0.98,7.16,7.43,J17WL,644.27,A,2024-11-19
2024-02-17,0.0,46.3,58.8,71.2,50.6,1.8,9.78,10.77,J17WL,644.09,A,2024-11-19
2024-02-18,0.0,36.1,42.5,48.8,28.2,2.81,6.21,10.68,J17WL,644.1,A,2024-11-19
2024-02-19,0.0,34.8,45.5,56.1,27.0,1.78,10.55,19.16,J17WL,643.66,A,2024-11-19
2024-02-20,0.0,37.6,52.9,68.2,41.3,1.06,13.8,19.37,J17WL,642.77,A,2024-11-19
2024-02-21,0.0,44.6,61.5,78.5,54.1,0.52,19.8,19.27,J17WL,642.47,A,2024-11-19
2024-02-22,0.0,61.3,69.8,78.3,60.8,1.37,15.14,12.64,J17WL,642.12,A,2024-11-19
2024-02-23,0.0,56.3,71.8,87.4,45.2,2.0,36.68,17.39,J17WL,641.85,A,2024-11-19
2024-02-24,0.0,50.0,63.1,76.2,39.7,4.53,23.38,19.89,J17WL,641.95,A,2024-11-19
2024-02-25,0.0,49.5,63.9,78.3,41.2,1.95,25.14,20.04,J17WL,642.02,A,2024-11-19
2024-02-26,0.0,53.1,69.0,84.9,57.8,0.77,24.98,19.5,J17WL,641.48,A,2024-11-19
2024-02-27,0.0,57.0,69.5,82.1,64.1,0.5,16.1,15.28,J17WL,642.1,A,2024-11-19
2024-02-28,0.0,64.8,74.2,83.5,65.2,1.08,17.24,13.03,J17WL,641.87,A,2024-11-19
2024-02-29,0.0,46.8,57.0,67.2,29.2,2.9,12.5,15.55,J17WL,641.19,A,2024-11-19
2024-03-01,0.0,45.2,46.5,47.8,36.4,1.17,6.15,3.23,J17WL,641.29,A,2024-11-19
2024-03-02,0.0,46.3,58.8,71.3,47.4,0.57,14.35,18.06,J17WL,641.89,A,2024-11-19
2024-03-03,0.0,47.1,64.1,81.0,57.6,0.58,21.09,20.39,J17WL,642.42,A,2024-11-19
2024-03-04,0.0,64.3,70.8,77.4,64.0,1.48,12.23,11.32,J17WL,641.95,A,2024-11-19
2024-03-05,0.0,59.2,70.1,81.0,63.2,0.66,16.21,13.11,J17WL,641.41,A,2024-11-19
2024-03-06,0.0,56.6,73.2,89.8,48.3,0.7,39.73,20.15,J17WL,641.18,A,2024-11-19
2024-03-07,0.0,58.3,69.9,81.6,59.8,1.34,20.12,17.47,J17WL,641.02,A,2024-11-19
2024-03-08,0.02,67.1,71.5,76.0,67.2,0.69,8.0,5.42,J17WL,640.76,A,2024-11-19
2024-03-09,0.0,47.5,65.6,83.7,44.4,0.95,32.61,19.9,J17WL,641.0,A,2024-11-19
2024-03-10,0.0,45.4,54.1,62.9,39.0,2.38,11.12,21.15,J17WL,641.14,A,2024-11-19
2024-03-11,0.0,45.8,56.1,66.5,38.5,2.21,14.87,17.79,J17WL,640.97,A,2024-11-19
2024-03-12,0.0,47.6,59.9,72.2,51.4,0.9,14.2,17.46,J17WL,640.45,A,2024-11-19
2024-03-13,0.02,60.0,67.0,74.0,61.7,0.65,9.9,9.16,J17WL,640.04,A,2024-11-19
2024-03-14,0.0,66.1,77.0,88.0,66.5,0.76,24.53,16.97,J17WL,639.6,A,2024-11-19
2024-03-15,0.03,71.2,74.7,78.1,68.7,1.13,9.03,6.33,J17WL,639.8,A,2024-11-19
2024-03-16,0.06,61.9,70.0,78.0,63.3,0.55,10.22,8.2,J17WL,640.22,A,2024-11-19
2024-03-17,0.62,61.3,71.1,80.9,63.5,0.53,14.84,13.74,J17WL,640.72,A,2024-11-19
2024-03-18,0.12,57.0,61.5,66.0,55.7,1.19,7.21,5.59,J17WL,640.83,A,2024-11-19
2024-03-19,0.0,48.3,56.2,64.0,39.7,2.38,12.58,10.4,J17WL,640.83,A,2024-11-19
2024-03-20,0.0,49.4,54.3,59.2,41.2,3.17,9.86,10.05,J17WL,640.95,A,2024-11-19
2024-03-21,0.04,54.8,59.8,64.9,55.7,0.28,6.67,7.27,J17WL,640.79,A,2024-11-19
2024-03-22,0.32,57.3,63.4,69.5,60.5,0.14,4.38,8.83,J17WL,641.14,A,2024-11-19
2024-03-23,0.0,53.5,68.6,83.7,53.0,0.59,27.91,23.41,J17WL,641.24,A,2024-11-19
2024-03-24,0.0,52.9,63.6,74.3,54.2,0.84,13.83,21.07,J17WL,641.41,A,2024-11-19
2024-03-25,0.24,56.6,64.4,72.2,62.0,0.49,8.04,5.65,J17WL,641.22,A,2024-11-19
2024-03-26,0.0,55.0,67.8,80.6,40.4,2.18,28.61,22.32,J17WL,640.81,A,2024-11-19
2024-03-27,0.0,49.4,61.1,72.8,39.7,3.09,19.14,24.14,J17WL,640.26,A,2024-11-19
2024-03-28,0.07,47.3,60.1,72.8,47.0,0.47,18.08,14.94,J17WL,639.97,A,2024-11-19
2024-03-29,0.0,47.3,63.5,79.7,51.9,0.71,24.0,24.58,J17WL,639.81,A,2024-11-19
2024-03-30,0.0,58.4,69.2,79.9,58.1,1.19,19.33,21.13,J17WL,639.52,A,2024-11-19
2024-03-31,0.0,63.9,69.6,75.4,63.7,0.82,9.41,7.65,J17WL,639.79,A,2024-11-19
2024-04-01,0.03,66.5,73.2,79.9,67.9,0.34,11.38,8.18,J17WL,639.75,A,2024-11-19
2024-04-02,0.48,58.6,72.2,85.8,64.1,1.84,16.93,13.09,J17WL,639.17,A,2024-11-19
2024-04-03,0.0,48.6,63.7,78.8,41.5,3.07,24.91,25.16,J17WL,638.77,A,2024-11-19
2024-04-04,0.0,47.8,64.8,81.7,37.7,2.58,30.61,25.55,J17WL,638.58,A,2024-11-19
2024-04-05,0.0,49.3,68.1,87.0,38.7,3.4,37.2,25.61,J17WL,638.14,A,2024-11-19
2024-04-06,0.0,52.4,68.8,85.2,47.1,1.76,32.3,24.45,J17WL,638.15,A,2024-11-19
2024-04-07,0.0,64.6,72.0,79.4,65.5,0.94,13.2,10.51,J17WL,638.28,A,2024-11-19
2024-04-08,0.0,63.9,72.3,80.6,49.2,2.6,26.41,14.78,J17WL,637.98,A,2024-11-19
2024-04-09,0.0,68.3,72.7,77.0,69.4,1.26,7.9,6.69,J17WL,637.77,A,2024-11-19
2024-04-10,1.02,57.8,73.1,88.3,65.7,0.8,21.55,15.45,J17WL,638.67,A,2024-11-19
2024-04-11,0.0,55.3,64.3,73.2,46.2,4.18,17.47,25.8,J17WL,638.79,A,2024-11-19
2024-04-12,0.0,53.1,68.4,83.7,42.6,3.17,31.54,27.28,J17WL,638.88,A,2024-11-19
2024-04-13,0.0,54.5,68.3,82.2,53.3,0.79,24.37,25.56,J17WL,639.12,A,2024-11-19
2024-04-14,0.0,62.1,72.3,82.5,59.9,1.01,21.59,24.16,J17WL,639.41,A,2024-11-19
2024-04-15,0.0,67.0,76.1,85.1,65.6,2.39,19.54,20.63,J17WL,638.76,A,2024-11-19
2024-04-16,0.0,71.3,79.1,86.9,68.3,3.52,19.03,13.88,J17WL,638.14,A,2024-11-19
2024-04-17,0.09,71.5,75.0,78.5,70.9,0.96,6.83,6.25,J17WL,638.25,A,2024-11-19
2024-04-18,0.0,72.3,77.1,81.9,70.9,1.06,10.99,9.61,J17WL,637.88,A,2024-11-19
2024-04-19,0.0,70.7,79.5,88.3,70.1,1.66,19.53,13.7,J17WL,637.52,A,2024-11-19
2024-04-20,0.0,68.1,73.2,78.4,64.5,2.03,12.13,11.23,J17WL,638.03,A,2024-11-19
2024-04-21,0.64,53.8,64.8,75.7,59.8,0.78,7.09,6.54,J17WL,639.03,A,2024-11-19
2024-04-22,0.0,53.0,61.9,70.8,47.8,2.16,13.81,24.3,J17WL,639.34,A,2024-11-19
2024-04-23,0.0,54.5,63.4,72.3,49.7,2.39,15.86,24.53,J17WL,638.92,A,2024-11-19
2024-04-24,0.0,60.8,67.3,73.8,64.0,1.25,8.49,10.21,J17WL,638.31,A,2024-11-19
2024-04-25,0.01,70.3,76.6,83.0,68.3,1.73,14.13,12.66,J17WL,637.9,A,2024-11-19
2024-04-26,0.0,71.4,76.9,82.3,69.5,1.89,11.96,8.83,J17WL,637.96,A,2024-11-19
2024-04-27,0.0,73.9,79.1,84.2,70.2,3.38,15.3,9.77,J17WL,637.79,A,2024-11-19
2024-04-28,0.54,72.7,78.1,83.5,70.3,3.5,13.51,10.49,J17WL,638.62,A,2024-11-19
2024-04-29,0.4,65.4,74.7,84.1,69.0,0.5,15.47,13.97,J17WL,639.25,A,2024-11-19
2024-04-30,0.0,70.7,80.7,90.6,68.4,0.93,29.79,24.05,J17WL,638.94,A,2024-11-19
2024-05-01,0.0,71.6,80.3,89.1,69.1,1.72,24.16,21.26,J17WL,639.25,A,2024-11-19
2024-05-02,0.04,73.8,77.6,81.3,72.3,1.58,8.88,5.31,J17WL,639.2,A,2024-11-19
2024-05-03,0.02,73.1,76.6,80.2,73.4,0.55,4.86,3.91,J17WL,639.22,A,2024-11-19
2024-05-04,0.03,71.6,77.5,83.3,72.6,0.46,9.07,9.18,J17WL,639.23,A,2024-11-19
2024-05-05,0.08,66.9,74.6,82.2,70.2,1.05,11.91,6.5,J17WL,639.61,A,2024-11-19
2024-05-06,0.06,67.3,73.2,79.1,69.8,1.46,8.97,8.46,J17WL,639.61,A,2024-11-19
2024-05-07,0.0,74.1,79.6,85.1,72.6,2.17,13.92,15.04,J17WL,638.82,A,2024-11-19
2024-05-08,0.0,74.9,82.4,89.9,73.0,0.96,21.31,17.38,J17WL,638.24,A,2024-11-19
2024-05-09,0.0,76.2,82.9,89.5,75.1,1.43,16.91,9.73,J17WL,637.54,A,2024-11-19
2024-05-10,0.0,73.8,83.9,94.1,70.8,2.5,26.77,24.63,J17WL,637.02,A,2024-11-19
2024-05-11,0.0,70.2,78.1,86.0,60.3,6.53,24.8,21.26,J17WL,636.96,A,2024-11-19
2024-05-12,0.0,68.2,75.8,83.4,62.7,2.03,21.21,16.91,J17WL,637.18,A,2024-11-19
2024-05-13,0.0,68.2,78.3,88.4,71.0,0.81,17.8,11.69,J17WL,636.78,A,2024-11-19
2024-05-14,0.54,61.4,70.5,79.5,66.6,0.64,12.38,7.51,J17WL,636.69,A,2024-11-19
2024-05-15,0.0,63.4,78.5,93.5,60.2,1.91,38.05,28.75,J17WL,637.0,A,2024-11-19
2024-05-16,0.0,67.4,79.3,91.3,66.1,2.29,30.14,25.75,J17WL,636.94,A,2024-11-19
2024-05-17,0.0,64.6,74.0,83.4,67.9,2.16,9.32,6.2,J17WL,636.97,A,2024-11-19
2024-05-18,0.0,65.0,77.1,89.2,65.4,0.78,27.01,26.23,J17WL,636.6,A,2024-11-19
2024-05-19,0.0,67.7,82.2,96.8,68.6,1.21,39.28,28.25,J17WL,636.06,A,2024-11-19
2024-05-20,0.0,72.7,83.5,94.3,68.8,2.3,32.46,26.1,J17WL,635.3,A,2024-11-19
2024-05-21,0.0,74.2,84.9,95.7,71.1,2.66,34.66,24.81,J17WL,634.22,A,2024-11-19
2024-05-22,0.0,78.1,87.5,96.9,74.1,3.55,33.15,21.06,J17WL,633.29,A,2024-11-19
2024-05-23,0.0,79.2,87.2,95.2,74.5,4.68,29.66,17.3,J17WL,632.47,A,2024-11-19
2024-05-24,0.0,79.1,87.0,94.9,73.7,4.64,29.1,15.94,J17WL,632.03,A,2024-11-19
2024-05-25,0.0,79.2,88.3,97.4,75.4,3.57,31.45,12.31,J17WL,632.02,A,2024-11-19
2024-05-26,0.0,76.5,88.5,100.5,73.2,2.48,40.12,24.86,J17WL,632.03,A,2024-11-19
2024-05-27,0.0,78.6,87.5,96.4,75.9,2.08,30.28,15.22,J17WL,631.95,A,2024-11-19
2024-05-28,0.0,77.8,88.1,98.4,76.9,1.98,33.05,25.19,J17WL,630.59,A,2024-11-19
2024-05-29,0.22,70.7,83.3,95.9,69.4,1.38,34.56,26.21,J17WL,631.14,A,2024-11-19
2024-05-30,0.0,73.2,83.4,93.6,69.9,2.82,33.32,27.75,J17WL,631.11,A,2024-11-19
2024-05-31,0.03,75.3,85.7,96.1,72.9,3.93,33.46,19.68,J17WL,630.7,A,2024-11-19
2024-06-01,0.12,65.9,78.1,90.4,67.7,1.17,27.7,19.51,J17WL,631.22,A,2024-11-19
2024-06-02,0.0,74.0,83.5,92.9,73.9,2.32,23.81,18.42,J17WL,631.51,A,2024-11-19
2024-06-03,0.0,79.4,88.1,96.8,72.9,3.85,34.98,21.17,J17WL,630.75,A,2024-11-19
2024-06-04,0.0,80.3,88.5,96.6,74.6,4.22,31.47,17.62,J17WL,629.5,A,2024-11-19
2024-06-05,0.0,81.6,92.1,102.5,75.4,5.8,44.5,24.38,J17WL,628.76,A,2024-11-19
2024-06-06,0.0,74.2,82.5,90.9,70.8,3.77,23.82,21.36,J17WL,628.36,A,2024-11-19
2024-06-07,0.0,74.7,87.4,100.1,70.4,3.33,42.49,28.36,J17WL,627.82,A,2024-11-19
2024-06-08,0.0,74.8,87.3,99.8,68.0,3.29,45.66,29.15,J17WL,627.62,A,2024-11-19
2024-06-09,0.0,74.4,86.1,97.8,69.2,3.15,39.09,28.41,J17WL,627.74,A,2024-11-19
2024-06-10,0.24,72.9,85.8,98.7,69.7,1.72,42.3,26.74,J17WL,628.79,A,2024-11-19
2024-06-11,0.17,71.5,82.7,94.0,70.1,1.66,30.61,24.02,J17WL,629.77,A,2024-11-19
2024-06-12,0.0,74.4,85.7,97.0,71.4,2.17,36.28,24.97,J17WL,630.1,A,2024-11-19
2024-06-13,0.02,75.9,83.9,92.0,73.4,2.66,24.32,20.57,J17WL,630.67,A,2024-11-19
2024-06-14,0.0,76.8,86.7,96.5,72.4,3.41,34.08,22.64,J17WL,630.71,A,2024-11-19
2024-06-15,0.0,76.1,86.6,97.1,69.8,2.99,38.61,25.41,J17WL,630.82,A,2024-11-19
2024-06-16,0.0,77.2,87.5,97.7,71.3,3.91,38.12,25.45,J17WL,631.11,A,2024-11-19
2024-06-17,0.0,77.8,88.0,98.3,72.0,3.52,40.19,25.53,J17WL,630.51,A,2024-11-19
2024-06-18,0.0,76.2,86.8,97.3,72.1,3.4,35.65,23.54,J17WL,630.11,A,2024-11-19
2024-06-19,0.0,75.8,84.5,93.2,70.3,4.28,31.21,18.15,J17WL,630.57,A,2024-11-19
2024-06-20,0.85,73.0,76.6,80.2,72.8,1.06,8.28,4.9,J17WL,631.95,A,2024-11-19
2024-06-21,0.37,76.3,81.6,86.9,75.1,1.44,14.17,14.25,J17WL,632.99,A,2024-11-19
2024-06-22,0.0,75.0,83.4,91.9,72.7,1.4,25.41,22.47,J17WL,633.72,A,2024-11-19
2024-06-23,0.0,72.4,82.9,93.3,70.4,1.96,29.61,25.53,J17WL,634.14,A,2024-11-19
2024-06-24,0.0,75.1,84.8,94.4,72.1,2.43,31.15,28.73,J17WL,633.54,A,2024-11-19
2024-06-25,0.0,79.3,87.4,95.5,74.4,3.56,30.12,25.01,J17WL,632.34,A,2024-11-19
2024-06-26,0.0,78.9,87.7,96.5,73.9,4.08,32.44,25.64,J17WL,631.83,A,2024-11-19
2024-06-27,0.0,78.5,87.5,96.5,73.5,3.55,31.74,21.65,J17WL,631.14,A,2024-11-19
2024-06-28,0.0,77.9,88.4,99.0,73.0,3.18,37.8,27.69,J17WL,630.73,A,2024-11-19
2024-06-29,0.0,78.7,88.3,97.8,74.1,3.82,36.34,26.86,J17WL,630.34,A,2024-11-19
2024-06-30,0.0,79.3,88.5,97.8,73.6,2.75,35.32,24.99,J17WL,630.28,A,2024-11-19
2024-07-01,0.0,77.8,87.3,96.9,72.3,3.25,34.72,24.16,J17WL,629.71,A,2024-11-19
2024-07-02,0.0,76.1,86.9,97.7,70.8,3.0,37.67,26.85,J17WL,628.76,A,2024-11-19
2024-07-03,0.0,76.9,88.3,99.6,69.5,3.58,45.7,28.8,J17WL,628.33,A,2024-11-19
2024-07-04,0.0,77.4,87.5,97.5,72.4,3.85,35.69,27.65,J17WL,628.08,A,2024-11-19
2024-07-05,0.0,78.1,88.6,99.1,72.2,4.25,38.77,27.26,J17WL,627.75,A,2024-11-19
2024-07-06,0.0,77.6,88.1,98.5,69.7,4.96,39.92,25.89,J17WL,628.44,A,2024-11-19
2024-07-07,0.81,73.6,86.6,99.6,71.0,1.19,41.49,23.45,J17WL,629.43,A,2024-11-19
2024-07-08,0.0,74.7,84.5,94.4,72.3,2.46,30.58,23.79,J17WL,628.97,A,2024-11-19
2024-07-09,0.0,76.8,86.4,95.9,68.9,5.18,36.66,22.63,J17WL,628.11,A,2024-11-19
2024-07-10,0.05,75.6,86.0,96.3,71.9,2.84,33.9,20.3,J17WL,629.19,A,2024-11-19
2024-07-11,0.08,72.4,83.1,93.7,70.9,2.26,30.43,17.44,J17WL,629.36,A,2024-11-19
2024-07-12,0.0,73.3,82.7,92.1,70.6,2.11,29.17,19.22,J17WL,629.2,A,2024-11-19
2024-07-13,0.01,73.3,79.5,85.7,71.8,2.17,15.23,14.78,J17WL,630.27,A,2024-11-19
2024-07-14,0.3,75.4,80.5,85.5,74.4,1.97,13.07,10.39,J17WL,631.05,A,2024-11-19
2024-07-15,0.0,76.8,82.5,88.1,73.5,2.29,18.67,13.18,J17WL,630.98,A,2024-11-19
2024-07-16,0.0,75.2,85.8,96.3,70.2,2.02,34.63,28.01,J17WL,630.05,A,2024-11-19
2024-07-17,0.0,76.1,86.4,96.7,72.5,2.3,34.96,27.95,J17WL,629.87,A,2024-11-19
2024-07-18,0.0,78.2,87.5,96.9,71.7,3.17,35.4,24.87,J17WL,629.44,A,2024-11-19
2024-07-19,0.1,75.1,84.1,93.1,70.9,2.82,30.03,15.71,J17WL,629.51,A,2024-11-19
2024-07-20,0.14,75.1,83.7,92.3,73.0,1.5,24.32,20.56,J17WL,630.13,A,2024-11-19
2024-07-21,0.0,76.2,86.8,97.5,71.2,1.4,38.45,26.2,J17WL,630.51,A,2024-11-19
2024-07-22,0.05,76.0,86.5,97.0,72.1,2.13,36.61,23.56,J17WL,630.52,A,2024-11-19
2024-07-23,0.02,76.1,85.5,95.0,72.5,1.74,31.63,22.57,J17WL,632.37,A,2024-11-19
2024-07-24,0.76,73.7,79.7,85.7,73.4,1.27,14.27,14.59,J17WL,634.4,A,2024-11-19
2024-07-25,0.13,73.8,79.9,85.9,73.1,1.4,14.35,17.03,J17WL,635.31,A,2024-11-19
2024-07-26,0.0,73.8,82.2,90.5,72.5,1.74,22.71,22.1,J17WL,635.74,A,2024-11-19
2024-07-27,0.0,74.4,80.7,87.1,72.7,1.78,16.54,16.07,J17WL,636.4,A,2024-11-19
2024-07-28,0.12,75.3,80.9,86.5,72.9,1.58,16.43,17.9,J17WL,637.37,A,2024-11-19
2024-07-29,0.86,75.1,80.7,86.4,75.8,0.83,12.75,13.76,J17WL,637.63,A,2024-11-19
2024-07-30,0.0,78.5,86.3,94.1,74.6,3.12,26.49,23.98,J17WL,637.33,A,2024-11-19
2024-07-31,0.0,78.1,86.0,93.9,74.8,3.4,27.48,24.16,J17WL,636.75,A,2024-11-19
2024-08-01,0.0,77.3,86.7,96.1,72.6,3.67,33.43,26.85,J17WL,636.16,A,2024-11-19
2024-08-02,0.0,77.4,86.9,96.3,72.4,2.49,34.49,27.21,J17WL,635.72,A,2024-11-19
2024-08-03,0.0,76.8,87.3,97.7,73.0,3.36,35.17,26.61,J17WL,635.35,A,2024-11-19
2024-08-04,0.0,78.0,88.5,99.1,71.6,4.48,40.08,26.78,J17WL,635.31,A,2024-11-19
2024-08-05,0.0,76.7,88.0,99.4,70.7,4.52,41.64,25.52,J17WL,634.97,A,2024-11-19
2024-08-06,0.0,77.6,87.5,97.5,70.5,4.11,37.37,25.01,J17WL,633.86,A,2024-11-19
2024-08-07,0.0,78.0,88.8,99.7,69.9,4.31,43.63,25.25,J17WL,633.19,A,2024-11-19
2024-08-08,0.0,78.3,90.8,103.2,71.0,5.84,48.9,25.67,J17WL,632.96,A,2024-11-19
2024-08-09,0.0,78.2,89.2,100.2,69.9,4.83,44.18,27.3,J17WL,632.48,A,2024-11-19
2024-08-10,0.0,77.8,88.5,99.3,69.3,5.73,41.68,26.53,J17WL,632.69,A,2024-11-19
2024-08-11,0.0,78.6,88.1,97.6,73.1,4.94,34.28,25.21,J17WL,632.97,A,2024-11-19
2024-08-12,0.0,78.5,88.7,98.8,72.3,3.36,38.98,25.72,J17WL,632.15,A,2024-11-19
2024-08-13,0.0,78.6,88.8,99.0,73.3,3.7,38.01,24.94,J17WL,631.19,A,2024-11-19
2024-08-14,0.0,79.4,89.2,98.9,72.9,4.4,39.62,24.06,J17WL,630.69,A,2024-11-19
2024-08-15,0.0,78.1,88.3,98.6,73.1,3.17,39.05,23.5,J17WL,630.13,A,2024-11-19
2024-08-16,0.0,78.1,89.4,100.7,72.1,2.98,44.32,26.32,J17WL,629.91,A,2024-11-19
2024-08-17,0.0,78.8,89.5,100.2,71.8,3.56,43.26,25.63,J17WL,629.88,A,2024-11-19
2024-08-18,0.0,79.4,90.0,100.6,71.7,3.83,43.71,25.17,J17WL,630.21,A,2024-11-19
2024-08-19,0.0,78.3,89.5,100.6,70.6,4.28,44.97,25.64,J17WL,629.44,A,2024-11-19
2024-08-20,0.0,79.2,90.5,101.8,68.3,5.28,48.48,25.98,J17WL,628.7,A,2024-11-19
2024-08-21,0.0,79.3,92.2,105.0,66.0,9.61,58.41,25.96,J17WL,628.53,A,2024-11-19
2024-08-22,0.0,80.1,93.6,107.2,66.3,10.67,61.03,25.47,J17WL,628.15,A,2024-11-19
2024-08-23,0.0,80.3,93.1,105.9,69.7,7.95,56.7,25.21,J17WL,627.81,A,2024-11-19
2024-08-24,0.0,79.5,90.0,100.4,72.8,4.64,41.61,22.99,J17WL,628.33,A,2024-11-19
2024-08-25,0.0,77.5,87.7,97.9,70.0,4.54,41.27,23.86,J17WL,628.43,A,2024-11-19
2024-08-26,0.0,76.6,87.0,97.4,70.5,3.62,38.84,18.4,J17WL,628.12,A,2024-11-19
2024-08-27,0.06,73.7,82.1,90.5,71.1,1.95,24.12,16.87,J17WL,628.02,A,2024-11-19
2024-08-28,0.27,73.8,82.5,91.3,72.0,1.19,25.96,17.9,J17WL,628.37,A,2024-11-19
2024-08-29,0.0,73.0,83.0,93.0,71.4,0.79,26.87,18.05,J17WL,628.81,A,2024-11-19
2024-08-30,0.0,73.7,83.9,94.0,71.6,1.14,30.89,18.93,J17WL,628.98,A,2024-11-19
2024-08-31,0.0,76.2,85.0,93.8,71.0,3.28,29.53,19.1,J17WL,629.28,A,2024-11-19
2024-09-01,0.0,76.6,85.5,94.3,69.9,5.77,31.82,19.21,J17WL,629.85,A,2024-11-19
2024-09-02,0.0,77.1,85.8,94.5,71.0,5.86,31.95,18.48,J17WL,629.95,A,2024-11-19
2024-09-03,0.58,75.9,81.6,87.3,74.0,1.64,16.49,9.14,J17WL,631.83,A,2024-11-19
2024-09-04,2.63,73.7,79.0,84.3,74.6,0.85,9.4,7.88,J17WL,632.71,A,2024-11-19
2024-09-05,0.0,73.4,80.2,87.0,71.7,2.08,16.39,14.84,J17WL,632.83,A,2024-11-19
2024-09-06,0.0,74.3,80.9,87.6,71.5,3.2,18.3,14.4,J17WL,633.4,A,2024-11-19
2024-09-07,0.0,72.8,81.9,91.1,67.7,4.43,27.65,19.75,J17WL,633.89,A,2024-11-19
2024-09-08,0.0,66.6,78.3,89.9,58.4,6.76,33.74,23.63,J17WL,634.17,A,2024-11-19
2024-09-09,0.0,63.7,74.5,85.3,50.2,7.93,30.62,24.96,J17WL,633.59,A,2024-11-19
2024-09-10,0.0,64.1,75.9,87.7,53.0,8.83,28.77,23.28,J17WL,633.1,A,2024-11-19
2024-09-11,0.0,71.4,81.1,90.9,63.6,4.89,30.27,22.66,J17WL,632.58,A,2024-11-19
2024-09-12,0.0,72.4,82.7,93.1,65.6,3.25,33.76,21.58,J17WL,632.22,A,2024-11-19
2024-09-13,0.0,72.3,83.4,94.6,66.7,3.14,34.81,20.51,J17WL,632.0,A,2024-11-19
2024-09-14,0.0,72.9,84.6,96.3,70.6,3.19,33.59,20.78,J17WL,631.89,A,2024-11-19
2024-09-15,0.0,77.5,85.9,94.4,71.7,3.51,30.23,19.48,J17WL,632.64,A,2024-11-19
2024-09-16,0.0,74.4,84.1,93.8,71.2,3.46,32.39,17.22,J17WL,632.16,A,2024-11-19
2024-09-17,0.0,74.1,85.0,96.0,69.2,4.16,35.12,20.62,J17WL,631.22,A,2024-11-19
2024-09-18,0.0,74.3,84.7,95.2,69.9,2.74,33.48,19.99,J17WL,631.05,A,2024-11-19
2024-09-19,0.0,77.6,86.6,95.7,73.0,2.88,31.72,19.61,J17WL,629.66,A,2024-11-19
2024-09-20,0.04,78.3,87.2,96.1,74.2,2.98,31.74,17.91,J17WL,628.93,A,2024-11-19
2024-09-21,0.0,77.6,87.1,96.6,73.5,2.15,34.3,18.49,J17WL,629.01,A,2024-11-19
2024-09-22,0.0,75.4,85.4,95.4,71.5,1.92,33.12,18.34,J17WL,629.59,A,2024-11-19
2024-09-23,0.0,74.8,84.8,94.7,70.3,2.47,32.48,18.62,J17WL,629.43,A,2024-11-19
2024-09-24,0.0,74.8,84.3,93.9,68.8,3.37,33.01,18.27,J17WL,629.39,A,2024-11-19
2024-09-25,0.0,74.6,84.8,94.9,69.6,3.45,32.89,18.71,J17WL,629.2,A,2024-11-19
2024-09-26,0.0,67.9,82.3,96.8,63.0,3.22,40.01,18.95,J17WL,629.06,A,2024-11-19
2024-09-27,0.0,62.4,76.1,89.8,53.8,5.74,34.86,21.53,J17WL,629.13,A,2024-11-19
2024-09-28,0.0,62.2,78.3,94.4,53.2,6.36,43.02,21.46,J17WL,629.5,A,2024-11-19
2024-09-29,0.0,64.5,79.8,95.0,51.4,8.13,45.23,21.28,J17WL,630.05,A,2024-11-19
2024-09-30,0.0,64.4,80.1,95.8,49.3,8.4,47.32,21.06,J17WL,629.62,A,2024-11-19
2024-10-01,0.0,65.7,80.7,95.8,56.3,5.84,43.37,20.48,J17WL,629.04,A,2024-11-19
2024-10-02,0.0,69.3,81.9,94.5,57.4,6.23,39.93,19.42,J17WL,628.57,A,2024-11-19
2024-10-03,0.0,69.5,80.9,92.3,60.2,4.88,34.44,19.34,J17WL,628.34,A,2024-11-19
2024-10-04,0.0,69.4,80.8,92.2,61.2,4.81,33.58,18.39,J17WL,628.47,A,2024-11-19
2024-10-05,0.0,70.7,81.5,92.3,57.6,7.21,39.17,17.99,J17WL,628.83,A,2024-11-19
2024-10-06,0.0,72.1,82.5,93.0,65.4,4.05,31.97,17.68,J17WL,629.47,A,2024-11-19
2024-10-07,0.0,70.0,81.3,92.7,60.6,4.46,34.88,18.64,J17WL,628.76,A,2024-11-19
2024-10-08,0.0,68.8,80.6,92.4,56.1,8.08,37.35,19.22,J17WL,628.01,A,2024-11-19
2024-10-09,0.0,66.6,80.1,93.5,54.5,7.92,38.78,18.58,J17WL,627.87,A,2024-11-19
2024-10-10,0.0,64.2,78.6,93.1,49.5,7.94,41.0,19.17,J17WL,627.59,A,2024-11-19
2024-10-11,0.0,64.2,79.5,94.7,53.0,4.6,42.7,18.72,J17WL,627.73,A,2024-11-19
2024-10-12,0.0,64.8,78.3,91.9,57.7,2.84,37.48,18.45,J17WL,628.0,A,2024-11-19
2024-10-13,0.0,64.1,78.6,93.2,59.2,2.14,40.21,18.44,J17WL,628.59,A,2024-11-19
2024-10-14,0.0,64.8,80.4,95.9,53.8,1.8,46.51,18.62,J17WL,628.17,A,2024-11-19
2024-10-15,0.0,63.4,80.6,97.8,49.6,7.37,50.4,17.97,J17WL,626.82,A,2024-11-19
2024-10-16,0.0,63.5,79.2,94.9,46.7,8.02,47.3,18.48,J17WL,626.2,A,2024-11-19
2024-10-17,0.0,56.0,66.2,76.5,38.5,8.57,21.7,16.9,J17WL,625.8,A,2024-11-19
2024-10-18,0.0,55.5,66.5,77.5,47.2,4.4,20.42,15.38,J17WL,626.03,A,2024-11-19
2024-10-19,0.0,59.9,70.9,82.0,59.2,4.1,21.14,8.96,J17WL,626.65,A,2024-11-19
2024-10-20,0.0,65.7,75.2,84.7,60.4,2.66,23.83,14.69,J17WL,627.02,A,2024-11-19
2024-10-21,0.0,60.7,73.1,85.5,57.4,2.92,24.93,16.48,J17WL,626.34,A,2024-11-19
2024-10-22,0.0,60.3,72.8,85.3,61.1,2.42,24.29,17.51,J17WL,625.71,A,2024-11-19
2024-10-23,0.0,65.0,75.3,85.7,63.7,2.02,22.1,10.77,J17WL,626.09,A,2024-11-19
2024-10-24,0.0,64.5,76.7,88.9,63.1,1.82,29.36,16.97,J17WL,626.19,A,2024-11-19
2024-10-25,0.0,65.1,76.6,88.0,63.1,1.48,27.5,14.29,J17WL,626.23,A,2024-11-19
2024-10-26,0.0,64.7,77.1,89.5,61.7,1.14,30.42,17.14,J17WL,626.44,A,2024-11-19
2024-10-27,0.0,65.9,77.9,89.8,62.1,2.77,29.69,16.57,J17WL,626.95,A,2024-11-19
2024-10-28,0.0,64.8,77.4,90.0,61.4,2.09,30.36,16.31,J17WL,626.84,A,2024-11-19
2024-10-29,0.0,68.5,78.5,88.6,66.6,1.77,26.36,14.95,J17WL,626.51,A,2024-11-19
2024-10-30,0.02,72.5,80.1,87.6,68.9,1.94,22.05,11.09,J17WL,626.56,A,2024-11-19
2024-10-31,0.0,74.0,80.7,87.3,70.2,2.64,20.62,8.95,J17WL,626.26,A,2024-11-19
2024-11-01,0.0,69.4,79.0,88.6,63.3,2.77,24.65,10.66,J17WL,626.67,A,2024-11-19
2024-11-02,0.0,72.1,76.3,80.6,68.2,4.18,11.62,6.55,J17WL,627.0,A,2024-11-19
2024-11-03,0.15,72.0,77.8,83.7,71.0,1.64,13.6,4.7,J17WL,627.74,A,2024-11-19
2024-11-04,0.0,74.0,80.0,86.1,69.7,2.5,18.61,5.65,J17WL,627.24,A,2024-12-06
2024-11-05,1.22,61.5,75.5,89.5,66.1,0.86,24.71,8.85,J17WL,628.54,A,2024-12-06
2024-11-06,0.0,51.7,63.6,75.6,46.9,1.53,20.61,11.46,J17WL,629.19,A,2024-12-06
2024-11-07,0.0,51.9,65.9,79.8,52.5,1.99,23.29,16.14,J17WL,629.54,A,2024-12-06
2024-11-08,0.0,70.9,78.9,87.0,69.7,1.15,19.97,6.83,J17WL,629.72,A,2024-12-06
2024-11-09,0.0,61.5,72.4,83.2,59.3,1.36,15.69,6.7,J17WL,629.88,A,2024-12-06
2024-11-10,0.0,60.5,71.0,81.5,44.7,6.49,27.36,15.55,J17WL,630.21,A,2024-12-06
2024-11-11,0.0,61.0,74.4,87.7,55.6,3.85,28.55,15.28,J17WL,629.76,A,2024-12-06
2024-11-12,0.0,63.8,74.6,85.4,60.0,4.86,22.41,12.83,J17WL,629.25,A,2024-12-06
2024-11-13,0.0,62.7,71.5,80.3,61.6,1.77,14.67,13.29,J17WL,629.08,A,2024-12-06
2024-11-14,0.0,55.9,71.1,86.4,46.9,1.94,32.51,13.85,J17WL,628.74,A,2024-12-06
2024-11-15,0.0,49.2,63.2,77.2,38.1,3.38,25.13,16.01,J17WL,628.48,A,2024-12-06
2024-11-16,0.0,48.7,63.2,77.6,43.9,1.14,23.89,15.48,J17WL,628.87,A,2024-12-06
2024-11-17,0.0,53.7,67.2,80.6,57.9,0.84,19.75,14.55,J17WL,629.2,A,2024-12-06
2024-11-18,0.01,60.7,72.5,84.3,68.2,0.91,19.81,9.6,J17WL,629.18,A,2024-12-06
2024-11-19,0.16,49.5,65.5,81.6,46.7,1.56,29.52,10.59,J17WL,628.92,A,2024-12-06
2024-11-20,0.0,49.3,66.3,83.4,40.7,2.79,30.99,15.33,J17WL,628.55,A,2024-12-06
2024-11-21,0.0,41.8,55.2,68.5,30.4,2.69,19.3,15.82,J17WL,628.19,A,2024-12-06
2024-11-22,0.0,39.6,55.3,71.0,31.6,2.12,20.49,15.14,J17WL,628.2,A,2024-12-06
2024-11-23,0.0,44.5,60.2,76.0,39.7,1.83,22.66,14.78,J17WL,628.59,A,2024-12-06
2024-11-24,0.0,47.1,62.6,78.1,53.8,0.98,19.06,14.47,J17WL,628.59,A,2024-12-06
2024-11-25,0.0,57.3,69.7,82.0,58.7,0.64,20.77,13.78,J17WL,628.31,A,2024-12-06
2024-11-26,0.0,48.9,66.6,84.3,49.9,0.69,21.59,13.04,J17WL,627.34,A,2024-12-06
2024-11-27,0.0,48.2,55.4,62.6,43.3,2.85,9.98,7.15,J17WL,627.46,A,2024-12-06
2024-11-28,0.0,54.8,66.8,78.9,53.7,3.41,15.48,9.11,J17WL,627.16,A,2024-12-06
2024-11-29,0.0,43.4,51.9,60.4,30.1,4.55,11.53,9.34,J17WL,627.73,A,2024-12-06
2024-11-30,0.0,42.4,50.8,59.1,28.9,4.09,12.35,13.78,J17WL,627.94,A,2024-12-06
2024-12-01,0.0,47.0,55.5,64.1,41.8,3.73,12.12,9.4,J17WL,628.11,A,2024-12-06
2024-12-02,0.0,51.0,61.4,71.8,49.7,3.36,11.7,9.8,J17WL,627.39,A,2024-12-06
2024-12-03,0.02,50.8,59.5,68.2,39.5,3.36,15.0,12.71,J17WL,626.0,A,2024-12-06
2024-12-04,0.14,52.4,56.3,60.2,41.5,0.72,10.75,4.98,J17WL,625.94,A,2025-01-03
2024-12-05,0.05,53.8,58.5,63.2,58.5,0.26,1.43,3.34,J17WL,625.91,A,2025-01-03
2024-12-06,0.0,49.3,54.0,58.6,47.5,0.92,5.81,2.73,J17WL,625.89,A,2025-01-03
2024-12-07,0.09,46.1,48.9,51.8,33.1,2.55,7.63,3.86,J17WL,626.21,A,2025-01-03
2024-12-08,0.29,42.3,45.1,47.9,44.1,0.14,1.58,1.06,J17WL,626.61,A,2025-01-03
2024-12-09,0.0,48.0,52.3,56.6,50.7,0.21,2.49,4.94,J17WL,626.1,A,2025-01-03
2024-12-10,0.0,49.8,65.1,80.4,49.4,0.41,21.92,13.3,J17WL,626.21,A,2025-01-03
2024-12-11,0.0,38.1,49.9,61.8,34.8,1.93,11.49,12.36,J17WL,626.6,A,2025-01-03
2024-12-12,0.0,34.8,49.9,65.1,24.9,1.6,17.34,13.85,J17WL,626.54,A,2025-01-03
2024-12-13,0.0,34.8,50.7,66.6,43.8,1.24,13.18,11.97,J17WL,626.73,A,2025-01-03
2024-12-14,0.13,56.6,61.9,67.3,63.0,0.32,1.87,3.52,J17WL,627.02,A,2025-01-03
2024-12-15,0.09,67.2,71.2,75.1,68.1,0.38,6.6,5.22,J17WL,627.65,A,2025-01-03
2024-12-16,0.04,68.7,72.2,75.7,67.6,0.89,6.84,5.36,J17WL,627.19,A,2025-01-03
2024-12-17,0.0,67.3,73.2,79.0,65.2,0.97,13.33,8.51,J17WL,627.01,A,2025-01-03
2024-12-18,0.0,66.2,73.0,79.7,64.4,0.81,15.15,10.06,J17WL,626.98,A,2025-01-03
2024-12-19,0.0,46.1,59.5,72.8,44.2,1.64,16.09,10.39,J17WL,626.82,A,2025-01-03
2024-12-20,0.0,45.3,57.6,69.8,40.1,2.14,16.33,13.23,J17WL,627.17,A,2025-01-03
2024-12-21,0.0,45.5,57.3,69.1,36.6,2.43,16.37,13.19,J17WL,627.4,A,2025-01-03
2024-12-22,0.0,44.6,55.0,65.3,34.6,2.21,15.13,12.9,J17WL,627.7,A,2025-01-03
2024-12-23,0.0,48.1,59.1,70.1,51.7,1.98,11.47,9.25,J17WL,627.66,A,2025-01-03
2024-12-24,0.0,60.3,68.8,77.3,60.0,0.81,15.3,9.29,J17WL,627.28,A,2025-01-03
2024-12-25,0.02,56.4,64.9,73.3,59.8,0.45,8.43,5.29,J17WL,627.91,A,2025-01-03
2024-12-26,0.0,56.0,59.3,62.7,54.9,0.32,4.74,5.34,J17WL,627.96,A,2025-01-03
2024-12-27,0.0,48.1,62.9,77.8,50.4,0.23,21.65,9.18,J17WL,627.6,A,2025-01-03
2024-12-28,0.0,46.9,63.8,80.6,52.6,0.96,26.08,13.45,J17WL,627.74,A,2025-01-03
2024-12-29,0.03,46.9,64.6,82.3,42.3,1.71,31.51,12.49,J17WL,627.76,A,2025-01-03
2024-12-30,0.0,46.7,63.9,81.1,36.4,3.39,29.88,13.85,J17WL,627.78,A,2025-01-03
2024-12-31,0.0,47.6,68.1,88.6,35.0,3.8,39.92,14.12,J17WL,627.22,A,2025-01-03
2025-01-01,0.0,47.2,59.1,71.0,30.0,3.95,21.28,13.96,J17WL,626.97,A,2025-01-03
2025-01-02,0.0,46.4,53.8,61.2,36.1,3.59,11.26,13.64,J17WL,627.11,A,2025-02-04
2025-01-03,0.0,50.3,55.9,61.5,48.7,0.68,7.28,4.51,J17WL,626.97,A,2025-02-04
2025-01-04,0.0,55.9,60.6,65.3,56.9,0.47,5.13,5.07,J17WL,627.36,A,2025-02-04
2025-01-05,0.0,60.9,67.3,73.7,61.6,0.33,9.46,4.82,J17WL,627.56,A,2025-02-04
2025-01-06,0.0,33.0,54.6,76.1,33.1,0.81,21.41,12.71,J17WL,627.0,A,2025-02-04
2025-01-07,0.0,31.3,40.1,48.8,17.1,2.64,8.45,14.08,J17WL,626.69,A,2025-02-04
2025-01-08,0.0,31.3,40.4,49.5,14.3,2.78,9.86,13.87,J17WL,627.21,A,2025-02-04
2025-01-09,0.0,36.4,39.6,42.8,16.4,3.77,6.24,5.87,J17WL,627.87,A,2025-02-04
2025-01-10,0.99,35.8,37.8,39.9,32.4,0.41,4.68,1.77,J17WL,628.86,A,2025-02-04
2025-01-11,0.0,28.7,37.7,46.7,29.1,0.58,5.18,9.13,J17WL,629.63,A,2025-02-04
2025-01-12,0.0,27.5,42.7,58.0,27.9,0.62,11.68,15.0,J17WL,630.04,A,2025-02-04
2025-01-13,0.0,35.2,49.9,64.5,33.6,1.13,14.27,14.32,J17WL,629.74,A,2025-02-04
2025-01-14,0.0,40.7,49.3,57.8,27.6,3.11,10.89,13.31,J17WL,629.73,A,2025-02-04
2025-01-15,0.0,41.2,47.3,53.4,33.3,3.52,7.31,5.38,J17WL,629.67,A,2025-02-04
2025-01-16,0.0,40.9,50.7,60.5,33.4,2.87,11.89,6.79,J17WL,629.5,A,2025-02-04
2025-01-17,0.0,39.5,51.7,64.0,31.3,2.76,14.68,11.37,J17WL,629.78,A,2025-02-04
2025-01-18,0.0,48.0,54.2,60.5,45.9,1.9,6.07,2.48,J17WL,630.25,A,2025-02-04
2025-01-19,0.0,32.5,49.9,67.4,28.9,1.59,16.68,15.26,J17WL,630.1,A,2025-02-04
2025-01-20,0.0,26.2,35.1,44.0,8.2,2.75,7.71,15.68,J17WL,629.84,A,2025-02-04
2025-01-21,0.05,25.8,29.9,33.9,14.0,0.89,4.29,5.0,J17WL,629.34,A,2025-02-04
2025-01-22,0.0,22.8,31.6,40.3,17.4,0.97,5.31,14.18,J17WL,629.34,A,2025-02-04
2025-01-23,0.0,24.2,37.4,50.6,22.2,0.88,8.48,15.88,J17WL,629.33,A,2025-02-04
2025-01-24,0.0,30.2,43.1,56.1,17.4,2.28,12.24,16.0,J17WL,629.85,A,2025-02-04
2025-01-25,0.0,28.9,43.6,58.3,19.8,1.98,13.35,16.38,J17WL,630.43,A,2025-02-04
2025-01-26,0.04,34.6,49.3,64.1,49.0,0.46,8.28,7.07,J17WL,630.62,A,2025-02-04
2025-01-27,0.0,49.1,60.6,72.0,51.4,0.31,8.34,5.75,J17WL,630.28,A,2025-02-04
2025-01-28,0.03,48.1,50.5,52.8,44.5,0.36,4.31,4.16,J17WL,630.59,A,2025-02-04
2025-01-29,0.0,49.3,51.9,54.6,51.1,0.13,0.9,2.41,J17WL,631.08,A,2025-02-04
2025-01-30,0.15,54.9,62.1,69.2,64.6,0.07,1.48,2.16,J17WL,631.19,A,2025-02-04
2025-01-31,0.06,47.1,59.6,72.1,43.2,1.14,18.98,9.64,J17WL,631.51,A,2025-02-04
2025-02-01,0.0,42.0,58.3,74.6,32.4,2.6,23.69,17.11,J17WL,631.56,A,2025-02-04
2025-02-02,0.0,41.1,58.6,76.1,35.0,1.86,24.82,17.12,J17WL,631.71,A,2025-02-04
2025-02-03,0.0,45.6,63.2,80.7,50.1,0.76,25.52,16.69,J17WL,631.17,A,2025-03-07
2025-02-04,0.0,62.3,73.0,83.8,62.9,0.38,20.82,16.03,J17WL,630.84,A,2025-03-07
2025-02-05,0.0,63.8,72.5,81.2,63.9,0.27,16.1,13.04,J17WL,630.67,A,2025-03-07
2025-02-06,0.0,65.3,71.7,78.0,65.2,0.91,10.87,4.9,J17WL,630.63,A,2025-03-07
2025-02-07,0.0,66.6,75.6,84.6,65.5,1.63,19.39,11.33,J17WL,630.52,A,2025-03-07
2025-02-08,0.0,68.3,75.7,83.0,65.3,2.24,17.82,10.2,J17WL,630.71,A,2025-03-07
2025-02-09,0.0,67.2,78.3,89.3,64.1,1.66,29.78,14.99,J17WL,630.79,A,2025-03-07
2025-02-10,0.0,51.6,60.1,68.7,51.5,2.03,6.65,7.33,J17WL,630.66,A,2025-03-07
2025-02-11,0.0,49.0,52.0,54.9,50.0,0.15,2.26,2.69,J17WL,630.58,A,2025-03-07
2025-02-12,0.64,49.1,53.1,57.2,52.0,0.02,0.8,1.99,J17WL,630.82,A,2025-03-07
2025-02-13,0.03,39.7,51.9,64.2,45.2,0.33,5.62,11.19,J17WL,630.68,A,2025-03-07
2025-02-14,0.0,37.6,42.9,48.2,27.4,2.27,6.23,9.24,J17WL,630.68,A,2025-03-07
2025-02-15,0.04,37.5,43.7,49.9,41.5,0.12,3.97,4.33,J17WL,631.35,A,2025-03-07
2025-02-16,0.0,44.4,58.1,71.7,47.4,0.39,12.16,9.81,J17WL,631.27,A,2025-03-07
2025-02-17,0.0,37.3,47.4,57.5,29.1,2.66,10.4,18.62,J17WL,631.19,A,2025-03-07
2025-02-18,0.0,37.1,51.5,66.0,45.1,0.89,11.0,16.48,J17WL,630.97,A,2025-03-07
2025-02-19,0.0,27.4,49.0,70.5,45.3,0.68,6.29,5.26,J17WL,630.64,A,2025-03-07
2025-02-20,0.0,23.9,30.1,36.3,17.7,1.25,3.76,12.66,J17WL,630.52,A,2025-03-07
2025-02-21,0.0,21.5,28.5,35.6,13.7,1.37,4.24,9.55,J17WL,630.63,A,2025-03-07
2025-02-22,0.0,32.1,35.7,39.3,26.2,0.42,3.61,6.26,J17WL,631.25,A,2025-03-07
2025-02-23,0.16,32.1,37.8,43.4,38.9,0.2,0.88,4.68,J17WL,631.6,A,2025-03-07
2025-02-24,0.0,40.2,52.6,65.1,44.5,0.21,9.76,17.46,J17WL,631.42,A,2025-03-07
2025-02-25,0.0,40.7,58.3,75.9,44.9,0.28,20.15,19.36,J17WL,631.23,A,2025-03-07
2025-02-26,0.0,52.3,66.3,80.2,52.6,0.48,24.28,19.1,J17WL,630.93,A,2025-03-07
2025-02-27,0.0,58.3,70.2,82.0,55.7,0.99,22.83,17.14,J17WL,630.68,A,2025-03-07
2025-02-28,0.0,50.4,59.2,68.0,37.2,4.52,16.44,10.47,J17WL,630.63,A,2025-03-07
2025-03-01,0.0,49.7,63.7,77.8,41.5,2.82,23.04,19.28,J17WL,630.78,A,2025-03-07
2025-03-02,0.0,52.2,67.9,83.6,49.5,2.59,27.63,19.46,J17WL,630.77,A,2025-03-07
2025-03-03,0.0,59.8,70.9,81.9,59.1,1.94,23.18,18.17,J17WL,630.42,A,2025-03-07
2025-03-04,0.02,66.9,72.7,78.4,65.6,1.12,12.78,6.15,J17WL,630.33,A,2025-03-07
2025-03-05,0.02,56.4,66.2,76.0,29.6,2.94,27.22,20.13,J17WL,630.24,A,2025-03-07
2025-03-06,0.0,47.1,60.7,74.3,28.2,4.39,24.45,21.47,J17WL,630.06,A,2025-04-03
2025-03-07,0.0,44.7,61.6,78.4,46.7,3.23,25.29,20.5,J17WL,629.67,A,2025-04-03
2025-03-08,0.0,65.0,75.1,85.2,61.1,1.03,24.55,17.03,J17WL,629.82,A,2025-04-03
2025-03-09,0.0,44.5,66.1,87.6,46.1,1.23,36.11,19.22,J17WL,629.78,A,2025-04-03
2025-03-10,0.0,41.2,54.1,67.0,34.9,2.39,15.07,21.97,J17WL,629.58,A,2025-04-03
2025-03-11,0.0,41.1,59.0,76.9,32.8,2.34,25.94,22.45,J17WL,629.35,A,2025-04-03
2025-03-12,0.0,43.7,64.1,84.4,46.8,1.24,31.09,22.08,J17WL,628.62,A,2025-04-03
2025-03-13,0.0,56.9,74.4,92.0,44.7,2.26,43.81,20.59,J17WL,628.45,A,2025-04-03
2025-03-14,0.0,56.1,73.6,91.0,42.6,1.79,43.99,21.43,J17WL,628.2,A,2025-04-03
2025-03-15,0.0,66.8,81.2,95.5,40.1,2.75,51.78,21.68,J17WL,628.2,A,2025-04-03
2025-03-16,0.0,49.2,63.4,77.5,25.0,5.8,28.06,20.57,J17WL,628.34,A,2025-04-03
2025-03-17,0.0,46.4,63.8,81.2,22.8,5.09,32.76,23.39,J17WL,627.45,A,2025-04-03
2025-03-18,0.0,46.0,64.7,83.3,41.0,4.14,32.12,21.89,J17WL,627.24,A,2025-04-03
2025-03-19,0.0,59.1,73.5,87.9,56.8,2.29,32.16,22.29,J17WL,627.01,A,2025-04-03
2025-03-20,0.0,45.4,62.7,80.0,20.0,3.4,32.25,22.74,J17WL,626.67,A,2025-04-03
2025-03-21,0.0,43.7,57.6,71.6,20.6,4.37,22.93,24.32,J17WL,626.36,A,2025-04-03
2025-03-22,0.0,45.9,62.4,78.9,43.9,1.28,24.51,22.87,J17WL,626.28,A,2025-04-03
2025-03-23,0.0,55.0,69.6,84.3,59.0,1.28,24.49,22.25,J17WL,626.86,A,2025-04-03
2025-03-24,0.46,59.0,73.3,87.6,61.4,1.4,24.68,12.82,J17WL,626.79,A,2025-04-03
2025-03-25,0.0,58.2,72.8,87.4,54.1,1.37,28.83,23.05,J17WL,626.47,A,2025-04-03
2025-03-26,0.0,63.1,76.5,89.9,58.9,1.81,35.19,21.82,J17WL,626.39,A,2025-04-03
2025-03-27,0.76,62.1,71.7,81.3,64.2,0.53,15.13,7.15,J17WL,628.16,A,2025-04-03
2025-03-28,0.43,62.9,65.0,67.0,63.7,0.45,1.89,3.39,J17WL,629.15,A,2025-04-03
2025-03-29,0.02,63.7,71.1,78.5,63.7,0.7,14.6,13.21,J17WL,629.78,A,2025-04-03
2025-03-30,0.0,67.6,78.2,88.7,67.2,0.82,24.87,20.41,J17WL,630.25,A,2025-04-03
2025-03-31,0.0,69.5,75.0,80.6,69.2,0.97,10.13,9.28,J17WL,629.82,A,2025-04-03
2025-04-01,0.07,64.8,75.3,85.8,61.8,1.49,21.22,21.28,J17WL,629.62,A,2025-04-03
2025-04-02,0.0,65.8,75.8,85.8,68.4,3.42,16.79,13.46,J17WL,629.7,A,2025-05-05
2025-04-03,0.0,73.9,81.1,88.3,69.8,3.9,21.92,13.47,J17WL,629.62,A,2025-05-05
2025-04-04,0.0,74.1,83.3,92.5,69.5,4.28,30.9,20.17,J17WL,629.12,A,2025-05-05
2025-04-05,0.11,61.1,76.0,90.9,69.3,1.47,26.79,15.98,J17WL,629.44,A,2025-05-05
2025-04-06,0.0,45.7,58.6,71.4,48.0,2.05,11.09,16.24,J17WL,629.81,A,2025-05-05
2025-04-07,0.0,42.0,51.5,60.9,35.8,1.62,10.95,24.83,J17WL,629.6,A,2025-05-05
2025-04-08,0.0,42.8,58.1,73.4,33.2,2.0,22.49,26.19,J17WL,628.85,A,2025-05-05
2025-04-09,0.0,46.5,63.3,80.0,38.6,3.02,28.02,25.92,J17WL,628.31,A,2025-05-05
2025-04-10,0.0,55.4,71.0,86.7,47.9,3.05,34.23,25.53,J17WL,627.73,A,2025-05-05
2025-04-11,0.0,56.3,73.4,90.5,55.3,2.56,35.34,25.44,J17WL,627.2,A,2025-05-05
2025-04-12,0.0,60.3,75.0,89.7,53.1,3.28,35.25,25.03,J17WL,627.06,A,2025-05-05
2025-04-13,0.0,59.9,74.5,89.0,53.8,1.32,35.05,25.46,J17WL,626.88,A,2025-05-05
2025-04-14,0.0,60.6,75.5,90.4,56.3,1.01,35.95,25.91,J17WL,626.45,A,2025-05-05
2025-04-15,0.0,65.2,78.3,91.4,61.0,2.38,34.87,25.11,J17WL,625.38,A,2025-05-05
2025-04-16,0.0,62.7,71.8,80.9,59.1,1.56,18.48,16.38,J17WL,625.49,A,2025-05-05
2025-04-17,0.0,63.8,74.0,84.1,61.5,1.46,22.99,14.14,J17WL,625.71,A,2025-05-05
2025-04-18,0.0,66.7,76.8,87.0,64.0,1.6,24.98,19.85,J17WL,625.25,A,2025-05-05
2025-04-19,0.0,69.1,79.2,89.3,67.2,2.63,26.33,19.91,J17WL,625.37,A,2025-05-05
2025-04-20,0.91,64.2,72.6,80.9,66.4,1.0,14.02,7.71,J17WL,626.58,A,2025-05-05
2025-04-21,0.13,62.0,73.3,84.6,52.2,1.07,30.13,22.14,J17WL,627.38,A,2025-05-05
2025-04-22,0.0,62.7,75.1,87.4,56.7,2.03,33.82,27.62,J17WL,627.09,A,2025-05-05
2025-04-23,1.37,65.3,75.4,85.5,66.8,0.67,19.72,14.66,J17WL,628.53,A,2025-05-05
2025-04-24,0.0,66.7,73.1,79.5,69.0,1.55,9.79,12.46,J17WL,629.32,A,2025-05-05
2025-04-25,0.0,70.5,77.0,83.5,69.0,1.15,14.02,14.26,J17WL,629.94,A,2025-05-05
2025-04-26,0.01,70.2,77.5,84.8,68.8,1.29,16.78,13.8,J17WL,630.3,A,2025-05-05
2025-04-27,0.0,70.4,76.5,82.7,68.6,1.65,13.15,11.72,J17WL,630.57,A,2025-05-05
2025-04-28,0.0,71.7,78.2,84.7,68.0,2.38,17.79,16.74,J17WL,630.08,A,2025-05-05
2025-04-29,0.0,72.2,78.1,84.0,68.5,3.12,16.79,9.65,J17WL,629.66,A,2025-05-05
2025-04-30,0.0,72.0,79.4,86.7,68.5,2.44,20.89,17.86,J17WL,629.73,A,2025-05-05
2025-05-01,0.0,72.7,81.1,89.4,69.4,2.46,23.72,16.72,J17WL,629.64,A,2025-06-02
2025-05-02,0.0,67.7,77.8,88.0,68.1,3.12,20.06,15.2,J17WL,629.35,A,2025-06-02
2025-05-03,0.04,63.4,74.8,86.1,63.8,2.79,16.66,10.03,J17WL,629.52,A,2025-06-02
2025-05-04,0.0,58.5,70.0,81.5,46.3,5.86,27.68,27.48,J17WL,629.64,A,2025-06-02
2025-05-05,0.0,59.6,71.4,83.2,52.2,4.71,27.98,26.76,J17WL,629.23,A,2025-06-02
2025-05-06,0.12,64.8,72.8,80.7,68.1,0.12,9.15,7.97,J17WL,629.47,A,2025-06-02
2025-05-07,0.08,65.8,78.5,91.2,65.6,1.18,33.75,17.4,J17WL,629.18,A,2025-06-02
2025-05-08,0.0,65.7,76.1,86.6,60.9,2.38,27.39,27.24,J17WL,628.09,A,2025-06-02
2025-05-09,0.02,65.3,74.9,84.4,61.0,4.05,22.41,18.15,J17WL,628.28,A,2025-06-02
2025-05-10,0.0,63.4,73.7,84.0,55.0,4.64,26.44,24.15,J17WL,628.5,A,2025-06-02
2025-05-11,0.0,62.9,72.7,82.5,54.3,5.03,25.57,22.51,J17WL,628.72,A,2025-06-02
2025-05-12,0.0,56.4,71.1,85.8,43.6,5.31,34.74,29.16,J17WL,628.29,A,2025-06-02
2025-05-13,0.0,59.7,76.6,93.6,49.1,2.82,43.97,28.99,J17WL,626.78,A,2025-06-02
2025-05-14,0.0,66.9,84.4,101.9,63.0,2.25,55.84,25.95,J17WL,626.47,A,2025-06-02
2025-05-15,0.0,70.3,86.3,102.3,69.0,1.38,49.33,26.25,J17WL,626.04,A,2025-06-02
2025-05-16,0.0,72.6,85.5,98.4,69.4,2.83,41.76,23.91,J17WL,625.05,A,2025-06-02
2025-05-17,0.0,77.9,87.8,97.7,72.4,4.36,36.33,24.16,J17WL,624.99,A,2025-06-02
2025-05-18,0.0,76.8,87.4,97.9,72.0,3.73,38.16,22.16,J17WL,625.56,A,2025-06-02
2025-05-19,0.0,77.3,85.8,94.2,70.7,4.25,31.25,16.63,J17WL,625.1,A,2025-06-02
2025-05-20,0.0,78.8,84.9,91.0,73.7,5.23,21.8,9.77,J17WL,624.34,A,2025-06-02
2025-05-21,0.0,74.0,86.5,98.9,51.8,5.98,56.03,25.7,J17WL,623.67,A,2025-06-02
2025-05-22,0.0,74.0,85.5,96.9,64.7,3.49,40.68,26.16,J17WL,623.09,A,2025-06-02
2025-05-23,0.28,68.4,83.2,98.0,69.6,1.99,39.35,24.34,J17WL,623.4,A,2025-06-04
2025-05-24,0.0,70.2,82.4,94.6,69.6,3.68,32.02,26.69,J17WL,624.1,A,2025-06-04
2025-05-25,0.0,77.4,87.5,97.7,70.5,3.77,38.89,25.71,J17WL,624.33,A,2025-06-04
2025-05-26,0.0,78.1,87.2,96.3,72.1,4.21,35.26,21.48,J17WL,624.26,A,2025-06-04
2025-05-27,1.77,67.5,80.8,94.0,69.9,1.4,28.35,14.66,J17WL,625.7,A,2025-06-04
2025-05-28,0.77,66.8,77.6,88.4,68.5,0.92,21.06,24.4,J17WL,628.81,A,2025-06-04
2025-05-29,0.0,68.3,77.6,86.9,68.2,1.67,20.26,25.44,J17WL,630.15,A,2025-06-04
2025-05-30,1.16,68.9,79.3,89.6,70.7,1.37,21.91,15.27,J17WL,632.45,A,2025-06-04
2025-05-31,0.25,69.4,77.0,84.6,68.6,1.26,16.35,17.49,J17WL,633.45,A,2025-06-04
2025-06-01,0.0,72.9,80.0,87.2,70.3,2.04,19.16,18.27,J17WL,634.31,A,2025-06-04
2025-06-02,0.0,72.9,83.8,94.7,70.5,1.96,31.95,25.58,J17WL,634.35,A,2025-06-04
2025-06-03,0.0,74.8,83.4,92.0,72.5,2.2,25.72,24.29,J17WL,633.78,A,2025-07-07
2025-06-04,0.0,77.6,84.7,91.7,73.8,3.21,22.27,19.36,J17WL,633.39,A,2025-07-07
2025-06-05,0.0,77.3,84.6,92.0,73.9,2.79,22.81,17.29,J17WL,633.0,A,2025-07-07
2025-06-06,0.0,76.7,85.3,93.9,72.0,2.79,30.13,23.7,J17WL,632.63,A,2025-07-07
2025-06-07,0.0,77.4,86.4,95.5,71.4,3.29,35.32,27.64,J17WL,632.17,A,2025-07-07
2025-06-08,0.0,77.3,86.9,96.5,71.8,3.77,34.68,23.77,J17WL,632.18,A,2025-07-07
2025-06-09,0.0,77.2,86.9,96.6,72.2,3.93,33.69,23.68,J17WL,631.36,A,2025-07-07
2025-06-10,0.0,76.2,87.0,97.9,71.3,2.74,38.27,26.56,J17WL,630.11,A,2025-07-07
2025-06-11,0.43,69.2,81.4,93.6,68.3,1.74,31.52,21.59,J17WL,630.87,A,2025-07-07
2025-06-12,3.53,68.6,78.3,88.0,68.9,1.04,22.01,19.91,J17WL,636.39,A,2025-07-07
2025-06-13,0.36,68.8,73.2,77.6,68.8,0.94,7.73,9.63,J17WL,638.18,A,2025-07-07
2025-06-14,0.0,70.6,81.5,92.4,74.5,1.7,22.6,22.31,J17WL,638.76,A,2025-07-07
2025-06-15,0.0,78.4,85.4,92.3,74.7,2.56,21.92,23.37,J17WL,639.6,A,2025-07-07
2025-06-16,0.97,70.9,82.3,93.8,71.8,1.32,25.89,19.37,J17WL,639.95,A,2025-07-07
2025-06-17,0.0,72.0,81.7,91.5,70.9,1.33,25.51,26.97,J17WL,640.04,A,2025-07-07
2025-06-18,0.0,73.5,82.8,92.2,72.3,2.02,24.89,27.96,J17WL,639.7,A,2025-07-07
2025-06-19,0.0,76.9,84.1,91.3,72.0,2.82,24.67,28.32,J17WL,639.3,A,2025-07-07
2025-06-20,0.0,77.7,85.5,93.3,73.6,2.91,26.61,26.42,J17WL,638.75,A,2025-07-07
2025-06-21,0.0,74.8,83.7,92.5,72.4,2.53,25.78,24.93,J17WL,638.44,A,2025-07-07
2025-06-22,0.04,75.3,83.0,90.7,72.7,2.24,23.5,19.98,J17WL,638.83,A,2025-07-07
2025-06-23,0.0,76.7,84.6,92.5,71.5,2.41,27.52,24.97,J17WL,638.19,A,2025-07-07
2025-06-24,0.0,74.9,84.0,93.1,71.0,1.43,28.87,24.96,J17WL,636.98,A,2025-07-07
2025-06-25,0.0,75.1,83.9,92.7,71.8,1.72,26.74,23.61,J17WL,636.69,A,2025-07-07
2025-06-26,0.0,75.0,84.0,93.1,71.5,1.84,28.22,25.76,J17WL,636.14,A,2025-07-07
2025-06-27,0.01,75.5,84.5,93.5,71.3,2.44,29.51,25.3,J17WL,635.37,A,2025-07-07
2025-06-28,0.0,76.1,85.2,94.2,70.5,2.77,32.19,27.04,J17WL,635.24,A,2025-07-07
2025-06-29,0.0,75.4,85.1,94.8,70.8,2.44,31.95,25.7,J17WL,635.55,A,2025-07-07
2025-06-30,0.0,74.5,83.9,93.3,72.0,2.64,27.48,23.22,J17WL,635.02,A,2025-07-07
2025-07-01,0.05,73.8,83.2,92.6,70.8,2.2,28.97,17.56,J17WL,634.7,A,2025-08-08
2025-07-02,0.0,74.2,82.1,90.0,71.5,2.37,24.65,18.69,J17WL,634.47,A,2025-08-08
2025-07-03,0.44,74.8,81.6,88.5,74.0,1.35,19.77,12.61,J17WL,635.05,A,2025-08-08
2025-07-04,0.18,76.3,83.4,90.6,74.2,1.48,21.25,16.28,J17WL,635.84,A,2025-08-08
2025-07-05,0.16,76.4,79.1,81.9,75.1,1.58,7.44,4.64,J17WL,636.8,A,2025-08-08
2025-07-06,0.27,75.9,77.8,79.7,75.4,1.07,4.78,3.59,J17WL,637.7,A,2025-08-08
2025-07-07,0.03,76.0,83.1,90.3,73.9,1.45,21.27,17.83,J17WL,638.05,A,2025-08-08
2025-07-08,0.09,76.5,84.5,92.5,73.0,1.79,26.8,20.68,J17WL,638.22,A,2025-08-08
2025-07-09,0.0,75.2,84.3,93.4,71.7,2.34,29.12,24.51,J17WL,638.12,A,2025-08-08
2025-07-10,0.0,72.1,82.5,92.8,70.6,2.9,28.55,23.69,J17WL,637.78,A,2025-08-08
2025-07-11,0.0,72.9,83.8,94.6,69.2,2.53,35.07,26.74,J17WL,637.45,A,2025-08-08
2025-07-12,0.0,76.5,84.2,91.9,72.0,3.12,25.84,23.31,J17WL,637.11,A,2025-08-08
2025-07-13,0.0,77.4,86.0,94.5,72.9,3.42,30.18,23.53,J17WL,637.03,A,2025-08-08
2025-07-14,0.04,75.7,83.0,90.2,72.8,2.37,21.76,14.63,J17WL,636.48,A,2025-08-08
2025-07-15,0.02,76.7,83.7,90.7,73.6,2.54,22.69,19.19,J17WL,635.98,A,2025-08-08
2025-07-16,0.0,78.2,86.7,95.1,72.4,3.34,33.36,24.49,J17WL,636.08,A,2025-08-08
2025-07-17,0.0,76.0,86.8,97.6,69.8,3.23,41.67,27.98,J17WL,635.62,A,2025-08-08
2025-07-18,0.0,75.6,86.4,97.3,68.4,3.05,42.44,28.21,J17WL,635.68,A,2025-08-08
2025-07-19,0.0,76.3,86.5,96.7,70.8,3.18,36.87,23.32,J17WL,635.47,A,2025-08-08
2025-07-20,0.0,77.5,87.5,97.5,71.3,4.04,37.08,18.83,J17WL,635.82,A,2025-08-08
2025-07-21,0.0,76.2,82.4,88.5,73.1,2.86,18.96,10.22,J17WL,635.47,A,2025-08-08
2025-07-22,0.0,76.9,85.9,94.8,71.8,3.07,33.25,16.87,J17WL,634.62,A,2025-08-08
2025-07-23,0.0,76.8,87.8,98.8,70.8,3.34,42.86,25.24,J17WL,634.34,A,2025-08-08
2025-07-24,0.0,77.2,88.1,99.0,69.8,3.92,42.72,28.99,J17WL,633.51,A,2025-08-08
2025-07-25,0.0,74.3,87.4,100.5,67.5,4.14,48.25,29.03,J17WL,632.98,A,2025-08-08
2025-07-26,0.0,75.1,84.1,93.0,68.8,3.73,31.74,18.44,J17WL,633.3,A,2025-08-08
2025-07-27,0.36,76.6,85.4,94.1,71.8,2.65,30.46,20.21,J17WL,633.9,A,2025-08-08
2025-07-28,0.04,75.0,84.0,93.0,72.7,0.98,26.63,14.65,J17WL,633.54,A,2025-08-08
2025-07-29,0.0,74.8,86.0,97.3,70.2,2.1,39.37,25.1,J17WL,632.49,A,2025-08-08
2025-07-30,0.0,67.2,83.4,99.6,56.7,3.46,52.09,28.63,J17WL,631.87,A,2025-08-08
2025-07-31,0.0,68.5,84.9,101.3,55.1,6.27,57.14,27.67,J17WL,631.47,A,2025-08-08
2025-08-01,0.0,75.9,88.4,101.0,65.9,6.45,49.31,27.62,J17WL,630.98,A,2025-08-08
2025-08-02,0.0,77.8,89.1,100.5,67.1,4.47,47.63,27.23,J17WL,631.12,A,2025-08-08
2025-08-03,0.07,74.0,87.8,101.5,69.8,2.35,47.96,24.21,J17WL,631.85,A,2025-08-08
2025-08-04,0.0,74.6,87.0,99.5,69.3,2.99,42.53,26.3,J17WL,631.31,A,2025-08-08
2025-08-05,0.06,73.2,82.2,91.2,68.5,4.4,25.46,16.85,J17WL,630.19,A,2025-08-08
2025-08-06,0.0,74.4,85.7,97.1,68.3,3.54,38.48,26.42,J17WL,629.78,A,2025-08-14
2025-08-07,0.0,77.0,87.5,97.9,70.8,2.86,39.02,24.09,J17WL,629.63,A,2025-08-14
2025-08-08,0.0,77.0,87.7,98.4,69.5,2.97,41.52,24.42,J17WL,629.36,A,2025-08-14
2025-08-09,0.0,77.1,88.6,100.0,68.0,4.05,45.77,26.66,J17WL,629.47,A,2025-08-14
2025-08-10,0.0,77.9,88.3,98.8,68.7,4.45,42.23,26.19,J17WL,630.09,A,2025-08-14
2025-08-11,0.0,77.8,88.1,98.4,69.2,4.62,42.06,25.32,J17WL,629.62,A,2025-08-14
2025-08-12,0.0,77.6,87.8,98.1,68.5,4.44,40.8,24.47,J17WL,628.48,A,2025-09-08
2025-08-13,0.0,78.6,89.1,99.7,68.7,5.63,44.28,24.77,J17WL,628.02,A,2025-09-08
2025-08-14,0.0,78.7,89.0,99.3,71.3,4.5,41.0,22.52,J17WL,627.9,A,2025-09-08
2025-08-15,0.0,78.7,89.7,100.6,70.5,4.18,45.83,25.35,J17WL,627.47,A,2025-09-08
2025-08-16,0.02,75.5,85.2,94.9,71.8,1.88,29.76,22.31,J17WL,628.22,A,2025-09-08
2025-08-17,0.0,77.2,87.4,97.5,72.1,2.62,37.87,22.78,J17WL,629.07,A,2025-09-08
2025-08-18,0.0,78.0,88.9,99.8,69.9,3.52,44.43,25.34,J17WL,628.77,A,2025-09-08
2025-08-19,0.0,78.0,89.5,101.0,68.2,4.34,47.56,26.47,J17WL,627.94,A,2025-09-08
2025-08-20,0.0,75.2,85.4,95.5,69.6,4.89,34.44,17.55,J17WL,628.44,A,2025-09-08
2025-08-21,0.0,76.2,87.4,98.6,68.3,5.74,42.14,23.77,J17WL,628.54,A,2025-09-08
2025-08-22,0.0,74.0,82.3,90.7,68.1,5.8,24.09,15.54,J17WL,628.56,A,2025-09-08
2025-08-23,0.0,74.8,85.3,95.8,67.6,4.86,36.56,20.7,J17WL,628.6,A,2025-09-08
2025-08-24,0.0,75.2,84.8,94.3,66.3,5.49,36.57,23.53,J17WL,629.04,A,2025-09-08
2025-08-25,0.0,76.2,87.5,98.9,65.1,7.07,45.58,24.85,J17WL,628.4,A,2025-09-08
2025-08-26,0.0,76.2,86.7,97.2,65.8,4.41,42.01,24.4,J17WL,627.38,A,2025-09-08
2025-08-27,0.0,76.4,85.4,94.4,71.3,4.05,31.17,18.89,J17WL,627.37,A,2025-09-08
2025-08-28,0.0,78.0,87.3,96.6,71.0,3.81,36.56,17.92,J17WL,627.51,A,2025-09-08
2025-08-29,0.0,78.3,89.1,100.0,69.2,4.03,44.56,24.48,J17WL,626.95,A,2025-09-08
2025-08-30,0.0,78.3,89.8,101.2,70.2,3.74,45.57,23.88,J17WL,627.61,A,2025-09-08
2025-08-31,0.97,78.3,89.3,100.2,70.2,3.6,44.91,24.11,J17WL,628.75,A,2025-09-08
2025-09-01,1.37,73.4,84.9,96.4,71.8,1.22,33.44,19.82,J17WL,630.2,A,2025-09-08
2025-09-02,0.0,73.9,81.4,88.8,70.8,2.41,21.37,15.05,J17WL,630.57,A,2025-10-02
2025-09-03,0.0,74.1,85.7,97.3,66.0,3.65,43.8,23.4,J17WL,630.77,A,2025-10-02
2025-09-04,0.0,71.6,85.1,98.6,62.5,4.39,43.93,22.35,J17WL,630.44,A,2025-10-02
2025-09-05,0.0,72.0,86.4,100.8,62.8,3.76,51.74,24.4,J17WL,629.78,A,2025-10-02
2025-09-06,0.02,76.6,87.3,97.9,68.2,3.08,43.44,23.37,J17WL,629.89,A,2025-10-02
2025-09-07,0.14,74.0,82.4,90.7,71.6,3.54,24.18,8.9,J17WL,631.83,A,2025-10-02
2025-09-08,1.43,70.6,73.8,77.0,70.1,1.19,5.67,5.75,J17WL,632.82,A,2025-10-02
2025-09-09,0.0,67.3,77.4,87.4,62.9,3.12,24.3,21.26,J17WL,633.07,A,2025-10-02
2025-09-10,0.0,67.3,79.3,91.4,59.7,3.22,34.35,23.39,J17WL,632.78,A,2025-10-02
2025-09-11,0.0,68.9,81.7,94.4,58.5,2.72,40.74,23.21,J17WL,632.37,A,2025-10-02
2025-09-12,0.0,69.3,82.0,94.7,66.6,2.81,36.91,21.65,J17WL,632.11,A,2025-10-02
2025-09-13,0.0,72.3,83.7,95.2,64.2,2.92,40.31,22.61,J17WL,631.98,A,2025-10-02
2025-09-14,0.0,71.9,82.8,93.7,65.5,3.41,36.49,21.0,J17WL,632.5,A,2025-10-02
2025-09-15,0.0,71.5,82.7,93.9,63.7,3.55,37.85,20.41,J17WL,631.79,A,2025-10-02
2025-09-16,0.0,71.2,82.3,93.3,65.2,3.74,33.14,20.31,J17WL,630.83,A,2025-10-02
2025-09-17,0.0,71.3,82.1,92.8,62.8,3.77,35.87,20.62,J17WL,630.88,A,2025-10-02
2025-09-18,0.0,71.5,82.3,93.0,63.0,3.49,35.63,20.29,J17WL,630.69,A,2025-10-02
2025-09-19,0.0,72.1,82.8,93.5,64.9,3.83,35.08,20.35,J17WL,630.34,A,2025-10-02
2025-09-20,0.0,71.6,82.9,94.1,64.2,3.43,35.82,20.49,J17WL,630.67,A,2025-10-02
2025-09-21,0.0,71.3,82.7,94.1,66.4,3.47,35.86,21.27,J17WL,631.01,A,2025-10-02
2025-09-22,0.0,76.1,85.9,95.8,70.0,3.31,36.09,18.95,J17WL,630.72,A,2025-10-02
2025-09-23,0.0,77.2,87.0,96.9,71.6,3.57,36.02,18.53,J17WL,629.81,A,2025-10-02
2025-09-24,0.0,79.1,88.7,98.2,71.6,4.9,38.36,18.75,J17WL,629.32,A,2025-10-02
2025-09-25,0.0,75.7,85.1,94.6,68.7,5.28,31.9,17.8,J17WL,629.38,A,2025-10-02
2025-09-26,0.0,69.8,81.0,92.2,59.5,7.89,35.49,17.85,J17WL,629.21,A,2025-10-02
2025-09-27,0.0,66.8,79.4,91.9,51.8,6.19,39.43,21.07,J17WL,629.35,A,2025-10-02
2025-09-28,0.0,66.6,79.7,92.8,55.1,6.16,38.63,20.83,J17WL,629.88,A,2025-10-02
2025-09-29,0.0,67.0,78.9,90.9,55.0,6.33,35.37,20.63,J17WL,629.49,A,2025-10-02
2025-09-30,0.0,67.2,77.6,88.1,54.5,6.8,31.45,15.38,J17WL,628.52,A,2025-10-02
2025-10-01,0.0,68.3,80.6,92.9,53.7,8.24,38.81,19.83,J17WL,628.36,A,2025-11-12
2025-10-02,0.0,67.5,80.6,93.6,55.5,7.34,39.77,20.39,J17WL,628.25,A,2025-11-12
2025-10-03,0.0,68.8,81.4,94.0,58.6,6.65,39.76,19.68,J17WL,627.97,A,2025-11-12
2025-10-04,0.0,70.0,81.4,92.8,61.6,3.83,37.41,18.66,J17WL,628.34,A,2025-11-12
2025-10-05,0.0,70.1,80.1,90.1,62.0,3.12,32.87,18.33,J17WL,629.04,A,2025-11-12
2025-10-06,0.0,70.1,80.6,91.1,62.6,3.13,31.86,17.48,J17WL,628.45,A,2025-11-12
2025-10-07,0.0,71.5,81.5,91.5,67.2,2.38,31.1,16.94,J17WL,627.59,A,2025-11-12
2025-10-08,0.0,75.3,84.0,92.8,67.0,2.97,32.51,16.54,J17WL,627.34,A,2025-11-12
2025-10-09,0.0,75.0,83.8,92.5,63.8,7.8,32.77,15.83,J17WL,626.72,A,2025-11-12
2025-10-10,0.0,70.8,81.2,91.5,62.3,7.01,31.63,18.11,J17WL,626.66,A,2025-11-12
2025-10-11,0.0,67.7,79.6,91.5,57.0,7.17,35.94,19.27,J17WL,627.36,A,2025-11-12
2025-10-12,0.0,65.2,78.5,91.8,53.1,5.05,39.73,19.53,J17WL,627.84,A,2025-11-12
2025-10-13,0.0,65.0,77.3,89.6,57.9,3.63,32.91,19.29,J17WL,627.37,A,2025-11-12
2025-10-14,0.0,66.8,78.2,89.5,60.4,2.53,32.78,18.43,J17WL,626.38,A,2025-11-12
2025-10-15,0.0,66.8,77.9,89.0,61.3,2.68,29.1,18.63,J17WL,625.83,A,2025-11-12
2025-10-16,0.0,67.0,78.9,90.8,58.2,3.13,34.87,18.3,J17WL,625.59,A,2025-11-12
2025-10-17,0.0,67.2,77.1,87.0,61.3,3.92,27.78,14.97,J17WL,625.42,A,2025-11-12
2025-10-18,0.0,70.5,80.6,90.7,66.1,2.94,31.63,16.85,J17WL,625.62,A,2025-11-12
2025-10-19,0.0,68.0,80.6,93.2,60.2,3.5,34.88,18.14,J17WL,626.07,A,2025-11-12
2025-10-20,0.0,66.1,76.5,86.9,46.5,9.2,34.09,18.94,J17WL,625.67,A,2025-11-12
2025-10-21,0.0,69.2,81.4,93.6,64.9,1.36,36.42,16.23,J17WL,624.62,A,2025-11-12
2025-10-22,0.0,68.8,79.2,89.7,57.2,1.28,29.5,13.62,J17WL,624.47,A,2025-11-12
2025-10-23,0.0,68.7,77.9,87.0,59.7,3.66,27.01,16.32,J17WL,624.24,A,2025-11-12
2025-10-24,0.0,71.7,81.0,90.4,65.8,2.47,30.89,13.64,J17WL,624.4,A,2025-11-12
2025-10-25,1.27,61.6,74.9,88.2,65.7,0.66,25.12,10.71,J17WL,625.73,A,2025-11-12
2025-10-26,0.11,64.3,73.0,81.6,66.0,1.02,13.53,9.19,J17WL,626.79,A,2025-11-12
2025-10-27,0.0,65.5,76.6,87.6,59.8,1.38,31.34,17.63,J17WL,626.57,A,2025-11-12
2025-10-28,0.0,71.1,79.8,88.5,68.6,1.22,25.22,12.78,J17WL,626.12,A,2025-11-12
2025-10-29,0.0,56.2,72.8,89.3,53.8,1.36,25.56,15.99,J17WL,625.94,A,2025-11-12
2025-10-30,0.0,44.9,56.5,68.0,24.3,4.5,19.91,18.16,J17WL,626.04,A,2025-11-12
2025-10-31,0.0,44.4,58.6,72.8,29.7,3.21,23.21,17.91,J17WL,626.23,A,2025-11-12
2025-11-01,0.0,43.6,59.9,76.2,36.0,2.29,25.17,17.17,J17WL,626.84,A,2025-11-12
2025-11-02,0.0,50.0,62.7,75.3,52.0,1.2,14.52,7.71,J17WL,627.42,A,2025-11-12
2025-11-03,0.0,47.7,61.2,74.7,44.5,1.16,19.75,16.56,J17WL,627.07,A,2025-11-12
2025-11-04,0.0,47.8,62.8,77.9,45.4,1.22,23.43,16.54,J17WL,626.66,A,2025-11-12
2025-11-05,0.0,50.5,65.0,79.5,52.4,0.96,21.85,16.28,J17WL,626.3,A,2025-11-12
2025-11-06,0.0,54.0,68.6,83.3,55.2,0.83,23.93,16.15,J17WL,626.22,A,2025-11-12
2025-11-07,0.0,55.7,69.6,83.5,58.4,0.84,22.22,15.77,J17WL,626.51,A,2025-12-05
2025-11-08,0.0,57.1,73.4,89.6,54.3,0.97,33.23,15.81,J17WL,626.87,A,2025-12-05
2025-11-09,0.0,59.5,74.7,89.8,51.4,3.4,35.12,15.56,J17WL,626.98,A,2025-12-05
2025-11-10,0.0,43.8,58.3,72.9,26.8,5.23,22.99,14.51,J17WL,626.45,A,2025-12-05
2025-11-11,0.0,37.6,51.0,64.4,23.3,2.52,16.41,15.96,J17WL,626.29,A,2025-12-05
2025-11-12,0.0,37.5,55.3,73.2,38.0,1.37,21.68,15.65,J17WL,626.32,A,2025-12-05
2025-11-13,0.0,49.6,65.9,82.2,55.0,0.67,23.85,15.09,J17WL,626.2,A,2025-12-05
2025-11-14,0.0,58.3,71.2,84.2,59.9,0.85,24.09,14.94,J17WL,626.08,A,2025-12-05
2025-11-15,0.0,62.8,73.5,84.1,61.9,1.07,23.39,13.47,J17WL,626.3,A,2025-12-05
2025-11-16,0.0,65.5,74.9,84.4,62.2,1.12,23.39,13.08,J17WL,626.79,A,2025-12-05
2025-11-17,0.0,67.7,76.3,85.0,65.3,1.41,20.78,13.53,J17WL,626.42,A,2025-12-05
2025-11-18,0.0,71.1,78.7,86.3,67.8,2.28,22.24,9.4,J17WL,626.02,A,2025-12-05
2025-11-19,0.0,72.1,78.7,85.3,68.2,2.48,19.65,8.1,J17WL,626.15,A,2025-12-05
2025-11-20,0.0,72.8,78.9,85.1,69.1,2.37,18.56,7.78,J17WL,626.21,A,2025-12-05
2025-11-21,0.07,71.5,78.4,85.3,67.0,1.77,22.08,8.58,J17WL,626.59,A,2025-12-05
2025-11-22,0.0,65.8,71.2,76.6,63.6,3.12,10.43,3.62,J17WL,627.22,A,2025-12-05
2025-11-23,0.0,63.5,71.5,79.5,51.4,6.64,21.96,12.75,J17WL,627.84,A,2025-12-05
2025-11-24,0.16,57.9,64.7,71.4,59.8,0.93,6.87,3.93,J17WL,627.53,A,2025-12-05
2025-11-25,0.03,51.6,63.0,74.4,59.6,0.75,10.1,4.09,J17WL,627.2,A,2025-12-05
2025-11-26,0.0,51.1,68.0,85.0,48.9,1.31,30.78,14.23,J17WL,627.53,A,2025-12-05
2025-11-27,0.0,49.1,58.8,68.4,37.5,4.52,15.45,14.07,J17WL,628.13,A,2025-12-05
2025-11-28,0.0,49.4,56.8,64.1,34.9,5.41,13.85,3.72,J17WL,628.76,A,2025-12-05
2025-11-29,0.13,54.4,60.5,66.5,51.8,0.82,10.48,4.69,J17WL,629.31,A,2025-12-05
2025-11-30,0.17,51.9,65.0,78.2,58.5,0.68,13.28,9.13,J17WL,629.41,A,2025-12-05
2025-12-01,0.0,44.2,48.1,51.9,30.9,3.25,7.27,5.52,J17WL,629.17,A,2026-01-15
2025-12-02,0.0,37.6,43.3,49.0,36.7,1.11,3.55,2.68,J17WL,629.35,A,2026-01-15
2025-12-03,0.0,37.1,46.5,55.9,30.8,1.22,9.88,12.26,J17WL,629.14,A,2026-01-15
2025-12-04,0.02,41.8,49.8,57.8,50.7,0.28,4.23,4.11,J17WL,629.25,A,2026-01-15
2025-12-05,0.06,45.4,50.5,55.7,43.3,0.53,4.61,4.35,J17WL,629.53,A,2026-01-15
2025-12-06,0.0,45.2,49.9,54.7,42.0,1.82,5.39,6.29,J17WL,630.1,A,2026-01-15
2025-12-07,0.0,48.7,62.7,76.6,50.8,0.66,20.43,13.46,J17WL,630.09,A,2026-01-15
2025-12-08,0.0,44.4,61.9,79.4,43.6,0.58,25.19,13.51,J17WL,628.77,A,2026-01-15
2025-12-09,0.0,37.1,50.7,64.3,31.9,1.18,14.55,14.06,J17WL,628.07,A,2026-01-15
2025-12-10,0.0,36.7,52.1,67.5,36.5,0.98,16.66,13.88,J17WL,627.78,A,2026-01-15
2025-12-11,0.0,43.1,58.8,74.5,35.9,0.89,21.96,13.47,J17WL,627.5,A,2026-01-15
2025-12-12,0.0,43.3,56.5,69.7,36.6,0.97,18.55,13.65,J17WL,627.2,A,2026-01-15
2025-12-13,0.0,58.7,67.0,75.3,60.5,0.67,11.11,7.48,J17WL,627.39,A,2026-01-15
2025-12-14,0.0,58.4,68.0,77.7,61.6,0.78,12.04,8.18,J17WL,627.51,A,2026-01-15
2025-12-15,0.0,38.5,47.6,56.8,32.9,2.46,6.71,8.85,J17WL,628.11,A,2026-01-15
2025-12-16,0.0,38.3,47.7,57.1,27.7,2.91,10.83,13.16,J17WL,628.24,A,2026-01-15
2025-12-17,0.17,42.9,51.7,60.4,48.9,0.42,6.73,3.54,J17WL,628.54,A,2026-01-15
2025-12-18,0.12,59.9,62.4,64.9,61.4,0.17,1.5,3.63,J17WL,628.94,A,2026-01-15
2025-12-19,0.0,44.0,61.4,78.9,41.4,1.09,22.41,13.2,J17WL,628.95,A,2026-01-15
2025-12-20,0.0,42.6,55.7,68.7,33.9,1.12,19.42,13.65,J17WL,629.11,A,2026-01-15
2025-12-21,0.0,53.2,63.2,73.1,57.2,0.67,9.19,7.27,J17WL,629.37,A,2026-01-15
2025-12-22,0.0,53.8,64.5,75.2,47.9,1.11,19.33,13.37,J17WL,628.51,A,2026-01-15
2025-12-23,0.0,62.5,71.3,80.1,64.4,1.25,13.74,7.62,J17WL,628.63,A,2026-01-15
2025-12-24,0.0,66.6,73.0,79.4,64.3,1.2,14.08,8.2,J17WL,628.52,A,2026-01-15
2025-12-25,0.0,65.8,72.3,78.9,62.1,0.89,16.2,10.5,J17WL,628.89,A,2026-01-15
2025-12-26,0.0,65.6,72.3,78.9,63.3,1.38,14.41,10.02,J17WL,629.23,A,2026-01-15
2025-12-27,0.0,66.9,74.0,81.2,64.9,1.42,15.39,10.8,J17WL,629.07,A,2026-01-15
2025-12-28,0.0,67.4,73.6,79.9,65.4,1.36,14.47,7.04,J17WL,629.38,A,2026-01-15
2025-12-29,0.0,50.3,64.0,77.7,51.6,2.78,11.92,6.36,J17WL,628.94,A,2026-01-15
2025-12-30,0.0,44.7,46.8,48.9,15.5,6.6,8.81,3.84,J17WL,628.85,A,2026-01-15
2025-12-31,0.0,36.8,48.9,61.0,17.2,2.82,15.42,13.85,J17WL,628.88,A,2026-01-15
